instance_id,instance_set,n,m,algorithm,seed,makespan,runtime_s,rpd,manifest_id,timestamp
taillard/tai100_10_0,,100,10,IG-idle-rcl,42,5770,6.019075930991676,0.0,run-20260725-125652-5cc9,2026-07-25T12:56:52Z
taillard/tai100_10_0,,100,10,IG-idle-rcl,123,5785,6.378458530001808,0.25996533795493937,run-20260725-125659-2480,2026-07-25T12:56:59Z
taillard/tai100_10_0,,100,10,IG-idle-rcl,456,5781,6.09546668198891,0.19064124783362218,run-20260725-125705-7a76,2026-07-25T12:57:05Z
taillard/tai100_10_0,,100,10,IG-idle-rcl,789,5781,6.360454434994608,0.19064124783362218,run-20260725-125711-4dd8,2026-07-25T12:57:11Z
taillard/tai100_10_0,,100,10,IG-idle-rcl,2025,5781,6.429649315017741,0.19064124783362218,run-20260725-125718-e8fc,2026-07-25T12:57:18Z
taillard/tai100_10_1,,100,10,IG-idle-rcl,42,5362,6.47456153598614,0.24303608151056272,run-20260725-125724-830f,2026-07-25T12:57:24Z
taillard/tai100_10_1,,100,10,IG-idle-rcl,123,5391,6.452692559978459,0.7851934941110488,run-20260725-125731-f6d9,2026-07-25T12:57:31Z
taillard/tai100_10_1,,100,10,IG-idle-rcl,456,5362,6.668370640021749,0.24303608151056272,run-20260725-125737-2674,2026-07-25T12:57:37Z
taillard/tai100_10_1,,100,10,IG-idle-rcl,789,5349,6.877063275023829,0.0,run-20260725-125744-535d,2026-07-25T12:57:44Z
taillard/tai100_10_1,,100,10,IG-idle-rcl,2025,5362,6.701430159970187,0.24303608151056272,run-20260725-125751-707c,2026-07-25T12:57:51Z
taillard/tai100_10_2,,100,10,IG-idle-rcl,42,5679,5.780959137016907,0.035229874933943986,run-20260725-125757-7f62,2026-07-25T12:57:57Z
taillard/tai100_10_2,,100,10,IG-idle-rcl,123,5679,5.800226041988935,0.035229874933943986,run-20260725-125802-e412,2026-07-25T12:58:02Z
taillard/tai100_10_2,,100,10,IG-idle-rcl,456,5679,5.673913796024863,0.035229874933943986,run-20260725-125808-9305,2026-07-25T12:58:08Z
taillard/tai100_10_2,,100,10,IG-idle-rcl,789,5679,5.645997299987357,0.035229874933943986,run-20260725-125814-afe1,2026-07-25T12:58:14Z
taillard/tai100_10_2,,100,10,IG-idle-rcl,2025,5679,5.638814477017149,0.035229874933943986,run-20260725-125819-5d2a,2026-07-25T12:58:19Z
taillard/tai100_10_3,,100,10,IG-idle-rcl,42,5826,6.811760739015881,0.6043861163874978,run-20260725-125826-304a,2026-07-25T12:58:26Z
taillard/tai100_10_3,,100,10,IG-idle-rcl,123,5826,6.761956461996306,0.6043861163874978,run-20260725-125833-4d90,2026-07-25T12:58:33Z
taillard/tai100_10_3,,100,10,IG-idle-rcl,456,5806,6.634876244992483,0.25902262130892767,run-20260725-125840-008e,2026-07-25T12:58:40Z
taillard/tai100_10_3,,100,10,IG-idle-rcl,789,5826,6.461787054024171,0.6043861163874978,run-20260725-125846-b014,2026-07-25T12:58:46Z
taillard/tai100_10_3,,100,10,IG-idle-rcl,2025,5826,6.703551531012636,0.6043861163874978,run-20260725-125853-e0d6,2026-07-25T12:58:53Z
taillard/tai100_10_4,,100,10,IG-idle-rcl,42,5499,6.830152787035331,0.5669348939283102,run-20260725-125900-0c3c,2026-07-25T12:59:00Z
taillard/tai100_10_4,,100,10,IG-idle-rcl,123,5491,6.578912961005699,0.42062911485003657,run-20260725-125906-c09e,2026-07-25T12:59:06Z
taillard/tai100_10_4,,100,10,IG-idle-rcl,456,5486,6.584409408038482,0.3291880029261156,run-20260725-125913-36f6,2026-07-25T12:59:13Z
taillard/tai100_10_4,,100,10,IG-idle-rcl,789,5498,6.468451396969613,0.548646671543526,run-20260725-125919-ba43,2026-07-25T12:59:19Z
taillard/tai100_10_4,,100,10,IG-idle-rcl,2025,5469,6.792930644995067,0.018288222384784197,run-20260725-125926-590d,2026-07-25T12:59:26Z
taillard/tai100_10_5,,100,10,IG-idle-rcl,42,5313,6.28884322498925,0.18857250612860646,run-20260725-125932-684e,2026-07-25T12:59:32Z
taillard/tai100_10_5,,100,10,IG-idle-rcl,123,5308,6.425476347038057,0.09428625306430323,run-20260725-125939-270c,2026-07-25T12:59:39Z
taillard/tai100_10_5,,100,10,IG-idle-rcl,456,5308,6.694922170019709,0.09428625306430323,run-20260725-125945-6e64,2026-07-25T12:59:45Z
taillard/tai100_10_5,,100,10,IG-idle-rcl,789,5308,6.4426522420253605,0.09428625306430323,run-20260725-125952-b49d,2026-07-25T12:59:52Z
taillard/tai100_10_5,,100,10,IG-idle-rcl,2025,5308,6.4932453440269455,0.09428625306430323,run-20260725-125958-b40f,2026-07-25T12:59:58Z
taillard/tai100_10_6,,100,10,IG-idle-rcl,42,5623,5.497387017996516,0.42864797285229506,run-20260725-130004-faa9,2026-07-25T13:00:04Z
taillard/tai100_10_6,,100,10,IG-idle-rcl,123,5600,5.790083930944093,0.01786033220217896,run-20260725-130010-f3b9,2026-07-25T13:00:10Z
taillard/tai100_10_6,,100,10,IG-idle-rcl,456,5608,5.772823796025477,0.16074298981961063,run-20260725-130015-84a8,2026-07-25T13:00:15Z
taillard/tai100_10_6,,100,10,IG-idle-rcl,789,5625,5.731986447004601,0.46436863725665295,run-20260725-130021-568e,2026-07-25T13:00:21Z
taillard/tai100_10_6,,100,10,IG-idle-rcl,2025,5602,5.759248304995708,0.05358099660653688,run-20260725-130027-6883,2026-07-25T13:00:27Z
taillard/tai100_10_7,,100,10,IG-idle-rcl,42,5640,6.5848523619933985,0.3023297172327939,run-20260725-130034-7419,2026-07-25T13:00:34Z
taillard/tai100_10_7,,100,10,IG-idle-rcl,123,5640,6.555199284979608,0.3023297172327939,run-20260725-130040-50d0,2026-07-25T13:00:40Z
taillard/tai100_10_7,,100,10,IG-idle-rcl,456,5640,6.363517727993894,0.3023297172327939,run-20260725-130046-eb3b,2026-07-25T13:00:46Z
taillard/tai100_10_7,,100,10,IG-idle-rcl,789,5640,6.3495056930114515,0.3023297172327939,run-20260725-130053-0b9e,2026-07-25T13:00:53Z
taillard/tai100_10_7,,100,10,IG-idle-rcl,2025,5650,6.218295874015894,0.4801707273697315,run-20260725-130059-cdc3,2026-07-25T13:00:59Z
taillard/tai100_10_8,,100,10,IG-idle-rcl,42,5891,6.163117880001664,0.2723404255319149,run-20260725-130105-b6a5,2026-07-25T13:01:05Z
taillard/tai100_10_8,,100,10,IG-idle-rcl,123,5891,6.173197335971054,0.2723404255319149,run-20260725-130111-aed1,2026-07-25T13:01:11Z
taillard/tai100_10_8,,100,10,IG-idle-rcl,456,5891,6.057052195013966,0.2723404255319149,run-20260725-130117-60dd,2026-07-25T13:01:17Z
taillard/tai100_10_8,,100,10,IG-idle-rcl,789,5875,6.175194239011034,0.0,run-20260725-130124-e7d7,2026-07-25T13:01:24Z
taillard/tai100_10_8,,100,10,IG-idle-rcl,2025,5886,6.145952432008926,0.18723404255319148,run-20260725-130130-fdd4,2026-07-25T13:01:30Z
taillard/tai100_10_9,,100,10,IG-idle-rcl,42,5848,5.029771082976367,0.05132591958939264,run-20260725-130135-80b0,2026-07-25T13:01:35Z
taillard/tai100_10_9,,100,10,IG-idle-rcl,123,5848,5.261120196955744,0.05132591958939264,run-20260725-130140-a18b,2026-07-25T13:01:40Z
taillard/tai100_10_9,,100,10,IG-idle-rcl,456,5881,4.831794946978334,0.6159110350727117,run-20260725-130145-0d40,2026-07-25T13:01:45Z
taillard/tai100_10_9,,100,10,IG-idle-rcl,789,5848,5.436168982996605,0.05132591958939264,run-20260725-130150-5cee,2026-07-25T13:01:50Z
taillard/tai100_10_9,,100,10,IG-idle-rcl,2025,5848,5.414656844979618,0.05132591958939264,run-20260725-130156-9c9b,2026-07-25T13:01:56Z
taillard/tai100_20_0,,100,20,IG-idle-rcl,42,6315,12.904293854022399,0.4613426662424435,run-20260725-130209-ee50,2026-07-25T13:02:09Z
taillard/tai100_20_0,,100,20,IG-idle-rcl,123,6282,12.891684983973391,-0.06363347120585428,run-20260725-130222-85de,2026-07-25T13:02:22Z
taillard/tai100_20_0,,100,20,IG-idle-rcl,456,6317,13.732186628971249,0.49315940184537066,run-20260725-130235-486a,2026-07-25T13:02:35Z
taillard/tai100_20_0,,100,20,IG-idle-rcl,789,6302,12.894219070032705,0.2545338848234171,run-20260725-130248-dcca,2026-07-25T13:02:48Z
taillard/tai100_20_0,,100,20,IG-idle-rcl,2025,6334,12.514524230035022,0.7636016544702513,run-20260725-130301-c570,2026-07-25T13:03:01Z
taillard/tai100_20_1,,100,20,IG-idle-rcl,42,6288,12.483645430998877,0.753084441595898,run-20260725-130313-8f7e,2026-07-25T13:03:13Z
taillard/tai100_20_1,,100,20,IG-idle-rcl,123,6272,13.219858733005822,0.49671526998878385,run-20260725-130326-c16a,2026-07-25T13:03:26Z
taillard/tai100_20_1,,100,20,IG-idle-rcl,456,6263,13.58163277595304,0.3525076109597821,run-20260725-130340-c6af,2026-07-25T13:03:40Z
taillard/tai100_20_1,,100,20,IG-idle-rcl,789,6269,12.12196777499048,0.4486460503124499,run-20260725-130352-6a93,2026-07-25T13:03:52Z
taillard/tai100_20_1,,100,20,IG-idle-rcl,2025,6297,13.436848137003835,0.8972921006248998,run-20260725-130406-d972,2026-07-25T13:04:06Z
taillard/tai100_20_2,,100,20,IG-idle-rcl,42,6380,13.077380369999446,0.805814504661084,run-20260725-130419-7407,2026-07-25T13:04:19Z
taillard/tai100_20_2,,100,20,IG-idle-rcl,123,6349,12.587607595953159,0.31600568810238583,run-20260725-130431-b318,2026-07-25T13:04:31Z
taillard/tai100_20_2,,100,20,IG-idle-rcl,456,6339,10.830911733966786,0.15800284405119291,run-20260725-130442-3039,2026-07-25T13:04:42Z
taillard/tai100_20_2,,100,20,IG-idle-rcl,789,6342,11.8769205060089,0.2054036972665508,run-20260725-130454-ebc0,2026-07-25T13:04:54Z
taillard/tai100_20_2,,100,20,IG-idle-rcl,2025,6358,12.41885194403585,0.4582082477484595,run-20260725-130506-68a8,2026-07-25T13:05:06Z
taillard/tai100_20_3,,100,20,IG-idle-rcl,42,6366,12.170725067029707,0.9514747859181731,run-20260725-130518-1fb2,2026-07-25T13:05:18Z
taillard/tai100_20_3,,100,20,IG-idle-rcl,123,6366,12.503706497023813,0.9514747859181731,run-20260725-130531-4a75,2026-07-25T13:05:31Z
taillard/tai100_20_3,,100,20,IG-idle-rcl,456,6353,11.869737666973379,0.7453219156359023,run-20260725-130543-c29f,2026-07-25T13:05:43Z
taillard/tai100_20_3,,100,20,IG-idle-rcl,789,6366,12.451630336989183,0.9514747859181731,run-20260725-130555-7621,2026-07-25T13:05:55Z
taillard/tai100_20_3,,100,20,IG-idle-rcl,2025,6366,12.037552267953288,0.9514747859181731,run-20260725-130607-be87,2026-07-25T13:06:07Z
taillard/tai100_20_4,,100,20,IG-idle-rcl,42,6380,11.474516267015133,0.04704406460718206,run-20260725-130619-a0f1,2026-07-25T13:06:19Z
taillard/tai100_20_4,,100,20,IG-idle-rcl,123,6421,12.596695051994175,0.6899796142386703,run-20260725-130631-f782,2026-07-25T13:06:31Z
taillard/tai100_20_4,,100,20,IG-idle-rcl,456,6413,11.70607040298637,0.5645287752861847,run-20260725-130643-face,2026-07-25T13:06:43Z
taillard/tai100_20_4,,100,20,IG-idle-rcl,789,6399,12.133262803021353,0.34498980711933513,run-20260725-130655-91f8,2026-07-25T13:06:55Z
taillard/tai100_20_4,,100,20,IG-idle-rcl,2025,6418,13.409319998987485,0.6429355496314881,run-20260725-130709-a3d6,2026-07-25T13:07:09Z
taillard/tai100_20_5,,100,20,IG-idle-rcl,42,6487,12.502676588017493,0.7767593599502874,run-20260725-130721-f27c,2026-07-25T13:07:21Z
taillard/tai100_20_5,,100,20,IG-idle-rcl,123,6472,12.526167378004175,0.5437315519652012,run-20260725-130734-ab3e,2026-07-25T13:07:34Z
taillard/tai100_20_5,,100,20,IG-idle-rcl,456,6444,12.660671059973538,0.10874631039304024,run-20260725-130746-448c,2026-07-25T13:07:46Z
taillard/tai100_20_5,,100,20,IG-idle-rcl,789,6445,12.561795679968782,0.12428149759204599,run-20260725-130759-01e2,2026-07-25T13:07:59Z
taillard/tai100_20_5,,100,20,IG-idle-rcl,2025,6487,13.658423339016736,0.7767593599502874,run-20260725-130813-7ac0,2026-07-25T13:08:13Z
taillard/tai100_20_6,,100,20,IG-idle-rcl,42,6386,12.75611714599654,0.6303183107469272,run-20260725-130825-6a89,2026-07-25T13:08:25Z
taillard/tai100_20_6,,100,20,IG-idle-rcl,123,6397,12.302003428980242,0.8036558462023322,run-20260725-130838-b066,2026-07-25T13:08:38Z
taillard/tai100_20_6,,100,20,IG-idle-rcl,456,6383,12.574342191044707,0.5830444374409076,run-20260725-130850-b5d0,2026-07-25T13:08:50Z
taillard/tai100_20_6,,100,20,IG-idle-rcl,789,6372,12.81784615298966,0.4097069019855027,run-20260725-130903-6d1b,2026-07-25T13:09:03Z
taillard/tai100_20_6,,100,20,IG-idle-rcl,2025,6399,13.002547614043579,0.8351717617396786,run-20260725-130916-03f2,2026-07-25T13:09:16Z
taillard/tai100_20_7,,100,20,IG-idle-rcl,42,6497,13.397788186965045,0.24687548217867614,run-20260725-130929-407a,2026-07-25T13:09:29Z
taillard/tai100_20_7,,100,20,IG-idle-rcl,123,6510,12.843675507989246,0.4474618114488505,run-20260725-130942-94d2,2026-07-25T13:09:42Z
taillard/tai100_20_7,,100,20,IG-idle-rcl,456,6480,11.965312777028885,-0.015429717636167259,run-20260725-130954-70e1,2026-07-25T13:09:54Z
taillard/tai100_20_7,,100,20,IG-idle-rcl,789,6511,12.748110393004026,0.46289152908501774,run-20260725-131007-55ad,2026-07-25T13:10:07Z
taillard/tai100_20_7,,100,20,IG-idle-rcl,2025,6514,12.543484719004482,0.5091806819935195,run-20260725-131020-9bba,2026-07-25T13:10:20Z
taillard/tai100_20_8,,100,20,IG-idle-rcl,42,6416,14.059774168999866,0.9122365523749607,run-20260725-131034-2b1a,2026-07-25T13:10:34Z
taillard/tai100_20_8,,100,20,IG-idle-rcl,123,6374,13.5685959859984,0.2516514627241271,run-20260725-131047-6569,2026-07-25T13:10:47Z
taillard/tai100_20_8,,100,20,IG-idle-rcl,456,6407,12.941468212986365,0.7706826045926392,run-20260725-131100-b87e,2026-07-25T13:11:00Z
taillard/tai100_20_8,,100,20,IG-idle-rcl,789,6377,12.564696849964093,0.2988361119849009,run-20260725-131113-c269,2026-07-25T13:11:13Z
taillard/tai100_20_8,,100,20,IG-idle-rcl,2025,6404,12.570153556007426,0.7234979553318653,run-20260725-131125-1f50,2026-07-25T13:11:25Z
taillard/tai100_20_9,,100,20,IG-idle-rcl,42,6494,11.13898224796867,0.448569218870843,run-20260725-131136-a469,2026-07-25T13:11:36Z
taillard/tai100_20_9,,100,20,IG-idle-rcl,123,6539,11.613607252016664,1.1446249033255993,run-20260725-131148-935e,2026-07-25T13:11:48Z
taillard/tai100_20_9,,100,20,IG-idle-rcl,456,6505,12.515720225987025,0.6187161639597835,run-20260725-131201-fadd,2026-07-25T13:12:01Z
taillard/tai100_20_9,,100,20,IG-idle-rcl,789,6489,11.706810761010274,0.37122969837587005,run-20260725-131212-fbd8,2026-07-25T13:12:12Z
taillard/tai100_20_9,,100,20,IG-idle-rcl,2025,6531,11.532466528005898,1.0208816705336428,run-20260725-131224-606c,2026-07-25T13:12:24Z
taillard/tai100_5_0,,100,5,IG-idle-rcl,42,5493,2.4642033299896866,0.0,run-20260725-131226-f87b,2026-07-25T13:12:26Z
taillard/tai100_5_0,,100,5,IG-idle-rcl,123,5493,2.6140782670117915,0.0,run-20260725-131229-1e91,2026-07-25T13:12:29Z
taillard/tai100_5_0,,100,5,IG-idle-rcl,456,5493,2.4771471060230397,0.0,run-20260725-131231-dec7,2026-07-25T13:12:31Z
taillard/tai100_5_0,,100,5,IG-idle-rcl,789,5493,2.553366670035757,0.0,run-20260725-131234-0bd5,2026-07-25T13:12:34Z
taillard/tai100_5_0,,100,5,IG-idle-rcl,2025,5493,2.6352563689579256,0.0,run-20260725-131237-0e9d,2026-07-25T13:12:37Z
taillard/tai100_5_1,,100,5,IG-idle-rcl,42,5268,2.9082659889827482,0.0,run-20260725-131239-dce5,2026-07-25T13:12:39Z
taillard/tai100_5_1,,100,5,IG-idle-rcl,123,5268,2.927614143991377,0.0,run-20260725-131242-05fc,2026-07-25T13:12:42Z
taillard/tai100_5_1,,100,5,IG-idle-rcl,456,5268,2.9759052540175617,0.0,run-20260725-131245-1854,2026-07-25T13:12:45Z
taillard/tai100_5_1,,100,5,IG-idle-rcl,789,5268,2.8579897559829988,0.0,run-20260725-131248-fbc5,2026-07-25T13:12:48Z
taillard/tai100_5_1,,100,5,IG-idle-rcl,2025,5268,2.802873271983117,0.0,run-20260725-131251-51e0,2026-07-25T13:12:51Z
taillard/tai100_5_2,,100,5,IG-idle-rcl,42,5175,3.4086154110264033,0.0,run-20260725-131254-ba9a,2026-07-25T13:12:54Z
taillard/tai100_5_2,,100,5,IG-idle-rcl,123,5175,3.473223281034734,0.0,run-20260725-131258-5562,2026-07-25T13:12:58Z
taillard/tai100_5_2,,100,5,IG-idle-rcl,456,5175,3.5040491429972462,0.0,run-20260725-131301-1e6a,2026-07-25T13:13:01Z
taillard/tai100_5_2,,100,5,IG-idle-rcl,789,5175,3.4779815429938026,0.0,run-20260725-131305-3578,2026-07-25T13:13:05Z
taillard/tai100_5_2,,100,5,IG-idle-rcl,2025,5175,3.5279071489931084,0.0,run-20260725-131308-e5a6,2026-07-25T13:13:08Z
taillard/tai100_5_3,,100,5,IG-idle-rcl,42,5018,2.809057914011646,0.07977662544874352,run-20260725-131311-a416,2026-07-25T13:13:11Z
taillard/tai100_5_3,,100,5,IG-idle-rcl,123,5018,2.7973547659930773,0.07977662544874352,run-20260725-131314-0112,2026-07-25T13:13:14Z
taillard/tai100_5_3,,100,5,IG-idle-rcl,456,5018,2.6809466300182976,0.07977662544874352,run-20260725-131317-e643,2026-07-25T13:13:17Z
taillard/tai100_5_3,,100,5,IG-idle-rcl,789,5018,2.7501374969724566,0.07977662544874352,run-20260725-131319-adbe,2026-07-25T13:13:19Z
taillard/tai100_5_3,,100,5,IG-idle-rcl,2025,5018,2.882861450954806,0.07977662544874352,run-20260725-131322-3ae0,2026-07-25T13:13:22Z
taillard/tai100_5_4,,100,5,IG-idle-rcl,42,5250,2.951698624994606,0.0,run-20260725-131325-ebdf,2026-07-25T13:13:25Z
taillard/tai100_5_4,,100,5,IG-idle-rcl,123,5250,2.8767553259967826,0.0,run-20260725-131328-ea00,2026-07-25T13:13:28Z
taillard/tai100_5_4,,100,5,IG-idle-rcl,456,5252,2.909074767958373,0.0380952380952381,run-20260725-131331-f7a5,2026-07-25T13:13:31Z
taillard/tai100_5_4,,100,5,IG-idle-rcl,789,5252,2.7940566450124606,0.0380952380952381,run-20260725-131334-508c,2026-07-25T13:13:34Z
taillard/tai100_5_4,,100,5,IG-idle-rcl,2025,5250,2.8445763229974546,0.0,run-20260725-131337-1639,2026-07-25T13:13:37Z
taillard/tai100_5_5,,100,5,IG-idle-rcl,42,5135,2.7581379400216974,0.0,run-20260725-131340-75b9,2026-07-25T13:13:40Z
taillard/tai100_5_5,,100,5,IG-idle-rcl,123,5135,2.828824007010553,0.0,run-20260725-131342-2779,2026-07-25T13:13:42Z
taillard/tai100_5_5,,100,5,IG-idle-rcl,456,5135,2.850920757977292,0.0,run-20260725-131345-6b41,2026-07-25T13:13:45Z
taillard/tai100_5_5,,100,5,IG-idle-rcl,789,5135,2.8395237109507434,0.0,run-20260725-131348-2020,2026-07-25T13:13:48Z
taillard/tai100_5_5,,100,5,IG-idle-rcl,2025,5135,2.71932358603226,0.0,run-20260725-131351-12b6,2026-07-25T13:13:51Z
taillard/tai100_5_6,,100,5,IG-idle-rcl,42,5246,3.0926356299896725,0.0,run-20260725-131354-a855,2026-07-25T13:13:54Z
taillard/tai100_5_6,,100,5,IG-idle-rcl,123,5251,3.019978365045972,0.09531071292413268,run-20260725-131357-40c2,2026-07-25T13:13:57Z
taillard/tai100_5_6,,100,5,IG-idle-rcl,456,5251,3.3486503710155375,0.09531071292413268,run-20260725-131400-4713,2026-07-25T13:14:00Z
taillard/tai100_5_6,,100,5,IG-idle-rcl,789,5251,3.0574345759814605,0.09531071292413268,run-20260725-131403-b457,2026-07-25T13:14:03Z
taillard/tai100_5_6,,100,5,IG-idle-rcl,2025,5247,3.1133804930141196,0.019062142584826535,run-20260725-131406-00c8,2026-07-25T13:14:06Z
taillard/tai100_5_7,,100,5,IG-idle-rcl,42,5094,3.345917065977119,-0.23501762632197415,run-20260725-131410-f196,2026-07-25T13:14:10Z
taillard/tai100_5_7,,100,5,IG-idle-rcl,123,5094,3.2972353150253184,-0.23501762632197415,run-20260725-131413-cd9b,2026-07-25T13:14:13Z
taillard/tai100_5_7,,100,5,IG-idle-rcl,456,5094,3.171252280008048,-0.23501762632197415,run-20260725-131416-eab7,2026-07-25T13:14:16Z
taillard/tai100_5_7,,100,5,IG-idle-rcl,789,5094,3.334433985000942,-0.23501762632197415,run-20260725-131420-fcb2,2026-07-25T13:14:20Z
taillard/tai100_5_7,,100,5,IG-idle-rcl,2025,5094,3.282518115011044,-0.23501762632197415,run-20260725-131423-7e2f,2026-07-25T13:14:23Z
taillard/tai100_5_8,,100,5,IG-idle-rcl,42,5448,2.9604462719871663,-0.11001100110011001,run-20260725-131426-1e15,2026-07-25T13:14:26Z
taillard/tai100_5_8,,100,5,IG-idle-rcl,123,5448,2.883550586993806,-0.11001100110011001,run-20260725-131429-8cc4,2026-07-25T13:14:29Z
taillard/tai100_5_8,,100,5,IG-idle-rcl,456,5448,2.9730285149998963,-0.11001100110011001,run-20260725-131432-6778,2026-07-25T13:14:32Z
taillard/tai100_5_8,,100,5,IG-idle-rcl,789,5448,2.9999147480120882,-0.11001100110011001,run-20260725-131435-e285,2026-07-25T13:14:35Z
taillard/tai100_5_8,,100,5,IG-idle-rcl,2025,5448,2.8156296240049414,-0.11001100110011001,run-20260725-131437-7b20,2026-07-25T13:14:37Z
taillard/tai100_5_9,,100,5,IG-idle-rcl,42,5322,2.9160916850087233,-0.11261261261261261,run-20260725-131440-685d,2026-07-25T13:14:40Z
taillard/tai100_5_9,,100,5,IG-idle-rcl,123,5324,3.037303556979168,-0.07507507507507508,run-20260725-131443-326a,2026-07-25T13:14:43Z
taillard/tai100_5_9,,100,5,IG-idle-rcl,456,5322,2.9096517040161416,-0.11261261261261261,run-20260725-131446-3647,2026-07-25T13:14:46Z
taillard/tai100_5_9,,100,5,IG-idle-rcl,789,5322,2.8813881049863994,-0.11261261261261261,run-20260725-131449-1f42,2026-07-25T13:14:49Z
taillard/tai100_5_9,,100,5,IG-idle-rcl,2025,5322,2.881204114004504,-0.11261261261261261,run-20260725-131452-e5a5,2026-07-25T13:14:52Z
taillard/tai200_10_0,,200,10,IG-idle-rcl,42,10872,13.709510602988303,0.0368052999631947,run-20260725-131506-d961,2026-07-25T13:15:06Z
taillard/tai200_10_0,,200,10,IG-idle-rcl,123,10872,13.204657740017865,0.0368052999631947,run-20260725-131519-3be2,2026-07-25T13:15:19Z
taillard/tai200_10_0,,200,10,IG-idle-rcl,456,10872,13.449423762969673,0.0368052999631947,run-20260725-131532-12b0,2026-07-25T13:15:32Z
taillard/tai200_10_0,,200,10,IG-idle-rcl,789,10872,13.769655846001115,0.0368052999631947,run-20260725-131546-85fb,2026-07-25T13:15:46Z
taillard/tai200_10_0,,200,10,IG-idle-rcl,2025,10885,13.411074845993426,0.15642252484357747,run-20260725-131600-0398,2026-07-25T13:16:00Z
taillard/tai200_10_1,,200,10,IG-idle-rcl,42,10497,16.7587281659944,0.02858776443682104,run-20260725-131616-58ba,2026-07-25T13:16:16Z
taillard/tai200_10_1,,200,10,IG-idle-rcl,123,10497,16.88567854196299,0.02858776443682104,run-20260725-131633-9250,2026-07-25T13:16:33Z
taillard/tai200_10_1,,200,10,IG-idle-rcl,456,10496,16.775156470015645,0.01905850962454736,run-20260725-131650-0b5d,2026-07-25T13:16:50Z
taillard/tai200_10_1,,200,10,IG-idle-rcl,789,10497,16.73571447498398,0.02858776443682104,run-20260725-131707-84e8,2026-07-25T13:17:07Z
taillard/tai200_10_1,,200,10,IG-idle-rcl,2025,10512,16.69020809198264,0.17152658662092624,run-20260725-131724-f046,2026-07-25T13:17:24Z
taillard/tai200_10_2,,200,10,IG-idle-rcl,42,10922,14.763093057030346,0.0,run-20260725-131738-b06c,2026-07-25T13:17:38Z
taillard/tai200_10_2,,200,10,IG-idle-rcl,123,11017,13.955748773005325,0.8698040651895257,run-20260725-131752-cbd8,2026-07-25T13:17:52Z
taillard/tai200_10_2,,200,10,IG-idle-rcl,456,11017,13.9607678350294,0.8698040651895257,run-20260725-131806-b16e,2026-07-25T13:18:06Z
taillard/tai200_10_2,,200,10,IG-idle-rcl,789,11017,13.426939345954452,0.8698040651895257,run-20260725-131820-184f,2026-07-25T13:18:20Z
taillard/tai200_10_2,,200,10,IG-idle-rcl,2025,11017,13.668434805003926,0.8698040651895257,run-20260725-131833-1f59,2026-07-25T13:18:33Z
taillard/tai200_10_3,,200,10,IG-idle-rcl,42,10889,11.661268289026339,0.0,run-20260725-131845-cfe6,2026-07-25T13:18:45Z
taillard/tai200_10_3,,200,10,IG-idle-rcl,123,10893,12.861152281053364,0.03673431903756084,run-20260725-131858-44a6,2026-07-25T13:18:58Z
taillard/tai200_10_3,,200,10,IG-idle-rcl,456,10893,13.003373703977559,0.03673431903756084,run-20260725-131911-c68b,2026-07-25T13:19:11Z
taillard/tai200_10_3,,200,10,IG-idle-rcl,789,10893,13.033886797027662,0.03673431903756084,run-20260725-131924-fd40,2026-07-25T13:19:24Z
taillard/tai200_10_3,,200,10,IG-idle-rcl,2025,10893,12.606405452999752,0.03673431903756084,run-20260725-131936-85b7,2026-07-25T13:19:36Z
taillard/tai200_10_4,,200,10,IG-idle-rcl,42,10537,16.15114889497636,0.12352717597871532,run-20260725-131953-1a18,2026-07-25T13:19:53Z
taillard/tai200_10_4,,200,10,IG-idle-rcl,123,10537,16.04921693302458,0.12352717597871532,run-20260725-132009-cefa,2026-07-25T13:20:09Z
taillard/tai200_10_4,,200,10,IG-idle-rcl,456,10537,15.743509708030615,0.12352717597871532,run-20260725-132024-fde1,2026-07-25T13:20:24Z
taillard/tai200_10_4,,200,10,IG-idle-rcl,789,10537,16.02201218000846,0.12352717597871532,run-20260725-132040-bd9a,2026-07-25T13:20:40Z
taillard/tai200_10_4,,200,10,IG-idle-rcl,2025,10534,16.116759229975287,0.09502090459901179,run-20260725-132057-c164,2026-07-25T13:20:57Z
taillard/tai200_10_5,,200,10,IG-idle-rcl,42,10331,16.140828092000447,0.0,run-20260725-132113-ce16,2026-07-25T13:21:13Z
taillard/tai200_10_5,,200,10,IG-idle-rcl,123,10337,16.02399290498579,0.05807763043267835,run-20260725-132129-a525,2026-07-25T13:21:29Z
taillard/tai200_10_5,,200,10,IG-idle-rcl,456,10331,16.136179369990714,0.0,run-20260725-132145-894e,2026-07-25T13:21:45Z
taillard/tai200_10_5,,200,10,IG-idle-rcl,789,10375,15.436652366013732,0.42590262317297456,run-20260725-132200-d370,2026-07-25T13:22:00Z
taillard/tai200_10_5,,200,10,IG-idle-rcl,2025,10334,16.021312260010745,0.029038815216339175,run-20260725-132216-9e68,2026-07-25T13:22:16Z
taillard/tai200_10_6,,200,10,IG-idle-rcl,42,10882,14.10674125602236,0.23026618771299623,run-20260725-132230-45c6,2026-07-25T13:22:30Z
taillard/tai200_10_6,,200,10,IG-idle-rcl,123,10857,14.56090562097961,0.0,run-20260725-132245-d2ed,2026-07-25T13:22:45Z
taillard/tai200_10_6,,200,10,IG-idle-rcl,456,10857,13.865503320004791,0.0,run-20260725-132259-24ff,2026-07-25T13:22:59Z
taillard/tai200_10_6,,200,10,IG-idle-rcl,789,10866,13.997352630016394,0.08289582757667864,run-20260725-132313-663b,2026-07-25T13:23:13Z
taillard/tai200_10_6,,200,10,IG-idle-rcl,2025,10874,13.776995602005627,0.15658100764483743,run-20260725-132327-3561,2026-07-25T13:23:27Z
taillard/tai200_10_7,,200,10,IG-idle-rcl,42,10734,15.2017826680094,0.02795638803466592,run-20260725-132342-87c7,2026-07-25T13:23:42Z
taillard/tai200_10_7,,200,10,IG-idle-rcl,123,10753,15.073321741016116,0.20501351225421677,run-20260725-132357-2250,2026-07-25T13:23:57Z
taillard/tai200_10_7,,200,10,IG-idle-rcl,456,10753,14.726257240981795,0.20501351225421677,run-20260725-132412-5cf6,2026-07-25T13:24:12Z
taillard/tai200_10_7,,200,10,IG-idle-rcl,789,10741,15.172147561970633,0.09318796011555307,run-20260725-132427-976b,2026-07-25T13:24:27Z
taillard/tai200_10_7,,200,10,IG-idle-rcl,2025,10734,15.973765822011046,0.02795638803466592,run-20260725-132443-6415,2026-07-25T13:24:43Z
taillard/tai200_10_8,,200,10,IG-idle-rcl,42,10465,15.087281390966382,0.25867024334163635,run-20260725-132458-d1f5,2026-07-25T13:24:58Z
taillard/tai200_10_8,,200,10,IG-idle-rcl,123,10465,14.668925750011113,0.25867024334163635,run-20260725-132513-1e8f,2026-07-25T13:25:13Z
taillard/tai200_10_8,,200,10,IG-idle-rcl,456,10465,15.113096271001268,0.25867024334163635,run-20260725-132528-1137,2026-07-25T13:25:28Z
taillard/tai200_10_8,,200,10,IG-idle-rcl,789,10465,14.808578474039678,0.25867024334163635,run-20260725-132542-2944,2026-07-25T13:25:42Z
taillard/tai200_10_8,,200,10,IG-idle-rcl,2025,10465,14.97150749398861,0.25867024334163635,run-20260725-132557-554e,2026-07-25T13:25:57Z
taillard/tai200_10_9,,200,10,IG-idle-rcl,42,10727,14.362686801003292,0.47770700636942676,run-20260725-132612-170d,2026-07-25T13:26:12Z
taillard/tai200_10_9,,200,10,IG-idle-rcl,123,10676,15.569151243020315,0.0,run-20260725-132627-629b,2026-07-25T13:26:27Z
taillard/tai200_10_9,,200,10,IG-idle-rcl,456,10685,14.44557696802076,0.08430123641813413,run-20260725-132642-551e,2026-07-25T13:26:42Z
taillard/tai200_10_9,,200,10,IG-idle-rcl,789,10685,15.090984333015513,0.08430123641813413,run-20260725-132657-62d5,2026-07-25T13:26:57Z
taillard/tai200_10_9,,200,10,IG-idle-rcl,2025,10685,15.25827793800272,0.08430123641813413,run-20260725-132712-fdc8,2026-07-25T13:27:12Z
taillard/tai200_20_0,,200,20,IG-idle-rcl,42,11362,32.22204761696048,0.6020896051000532,run-20260725-132744-24fc,2026-07-25T13:27:44Z
taillard/tai200_20_0,,200,20,IG-idle-rcl,123,11327,31.798304823983926,0.2921905436514964,run-20260725-132816-4cc6,2026-07-25T13:28:16Z
taillard/tai200_20_0,,200,20,IG-idle-rcl,456,11345,32.092289128981065,0.45156720382503984,run-20260725-132848-4d27,2026-07-25T13:28:48Z
taillard/tai200_20_0,,200,20,IG-idle-rcl,789,11330,32.4617241609958,0.3187533203470869,run-20260725-132921-4df3,2026-07-25T13:29:21Z
taillard/tai200_20_0,,200,20,IG-idle-rcl,2025,11360,31.30874876899179,0.5843810873029928,run-20260725-132952-f360,2026-07-25T13:29:52Z
taillard/tai200_20_1,,200,20,IG-idle-rcl,42,11364,30.46105303801596,-0.4903677758318739,run-20260725-133023-4ec0,2026-07-25T13:30:23Z
taillard/tai200_20_1,,200,20,IG-idle-rcl,123,11355,32.23172417702153,-0.5691768826619965,run-20260725-133055-17c9,2026-07-25T13:30:55Z
taillard/tai200_20_1,,200,20,IG-idle-rcl,456,11386,31.039753791992553,-0.29772329246935203,run-20260725-133126-e86b,2026-07-25T13:31:26Z
taillard/tai200_20_1,,200,20,IG-idle-rcl,789,11377,32.48887022602139,-0.37653239929947463,run-20260725-133158-08c9,2026-07-25T13:31:58Z
taillard/tai200_20_1,,200,20,IG-idle-rcl,2025,11366,31.64326338999672,-0.47285464098073554,run-20260725-133230-e447,2026-07-25T13:32:30Z
taillard/tai200_20_2,,200,20,IG-idle-rcl,42,11445,32.748337775003165,-0.008736676568233443,run-20260725-133303-0e8f,2026-07-25T13:33:03Z
taillard/tai200_20_2,,200,20,IG-idle-rcl,123,11416,32.925522955018096,-0.2621002970470033,run-20260725-133336-5507,2026-07-25T13:33:36Z
taillard/tai200_20_2,,200,20,IG-idle-rcl,456,11494,32.45938437798759,0.4193604752752053,run-20260725-133408-9fca,2026-07-25T13:34:08Z
taillard/tai200_20_2,,200,20,IG-idle-rcl,789,11441,33.029430923983455,-0.04368338284116722,run-20260725-133441-6d37,2026-07-25T13:34:41Z
taillard/tai200_20_2,,200,20,IG-idle-rcl,2025,11454,33.36107299802825,0.06989341254586755,run-20260725-133515-81fd,2026-07-25T13:35:15Z
taillard/tai200_20_3,,200,20,IG-idle-rcl,42,11414,32.54387294902699,0.5904644399400722,run-20260725-133547-b4e0,2026-07-25T13:35:47Z
taillard/tai200_20_3,,200,20,IG-idle-rcl,123,11457,33.19644829898607,0.9694192297523575,run-20260725-133620-8072,2026-07-25T13:36:20Z
taillard/tai200_20_3,,200,20,IG-idle-rcl,456,11456,32.359949260018766,0.9606063276636997,run-20260725-133653-3277,2026-07-25T13:36:53Z
taillard/tai200_20_3,,200,20,IG-idle-rcl,789,11444,32.29031431599287,0.8548515025998061,run-20260725-133725-5753,2026-07-25T13:37:25Z
taillard/tai200_20_3,,200,20,IG-idle-rcl,2025,11444,31.855831728025805,0.8548515025998061,run-20260725-133757-425d,2026-07-25T13:37:57Z
taillard/tai200_20_4,,200,20,IG-idle-rcl,42,11337,32.35912673396524,0.22986473344531871,run-20260725-133829-54f5,2026-07-25T13:38:29Z
taillard/tai200_20_4,,200,20,IG-idle-rcl,123,11343,33.06432909396244,0.2829104411634692,run-20260725-133902-3de2,2026-07-25T13:39:02Z
taillard/tai200_20_4,,200,20,IG-idle-rcl,456,11358,32.152270622958895,0.41552471045884537,run-20260725-133934-3f9d,2026-07-25T13:39:34Z
taillard/tai200_20_4,,200,20,IG-idle-rcl,789,11323,33.81756620196393,0.10609141543630095,run-20260725-134008-beab,2026-07-25T13:40:08Z
taillard/tai200_20_4,,200,20,IG-idle-rcl,2025,11340,31.319374327955302,0.2563875873043939,run-20260725-134039-3eae,2026-07-25T13:40:39Z
taillard/tai200_20_5,,200,20,IG-idle-rcl,42,11359,32.02631346700946,0.6825031022868285,run-20260725-134112-1974,2026-07-25T13:41:12Z
taillard/tai200_20_5,,200,20,IG-idle-rcl,123,11349,33.141550720029045,0.5938663357560716,run-20260725-134145-eacf,2026-07-25T13:41:45Z
taillard/tai200_20_5,,200,20,IG-idle-rcl,456,11337,31.949278455984313,0.48750221591916326,run-20260725-134217-87bd,2026-07-25T13:42:17Z
taillard/tai200_20_5,,200,20,IG-idle-rcl,789,11337,30.979789367003832,0.48750221591916326,run-20260725-134248-e3dc,2026-07-25T13:42:48Z
taillard/tai200_20_5,,200,20,IG-idle-rcl,2025,11334,32.146477925998624,0.4609111859599362,run-20260725-134320-1122,2026-07-25T13:43:20Z
taillard/tai200_20_6,,200,20,IG-idle-rcl,42,11492,31.917158739001025,0.31424581005586594,run-20260725-134352-0c56,2026-07-25T13:43:52Z
taillard/tai200_20_6,,200,20,IG-idle-rcl,123,11477,32.626925989985466,0.18331005586592178,run-20260725-134424-c1ab,2026-07-25T13:44:24Z
taillard/tai200_20_6,,200,20,IG-idle-rcl,456,11480,32.33530223899288,0.20949720670391062,run-20260725-134457-532e,2026-07-25T13:44:57Z
taillard/tai200_20_6,,200,20,IG-idle-rcl,789,11452,31.92864041001303,-0.034916201117318434,run-20260725-134529-3ac7,2026-07-25T13:45:29Z
taillard/tai200_20_6,,200,20,IG-idle-rcl,2025,11489,32.1817485630163,0.2880586592178771,run-20260725-134601-2c4d,2026-07-25T13:46:01Z
taillard/tai200_20_7,,200,20,IG-idle-rcl,42,11473,32.95550292398548,0.5081033727551467,run-20260725-134634-3075,2026-07-25T13:46:34Z
taillard/tai200_20_7,,200,20,IG-idle-rcl,123,11516,31.499333782994654,0.8848007008322383,run-20260725-134705-39a5,2026-07-25T13:47:05Z
taillard/tai200_20_7,,200,20,IG-idle-rcl,456,11484,31.48324821400456,0.6044678055190539,run-20260725-134737-040c,2026-07-25T13:47:37Z
taillard/tai200_20_7,,200,20,IG-idle-rcl,789,11484,30.856855122954585,0.6044678055190539,run-20260725-134808-5580,2026-07-25T13:48:08Z
taillard/tai200_20_7,,200,20,IG-idle-rcl,2025,11451,32.9098186219926,0.31537450722733246,run-20260725-134840-27a8,2026-07-25T13:48:40Z
taillard/tai200_20_8,,200,20,IG-idle-rcl,42,11372,32.74370741500752,0.2556642863440007,run-20260725-134913-1270,2026-07-25T13:49:13Z
taillard/tai200_20_8,,200,20,IG-idle-rcl,123,11372,31.381729845015798,0.2556642863440007,run-20260725-134945-61c2,2026-07-25T13:49:45Z
taillard/tai200_20_8,,200,20,IG-idle-rcl,456,11372,33.196378788969014,0.2556642863440007,run-20260725-135018-e8f0,2026-07-25T13:50:18Z
taillard/tai200_20_8,,200,20,IG-idle-rcl,789,11372,32.735126916959416,0.2556642863440007,run-20260725-135051-d32d,2026-07-25T13:50:51Z
taillard/tai200_20_8,,200,20,IG-idle-rcl,2025,11343,31.75041835597949,0.0,run-20260725-135122-6ac1,2026-07-25T13:51:22Z
taillard/tai200_20_9,,200,20,IG-idle-rcl,42,11530,33.5703529859893,0.9455436876203818,run-20260725-135156-ff2c,2026-07-25T13:51:56Z
taillard/tai200_20_9,,200,20,IG-idle-rcl,123,11463,32.40056687104516,0.3589563999299597,run-20260725-135228-e403,2026-07-25T13:52:28Z
taillard/tai200_20_9,,200,20,IG-idle-rcl,456,11509,32.929324620985426,0.7616879705830852,run-20260725-135301-5bb2,2026-07-25T13:53:01Z
taillard/tai200_20_9,,200,20,IG-idle-rcl,789,11437,34.40060774004087,0.13132551216949745,run-20260725-135336-63dd,2026-07-25T13:53:36Z
taillard/tai200_20_9,,200,20,IG-idle-rcl,2025,11487,33.458238944993354,0.5690772194011556,run-20260725-135409-9d8d,2026-07-25T13:54:09Z
taillard/tai20_10_0,,20,10,IG-idle-rcl,42,1582,1.0615799000370316,0.0,run-20260725-135410-71e5,2026-07-25T13:54:10Z
taillard/tai20_10_0,,20,10,IG-idle-rcl,123,1591,0.8611135649844073,0.5689001264222503,run-20260725-135411-d998,2026-07-25T13:54:11Z
taillard/tai20_10_0,,20,10,IG-idle-rcl,456,1586,1.189860146958381,0.2528445006321112,run-20260725-135412-2a12,2026-07-25T13:54:12Z
taillard/tai20_10_0,,20,10,IG-idle-rcl,789,1582,0.9755003110039979,0.0,run-20260725-135413-3220,2026-07-25T13:54:13Z
taillard/tai20_10_0,,20,10,IG-idle-rcl,2025,1587,0.9147039270028472,0.31605562579013907,run-20260725-135414-6468,2026-07-25T13:54:14Z
taillard/tai20_10_1,,20,10,IG-idle-rcl,42,1659,1.1655142370145768,0.0,run-20260725-135415-bed8,2026-07-25T13:54:15Z
taillard/tai20_10_1,,20,10,IG-idle-rcl,123,1668,1.0936678880243562,0.5424954792043399,run-20260725-135416-5bab,2026-07-25T13:54:16Z
taillard/tai20_10_1,,20,10,IG-idle-rcl,456,1659,1.3066883930005133,0.0,run-20260725-135418-3920,2026-07-25T13:54:18Z
taillard/tai20_10_1,,20,10,IG-idle-rcl,789,1667,1.247254947957117,0.4822182037371911,run-20260725-135419-622f,2026-07-25T13:54:19Z
taillard/tai20_10_1,,20,10,IG-idle-rcl,2025,1667,1.238511629984714,0.4822182037371911,run-20260725-135420-2fb4,2026-07-25T13:54:20Z
taillard/tai20_10_2,,20,10,IG-idle-rcl,42,1502,1.156102342007216,0.40106951871657753,run-20260725-135421-40c5,2026-07-25T13:54:21Z
taillard/tai20_10_2,,20,10,IG-idle-rcl,123,1509,0.9376175089855678,0.8689839572192514,run-20260725-135422-f684,2026-07-25T13:54:22Z
taillard/tai20_10_2,,20,10,IG-idle-rcl,456,1505,1.0074475050205365,0.6016042780748663,run-20260725-135423-1da2,2026-07-25T13:54:23Z
taillard/tai20_10_2,,20,10,IG-idle-rcl,789,1500,1.0718957270146348,0.26737967914438504,run-20260725-135424-f341,2026-07-25T13:54:24Z
taillard/tai20_10_2,,20,10,IG-idle-rcl,2025,1508,0.8877205280005,0.8021390374331551,run-20260725-135425-c414,2026-07-25T13:54:25Z
taillard/tai20_10_3,,20,10,IG-idle-rcl,42,1390,1.0210122410207987,0.8708272859216255,run-20260725-135426-6cbb,2026-07-25T13:54:26Z
taillard/tai20_10_3,,20,10,IG-idle-rcl,123,1379,1.0206393459811807,0.07256894049346879,run-20260725-135427-d8eb,2026-07-25T13:54:27Z
taillard/tai20_10_3,,20,10,IG-idle-rcl,456,1384,1.0717552110436372,0.43541364296081275,run-20260725-135428-3aeb,2026-07-25T13:54:28Z
taillard/tai20_10_3,,20,10,IG-idle-rcl,789,1385,1.062689180020243,0.5079825834542816,run-20260725-135429-0388,2026-07-25T13:54:29Z
taillard/tai20_10_3,,20,10,IG-idle-rcl,2025,1390,1.0234153509954922,0.8708272859216255,run-20260725-135430-0895,2026-07-25T13:54:30Z
taillard/tai20_10_4,,20,10,IG-idle-rcl,42,1425,1.1595647730282508,0.42283298097251587,run-20260725-135432-8d16,2026-07-25T13:54:32Z
taillard/tai20_10_4,,20,10,IG-idle-rcl,123,1433,1.0947709329775535,0.9866102889358703,run-20260725-135433-31e7,2026-07-25T13:54:33Z
taillard/tai20_10_4,,20,10,IG-idle-rcl,456,1426,0.9953198289731517,0.49330514446793516,run-20260725-135434-1ff7,2026-07-25T13:54:34Z
taillard/tai20_10_4,,20,10,IG-idle-rcl,789,1425,1.0783958730171435,0.42283298097251587,run-20260725-135435-472a,2026-07-25T13:54:35Z
taillard/tai20_10_4,,20,10,IG-idle-rcl,2025,1419,0.9630384549964219,0.0,run-20260725-135436-2643,2026-07-25T13:54:36Z
taillard/tai20_10_5,,20,10,IG-idle-rcl,42,1401,1.0885585880023427,0.2863278453829635,run-20260725-135437-4df8,2026-07-25T13:54:37Z
taillard/tai20_10_5,,20,10,IG-idle-rcl,123,1401,1.0904799639829434,0.2863278453829635,run-20260725-135438-dccf,2026-07-25T13:54:38Z
taillard/tai20_10_5,,20,10,IG-idle-rcl,456,1401,1.146024999965448,0.2863278453829635,run-20260725-135439-062d,2026-07-25T13:54:39Z
taillard/tai20_10_5,,20,10,IG-idle-rcl,789,1406,1.0744136329740286,0.6442376521116678,run-20260725-135440-c51b,2026-07-25T13:54:40Z
taillard/tai20_10_5,,20,10,IG-idle-rcl,2025,1400,1.000521897978615,0.2147458840372226,run-20260725-135441-f9b4,2026-07-25T13:54:41Z
taillard/tai20_10_6,,20,10,IG-idle-rcl,42,1492,1.040692106995266,0.5390835579514824,run-20260725-135442-0cfa,2026-07-25T13:54:42Z
taillard/tai20_10_6,,20,10,IG-idle-rcl,123,1484,1.1124350180034526,0.0,run-20260725-135443-d598,2026-07-25T13:54:43Z
taillard/tai20_10_6,,20,10,IG-idle-rcl,456,1486,1.0487181190401316,0.1347708894878706,run-20260725-135444-bd46,2026-07-25T13:54:44Z
taillard/tai20_10_6,,20,10,IG-idle-rcl,789,1487,1.1272885240032338,0.20215633423180593,run-20260725-135445-94a5,2026-07-25T13:54:45Z
taillard/tai20_10_6,,20,10,IG-idle-rcl,2025,1487,0.9887566510005854,0.20215633423180593,run-20260725-135446-3c7c,2026-07-25T13:54:46Z
taillard/tai20_10_7,,20,10,IG-idle-rcl,42,1559,0.8713495730189607,1.365409622886866,run-20260725-135447-10e3,2026-07-25T13:54:47Z
taillard/tai20_10_7,,20,10,IG-idle-rcl,123,1544,0.9813511759857647,0.39011703511053314,run-20260725-135448-56cc,2026-07-25T13:54:48Z
taillard/tai20_10_7,,20,10,IG-idle-rcl,456,1544,0.9917570590041578,0.39011703511053314,run-20260725-135449-4831,2026-07-25T13:54:49Z
taillard/tai20_10_7,,20,10,IG-idle-rcl,789,1544,0.9893257780349813,0.39011703511053314,run-20260725-135450-2e8c,2026-07-25T13:54:50Z
taillard/tai20_10_7,,20,10,IG-idle-rcl,2025,1544,1.1026366900186986,0.39011703511053314,run-20260725-135451-6410,2026-07-25T13:54:51Z
taillard/tai20_10_8,,20,10,IG-idle-rcl,42,1593,0.8524587459978648,0.0,run-20260725-135452-fbf7,2026-07-25T13:54:52Z
taillard/tai20_10_8,,20,10,IG-idle-rcl,123,1593,1.0656951519777067,0.0,run-20260725-135453-4569,2026-07-25T13:54:53Z
taillard/tai20_10_8,,20,10,IG-idle-rcl,456,1602,0.9682817200082354,0.5649717514124294,run-20260725-135454-3c69,2026-07-25T13:54:54Z
taillard/tai20_10_8,,20,10,IG-idle-rcl,789,1599,1.102716176013928,0.3766478342749529,run-20260725-135455-6f0c,2026-07-25T13:54:55Z
taillard/tai20_10_8,,20,10,IG-idle-rcl,2025,1594,1.0459576330031268,0.06277463904582549,run-20260725-135456-55d1,2026-07-25T13:54:56Z
taillard/tai20_10_9,,20,10,IG-idle-rcl,42,1597,0.9876435619662516,0.3771213073538655,run-20260725-135457-02a0,2026-07-25T13:54:57Z
taillard/tai20_10_9,,20,10,IG-idle-rcl,123,1605,1.1733063589781523,0.8799497171590195,run-20260725-135459-7ae8,2026-07-25T13:54:59Z
taillard/tai20_10_9,,20,10,IG-idle-rcl,456,1608,0.8884216900332831,1.0685103708359522,run-20260725-135459-b3a0,2026-07-25T13:54:59Z
taillard/tai20_10_9,,20,10,IG-idle-rcl,789,1608,0.7310302179539576,1.0685103708359522,run-20260725-135500-cfc5,2026-07-25T13:55:00Z
taillard/tai20_10_9,,20,10,IG-idle-rcl,2025,1597,1.0051206800271757,0.3771213073538655,run-20260725-135501-991a,2026-07-25T13:55:01Z
taillard/tai20_20_0,,20,20,IG-idle-rcl,42,2315,1.658058484958019,0.783630822812364,run-20260725-135503-230d,2026-07-25T13:55:03Z
taillard/tai20_20_0,,20,20,IG-idle-rcl,123,2320,1.9158199800294824,1.0013060513713539,run-20260725-135505-8af4,2026-07-25T13:55:05Z
taillard/tai20_20_0,,20,20,IG-idle-rcl,456,2306,1.8393984680296853,0.391815411406182,run-20260725-135507-ed54,2026-07-25T13:55:07Z
taillard/tai20_20_0,,20,20,IG-idle-rcl,789,2309,2.0732797069940716,0.5224205485415759,run-20260725-135509-5cca,2026-07-25T13:55:09Z
taillard/tai20_20_0,,20,20,IG-idle-rcl,2025,2309,1.917378109996207,0.5224205485415759,run-20260725-135511-4efc,2026-07-25T13:55:11Z
taillard/tai20_20_1,,20,20,IG-idle-rcl,42,2122,1.6088187010027468,1.0476190476190477,run-20260725-135512-4787,2026-07-25T13:55:12Z
taillard/tai20_20_1,,20,20,IG-idle-rcl,123,2122,1.5423223440302536,1.0476190476190477,run-20260725-135514-df50,2026-07-25T13:55:14Z
taillard/tai20_20_1,,20,20,IG-idle-rcl,456,2114,1.9227631299872883,0.6666666666666666,run-20260725-135516-548c,2026-07-25T13:55:16Z
taillard/tai20_20_1,,20,20,IG-idle-rcl,789,2118,1.773336485028267,0.8571428571428571,run-20260725-135517-c9bc,2026-07-25T13:55:17Z
taillard/tai20_20_1,,20,20,IG-idle-rcl,2025,2114,1.8789871030021459,0.6666666666666666,run-20260725-135519-a5a9,2026-07-25T13:55:19Z
taillard/tai20_20_2,,20,20,IG-idle-rcl,42,2339,2.2279400360421278,0.5588993981083406,run-20260725-135522-73b8,2026-07-25T13:55:22Z
taillard/tai20_20_2,,20,20,IG-idle-rcl,123,2338,1.8712588779744692,0.5159071367153912,run-20260725-135523-077b,2026-07-25T13:55:23Z
taillard/tai20_20_2,,20,20,IG-idle-rcl,456,2334,2.253218675032258,0.34393809114359414,run-20260725-135526-9bf6,2026-07-25T13:55:26Z
taillard/tai20_20_2,,20,20,IG-idle-rcl,789,2341,2.1230445809778757,0.6448839208942391,run-20260725-135528-ab28,2026-07-25T13:55:28Z
taillard/tai20_20_2,,20,20,IG-idle-rcl,2025,2341,2.160852133994922,0.6448839208942391,run-20260725-135530-9808,2026-07-25T13:55:30Z
taillard/tai20_20_3,,20,20,IG-idle-rcl,42,2234,2.2024067279999144,0.4948268106162843,run-20260725-135532-57c0,2026-07-25T13:55:32Z
taillard/tai20_20_3,,20,20,IG-idle-rcl,123,2225,1.6306641479604878,0.0899685110211426,run-20260725-135534-60d6,2026-07-25T13:55:34Z
taillard/tai20_20_3,,20,20,IG-idle-rcl,456,2225,1.635719221958425,0.0899685110211426,run-20260725-135535-e4f4,2026-07-25T13:55:35Z
taillard/tai20_20_3,,20,20,IG-idle-rcl,789,2223,1.831490078009665,0.0,run-20260725-135537-c259,2026-07-25T13:55:37Z
taillard/tai20_20_3,,20,20,IG-idle-rcl,2025,2230,1.72392536199186,0.3148897885739991,run-20260725-135539-d44a,2026-07-25T13:55:39Z
taillard/tai20_20_4,,20,20,IG-idle-rcl,42,2298,1.8963716279831715,0.30554343081623747,run-20260725-135541-1c1b,2026-07-25T13:55:41Z
taillard/tai20_20_4,,20,20,IG-idle-rcl,123,2301,1.649180460954085,0.43649061545176776,run-20260725-135543-1126,2026-07-25T13:55:43Z
taillard/tai20_20_4,,20,20,IG-idle-rcl,456,2307,1.8750377069809474,0.6983849847228285,run-20260725-135544-4f84,2026-07-25T13:55:44Z
taillard/tai20_20_4,,20,20,IG-idle-rcl,789,2307,1.9242161510046571,0.6983849847228285,run-20260725-135546-d3b7,2026-07-25T13:55:46Z
taillard/tai20_20_4,,20,20,IG-idle-rcl,2025,2310,1.6227500640088692,0.8293321693583589,run-20260725-135548-31b9,2026-07-25T13:55:48Z
taillard/tai20_20_5,,20,20,IG-idle-rcl,42,2238,2.235191993007902,0.5390835579514824,run-20260725-135550-6273,2026-07-25T13:55:50Z
taillard/tai20_20_5,,20,20,IG-idle-rcl,123,2230,1.6950270889792591,0.17969451931716082,run-20260725-135552-ae18,2026-07-25T13:55:52Z
taillard/tai20_20_5,,20,20,IG-idle-rcl,456,2240,1.943004842964001,0.6289308176100629,run-20260725-135554-3d39,2026-07-25T13:55:54Z
taillard/tai20_20_5,,20,20,IG-idle-rcl,789,2240,2.01607363903895,0.6289308176100629,run-20260725-135556-4c83,2026-07-25T13:55:56Z
taillard/tai20_20_5,,20,20,IG-idle-rcl,2025,2235,2.1215244280174375,0.40431266846361186,run-20260725-135558-2fd0,2026-07-25T13:55:58Z
taillard/tai20_20_6,,20,20,IG-idle-rcl,42,2278,1.9741835670429282,0.21997360316761988,run-20260725-135600-ed26,2026-07-25T13:56:00Z
taillard/tai20_20_6,,20,20,IG-idle-rcl,123,2273,1.8678184970049188,0.0,run-20260725-135602-104b,2026-07-25T13:56:02Z
taillard/tai20_20_6,,20,20,IG-idle-rcl,456,2299,2.0272769639850594,1.1438627364716234,run-20260725-135604-884c,2026-07-25T13:56:04Z
taillard/tai20_20_6,,20,20,IG-idle-rcl,789,2278,2.1139260440249927,0.21997360316761988,run-20260725-135606-88bb,2026-07-25T13:56:06Z
taillard/tai20_20_6,,20,20,IG-idle-rcl,2025,2284,2.3185595580143854,0.48394192696876376,run-20260725-135608-56bd,2026-07-25T13:56:08Z
taillard/tai20_20_7,,20,20,IG-idle-rcl,42,2202,1.946743672946468,0.09090909090909091,run-20260725-135610-6e30,2026-07-25T13:56:10Z
taillard/tai20_20_7,,20,20,IG-idle-rcl,123,2212,1.6425246150465682,0.5454545454545454,run-20260725-135612-734c,2026-07-25T13:56:12Z
taillard/tai20_20_7,,20,20,IG-idle-rcl,456,2209,1.8154855669708923,0.4090909090909091,run-20260725-135614-5bf4,2026-07-25T13:56:14Z
taillard/tai20_20_7,,20,20,IG-idle-rcl,789,2200,2.0895135210012086,0.0,run-20260725-135616-b8d2,2026-07-25T13:56:16Z
taillard/tai20_20_7,,20,20,IG-idle-rcl,2025,2200,2.1664685460273176,0.0,run-20260725-135618-af54,2026-07-25T13:56:18Z
taillard/tai20_20_8,,20,20,IG-idle-rcl,42,2243,2.0207062960253097,0.2682163611980331,run-20260725-135620-e4d4,2026-07-25T13:56:20Z
taillard/tai20_20_8,,20,20,IG-idle-rcl,123,2242,2.2752604740089737,0.22351363433169424,run-20260725-135622-d342,2026-07-25T13:56:22Z
taillard/tai20_20_8,,20,20,IG-idle-rcl,456,2242,2.2042360570048913,0.22351363433169424,run-20260725-135624-0096,2026-07-25T13:56:24Z
taillard/tai20_20_8,,20,20,IG-idle-rcl,789,2242,2.0656961639760993,0.22351363433169424,run-20260725-135627-4794,2026-07-25T13:56:27Z
taillard/tai20_20_8,,20,20,IG-idle-rcl,2025,2242,2.1345571110141464,0.22351363433169424,run-20260725-135629-6e6b,2026-07-25T13:56:29Z
taillard/tai20_20_9,,20,20,IG-idle-rcl,42,2178,2.184123694023583,0.0,run-20260725-135631-7ce8,2026-07-25T13:56:31Z
taillard/tai20_20_9,,20,20,IG-idle-rcl,123,2203,1.4499499590019695,1.147842056932966,run-20260725-135632-9987,2026-07-25T13:56:32Z
taillard/tai20_20_9,,20,20,IG-idle-rcl,456,2178,2.0484277909854427,0.0,run-20260725-135634-a1a7,2026-07-25T13:56:34Z
taillard/tai20_20_9,,20,20,IG-idle-rcl,789,2191,1.7321336339809932,0.5968778696051423,run-20260725-135636-6759,2026-07-25T13:56:36Z
taillard/tai20_20_9,,20,20,IG-idle-rcl,2025,2181,1.7241191520006396,0.13774104683195593,run-20260725-135638-859c,2026-07-25T13:56:38Z
taillard/tai20_5_0,,20,5,IG-idle-rcl,42,1278,0.4581581939710304,0.0,run-20260725-135638-7665,2026-07-25T13:56:38Z
taillard/tai20_5_0,,20,5,IG-idle-rcl,123,1278,0.4446742490399629,0.0,run-20260725-135639-2249,2026-07-25T13:56:39Z
taillard/tai20_5_0,,20,5,IG-idle-rcl,456,1278,0.4563523510005325,0.0,run-20260725-135639-bffe,2026-07-25T13:56:39Z
taillard/tai20_5_0,,20,5,IG-idle-rcl,789,1278,0.42599478497868404,0.0,run-20260725-135640-41b4,2026-07-25T13:56:40Z
taillard/tai20_5_0,,20,5,IG-idle-rcl,2025,1278,0.4366757059469819,0.0,run-20260725-135640-edd7,2026-07-25T13:56:40Z
taillard/tai20_5_1,,20,5,IG-idle-rcl,42,1359,0.6362220140290447,0.0,run-20260725-135641-e0f0,2026-07-25T13:56:41Z
taillard/tai20_5_1,,20,5,IG-idle-rcl,123,1359,0.6334154600044712,0.0,run-20260725-135641-750b,2026-07-25T13:56:41Z
taillard/tai20_5_1,,20,5,IG-idle-rcl,456,1359,0.6137474660063162,0.0,run-20260725-135642-0a1d,2026-07-25T13:56:42Z
taillard/tai20_5_1,,20,5,IG-idle-rcl,789,1359,0.6273017600178719,0.0,run-20260725-135643-960f,2026-07-25T13:56:43Z
taillard/tai20_5_1,,20,5,IG-idle-rcl,2025,1359,0.624003105040174,0.0,run-20260725-135643-5051,2026-07-25T13:56:43Z
taillard/tai20_5_2,,20,5,IG-idle-rcl,42,1083,0.577278591983486,0.18501387604070305,run-20260725-135644-df7c,2026-07-25T13:56:44Z
taillard/tai20_5_2,,20,5,IG-idle-rcl,123,1088,0.515344469982665,0.6475485661424607,run-20260725-135644-134d,2026-07-25T13:56:44Z
taillard/tai20_5_2,,20,5,IG-idle-rcl,456,1081,0.5989041390130296,0.0,run-20260725-135645-5c32,2026-07-25T13:56:45Z
taillard/tai20_5_2,,20,5,IG-idle-rcl,789,1081,0.6429529910092242,0.0,run-20260725-135646-7266,2026-07-25T13:56:46Z
taillard/tai20_5_2,,20,5,IG-idle-rcl,2025,1081,0.6147211110219359,0.0,run-20260725-135646-4347,2026-07-25T13:56:46Z
taillard/tai20_5_3,,20,5,IG-idle-rcl,42,1297,0.6447272899677046,0.30935808197989173,run-20260725-135647-2207,2026-07-25T13:56:47Z
taillard/tai20_5_3,,20,5,IG-idle-rcl,123,1297,0.48302894202061,0.30935808197989173,run-20260725-135647-aaaa,2026-07-25T13:56:47Z
taillard/tai20_5_3,,20,5,IG-idle-rcl,456,1299,0.4826968310517259,0.46403712296983757,run-20260725-135648-42ce,2026-07-25T13:56:48Z
taillard/tai20_5_3,,20,5,IG-idle-rcl,789,1297,0.5507922049728222,0.30935808197989173,run-20260725-135648-1031,2026-07-25T13:56:48Z
taillard/tai20_5_3,,20,5,IG-idle-rcl,2025,1301,0.47489762998884544,0.6187161639597835,run-20260725-135649-1878,2026-07-25T13:56:49Z
taillard/tai20_5_4,,20,5,IG-idle-rcl,42,1235,0.5258695679949597,-0.08090614886731391,run-20260725-135649-1af9,2026-07-25T13:56:49Z
taillard/tai20_5_4,,20,5,IG-idle-rcl,123,1243,0.506973368988838,0.5663430420711975,run-20260725-135650-7bec,2026-07-25T13:56:50Z
taillard/tai20_5_4,,20,5,IG-idle-rcl,456,1236,0.4519106399966404,0.0,run-20260725-135650-a3a4,2026-07-25T13:56:50Z
taillard/tai20_5_4,,20,5,IG-idle-rcl,789,1235,0.48989648901624605,-0.08090614886731391,run-20260725-135651-e3e3,2026-07-25T13:56:51Z
taillard/tai20_5_4,,20,5,IG-idle-rcl,2025,1237,0.4968336629681289,0.08090614886731391,run-20260725-135651-3446,2026-07-25T13:56:51Z
taillard/tai20_5_5,,20,5,IG-idle-rcl,42,1195,0.6321269900072366,0.0,run-20260725-135652-b172,2026-07-25T13:56:52Z
taillard/tai20_5_5,,20,5,IG-idle-rcl,123,1195,0.5994960389798507,0.0,run-20260725-135653-125f,2026-07-25T13:56:53Z
taillard/tai20_5_5,,20,5,IG-idle-rcl,456,1195,0.634714313026052,0.0,run-20260725-135653-442d,2026-07-25T13:56:53Z
taillard/tai20_5_5,,20,5,IG-idle-rcl,789,1195,0.623890859016683,0.0,run-20260725-135654-fbad,2026-07-25T13:56:54Z
taillard/tai20_5_5,,20,5,IG-idle-rcl,2025,1195,0.6512683990295045,0.0,run-20260725-135654-4fce,2026-07-25T13:56:54Z
taillard/tai20_5_6,,20,5,IG-idle-rcl,42,1239,0.5010294289677404,0.0,run-20260725-135655-d209,2026-07-25T13:56:55Z
taillard/tai20_5_6,,20,5,IG-idle-rcl,123,1249,0.5149241919862106,0.8071025020177562,run-20260725-135655-02b6,2026-07-25T13:56:55Z
taillard/tai20_5_6,,20,5,IG-idle-rcl,456,1239,0.5348680519964546,0.0,run-20260725-135656-4831,2026-07-25T13:56:56Z
taillard/tai20_5_6,,20,5,IG-idle-rcl,789,1239,0.4815118440310471,0.0,run-20260725-135656-46ce,2026-07-25T13:56:56Z
taillard/tai20_5_6,,20,5,IG-idle-rcl,2025,1245,0.5089682939578779,0.48426150121065376,run-20260725-135657-a02c,2026-07-25T13:56:57Z
taillard/tai20_5_7,,20,5,IG-idle-rcl,42,1206,0.41941454500192776,0.0,run-20260725-135657-52bf,2026-07-25T13:56:57Z
taillard/tai20_5_7,,20,5,IG-idle-rcl,123,1206,0.4519825619645417,0.0,run-20260725-135658-5a0f,2026-07-25T13:56:58Z
taillard/tai20_5_7,,20,5,IG-idle-rcl,456,1206,0.5067014659871347,0.0,run-20260725-135658-1110,2026-07-25T13:56:58Z
taillard/tai20_5_7,,20,5,IG-idle-rcl,789,1206,0.4669662199448794,0.0,run-20260725-135659-4689,2026-07-25T13:56:59Z
taillard/tai20_5_7,,20,5,IG-idle-rcl,2025,1206,0.4469811849994585,0.0,run-20260725-135659-2735,2026-07-25T13:56:59Z
taillard/tai20_5_8,,20,5,IG-idle-rcl,42,1230,0.5365767480107024,0.0,run-20260725-135700-82ff,2026-07-25T13:57:00Z
taillard/tai20_5_8,,20,5,IG-idle-rcl,123,1230,0.5742522000218742,0.0,run-20260725-135700-42cf,2026-07-25T13:57:00Z
taillard/tai20_5_8,,20,5,IG-idle-rcl,456,1230,0.5298142149695195,0.0,run-20260725-135701-6c44,2026-07-25T13:57:01Z
taillard/tai20_5_8,,20,5,IG-idle-rcl,789,1230,0.530692073982209,0.0,run-20260725-135701-dd0e,2026-07-25T13:57:01Z
taillard/tai20_5_8,,20,5,IG-idle-rcl,2025,1230,0.5232084809686057,0.0,run-20260725-135702-3c3b,2026-07-25T13:57:02Z
taillard/tai20_5_9,,20,5,IG-idle-rcl,42,1108,0.5555956320022233,0.0,run-20260725-135703-7040,2026-07-25T13:57:03Z
taillard/tai20_5_9,,20,5,IG-idle-rcl,123,1108,0.5653343379963189,0.0,run-20260725-135703-6995,2026-07-25T13:57:03Z
taillard/tai20_5_9,,20,5,IG-idle-rcl,456,1108,0.5500370319932699,0.0,run-20260725-135704-69a1,2026-07-25T13:57:04Z
taillard/tai20_5_9,,20,5,IG-idle-rcl,789,1108,0.5686693320167251,0.0,run-20260725-135704-edbc,2026-07-25T13:57:04Z
taillard/tai20_5_9,,20,5,IG-idle-rcl,2025,1108,0.5722632419783622,0.0,run-20260725-135705-44b9,2026-07-25T13:57:05Z
taillard/tai500_20_0,,500,20,IG-idle-rcl,42,26199,115.91718185599893,0.03818397036923899,run-20260725-135901-3cfa,2026-07-25T13:59:01Z
taillard/tai500_20_0,,500,20,IG-idle-rcl,123,26202,114.7755325040198,0.04963916148001069,run-20260725-140055-c25d,2026-07-25T14:00:55Z
taillard/tai500_20_0,,500,20,IG-idle-rcl,456,26189,115.72298977902392,0.0,run-20260725-140251-019b,2026-07-25T14:02:51Z
taillard/tai500_20_0,,500,20,IG-idle-rcl,789,26216,116.93252133298665,0.10309671999694528,run-20260725-140448-d28d,2026-07-25T14:04:48Z
taillard/tai500_20_0,,500,20,IG-idle-rcl,2025,26210,113.68508180201752,0.08018633777540189,run-20260725-140642-b281,2026-07-25T14:06:42Z
taillard/tai500_20_1,,500,20,IG-idle-rcl,42,26690,112.05654250294901,0.22907356641255774,run-20260725-140834-b9a9,2026-07-25T14:08:34Z
taillard/tai500_20_1,,500,20,IG-idle-rcl,123,26749,107.43210228497628,0.4506365240902775,run-20260725-141021-7706,2026-07-25T14:10:21Z
taillard/tai500_20_1,,500,20,IG-idle-rcl,456,26763,109.77295598899946,0.5032107852341432,run-20260725-141211-fd42,2026-07-25T14:12:11Z
taillard/tai500_20_1,,500,20,IG-idle-rcl,789,26751,110.47815328795696,0.4581471328251155,run-20260725-141402-2d94,2026-07-25T14:14:02Z
taillard/tai500_20_1,,500,20,IG-idle-rcl,2025,26727,109.00221640901873,0.36801982800705996,run-20260725-141551-4c0f,2026-07-25T14:15:51Z
taillard/tai500_20_2,,500,20,IG-idle-rcl,42,26511,110.95151990302838,0.200317484314763,run-20260725-141742-f806,2026-07-25T14:17:42Z
taillard/tai500_20_2,,500,20,IG-idle-rcl,123,26601,107.54885749099776,0.5404792501322851,run-20260725-141929-5d7b,2026-07-25T14:19:29Z
taillard/tai500_20_2,,500,20,IG-idle-rcl,456,26600,105.98324351100018,0.5366996749565349,run-20260725-142115-8d00,2026-07-25T14:21:15Z
taillard/tai500_20_2,,500,20,IG-idle-rcl,789,26490,109.317298391019,0.12094640562400787,run-20260725-142304-6f63,2026-07-25T14:23:04Z
taillard/tai500_20_2,,500,20,IG-idle-rcl,2025,26600,107.88703542598523,0.5366996749565349,run-20260725-142452-129c,2026-07-25T14:24:52Z
taillard/tai500_20_3,,500,20,IG-idle-rcl,42,26557,107.04253792599775,0.030132961693472446,run-20260725-142639-9eb4,2026-07-25T14:26:39Z
taillard/tai500_20_3,,500,20,IG-idle-rcl,123,26617,103.93927487498149,0.2561301743945158,run-20260725-142823-eb76,2026-07-25T14:28:23Z
taillard/tai500_20_3,,500,20,IG-idle-rcl,456,26590,105.66067955899052,0.1544314286790463,run-20260725-143009-824d,2026-07-25T14:30:09Z
taillard/tai500_20_3,,500,20,IG-idle-rcl,789,26608,106.68328069598647,0.2222305924893593,run-20260725-143156-999c,2026-07-25T14:31:56Z
taillard/tai500_20_3,,500,20,IG-idle-rcl,2025,26549,107.24756217404502,0.0,run-20260725-143343-62e4,2026-07-25T14:33:43Z
taillard/tai500_20_4,,500,20,IG-idle-rcl,42,26430,111.24864589096978,0.09846992879866687,run-20260725-143534-c752,2026-07-25T14:35:34Z
taillard/tai500_20_4,,500,20,IG-idle-rcl,123,26386,110.90458321198821,-0.06817148916830783,run-20260725-143725-16ae,2026-07-25T14:37:25Z
taillard/tai500_20_4,,500,20,IG-idle-rcl,456,26425,111.24419748701621,0.07953340402969247,run-20260725-143916-191f,2026-07-25T14:39:16Z
taillard/tai500_20_4,,500,20,IG-idle-rcl,789,26435,109.10989850398619,0.11740645356764126,run-20260725-144105-bcb1,2026-07-25T14:41:05Z
taillard/tai500_20_4,,500,20,IG-idle-rcl,2025,26447,107.99358998402022,0.1628541130131798,run-20260725-144253-0d62,2026-07-25T14:42:53Z
taillard/tai500_20_5,,500,20,IG-idle-rcl,42,26561,112.49386729800608,-0.07524171400624506,run-20260725-144446-1d3a,2026-07-25T14:44:46Z
taillard/tai500_20_5,,500,20,IG-idle-rcl,123,26599,112.28688345901901,0.06771754260562056,run-20260725-144638-206d,2026-07-25T14:46:38Z
taillard/tai500_20_5,,500,20,IG-idle-rcl,456,26576,113.56477910798276,-0.018810428501561265,run-20260725-144832-4537,2026-07-25T14:48:32Z
taillard/tai500_20_5,,500,20,IG-idle-rcl,789,26600,111.76724193198606,0.07147962830593281,run-20260725-145024-0812,2026-07-25T14:50:24Z
taillard/tai500_20_5,,500,20,IG-idle-rcl,2025,26573,109.73552869999548,-0.030096685602498025,run-20260725-145213-9551,2026-07-25T14:52:13Z
taillard/tai500_20_6,,500,20,IG-idle-rcl,42,26549,103.57593259797432,0.3325649068440346,run-20260725-145357-ff96,2026-07-25T14:53:57Z
taillard/tai500_20_6,,500,20,IG-idle-rcl,123,26493,105.74384568899404,0.12093269339783078,run-20260725-145543-8936,2026-07-25T14:55:43Z
taillard/tai500_20_6,,500,20,IG-idle-rcl,456,26462,107.51987451099558,0.0037791466686822118,run-20260725-145730-3471,2026-07-25T14:57:30Z
taillard/tai500_20_6,,500,20,IG-idle-rcl,789,26508,103.85326843097573,0.17761989342806395,run-20260725-145914-5d7e,2026-07-25T14:59:14Z
taillard/tai500_20_6,,500,20,IG-idle-rcl,2025,26513,104.17405235400656,0.196515626771475,run-20260725-150058-7188,2026-07-25T15:00:58Z
taillard/tai500_20_7,,500,20,IG-idle-rcl,42,26677,112.43101111700526,0.2329513432275033,run-20260725-150251-63e1,2026-07-25T15:02:51Z
taillard/tai500_20_7,,500,20,IG-idle-rcl,123,26660,111.5992899609846,0.1690775878264137,run-20260725-150442-09d2,2026-07-25T15:04:42Z
taillard/tai500_20_7,,500,20,IG-idle-rcl,456,26668,109.49017649696907,0.19913582566222054,run-20260725-150632-8de2,2026-07-25T15:06:32Z
taillard/tai500_20_7,,500,20,IG-idle-rcl,789,26732,109.32392469001934,0.43960172834867556,run-20260725-150821-5732,2026-07-25T15:08:21Z
taillard/tai500_20_7,,500,20,IG-idle-rcl,2025,26705,109.94922661199234,0.3381551756528274,run-20260725-151011-fe14,2026-07-25T15:10:11Z
taillard/tai500_20_8,,500,20,IG-idle-rcl,42,26212,107.59204051503912,0.49457501054326575,run-20260725-151159-58d1,2026-07-25T15:11:59Z
taillard/tai500_20_8,,500,20,IG-idle-rcl,123,26193,112.41947620600695,0.42173062914542037,run-20260725-151351-5c23,2026-07-25T15:13:51Z
taillard/tai500_20_8,,500,20,IG-idle-rcl,456,26249,110.55524106795201,0.6364298585285435,run-20260725-151542-4aa8,2026-07-25T15:15:42Z
taillard/tai500_20_8,,500,20,IG-idle-rcl,789,26162,111.27755706501193,0.3028792700226201,run-20260725-151733-2d60,2026-07-25T15:17:33Z
taillard/tai500_20_8,,500,20,IG-idle-rcl,2025,26248,112.3552889849525,0.6325959437181305,run-20260725-151925-28e2,2026-07-25T15:19:25Z
taillard/tai500_20_9,,500,20,IG-idle-rcl,42,26591,112.2671569539234,0.2412636182003242,run-20260725-152117-6a6b,2026-07-25T15:21:17Z
taillard/tai500_20_9,,500,20,IG-idle-rcl,123,26561,113.56795057991985,0.12817129716892223,run-20260725-152311-fcc4,2026-07-25T15:23:11Z
taillard/tai500_20_9,,500,20,IG-idle-rcl,456,26609,113.8162573010195,0.3091190108191654,run-20260725-152505-d4cf,2026-07-25T15:25:05Z
taillard/tai500_20_9,,500,20,IG-idle-rcl,789,26587,112.4285555339884,0.22618464206280395,run-20260725-152657-a8b3,2026-07-25T15:26:57Z
taillard/tai500_20_9,,500,20,IG-idle-rcl,2025,26616,111.69460554292891,0.33550721905982583,run-20260725-152849-2e5b,2026-07-25T15:28:49Z
taillard/tai50_10_0,,50,10,IG-idle-rcl,42,3025,2.8072411600733176,0.0,run-20260725-152852-6673,2026-07-25T15:28:52Z
taillard/tai50_10_0,,50,10,IG-idle-rcl,123,3025,2.7614871120313182,0.0,run-20260725-152854-1206,2026-07-25T15:28:54Z
taillard/tai50_10_0,,50,10,IG-idle-rcl,456,3025,2.626487671979703,0.0,run-20260725-152857-5a35,2026-07-25T15:28:57Z
taillard/tai50_10_0,,50,10,IG-idle-rcl,789,3025,2.8364973498973995,0.0,run-20260725-152900-48d9,2026-07-25T15:29:00Z
taillard/tai50_10_0,,50,10,IG-idle-rcl,2025,3025,2.8130630489904433,0.0,run-20260725-152903-461f,2026-07-25T15:29:03Z
taillard/tai50_10_1,,50,10,IG-idle-rcl,42,2923,2.9368268880061805,1.0719225449515906,run-20260725-152906-e90b,2026-07-25T15:29:06Z
taillard/tai50_10_1,,50,10,IG-idle-rcl,123,2890,3.0143026909790933,-0.06915629322268327,run-20260725-152909-95bd,2026-07-25T15:29:09Z
taillard/tai50_10_1,,50,10,IG-idle-rcl,456,2911,2.859245219035074,0.656984785615491,run-20260725-152912-1d59,2026-07-25T15:29:12Z
taillard/tai50_10_1,,50,10,IG-idle-rcl,789,2891,2.8407991849817336,-0.034578146611341634,run-20260725-152914-fdb4,2026-07-25T15:29:14Z
taillard/tai50_10_1,,50,10,IG-idle-rcl,2025,2890,2.8157369539840147,-0.06915629322268327,run-20260725-152917-f48c,2026-07-25T15:29:17Z
taillard/tai50_10_2,,50,10,IG-idle-rcl,42,2862,3.200464498018846,-0.06983240223463687,run-20260725-152920-560c,2026-07-25T15:29:20Z
taillard/tai50_10_2,,50,10,IG-idle-rcl,123,2865,2.918568301014602,0.034916201117318434,run-20260725-152923-50cb,2026-07-25T15:29:23Z
taillard/tai50_10_2,,50,10,IG-idle-rcl,456,2870,3.0714103260543197,0.20949720670391062,run-20260725-152926-9035,2026-07-25T15:29:26Z
taillard/tai50_10_2,,50,10,IG-idle-rcl,789,2871,2.8805316919460893,0.24441340782122906,run-20260725-152929-46e7,2026-07-25T15:29:29Z
taillard/tai50_10_2,,50,10,IG-idle-rcl,2025,2878,2.8245972589356825,0.4888268156424581,run-20260725-152932-4bee,2026-07-25T15:29:32Z
taillard/tai50_10_3,,50,10,IG-idle-rcl,42,3071,3.0396194380009547,0.22845953002610966,run-20260725-152935-516f,2026-07-25T15:29:35Z
taillard/tai50_10_3,,50,10,IG-idle-rcl,123,3063,2.9803112719673663,-0.03263707571801567,run-20260725-152938-ba42,2026-07-25T15:29:38Z
taillard/tai50_10_3,,50,10,IG-idle-rcl,456,3069,2.8938829449471086,0.16318537859007834,run-20260725-152941-9667,2026-07-25T15:29:41Z
taillard/tai50_10_3,,50,10,IG-idle-rcl,789,3071,2.909188100020401,0.22845953002610966,run-20260725-152944-57b1,2026-07-25T15:29:44Z
taillard/tai50_10_3,,50,10,IG-idle-rcl,2025,3071,2.9104537839302793,0.22845953002610966,run-20260725-152947-52fc,2026-07-25T15:29:47Z
taillard/tai50_10_4,,50,10,IG-idle-rcl,42,3008,2.968721966026351,0.7367716008037508,run-20260725-152950-a5c3,2026-07-25T15:29:50Z
taillard/tai50_10_4,,50,10,IG-idle-rcl,123,3005,3.03763918497134,0.6363027461486939,run-20260725-152953-11b2,2026-07-25T15:29:53Z
taillard/tai50_10_4,,50,10,IG-idle-rcl,456,3010,2.9651215790072456,0.8037508372404555,run-20260725-152956-3a3e,2026-07-25T15:29:56Z
taillard/tai50_10_4,,50,10,IG-idle-rcl,789,3008,3.015883095911704,0.7367716008037508,run-20260725-152959-5696,2026-07-25T15:29:59Z
taillard/tai50_10_4,,50,10,IG-idle-rcl,2025,3011,3.0775340950349346,0.8372404554588078,run-20260725-153002-8807,2026-07-25T15:30:02Z
taillard/tai50_10_5,,50,10,IG-idle-rcl,42,3021,2.8574599539861083,0.499001996007984,run-20260725-153005-3505,2026-07-25T15:30:05Z
taillard/tai50_10_5,,50,10,IG-idle-rcl,123,3019,2.561558602959849,0.4324683965402528,run-20260725-153007-9bec,2026-07-25T15:30:07Z
taillard/tai50_10_5,,50,10,IG-idle-rcl,456,3043,2.8987092720344663,1.2308715901530274,run-20260725-153010-356e,2026-07-25T15:30:10Z
taillard/tai50_10_5,,50,10,IG-idle-rcl,789,3030,2.8572408489417285,0.7984031936127745,run-20260725-153013-aece,2026-07-25T15:30:13Z
taillard/tai50_10_5,,50,10,IG-idle-rcl,2025,3023,2.9940305199706927,0.5655355954757152,run-20260725-153016-dc52,2026-07-25T15:30:16Z
taillard/tai50_10_6,,50,10,IG-idle-rcl,42,3115,2.796496791066602,0.2574831026713872,run-20260725-153019-7ff0,2026-07-25T15:30:19Z
taillard/tai50_10_6,,50,10,IG-idle-rcl,123,3115,2.703062914079055,0.2574831026713872,run-20260725-153022-163c,2026-07-25T15:30:22Z
taillard/tai50_10_6,,50,10,IG-idle-rcl,456,3127,2.866838666028343,0.643707756678468,run-20260725-153025-0900,2026-07-25T15:30:25Z
taillard/tai50_10_6,,50,10,IG-idle-rcl,789,3127,2.739874107996002,0.643707756678468,run-20260725-153027-80bd,2026-07-25T15:30:27Z
taillard/tai50_10_6,,50,10,IG-idle-rcl,2025,3115,2.8326772230211645,0.2574831026713872,run-20260725-153030-0ff4,2026-07-25T15:30:30Z
taillard/tai50_10_7,,50,10,IG-idle-rcl,42,3042,3.187751224031672,0.09871668311944719,run-20260725-153033-e2e2,2026-07-25T15:30:33Z
taillard/tai50_10_7,,50,10,IG-idle-rcl,123,3044,3.1170114770065993,0.16452780519907864,run-20260725-153036-fcbf,2026-07-25T15:30:36Z
taillard/tai50_10_7,,50,10,IG-idle-rcl,456,3042,3.002616023994051,0.09871668311944719,run-20260725-153039-6dc2,2026-07-25T15:30:39Z
taillard/tai50_10_7,,50,10,IG-idle-rcl,789,3042,3.1995327019831166,0.09871668311944719,run-20260725-153043-8a26,2026-07-25T15:30:43Z
taillard/tai50_10_7,,50,10,IG-idle-rcl,2025,3042,2.989727307925932,0.09871668311944719,run-20260725-153046-3168,2026-07-25T15:30:46Z
taillard/tai50_10_8,,50,10,IG-idle-rcl,42,2902,3.0442682079738006,0.0,run-20260725-153049-f058,2026-07-25T15:30:49Z
taillard/tai50_10_8,,50,10,IG-idle-rcl,123,2902,2.8652557319728658,0.0,run-20260725-153052-daed,2026-07-25T15:30:52Z
taillard/tai50_10_8,,50,10,IG-idle-rcl,456,2905,2.7832266149343923,0.10337698139214335,run-20260725-153054-38e6,2026-07-25T15:30:54Z
taillard/tai50_10_8,,50,10,IG-idle-rcl,789,2906,3.003188139060512,0.13783597518952448,run-20260725-153057-fb99,2026-07-25T15:30:57Z
taillard/tai50_10_8,,50,10,IG-idle-rcl,2025,2906,2.954582141013816,0.13783597518952448,run-20260725-153100-5636,2026-07-25T15:31:00Z
taillard/tai50_10_9,,50,10,IG-idle-rcl,42,3091,2.7949982540449128,0.0,run-20260725-153103-9882,2026-07-25T15:31:03Z
taillard/tai50_10_9,,50,10,IG-idle-rcl,123,3118,2.8433854799950495,0.8735037204788094,run-20260725-153106-a941,2026-07-25T15:31:06Z
taillard/tai50_10_9,,50,10,IG-idle-rcl,456,3091,2.879326627939008,0.0,run-20260725-153109-69fd,2026-07-25T15:31:09Z
taillard/tai50_10_9,,50,10,IG-idle-rcl,789,3091,2.8082601819187403,0.0,run-20260725-153112-7eef,2026-07-25T15:31:12Z
taillard/tai50_10_9,,50,10,IG-idle-rcl,2025,3091,2.737933516036719,0.0,run-20260725-153114-37bb,2026-07-25T15:31:14Z
taillard/tai50_20_0,,50,20,IG-idle-rcl,42,3895,5.892033534939401,0.5161290322580645,run-20260725-153120-695e,2026-07-25T15:31:20Z
taillard/tai50_20_0,,50,20,IG-idle-rcl,123,3909,5.553549286909401,0.8774193548387097,run-20260725-153126-0473,2026-07-25T15:31:26Z
taillard/tai50_20_0,,50,20,IG-idle-rcl,456,3896,5.725105174002238,0.5419354838709678,run-20260725-153132-b872,2026-07-25T15:31:32Z
taillard/tai50_20_0,,50,20,IG-idle-rcl,789,3926,5.5636342311045155,1.3161290322580645,run-20260725-153137-68a8,2026-07-25T15:31:37Z
taillard/tai50_20_0,,50,20,IG-idle-rcl,2025,3901,5.717666339944117,0.6709677419354839,run-20260725-153143-51ac,2026-07-25T15:31:43Z
taillard/tai50_20_1,,50,20,IG-idle-rcl,42,3762,5.242681814939715,1.2651413189771197,run-20260725-153148-b757,2026-07-25T15:31:48Z
taillard/tai50_20_1,,50,20,IG-idle-rcl,123,3748,5.0449173509841785,0.8882907133243607,run-20260725-153153-2fe7,2026-07-25T15:31:53Z
taillard/tai50_20_1,,50,20,IG-idle-rcl,456,3758,4.879365256987512,1.1574697173620458,run-20260725-153158-6b2f,2026-07-25T15:31:58Z
taillard/tai50_20_1,,50,20,IG-idle-rcl,789,3758,5.492480369983241,1.1574697173620458,run-20260725-153203-070d,2026-07-25T15:32:03Z
taillard/tai50_20_1,,50,20,IG-idle-rcl,2025,3766,5.210806604009122,1.3728129205921937,run-20260725-153209-753b,2026-07-25T15:32:09Z
taillard/tai50_20_2,,50,20,IG-idle-rcl,42,3710,5.404352916055359,1.1450381679389312,run-20260725-153214-785c,2026-07-25T15:32:14Z
taillard/tai50_20_2,,50,20,IG-idle-rcl,123,3697,4.909247192903422,0.7906215921483097,run-20260725-153219-034d,2026-07-25T15:32:19Z
taillard/tai50_20_2,,50,20,IG-idle-rcl,456,3704,5.685194249032065,0.9814612868047983,run-20260725-153225-79a8,2026-07-25T15:32:25Z
taillard/tai50_20_2,,50,20,IG-idle-rcl,789,3695,5.6774121769703925,0.7360959651035986,run-20260725-153230-de2c,2026-07-25T15:32:30Z
taillard/tai50_20_2,,50,20,IG-idle-rcl,2025,3709,6.102671675034799,1.1177753544165758,run-20260725-153236-d873,2026-07-25T15:32:36Z
taillard/tai50_20_3,,50,20,IG-idle-rcl,42,3771,5.559998934040777,0.5063965884861408,run-20260725-153242-0557,2026-07-25T15:32:42Z
taillard/tai50_20_3,,50,20,IG-idle-rcl,123,3780,5.414288729079999,0.746268656716418,run-20260725-153247-2580,2026-07-25T15:32:47Z
taillard/tai50_20_3,,50,20,IG-idle-rcl,456,3776,5.485292352037504,0.6396588486140725,run-20260725-153253-7f52,2026-07-25T15:32:53Z
taillard/tai50_20_3,,50,20,IG-idle-rcl,789,3768,5.64332692604512,0.42643923240938164,run-20260725-153259-6f6c,2026-07-25T15:32:59Z
taillard/tai50_20_3,,50,20,IG-idle-rcl,2025,3776,5.443274518009275,0.6396588486140725,run-20260725-153304-c5d6,2026-07-25T15:33:04Z
taillard/tai50_20_4,,50,20,IG-idle-rcl,42,3655,5.17921018996276,0.5502063273727648,run-20260725-153309-9be1,2026-07-25T15:33:09Z
taillard/tai50_20_4,,50,20,IG-idle-rcl,123,3707,5.784292269963771,1.9807427785419531,run-20260725-153315-69a1,2026-07-25T15:33:15Z
taillard/tai50_20_4,,50,20,IG-idle-rcl,456,3661,5.36451741005294,0.7152682255845942,run-20260725-153320-8567,2026-07-25T15:33:20Z
taillard/tai50_20_4,,50,20,IG-idle-rcl,789,3659,5.169001218979247,0.6602475928473177,run-20260725-153326-b4d9,2026-07-25T15:33:26Z
taillard/tai50_20_4,,50,20,IG-idle-rcl,2025,3675,5.827695014071651,1.1004126547455295,run-20260725-153331-be39,2026-07-25T15:33:31Z
taillard/tai50_20_5,,50,20,IG-idle-rcl,42,3740,5.37259908800479,1.1357490535424555,run-20260725-153337-cbe3,2026-07-25T15:33:37Z
taillard/tai50_20_5,,50,20,IG-idle-rcl,123,3741,5.410650240955874,1.1627906976744187,run-20260725-153342-84d9,2026-07-25T15:33:42Z
taillard/tai50_20_5,,50,20,IG-idle-rcl,456,3725,5.634702673065476,0.730124391563007,run-20260725-153348-fc65,2026-07-25T15:33:48Z
taillard/tai50_20_5,,50,20,IG-idle-rcl,789,3735,5.625641061924398,1.0005408328826393,run-20260725-153353-0e44,2026-07-25T15:33:53Z
taillard/tai50_20_5,,50,20,IG-idle-rcl,2025,3744,5.424405700992793,1.2439156300703083,run-20260725-153359-f750,2026-07-25T15:33:59Z
taillard/tai50_20_6,,50,20,IG-idle-rcl,42,3743,5.444536227034405,0.7265877287405813,run-20260725-153404-5b42,2026-07-25T15:34:04Z
taillard/tai50_20_6,,50,20,IG-idle-rcl,123,3768,5.418460961082019,1.3993541442411195,run-20260725-153410-8d2c,2026-07-25T15:34:10Z
taillard/tai50_20_6,,50,20,IG-idle-rcl,456,3776,5.489607640891336,1.6146393972012918,run-20260725-153415-8f5d,2026-07-25T15:34:15Z
taillard/tai50_20_6,,50,20,IG-idle-rcl,789,3767,5.580733801936731,1.372443487621098,run-20260725-153421-400a,2026-07-25T15:34:21Z
taillard/tai50_20_6,,50,20,IG-idle-rcl,2025,3747,5.390217229025438,0.8342303552206674,run-20260725-153426-cddc,2026-07-25T15:34:26Z
taillard/tai50_20_7,,50,20,IG-idle-rcl,42,3769,5.82375998608768,1.6176867080075492,run-20260725-153432-608f,2026-07-25T15:34:32Z
taillard/tai50_20_7,,50,20,IG-idle-rcl,123,3746,5.164837818942033,0.9975734699379887,run-20260725-153437-02e1,2026-07-25T15:34:37Z
taillard/tai50_20_7,,50,20,IG-idle-rcl,456,3778,5.860188744030893,1.8603397142086815,run-20260725-153443-d83e,2026-07-25T15:34:43Z
taillard/tai50_20_7,,50,20,IG-idle-rcl,789,3777,5.413030180032365,1.8333782690752225,run-20260725-153448-ea0c,2026-07-25T15:34:48Z
taillard/tai50_20_7,,50,20,IG-idle-rcl,2025,3761,5.564443703973666,1.401995146939876,run-20260725-153454-4839,2026-07-25T15:34:54Z
taillard/tai50_20_8,,50,20,IG-idle-rcl,42,3803,4.906055455096066,1.0092961487383798,run-20260725-153459-921b,2026-07-25T15:34:59Z
taillard/tai50_20_8,,50,20,IG-idle-rcl,123,3789,5.424448781996034,0.6374501992031872,run-20260725-153504-6578,2026-07-25T15:35:04Z
taillard/tai50_20_8,,50,20,IG-idle-rcl,456,3805,5.201847875025123,1.0624169986719787,run-20260725-153510-3499,2026-07-25T15:35:10Z
taillard/tai50_20_8,,50,20,IG-idle-rcl,789,3805,5.181224212050438,1.0624169986719787,run-20260725-153515-4082,2026-07-25T15:35:15Z
taillard/tai50_20_8,,50,20,IG-idle-rcl,2025,3789,5.249717454076745,0.6374501992031872,run-20260725-153520-c174,2026-07-25T15:35:20Z
taillard/tai50_20_9,,50,20,IG-idle-rcl,42,3803,5.5279399669962,0.6883770187979878,run-20260725-153525-005a,2026-07-25T15:35:25Z
taillard/tai50_20_9,,50,20,IG-idle-rcl,123,3809,5.63343716703821,0.8472332539052158,run-20260725-153531-c5ef,2026-07-25T15:35:31Z
taillard/tai50_20_9,,50,20,IG-idle-rcl,456,3812,5.029259184026159,0.9266613714588298,run-20260725-153536-f84f,2026-07-25T15:35:36Z
taillard/tai50_20_9,,50,20,IG-idle-rcl,789,3820,5.725231394986622,1.1384696849351337,run-20260725-153542-c17d,2026-07-25T15:35:42Z
taillard/tai50_20_9,,50,20,IG-idle-rcl,2025,3809,5.547443094896153,0.8472332539052158,run-20260725-153547-54e2,2026-07-25T15:35:47Z
taillard/tai50_5_0,,50,5,IG-idle-rcl,42,2724,1.3442003990057856,0.0,run-20260725-153549-4eb1,2026-07-25T15:35:49Z
taillard/tai50_5_0,,50,5,IG-idle-rcl,123,2724,1.3093677220167592,0.0,run-20260725-153550-9159,2026-07-25T15:35:50Z
taillard/tai50_5_0,,50,5,IG-idle-rcl,456,2724,1.29592326504644,0.0,run-20260725-153551-3061,2026-07-25T15:35:51Z
taillard/tai50_5_0,,50,5,IG-idle-rcl,789,2724,1.3078135160030797,0.0,run-20260725-153553-ff57,2026-07-25T15:35:53Z
taillard/tai50_5_0,,50,5,IG-idle-rcl,2025,2724,1.3133681199979037,0.0,run-20260725-153554-b47b,2026-07-25T15:35:54Z
taillard/tai50_5_1,,50,5,IG-idle-rcl,42,2834,1.4195553270401433,0.0,run-20260725-153555-363c,2026-07-25T15:35:55Z
taillard/tai50_5_1,,50,5,IG-idle-rcl,123,2834,1.489671775023453,0.0,run-20260725-153557-4ad0,2026-07-25T15:35:57Z
taillard/tai50_5_1,,50,5,IG-idle-rcl,456,2838,1.41725054604467,0.14114326040931546,run-20260725-153558-e2bf,2026-07-25T15:35:58Z
taillard/tai50_5_1,,50,5,IG-idle-rcl,789,2836,1.4108674880117178,0.07057163020465773,run-20260725-153600-87d1,2026-07-25T15:36:00Z
taillard/tai50_5_1,,50,5,IG-idle-rcl,2025,2838,1.4477294449461624,0.14114326040931546,run-20260725-153601-e9e9,2026-07-25T15:36:01Z
taillard/tai50_5_2,,50,5,IG-idle-rcl,42,2621,1.4619270330294967,0.0,run-20260725-153603-fb8a,2026-07-25T15:36:03Z
taillard/tai50_5_2,,50,5,IG-idle-rcl,123,2621,1.4482715550111607,0.0,run-20260725-153604-157d,2026-07-25T15:36:04Z
taillard/tai50_5_2,,50,5,IG-idle-rcl,456,2621,1.4438519390532747,0.0,run-20260725-153606-4337,2026-07-25T15:36:06Z
taillard/tai50_5_2,,50,5,IG-idle-rcl,789,2621,1.4368846659781411,0.0,run-20260725-153607-030c,2026-07-25T15:36:07Z
taillard/tai50_5_2,,50,5,IG-idle-rcl,2025,2621,1.4847162760561332,0.0,run-20260725-153608-7a6b,2026-07-25T15:36:08Z
taillard/tai50_5_3,,50,5,IG-idle-rcl,42,2751,1.4048745239851996,0.0,run-20260725-153610-c796,2026-07-25T15:36:10Z
taillard/tai50_5_3,,50,5,IG-idle-rcl,123,2751,1.37163893901743,0.0,run-20260725-153611-82f6,2026-07-25T15:36:11Z
taillard/tai50_5_3,,50,5,IG-idle-rcl,456,2751,1.3485755489673465,0.0,run-20260725-153613-39b0,2026-07-25T15:36:13Z
taillard/tai50_5_3,,50,5,IG-idle-rcl,789,2751,1.4338711999589577,0.0,run-20260725-153614-3a69,2026-07-25T15:36:14Z
taillard/tai50_5_3,,50,5,IG-idle-rcl,2025,2751,1.4237719899974763,0.0,run-20260725-153615-8082,2026-07-25T15:36:15Z
taillard/tai50_5_4,,50,5,IG-idle-rcl,42,2863,1.2067524780286476,0.0,run-20260725-153617-15e0,2026-07-25T15:36:17Z
taillard/tai50_5_4,,50,5,IG-idle-rcl,123,2863,1.2705373489297926,0.0,run-20260725-153618-23ba,2026-07-25T15:36:18Z
taillard/tai50_5_4,,50,5,IG-idle-rcl,456,2863,1.2359230810543522,0.0,run-20260725-153619-2540,2026-07-25T15:36:19Z
taillard/tai50_5_4,,50,5,IG-idle-rcl,789,2863,1.2561801469419152,0.0,run-20260725-153620-ab6c,2026-07-25T15:36:20Z
taillard/tai50_5_4,,50,5,IG-idle-rcl,2025,2863,1.2087741069262847,0.0,run-20260725-153622-50b9,2026-07-25T15:36:22Z
taillard/tai50_5_5,,50,5,IG-idle-rcl,42,2829,1.4756622790591791,0.0,run-20260725-153623-df15,2026-07-25T15:36:23Z
taillard/tai50_5_5,,50,5,IG-idle-rcl,123,2829,1.4334180890582502,0.0,run-20260725-153625-212c,2026-07-25T15:36:25Z
taillard/tai50_5_5,,50,5,IG-idle-rcl,456,2829,1.4523131899768487,0.0,run-20260725-153626-4e82,2026-07-25T15:36:26Z
taillard/tai50_5_5,,50,5,IG-idle-rcl,789,2829,1.403618879034184,0.0,run-20260725-153627-a2e5,2026-07-25T15:36:27Z
taillard/tai50_5_5,,50,5,IG-idle-rcl,2025,2829,1.4000715289730579,0.0,run-20260725-153629-dce1,2026-07-25T15:36:29Z
taillard/tai50_5_6,,50,5,IG-idle-rcl,42,2725,1.448016784968786,0.0,run-20260725-153630-2993,2026-07-25T15:36:30Z
taillard/tai50_5_6,,50,5,IG-idle-rcl,123,2725,1.4693804739508778,0.0,run-20260725-153632-76cd,2026-07-25T15:36:32Z
taillard/tai50_5_6,,50,5,IG-idle-rcl,456,2725,1.4455658189253882,0.0,run-20260725-153633-593d,2026-07-25T15:36:33Z
taillard/tai50_5_6,,50,5,IG-idle-rcl,789,2725,1.448116341023706,0.0,run-20260725-153635-b559,2026-07-25T15:36:35Z
taillard/tai50_5_6,,50,5,IG-idle-rcl,2025,2725,1.4772768579423428,0.0,run-20260725-153636-1f2b,2026-07-25T15:36:36Z
taillard/tai50_5_7,,50,5,IG-idle-rcl,42,2683,1.4355762850027531,0.0,run-20260725-153638-e26c,2026-07-25T15:36:38Z
taillard/tai50_5_7,,50,5,IG-idle-rcl,123,2686,1.3912116440478712,0.11181513231457324,run-20260725-153639-2ef1,2026-07-25T15:36:39Z
taillard/tai50_5_7,,50,5,IG-idle-rcl,456,2686,1.3984834710136056,0.11181513231457324,run-20260725-153640-420c,2026-07-25T15:36:40Z
taillard/tai50_5_7,,50,5,IG-idle-rcl,789,2686,1.3567677630344406,0.11181513231457324,run-20260725-153642-0829,2026-07-25T15:36:42Z
taillard/tai50_5_7,,50,5,IG-idle-rcl,2025,2686,1.4315900519723073,0.11181513231457324,run-20260725-153643-874e,2026-07-25T15:36:43Z
taillard/tai50_5_8,,50,5,IG-idle-rcl,42,2553,1.497835905989632,0.03918495297805643,run-20260725-153645-f52b,2026-07-25T15:36:45Z
taillard/tai50_5_8,,50,5,IG-idle-rcl,123,2552,1.5916243609972298,0.0,run-20260725-153646-4cbe,2026-07-25T15:36:46Z
taillard/tai50_5_8,,50,5,IG-idle-rcl,456,2554,1.5965704589616507,0.07836990595611286,run-20260725-153648-f6ae,2026-07-25T15:36:48Z
taillard/tai50_5_8,,50,5,IG-idle-rcl,789,2554,1.5069862619275227,0.07836990595611286,run-20260725-153649-1c7c,2026-07-25T15:36:49Z
taillard/tai50_5_8,,50,5,IG-idle-rcl,2025,2552,1.5223797570215538,0.0,run-20260725-153651-c186,2026-07-25T15:36:51Z
taillard/tai50_5_9,,50,5,IG-idle-rcl,42,2782,1.23632852290757,0.0,run-20260725-153652-52d8,2026-07-25T15:36:52Z
taillard/tai50_5_9,,50,5,IG-idle-rcl,123,2782,1.2489249750506133,0.0,run-20260725-153653-aea6,2026-07-25T15:36:53Z
taillard/tai50_5_9,,50,5,IG-idle-rcl,456,2782,1.2416043180273846,0.0,run-20260725-153655-8133,2026-07-25T15:36:55Z
taillard/tai50_5_9,,50,5,IG-idle-rcl,789,2782,1.2305101070087403,0.0,run-20260725-153656-cbac,2026-07-25T15:36:56Z
taillard/tai50_5_9,,50,5,IG-idle-rcl,2025,2782,1.2637880379334092,0.0,run-20260725-153657-dc00,2026-07-25T15:36:57Z
vrf/VFR100_20_10_Gap,Large,100,20,IG-idle-rcl,42,6225,12.208116709021851,1.3018714401952807,run-20260727-145354-9bb4,2026-07-27T14:53:54Z
vrf/VFR100_20_10_Gap,Large,100,20,IG-idle-rcl,123,6241,13.076488201040775,1.562245728234337,run-20260727-145407-353e,2026-07-27T14:54:07Z
vrf/VFR100_20_10_Gap,Large,100,20,IG-idle-rcl,456,6221,13.213919205940329,1.2367778681855166,run-20260727-145420-6489,2026-07-27T14:54:20Z
vrf/VFR100_20_10_Gap,Large,100,20,IG-idle-rcl,789,6245,12.715238336008042,1.627339300244101,run-20260727-145433-34f8,2026-07-27T14:54:33Z
vrf/VFR100_20_10_Gap,Large,100,20,IG-idle-rcl,2025,6258,13.260710777016357,1.838893409275834,run-20260727-145446-a132,2026-07-27T14:54:46Z
vrf/VFR100_20_1_Gap,Large,100,20,IG-idle-rcl,42,6309,12.141845530946739,1.7909002904162634,run-20260727-145459-4bc4,2026-07-27T14:54:59Z
vrf/VFR100_20_1_Gap,Large,100,20,IG-idle-rcl,123,6286,13.055601364001632,1.4198128428525332,run-20260727-145512-2e54,2026-07-27T14:55:12Z
vrf/VFR100_20_1_Gap,Large,100,20,IG-idle-rcl,456,6298,12.888499961001799,1.6134236850596966,run-20260727-145525-009f,2026-07-27T14:55:25Z
vrf/VFR100_20_1_Gap,Large,100,20,IG-idle-rcl,789,6288,12.66340024000965,1.452081316553727,run-20260727-145537-8648,2026-07-27T14:55:37Z
vrf/VFR100_20_1_Gap,Large,100,20,IG-idle-rcl,2025,6296,12.581321325036697,1.5811552113585028,run-20260727-145550-ddc9,2026-07-27T14:55:50Z
vrf/VFR100_20_2_Gap,Large,100,20,IG-idle-rcl,42,6410,12.402135043987073,1.649222962258167,run-20260727-145602-9954,2026-07-27T14:56:02Z
vrf/VFR100_20_2_Gap,Large,100,20,IG-idle-rcl,123,6393,13.156955415033735,1.379638439581351,run-20260727-145615-7f3f,2026-07-27T14:56:15Z
vrf/VFR100_20_2_Gap,Large,100,20,IG-idle-rcl,456,6371,13.442171005997807,1.0307643514113543,run-20260727-145629-1177,2026-07-27T14:56:29Z
vrf/VFR100_20_2_Gap,Large,100,20,IG-idle-rcl,789,6371,13.050146957975812,1.0307643514113543,run-20260727-145642-7bd7,2026-07-27T14:56:42Z
vrf/VFR100_20_2_Gap,Large,100,20,IG-idle-rcl,2025,6422,11.529507348081097,1.8395179194418014,run-20260727-145653-561e,2026-07-27T14:56:53Z
vrf/VFR100_20_3_Gap,Large,100,20,IG-idle-rcl,42,6292,12.411590600037016,0.8656620711766592,run-20260727-145706-8c5b,2026-07-27T14:57:06Z
vrf/VFR100_20_3_Gap,Large,100,20,IG-idle-rcl,123,6304,12.209068540949374,1.0580314203270278,run-20260727-145718-b73a,2026-07-27T14:57:18Z
vrf/VFR100_20_3_Gap,Large,100,20,IG-idle-rcl,456,6312,11.98685781203676,1.1862776530939403,run-20260727-145730-187f,2026-07-27T14:57:30Z
vrf/VFR100_20_3_Gap,Large,100,20,IG-idle-rcl,789,6293,12.832940072985366,0.8816928502725232,run-20260727-145743-a0ee,2026-07-27T14:57:43Z
vrf/VFR100_20_3_Gap,Large,100,20,IG-idle-rcl,2025,6302,12.273847625008784,1.0259698621352997,run-20260727-145755-5174,2026-07-27T14:57:55Z
vrf/VFR100_20_4_Gap,Large,100,20,IG-idle-rcl,42,6359,13.035313581931405,1.8254603682946358,run-20260727-145808-7aa7,2026-07-27T14:58:08Z
vrf/VFR100_20_4_Gap,Large,100,20,IG-idle-rcl,123,6327,12.273692079004832,1.3130504403522818,run-20260727-145820-9524,2026-07-27T14:58:20Z
vrf/VFR100_20_4_Gap,Large,100,20,IG-idle-rcl,456,6351,12.399612511042506,1.6973578863090473,run-20260727-145833-30b2,2026-07-27T14:58:33Z
vrf/VFR100_20_4_Gap,Large,100,20,IG-idle-rcl,789,6289,12.605976945022121,0.7045636509207366,run-20260727-145845-93b5,2026-07-27T14:58:45Z
vrf/VFR100_20_4_Gap,Large,100,20,IG-idle-rcl,2025,6304,13.27526664803736,0.944755804643715,run-20260727-145859-3779,2026-07-27T14:58:59Z
vrf/VFR100_20_5_Gap,Large,100,20,IG-idle-rcl,42,6366,12.87049141107127,1.1118170266836087,run-20260727-145912-7526,2026-07-27T14:59:12Z
vrf/VFR100_20_5_Gap,Large,100,20,IG-idle-rcl,123,6389,12.562849279027432,1.47712833545108,run-20260727-145924-bcb5,2026-07-27T14:59:24Z
vrf/VFR100_20_5_Gap,Large,100,20,IG-idle-rcl,456,6399,12.795083294971846,1.635959339263024,run-20260727-145937-76e4,2026-07-27T14:59:37Z
vrf/VFR100_20_5_Gap,Large,100,20,IG-idle-rcl,789,6380,12.973324742983095,1.3341804320203303,run-20260727-145950-44c6,2026-07-27T14:59:50Z
vrf/VFR100_20_5_Gap,Large,100,20,IG-idle-rcl,2025,6369,12.948089184937999,1.159466327827192,run-20260727-150003-8463,2026-07-27T15:00:03Z
vrf/VFR100_20_6_Gap,Large,100,20,IG-idle-rcl,42,6382,12.652452736976556,0.9650371776617623,run-20260727-150016-c892,2026-07-27T15:00:16Z
vrf/VFR100_20_6_Gap,Large,100,20,IG-idle-rcl,123,6369,12.400730086956173,0.7593735168485999,run-20260727-150028-a5c8,2026-07-27T15:00:28Z
vrf/VFR100_20_6_Gap,Large,100,20,IG-idle-rcl,456,6401,13.780902675935067,1.2656225280809998,run-20260727-150042-7379,2026-07-27T15:00:42Z
vrf/VFR100_20_6_Gap,Large,100,20,IG-idle-rcl,789,6408,13.465602512005717,1.3763644992880872,run-20260727-150055-5be8,2026-07-27T15:00:55Z
vrf/VFR100_20_6_Gap,Large,100,20,IG-idle-rcl,2025,6367,11.517181087983772,0.7277329536465749,run-20260727-150107-ba33,2026-07-27T15:01:07Z
vrf/VFR100_20_7_Gap,Large,100,20,IG-idle-rcl,42,6520,12.699436003924347,1.336649051911719,run-20260727-150119-617b,2026-07-27T15:01:19Z
vrf/VFR100_20_7_Gap,Large,100,20,IG-idle-rcl,123,6538,12.435195185011253,1.616412806963009,run-20260727-150132-c856,2026-07-27T15:01:32Z
vrf/VFR100_20_7_Gap,Large,100,20,IG-idle-rcl,456,6503,11.317378671956249,1.0724277276966117,run-20260727-150143-a55e,2026-07-27T15:01:43Z
vrf/VFR100_20_7_Gap,Large,100,20,IG-idle-rcl,789,6520,12.668933507986367,1.336649051911719,run-20260727-150156-e913,2026-07-27T15:01:56Z
vrf/VFR100_20_7_Gap,Large,100,20,IG-idle-rcl,2025,6545,12.746815188904293,1.7252098228162884,run-20260727-150209-6715,2026-07-27T15:02:09Z
vrf/VFR100_20_8_Gap,Large,100,20,IG-idle-rcl,42,6151,13.408623142982833,0.7699868938401049,run-20260727-150222-12d1,2026-07-27T15:02:22Z
vrf/VFR100_20_8_Gap,Large,100,20,IG-idle-rcl,123,6180,12.941216334002092,1.2450851900393185,run-20260727-150235-8b20,2026-07-27T15:02:35Z
vrf/VFR100_20_8_Gap,Large,100,20,IG-idle-rcl,456,6211,13.29686165903695,1.7529488859764089,run-20260727-150248-f3ab,2026-07-27T15:02:48Z
vrf/VFR100_20_8_Gap,Large,100,20,IG-idle-rcl,789,6188,12.233190551982261,1.3761467889908257,run-20260727-150300-1fc4,2026-07-27T15:03:00Z
vrf/VFR100_20_8_Gap,Large,100,20,IG-idle-rcl,2025,6168,13.056730851065367,1.0484927916120577,run-20260727-150314-bc1c,2026-07-27T15:03:14Z
vrf/VFR100_20_9_Gap,Large,100,20,IG-idle-rcl,42,6411,12.763085703016259,0.8970727101038716,run-20260727-150326-7bd1,2026-07-27T15:03:26Z
vrf/VFR100_20_9_Gap,Large,100,20,IG-idle-rcl,123,6466,12.879681024933234,1.762669184765502,run-20260727-150339-e12f,2026-07-27T15:03:39Z
vrf/VFR100_20_9_Gap,Large,100,20,IG-idle-rcl,456,6435,11.984403241891414,1.274787535410765,run-20260727-150351-cc7f,2026-07-27T15:03:51Z
vrf/VFR100_20_9_Gap,Large,100,20,IG-idle-rcl,789,6427,12.621427540900186,1.1488825936418003,run-20260727-150404-c1cd,2026-07-27T15:04:04Z
vrf/VFR100_20_9_Gap,Large,100,20,IG-idle-rcl,2025,6435,12.255683694966137,1.274787535410765,run-20260727-150416-359c,2026-07-27T15:04:16Z
vrf/VFR100_40_10_Gap,Large,100,40,IG-idle-rcl,42,8064,21.442995329969563,1.408450704225352,run-20260727-150437-4541,2026-07-27T15:04:37Z
vrf/VFR100_40_10_Gap,Large,100,40,IG-idle-rcl,123,8112,21.748367352993228,2.0120724346076457,run-20260727-150459-3766,2026-07-27T15:04:59Z
vrf/VFR100_40_10_Gap,Large,100,40,IG-idle-rcl,456,8119,24.154839358991012,2.1001006036217302,run-20260727-150523-13f4,2026-07-27T15:05:23Z
vrf/VFR100_40_10_Gap,Large,100,40,IG-idle-rcl,789,8100,24.489021672983654,1.8611670020120725,run-20260727-150548-abec,2026-07-27T15:05:48Z
vrf/VFR100_40_10_Gap,Large,100,40,IG-idle-rcl,2025,8074,23.70663898694329,1.5342052313883299,run-20260727-150612-42e9,2026-07-27T15:06:12Z
vrf/VFR100_40_1_Gap,Large,100,40,IG-idle-rcl,42,8012,23.234693330014125,1.6622256058875777,run-20260727-150635-581a,2026-07-27T15:06:35Z
vrf/VFR100_40_1_Gap,Large,100,40,IG-idle-rcl,123,7968,23.28888119000476,1.1039208222306813,run-20260727-150658-84f6,2026-07-27T15:06:58Z
vrf/VFR100_40_1_Gap,Large,100,40,IG-idle-rcl,456,7986,21.86995546799153,1.3323182337266843,run-20260727-150720-3223,2026-07-27T15:07:20Z
vrf/VFR100_40_1_Gap,Large,100,40,IG-idle-rcl,789,7974,22.525723858969286,1.180053292729349,run-20260727-150743-36db,2026-07-27T15:07:43Z
vrf/VFR100_40_1_Gap,Large,100,40,IG-idle-rcl,2025,7970,22.849952969001606,1.129298312396904,run-20260727-150805-0ba7,2026-07-27T15:08:05Z
vrf/VFR100_40_2_Gap,Large,100,40,IG-idle-rcl,42,8134,23.294523308984935,1.5861121518671162,run-20260727-150829-7018,2026-07-27T15:08:29Z
vrf/VFR100_40_2_Gap,Large,100,40,IG-idle-rcl,123,8119,23.630431705969386,1.3987760709379293,run-20260727-150852-1060,2026-07-27T15:08:52Z
vrf/VFR100_40_2_Gap,Large,100,40,IG-idle-rcl,456,8136,22.39829865307547,1.6110902959910078,run-20260727-150915-dbb8,2026-07-27T15:09:15Z
vrf/VFR100_40_2_Gap,Large,100,40,IG-idle-rcl,789,8104,22.764209787012078,1.2114399900087423,run-20260727-150937-48d3,2026-07-27T15:09:37Z
vrf/VFR100_40_2_Gap,Large,100,40,IG-idle-rcl,2025,8134,22.43755625607446,1.5861121518671162,run-20260727-151000-7b36,2026-07-27T15:10:00Z
vrf/VFR100_40_3_Gap,Large,100,40,IG-idle-rcl,42,8080,20.463067227974534,1.8273471959672338,run-20260727-151020-53c3,2026-07-27T15:10:20Z
vrf/VFR100_40_3_Gap,Large,100,40,IG-idle-rcl,123,8057,23.982597387977876,1.5374921235034658,run-20260727-151044-3805,2026-07-27T15:10:44Z
vrf/VFR100_40_3_Gap,Large,100,40,IG-idle-rcl,456,8093,21.105442394968122,1.9911783238815375,run-20260727-151105-d11d,2026-07-27T15:11:05Z
vrf/VFR100_40_3_Gap,Large,100,40,IG-idle-rcl,789,8022,21.534100516000763,1.0964083175803403,run-20260727-151127-70ae,2026-07-27T15:11:27Z
vrf/VFR100_40_3_Gap,Large,100,40,IG-idle-rcl,2025,8040,20.55143102200236,1.3232514177693762,run-20260727-151148-80e6,2026-07-27T15:11:48Z
vrf/VFR100_40_4_Gap,Large,100,40,IG-idle-rcl,42,8059,23.55212568398565,1.601109430156329,run-20260727-151211-cf74,2026-07-27T15:12:11Z
vrf/VFR100_40_4_Gap,Large,100,40,IG-idle-rcl,123,8083,23.543282893951982,1.9036812909732728,run-20260727-151235-bc72,2026-07-27T15:12:35Z
vrf/VFR100_40_4_Gap,Large,100,40,IG-idle-rcl,456,8045,24.626309136976488,1.4246091780131114,run-20260727-151259-2f04,2026-07-27T15:12:59Z
vrf/VFR100_40_4_Gap,Large,100,40,IG-idle-rcl,789,8080,24.623093628091738,1.8658598083711548,run-20260727-151324-1cc6,2026-07-27T15:13:24Z
vrf/VFR100_40_4_Gap,Large,100,40,IG-idle-rcl,2025,8059,24.53652384795714,1.601109430156329,run-20260727-151348-d7a4,2026-07-27T15:13:48Z
vrf/VFR100_40_5_Gap,Large,100,40,IG-idle-rcl,42,8106,25.25697646208573,1.1858694295343901,run-20260727-151414-6f53,2026-07-27T15:14:14Z
vrf/VFR100_40_5_Gap,Large,100,40,IG-idle-rcl,123,8137,23.780734692001715,1.5728373486456122,run-20260727-151437-72a0,2026-07-27T15:14:37Z
vrf/VFR100_40_5_Gap,Large,100,40,IG-idle-rcl,456,8118,24.592549872002564,1.3356634627387343,run-20260727-151502-1b9a,2026-07-27T15:15:02Z
vrf/VFR100_40_5_Gap,Large,100,40,IG-idle-rcl,789,8126,24.521429914981127,1.4355261515416302,run-20260727-151527-040f,2026-07-27T15:15:27Z
vrf/VFR100_40_5_Gap,Large,100,40,IG-idle-rcl,2025,8129,24.597180756973103,1.4729746598427162,run-20260727-151551-cfaf,2026-07-27T15:15:51Z
vrf/VFR100_40_6_Gap,Large,100,40,IG-idle-rcl,42,8152,21.97314570902381,1.6078773526112426,run-20260727-151613-9e68,2026-07-27T15:16:13Z
vrf/VFR100_40_6_Gap,Large,100,40,IG-idle-rcl,123,8127,23.13879967702087,1.2962732145082887,run-20260727-151636-6295,2026-07-27T15:16:36Z
vrf/VFR100_40_6_Gap,Large,100,40,IG-idle-rcl,456,8132,23.277259977068752,1.3585940421288796,run-20260727-151700-34f5,2026-07-27T15:17:00Z
vrf/VFR100_40_6_Gap,Large,100,40,IG-idle-rcl,789,8135,23.968728701001965,1.395986538701234,run-20260727-151724-d84f,2026-07-27T15:17:24Z
vrf/VFR100_40_6_Gap,Large,100,40,IG-idle-rcl,2025,8164,23.581489384989254,1.7574473389006606,run-20260727-151747-a44d,2026-07-27T15:17:47Z
vrf/VFR100_40_7_Gap,Large,100,40,IG-idle-rcl,42,8123,24.337888889946043,1.4614039470397202,run-20260727-151811-93ca,2026-07-27T15:18:11Z
vrf/VFR100_40_7_Gap,Large,100,40,IG-idle-rcl,123,8178,24.026305595994927,2.1483887084686484,run-20260727-151836-763a,2026-07-27T15:18:36Z
vrf/VFR100_40_7_Gap,Large,100,40,IG-idle-rcl,456,8106,23.098994506057352,1.2490632025980515,run-20260727-151859-4708,2026-07-27T15:18:59Z
vrf/VFR100_40_7_Gap,Large,100,40,IG-idle-rcl,789,8142,23.1262148830574,1.69872595553335,run-20260727-151922-7978,2026-07-27T15:19:22Z
vrf/VFR100_40_7_Gap,Large,100,40,IG-idle-rcl,2025,8132,23.565752048045397,1.5738196352735447,run-20260727-151945-416b,2026-07-27T15:19:45Z
vrf/VFR100_40_8_Gap,Large,100,40,IG-idle-rcl,42,8125,24.525181167991832,1.8298032334879057,run-20260727-152010-56ee,2026-07-27T15:20:10Z
vrf/VFR100_40_8_Gap,Large,100,40,IG-idle-rcl,123,8084,24.76221723901108,1.3159543802481515,run-20260727-152035-ebbb,2026-07-27T15:20:35Z
vrf/VFR100_40_8_Gap,Large,100,40,IG-idle-rcl,456,8108,24.616410095943138,1.6167439528763003,run-20260727-152059-9189,2026-07-27T15:20:59Z
vrf/VFR100_40_8_Gap,Large,100,40,IG-idle-rcl,789,8112,22.896926977089606,1.6668755483143252,run-20260727-152122-b782,2026-07-27T15:21:22Z
vrf/VFR100_40_8_Gap,Large,100,40,IG-idle-rcl,2025,8091,24.186385956942104,1.4036846722646947,run-20260727-152146-d2c6,2026-07-27T15:21:46Z
vrf/VFR100_40_9_Gap,Large,100,40,IG-idle-rcl,42,8044,21.471159884007648,1.4247888034295801,run-20260727-152208-8df6,2026-07-27T15:22:08Z
vrf/VFR100_40_9_Gap,Large,100,40,IG-idle-rcl,123,8068,22.600691250991076,1.7273988147774555,run-20260727-152230-2796,2026-07-27T15:22:30Z
vrf/VFR100_40_9_Gap,Large,100,40,IG-idle-rcl,456,8073,23.039582696044818,1.7904425671415962,run-20260727-152253-7cbb,2026-07-27T15:22:53Z
vrf/VFR100_40_9_Gap,Large,100,40,IG-idle-rcl,789,8041,23.87169918604195,1.3869625520110958,run-20260727-152317-da6b,2026-07-27T15:23:17Z
vrf/VFR100_40_9_Gap,Large,100,40,IG-idle-rcl,2025,8006,22.737189766019583,0.9456562854621107,run-20260727-152340-9d02,2026-07-27T15:23:40Z
vrf/VFR100_60_10_Gap,Large,100,60,IG-idle-rcl,42,9785,31.39216209494043,1.9483225672015003,run-20260727-152411-c448,2026-07-27T15:24:11Z
vrf/VFR100_60_10_Gap,Large,100,60,IG-idle-rcl,123,9710,34.26692895498127,1.1669097728693478,run-20260727-152446-561b,2026-07-27T15:24:46Z
vrf/VFR100_60_10_Gap,Large,100,60,IG-idle-rcl,456,9734,35.803993804962374,1.4169618670556365,run-20260727-152522-923d,2026-07-27T15:25:22Z
vrf/VFR100_60_10_Gap,Large,100,60,IG-idle-rcl,789,9713,35.0807654899545,1.198166284642634,run-20260727-152557-9a08,2026-07-27T15:25:57Z
vrf/VFR100_60_10_Gap,Large,100,60,IG-idle-rcl,2025,9697,33.4045281780418,1.0314648885184414,run-20260727-152630-54b0,2026-07-27T15:26:30Z
vrf/VFR100_60_1_Gap,Large,100,60,IG-idle-rcl,42,9542,31.643545425962657,1.5646620542841938,run-20260727-152702-b263,2026-07-27T15:27:02Z
vrf/VFR100_60_1_Gap,Large,100,60,IG-idle-rcl,123,9562,36.60247119993437,1.7775412453432677,run-20260727-152738-1ce2,2026-07-27T15:27:38Z
vrf/VFR100_60_1_Gap,Large,100,60,IG-idle-rcl,456,9507,35.71996715897694,1.1921234699308143,run-20260727-152814-00b4,2026-07-27T15:28:14Z
vrf/VFR100_60_1_Gap,Large,100,60,IG-idle-rcl,789,9482,33.06948202603962,0.9260244811069718,run-20260727-152847-035b,2026-07-27T15:28:47Z
vrf/VFR100_60_1_Gap,Large,100,60,IG-idle-rcl,2025,9511,32.22174896998331,1.234699308142629,run-20260727-152919-aa01,2026-07-27T15:29:19Z
vrf/VFR100_60_2_Gap,Large,100,60,IG-idle-rcl,42,9680,34.44396377005614,0.8753647353063777,run-20260727-152954-7412,2026-07-27T15:29:54Z
vrf/VFR100_60_2_Gap,Large,100,60,IG-idle-rcl,123,9694,33.70979948993772,1.0212588578574406,run-20260727-153027-f77f,2026-07-27T15:30:27Z
vrf/VFR100_60_2_Gap,Large,100,60,IG-idle-rcl,456,9722,34.368002636008896,1.3130471029595665,run-20260727-153102-bd68,2026-07-27T15:31:02Z
vrf/VFR100_60_2_Gap,Large,100,60,IG-idle-rcl,789,9732,34.09702624497004,1.41725719049604,run-20260727-153136-111f,2026-07-27T15:31:36Z
vrf/VFR100_60_2_Gap,Large,100,60,IG-idle-rcl,2025,9681,33.63960469397716,0.885785744060025,run-20260727-153210-0da7,2026-07-27T15:32:10Z
vrf/VFR100_60_3_Gap,Large,100,60,IG-idle-rcl,42,9449,34.36390354996547,1.0696331158412664,run-20260727-153244-71b0,2026-07-27T15:32:44Z
vrf/VFR100_60_3_Gap,Large,100,60,IG-idle-rcl,123,9472,37.90942835400347,1.3156487324847577,run-20260727-153322-6dc2,2026-07-27T15:33:22Z
vrf/VFR100_60_3_Gap,Large,100,60,IG-idle-rcl,456,9511,34.265934469993226,1.7328056476628517,run-20260727-153356-b90f,2026-07-27T15:33:56Z
vrf/VFR100_60_3_Gap,Large,100,60,IG-idle-rcl,789,9463,32.38035763904918,1.2193817520590438,run-20260727-153428-cadc,2026-07-27T15:34:28Z
vrf/VFR100_60_3_Gap,Large,100,60,IG-idle-rcl,2025,9502,35.519032922922634,1.6365386672371376,run-20260727-153504-cae4,2026-07-27T15:35:04Z
vrf/VFR100_60_4_Gap,Large,100,60,IG-idle-rcl,42,9596,35.16765909502283,1.8035221727137705,run-20260727-153539-4353,2026-07-27T15:35:39Z
vrf/VFR100_60_4_Gap,Large,100,60,IG-idle-rcl,123,9549,35.0477754160529,1.3049013367281985,run-20260727-153614-5bfb,2026-07-27T15:36:14Z
vrf/VFR100_60_4_Gap,Large,100,60,IG-idle-rcl,456,9502,35.2509108009981,0.8062805007426268,run-20260727-153649-cd0a,2026-07-27T15:36:49Z
vrf/VFR100_60_4_Gap,Large,100,60,IG-idle-rcl,789,9562,36.73958632000722,1.4428177381710163,run-20260727-153726-497f,2026-07-27T15:37:26Z
vrf/VFR100_60_4_Gap,Large,100,60,IG-idle-rcl,2025,9548,33.402750480920076,1.2942923827710588,run-20260727-153800-70f1,2026-07-27T15:38:00Z
vrf/VFR100_60_5_Gap,Large,100,60,IG-idle-rcl,42,9571,35.32643325300887,1.1199154780771263,run-20260727-153835-4c98,2026-07-27T15:38:35Z
vrf/VFR100_60_5_Gap,Large,100,60,IG-idle-rcl,123,9581,34.272452667937614,1.225567881669308,run-20260727-153909-0925,2026-07-27T15:39:09Z
vrf/VFR100_60_5_Gap,Large,100,60,IG-idle-rcl,456,9583,36.614879115018994,1.2466983623877443,run-20260727-153946-84d4,2026-07-27T15:39:46Z
vrf/VFR100_60_5_Gap,Large,100,60,IG-idle-rcl,789,9550,33.57433317101095,0.8980454305335447,run-20260727-154019-ce0f,2026-07-27T15:40:19Z
vrf/VFR100_60_5_Gap,Large,100,60,IG-idle-rcl,2025,9589,32.409464746015146,1.3100898045430533,run-20260727-154052-54f2,2026-07-27T15:40:52Z
vrf/VFR100_60_6_Gap,Large,100,60,IG-idle-rcl,42,9800,33.330864764982834,1.3758146270818248,run-20260727-154125-5bb0,2026-07-27T15:41:25Z
vrf/VFR100_60_6_Gap,Large,100,60,IG-idle-rcl,123,9801,33.94090500997845,1.3861590979621392,run-20260727-154159-d0f9,2026-07-27T15:41:59Z
vrf/VFR100_60_6_Gap,Large,100,60,IG-idle-rcl,456,9784,34.71841365797445,1.2103030929967933,run-20260727-154234-7c95,2026-07-27T15:42:34Z
vrf/VFR100_60_6_Gap,Large,100,60,IG-idle-rcl,789,9758,35.76624276302755,0.941346850108617,run-20260727-154310-4deb,2026-07-27T15:43:10Z
vrf/VFR100_60_6_Gap,Large,100,60,IG-idle-rcl,2025,9809,35.216580826905556,1.468914865004655,run-20260727-154345-73fe,2026-07-27T15:43:45Z
vrf/VFR100_60_7_Gap,Large,100,60,IG-idle-rcl,42,9522,34.32026132498868,1.3949526142050899,run-20260727-154419-983a,2026-07-27T15:44:19Z
vrf/VFR100_60_7_Gap,Large,100,60,IG-idle-rcl,123,9518,34.624642566079274,1.3523586412522628,run-20260727-154454-65ca,2026-07-27T15:44:54Z
vrf/VFR100_60_7_Gap,Large,100,60,IG-idle-rcl,456,9487,34.10053240391426,1.0222553508678522,run-20260727-154528-a1cc,2026-07-27T15:45:28Z
vrf/VFR100_60_7_Gap,Large,100,60,IG-idle-rcl,789,9458,34.46770518401172,0.7134490469598552,run-20260727-154602-99df,2026-07-27T15:46:02Z
vrf/VFR100_60_7_Gap,Large,100,60,IG-idle-rcl,2025,9536,33.577801699982956,1.5440315195399852,run-20260727-154636-29b7,2026-07-27T15:46:36Z
vrf/VFR100_60_8_Gap,Large,100,60,IG-idle-rcl,42,9714,34.836462751962245,1.8879798615481436,run-20260727-154711-4474,2026-07-27T15:47:11Z
vrf/VFR100_60_8_Gap,Large,100,60,IG-idle-rcl,123,9673,35.9064750369871,1.4579400041955108,run-20260727-154747-cd9a,2026-07-27T15:47:47Z
vrf/VFR100_60_8_Gap,Large,100,60,IG-idle-rcl,456,9672,32.74298352806363,1.44745122718691,run-20260727-154819-b6bd,2026-07-27T15:48:19Z
vrf/VFR100_60_8_Gap,Large,100,60,IG-idle-rcl,789,9624,34.38981669594068,0.9439899307740718,run-20260727-154854-f682,2026-07-27T15:48:54Z
vrf/VFR100_60_8_Gap,Large,100,60,IG-idle-rcl,2025,9674,33.245774056063965,1.4684287812041117,run-20260727-154927-f295,2026-07-27T15:49:27Z
vrf/VFR100_60_9_Gap,Large,100,60,IG-idle-rcl,42,9631,33.26319572899956,1.0916343025086597,run-20260727-155000-e017,2026-07-27T15:50:00Z
vrf/VFR100_60_9_Gap,Large,100,60,IG-idle-rcl,123,9615,32.784462124924175,0.9236905636611735,run-20260727-155033-0333,2026-07-27T15:50:33Z
vrf/VFR100_60_9_Gap,Large,100,60,IG-idle-rcl,456,9645,33.23698061192408,1.23858507400021,run-20260727-155106-8c40,2026-07-27T15:51:06Z
vrf/VFR100_60_9_Gap,Large,100,60,IG-idle-rcl,789,9725,31.544415671029128,2.07830376823764,run-20260727-155138-ad12,2026-07-27T15:51:38Z
vrf/VFR100_60_9_Gap,Large,100,60,IG-idle-rcl,2025,9656,32.019681975012645,1.3540463944578567,run-20260727-155210-98eb,2026-07-27T15:52:10Z
vrf/VFR200_20_10_Gap,Large,200,20,IG-idle-rcl,42,11430,32.51293525099754,1.0610079575596818,run-20260727-155242-4ca3,2026-07-27T15:52:42Z
vrf/VFR200_20_10_Gap,Large,200,20,IG-idle-rcl,123,11416,33.40111298696138,0.9372236958443855,run-20260727-155316-e1c8,2026-07-27T15:53:16Z
vrf/VFR200_20_10_Gap,Large,200,20,IG-idle-rcl,456,11418,32.15173020400107,0.9549071618037135,run-20260727-155348-1993,2026-07-27T15:53:48Z
vrf/VFR200_20_10_Gap,Large,200,20,IG-idle-rcl,789,11470,35.43688060995191,1.4146772767462423,run-20260727-155423-2b14,2026-07-27T15:54:23Z
vrf/VFR200_20_10_Gap,Large,200,20,IG-idle-rcl,2025,11432,33.88523335196078,1.0786914235190097,run-20260727-155457-462e,2026-07-27T15:54:57Z
vrf/VFR200_20_1_Gap,Large,200,20,IG-idle-rcl,42,11418,33.37398031190969,0.9995577178239717,run-20260727-155531-2ae5,2026-07-27T15:55:31Z
vrf/VFR200_20_1_Gap,Large,200,20,IG-idle-rcl,123,11437,32.681888703024015,1.167624944714728,run-20260727-155603-bd92,2026-07-27T15:56:03Z
vrf/VFR200_20_1_Gap,Large,200,20,IG-idle-rcl,456,11389,34.21261113602668,0.7430340557275542,run-20260727-155638-1e55,2026-07-27T15:56:38Z
vrf/VFR200_20_1_Gap,Large,200,20,IG-idle-rcl,789,11405,33.756065669003874,0.8845643520566121,run-20260727-155711-59cf,2026-07-27T15:57:11Z
vrf/VFR200_20_1_Gap,Large,200,20,IG-idle-rcl,2025,11407,33.63853709597606,0.9022556390977443,run-20260727-155745-13e3,2026-07-27T15:57:45Z
vrf/VFR200_20_2_Gap,Large,200,20,IG-idle-rcl,42,11375,32.66071715496946,0.9764758100310696,run-20260727-155818-958e,2026-07-27T15:58:18Z
vrf/VFR200_20_2_Gap,Large,200,20,IG-idle-rcl,123,11364,32.3567329950165,0.8788282290279628,run-20260727-155850-f62e,2026-07-27T15:58:50Z
vrf/VFR200_20_2_Gap,Large,200,20,IG-idle-rcl,456,11366,33.666955675929785,0.8965823346648912,run-20260727-155924-2145,2026-07-27T15:59:24Z
vrf/VFR200_20_2_Gap,Large,200,20,IG-idle-rcl,789,11375,33.14424128306564,0.9764758100310696,run-20260727-155957-60e2,2026-07-27T15:59:57Z
vrf/VFR200_20_2_Gap,Large,200,20,IG-idle-rcl,2025,11397,33.80845398106612,1.1717709720372835,run-20260727-160031-8ef7,2026-07-27T16:00:31Z
vrf/VFR200_20_3_Gap,Large,200,20,IG-idle-rcl,42,11465,32.87267126899678,1.218327889114505,run-20260727-160103-a0aa,2026-07-27T16:01:03Z
vrf/VFR200_20_3_Gap,Large,200,20,IG-idle-rcl,123,11479,32.085480559035204,1.3419263706188753,run-20260727-160136-9b92,2026-07-27T16:01:36Z
vrf/VFR200_20_3_Gap,Large,200,20,IG-idle-rcl,456,11418,34.29040952806827,0.8033901297784056,run-20260727-160210-14a8,2026-07-27T16:02:10Z
vrf/VFR200_20_3_Gap,Large,200,20,IG-idle-rcl,789,11436,34.18096309097018,0.9623024631411671,run-20260727-160244-00ac,2026-07-27T16:02:44Z
vrf/VFR200_20_3_Gap,Large,200,20,IG-idle-rcl,2025,11423,32.45279088104144,0.8475324446013949,run-20260727-160317-fd43,2026-07-27T16:03:17Z
vrf/VFR200_20_4_Gap,Large,200,20,IG-idle-rcl,42,11321,32.779627367970534,1.0082084225553176,run-20260727-160349-1709,2026-07-27T16:03:49Z
vrf/VFR200_20_4_Gap,Large,200,20,IG-idle-rcl,123,11320,33.20738163392525,0.9992862241256245,run-20260727-160423-8252,2026-07-27T16:04:23Z
vrf/VFR200_20_4_Gap,Large,200,20,IG-idle-rcl,456,11299,31.469011315028183,0.8119200571020699,run-20260727-160454-1052,2026-07-27T16:04:54Z
vrf/VFR200_20_4_Gap,Large,200,20,IG-idle-rcl,789,11286,32.32536230899859,0.69593147751606,run-20260727-160526-8e63,2026-07-27T16:05:26Z
vrf/VFR200_20_4_Gap,Large,200,20,IG-idle-rcl,2025,11315,32.920450562029146,0.9546752319771592,run-20260727-160559-a048,2026-07-27T16:05:59Z
vrf/VFR200_20_5_Gap,Large,200,20,IG-idle-rcl,42,11320,32.67116248200182,0.9992862241256245,run-20260727-160632-b679,2026-07-27T16:06:32Z
vrf/VFR200_20_5_Gap,Large,200,20,IG-idle-rcl,123,11309,33.813376098056324,0.9011420413990007,run-20260727-160706-fe74,2026-07-27T16:07:06Z
vrf/VFR200_20_5_Gap,Large,200,20,IG-idle-rcl,456,11298,32.68064476689324,0.8029978586723768,run-20260727-160738-e080,2026-07-27T16:07:38Z
vrf/VFR200_20_5_Gap,Large,200,20,IG-idle-rcl,789,11314,33.24418299598619,0.9457530335474661,run-20260727-160812-ffa4,2026-07-27T16:08:12Z
vrf/VFR200_20_5_Gap,Large,200,20,IG-idle-rcl,2025,11294,31.488659339025617,0.7673090649536045,run-20260727-160843-8d21,2026-07-27T16:08:43Z
vrf/VFR200_20_6_Gap,Large,200,20,IG-idle-rcl,42,11445,33.874223249964416,0.6861968857218264,run-20260727-160917-62fa,2026-07-27T16:09:17Z
vrf/VFR200_20_6_Gap,Large,200,20,IG-idle-rcl,123,11487,31.35688756010495,1.0556875164951174,run-20260727-160948-385d,2026-07-27T16:09:48Z
vrf/VFR200_20_6_Gap,Large,200,20,IG-idle-rcl,456,11468,34.05149375309702,0.8885369930500572,run-20260727-161022-b279,2026-07-27T16:10:22Z
vrf/VFR200_20_6_Gap,Large,200,20,IG-idle-rcl,789,11503,33.41434514801949,1.1964458520277998,run-20260727-161056-e991,2026-07-27T16:10:56Z
vrf/VFR200_20_6_Gap,Large,200,20,IG-idle-rcl,2025,11474,31.83486738195643,0.9413213688748131,run-20260727-161128-587a,2026-07-27T16:11:28Z
vrf/VFR200_20_7_Gap,Large,200,20,IG-idle-rcl,42,11517,34.337379898061045,1.2038664323374342,run-20260727-161202-df39,2026-07-27T16:12:02Z
vrf/VFR200_20_7_Gap,Large,200,20,IG-idle-rcl,123,11444,33.13955129694659,0.562390158172232,run-20260727-161235-5241,2026-07-27T16:12:35Z
vrf/VFR200_20_7_Gap,Large,200,20,IG-idle-rcl,456,11488,33.217711710953154,0.9490333919156415,run-20260727-161308-6f28,2026-07-27T16:13:08Z
vrf/VFR200_20_7_Gap,Large,200,20,IG-idle-rcl,789,11496,31.50881352298893,1.0193321616871704,run-20260727-161340-497e,2026-07-27T16:13:40Z
vrf/VFR200_20_7_Gap,Large,200,20,IG-idle-rcl,2025,11497,32.73971905594226,1.0281195079086116,run-20260727-161413-1fe2,2026-07-27T16:14:13Z
vrf/VFR200_20_8_Gap,Large,200,20,IG-idle-rcl,42,11201,33.72560021199752,0.5385512970110403,run-20260727-161446-5bc2,2026-07-27T16:14:46Z
vrf/VFR200_20_8_Gap,Large,200,20,IG-idle-rcl,123,11225,33.018418114981614,0.7539718158154565,run-20260727-161519-737a,2026-07-27T16:15:19Z
vrf/VFR200_20_8_Gap,Large,200,20,IG-idle-rcl,456,11212,32.685317417024635,0.6372857014630644,run-20260727-161552-bda7,2026-07-27T16:15:52Z
vrf/VFR200_20_8_Gap,Large,200,20,IG-idle-rcl,789,11227,33.13811167597305,0.7719235257158245,run-20260727-161625-ffdc,2026-07-27T16:16:25Z
vrf/VFR200_20_8_Gap,Large,200,20,IG-idle-rcl,2025,11231,33.92012899299152,0.8078269455165604,run-20260727-161659-5cac,2026-07-27T16:16:59Z
vrf/VFR200_20_9_Gap,Large,200,20,IG-idle-rcl,42,11220,32.98201287898701,0.8720668884293805,run-20260727-161732-fe0d,2026-07-27T16:17:32Z
vrf/VFR200_20_9_Gap,Large,200,20,IG-idle-rcl,123,11199,33.742844022926874,0.6832689022745662,run-20260727-161806-dcc5,2026-07-27T16:18:06Z
vrf/VFR200_20_9_Gap,Large,200,20,IG-idle-rcl,456,11216,32.46251198393293,0.836105367257035,run-20260727-161838-ddb1,2026-07-27T16:18:38Z
vrf/VFR200_20_9_Gap,Large,200,20,IG-idle-rcl,789,11216,32.414612143998966,0.836105367257035,run-20260727-161911-2039,2026-07-27T16:19:11Z
vrf/VFR200_20_9_Gap,Large,200,20,IG-idle-rcl,2025,11197,33.78808881295845,0.6652881416883935,run-20260727-161945-b0d0,2026-07-27T16:19:45Z
vrf/VFR200_40_10_Gap,Large,200,40,IG-idle-rcl,42,13363,65.10338391608093,1.0205624433020866,run-20260727-162050-4581,2026-07-27T16:20:50Z
vrf/VFR200_40_10_Gap,Large,200,40,IG-idle-rcl,123,13375,66.40511411498301,1.1112791049289386,run-20260727-162156-423e,2026-07-27T16:21:56Z
vrf/VFR200_40_10_Gap,Large,200,40,IG-idle-rcl,456,13402,65.48890523496084,1.3153915935893559,run-20260727-162302-461c,2026-07-27T16:23:02Z
vrf/VFR200_40_10_Gap,Large,200,40,IG-idle-rcl,789,13392,65.3896014689235,1.2397943755669791,run-20260727-162407-80da,2026-07-27T16:24:07Z
vrf/VFR200_40_10_Gap,Large,200,40,IG-idle-rcl,2025,13424,62.92037482291926,1.4817054732385848,run-20260727-162510-b7b6,2026-07-27T16:25:10Z
vrf/VFR200_40_1_Gap,Large,200,40,IG-idle-rcl,42,13408,61.50251944700722,2.1017362168748095,run-20260727-162611-4c88,2026-07-27T16:26:11Z
vrf/VFR200_40_1_Gap,Large,200,40,IG-idle-rcl,123,13358,63.14401932002511,1.720986902223576,run-20260727-162715-2e78,2026-07-27T16:27:15Z
vrf/VFR200_40_1_Gap,Large,200,40,IG-idle-rcl,456,13397,67.34022328397259,2.0179713676515383,run-20260727-162822-e896,2026-07-27T16:28:22Z
vrf/VFR200_40_1_Gap,Large,200,40,IG-idle-rcl,789,13375,61.23702520795632,1.8504416692049954,run-20260727-162923-4dbf,2026-07-27T16:29:23Z
vrf/VFR200_40_1_Gap,Large,200,40,IG-idle-rcl,2025,13390,65.89568769396283,1.9646664636003655,run-20260727-163029-3903,2026-07-27T16:30:29Z
vrf/VFR200_40_2_Gap,Large,200,40,IG-idle-rcl,42,13276,63.96346999099478,1.3280415203785683,run-20260727-163133-0a90,2026-07-27T16:31:33Z
vrf/VFR200_40_2_Gap,Large,200,40,IG-idle-rcl,123,13302,64.8316475340398,1.5264845061822623,run-20260727-163238-8a2a,2026-07-27T16:32:38Z
vrf/VFR200_40_2_Gap,Large,200,40,IG-idle-rcl,456,13246,62.49489098391496,1.0990688444512289,run-20260727-163340-719d,2026-07-27T16:33:40Z
vrf/VFR200_40_2_Gap,Large,200,40,IG-idle-rcl,789,13230,63.60738898301497,0.9769500839566478,run-20260727-163444-55de,2026-07-27T16:34:44Z
vrf/VFR200_40_2_Gap,Large,200,40,IG-idle-rcl,2025,13306,64.37818375101779,1.5570141963059074,run-20260727-163548-b241,2026-07-27T16:35:48Z
vrf/VFR200_40_3_Gap,Large,200,40,IG-idle-rcl,42,13444,62.02984326099977,1.3570566948130278,run-20260727-163650-4efe,2026-07-27T16:36:50Z
vrf/VFR200_40_3_Gap,Large,200,40,IG-idle-rcl,123,13419,64.18238580203615,1.1685765983112184,run-20260727-163754-1ad3,2026-07-27T16:37:54Z
vrf/VFR200_40_3_Gap,Large,200,40,IG-idle-rcl,456,13453,64.39359687000979,1.424909529553679,run-20260727-163859-4fc2,2026-07-27T16:38:59Z
vrf/VFR200_40_3_Gap,Large,200,40,IG-idle-rcl,789,13437,65.2147740169894,1.3042822677925212,run-20260727-164004-8168,2026-07-27T16:40:04Z
vrf/VFR200_40_3_Gap,Large,200,40,IG-idle-rcl,2025,13492,62.575235937023535,1.7189384800965017,run-20260727-164107-519b,2026-07-27T16:41:07Z
vrf/VFR200_40_4_Gap,Large,200,40,IG-idle-rcl,42,13421,66.59739550400991,1.4283555018137848,run-20260727-164213-28a8,2026-07-27T16:42:13Z
vrf/VFR200_40_4_Gap,Large,200,40,IG-idle-rcl,123,13357,63.485947172972374,0.9446795646916566,run-20260727-164317-0ce9,2026-07-27T16:43:17Z
vrf/VFR200_40_4_Gap,Large,200,40,IG-idle-rcl,456,13363,68.37957085191738,0.9900241837968561,run-20260727-164425-e94f,2026-07-27T16:44:25Z
vrf/VFR200_40_4_Gap,Large,200,40,IG-idle-rcl,789,13369,64.37040828901809,1.0353688029020556,run-20260727-164530-0f55,2026-07-27T16:45:30Z
vrf/VFR200_40_4_Gap,Large,200,40,IG-idle-rcl,2025,13379,63.4179517859593,1.1109431680773882,run-20260727-164633-0b6b,2026-07-27T16:46:33Z
vrf/VFR200_40_5_Gap,Large,200,40,IG-idle-rcl,42,13251,65.15722126397304,1.5947251399217972,run-20260727-164738-9181,2026-07-27T16:47:38Z
vrf/VFR200_40_5_Gap,Large,200,40,IG-idle-rcl,123,13155,65.05119399505202,0.8586981522655831,run-20260727-164843-e9e2,2026-07-27T16:48:43Z
vrf/VFR200_40_5_Gap,Large,200,40,IG-idle-rcl,456,13159,62.756774471956305,0.8893659434179253,run-20260727-164946-0b85,2026-07-27T16:49:46Z
vrf/VFR200_40_5_Gap,Large,200,40,IG-idle-rcl,789,13105,64.54791477904655,0.4753507628613049,run-20260727-165050-ed62,2026-07-27T16:50:50Z
vrf/VFR200_40_5_Gap,Large,200,40,IG-idle-rcl,2025,13186,63.17006788100116,1.0963735336962355,run-20260727-165154-8b58,2026-07-27T16:51:54Z
vrf/VFR200_40_6_Gap,Large,200,40,IG-idle-rcl,42,13342,64.52766832592897,1.6610789393477599,run-20260727-165258-2b87,2026-07-27T16:52:58Z
vrf/VFR200_40_6_Gap,Large,200,40,IG-idle-rcl,123,13271,66.03578975505661,1.120085339835416,run-20260727-165404-46bf,2026-07-27T16:54:04Z
vrf/VFR200_40_6_Gap,Large,200,40,IG-idle-rcl,456,13306,62.952173586934805,1.386772325510515,run-20260727-165507-7fc3,2026-07-27T16:55:07Z
vrf/VFR200_40_6_Gap,Large,200,40,IG-idle-rcl,789,13362,64.94763571803924,1.8134715025906736,run-20260727-165612-f888,2026-07-27T16:56:12Z
vrf/VFR200_40_6_Gap,Large,200,40,IG-idle-rcl,2025,13303,67.23268664302304,1.363913441024078,run-20260727-165719-8b01,2026-07-27T16:57:19Z
vrf/VFR200_40_7_Gap,Large,200,40,IG-idle-rcl,42,13451,63.53269806795288,1.1429430784269494,run-20260727-165823-d874,2026-07-27T16:58:23Z
vrf/VFR200_40_7_Gap,Large,200,40,IG-idle-rcl,123,13521,68.3476672989782,1.669298443491992,run-20260727-165931-3a34,2026-07-27T16:59:31Z
vrf/VFR200_40_7_Gap,Large,200,40,IG-idle-rcl,456,13487,63.024527410045266,1.4136401233175426,run-20260727-170034-b34a,2026-07-27T17:00:34Z
vrf/VFR200_40_7_Gap,Large,200,40,IG-idle-rcl,789,13453,60.63855752302334,1.1579818031430935,run-20260727-170135-edff,2026-07-27T17:01:35Z
vrf/VFR200_40_7_Gap,Large,200,40,IG-idle-rcl,2025,13454,63.266443587024696,1.1655011655011656,run-20260727-170238-aaef,2026-07-27T17:02:38Z
vrf/VFR200_40_8_Gap,Large,200,40,IG-idle-rcl,42,13345,64.27415368403308,0.8082791962532104,run-20260727-170342-4eb0,2026-07-27T17:03:42Z
vrf/VFR200_40_8_Gap,Large,200,40,IG-idle-rcl,123,13447,64.86088123905938,1.5787883366067381,run-20260727-170447-7e5e,2026-07-27T17:04:47Z
vrf/VFR200_40_8_Gap,Large,200,40,IG-idle-rcl,456,13351,64.44750645803288,0.8536032633328298,run-20260727-170552-9086,2026-07-27T17:05:52Z
vrf/VFR200_40_8_Gap,Large,200,40,IG-idle-rcl,789,13371,63.37616516905837,1.0046834869315606,run-20260727-170655-7406,2026-07-27T17:06:55Z
vrf/VFR200_40_8_Gap,Large,200,40,IG-idle-rcl,2025,13424,64.70237689896021,1.4050460794681976,run-20260727-170800-1358,2026-07-27T17:08:00Z
vrf/VFR200_40_9_Gap,Large,200,40,IG-idle-rcl,42,13258,61.66285812295973,0.6987695579523013,run-20260727-170902-6687,2026-07-27T17:09:02Z
vrf/VFR200_40_9_Gap,Large,200,40,IG-idle-rcl,123,13328,57.96705309103709,1.2304420476986178,run-20260727-170959-9a91,2026-07-27T17:09:59Z
vrf/VFR200_40_9_Gap,Large,200,40,IG-idle-rcl,456,13241,64.90529590309598,0.5696490961567674,run-20260727-171104-e409,2026-07-27T17:11:04Z
vrf/VFR200_40_9_Gap,Large,200,40,IG-idle-rcl,789,13286,61.20238551904913,0.9114385538508278,run-20260727-171206-181e,2026-07-27T17:12:06Z
vrf/VFR200_40_9_Gap,Large,200,40,IG-idle-rcl,2025,13281,65.1521348960232,0.8734619474403768,run-20260727-171311-92f5,2026-07-27T17:13:11Z
vrf/VFR200_60_10_Gap,Large,200,60,IG-idle-rcl,42,15214,96.35289561201353,1.4266666666666667,run-20260727-171447-d2a3,2026-07-27T17:14:47Z
vrf/VFR200_60_10_Gap,Large,200,60,IG-idle-rcl,123,15194,94.61522631894331,1.2933333333333332,run-20260727-171622-e14c,2026-07-27T17:16:22Z
vrf/VFR200_60_10_Gap,Large,200,60,IG-idle-rcl,456,15187,97.97182112000883,1.2466666666666666,run-20260727-171800-56d5,2026-07-27T17:18:00Z
vrf/VFR200_60_10_Gap,Large,200,60,IG-idle-rcl,789,15228,94.33867775206454,1.52,run-20260727-171934-14b1,2026-07-27T17:19:34Z
vrf/VFR200_60_10_Gap,Large,200,60,IG-idle-rcl,2025,15188,96.41988725599367,1.2533333333333334,run-20260727-172110-e2d0,2026-07-27T17:21:10Z
vrf/VFR200_60_1_Gap,Large,200,60,IG-idle-rcl,42,15159,97.07478371204343,1.1274182788525684,run-20260727-172248-4f89,2026-07-27T17:22:48Z
vrf/VFR200_60_1_Gap,Large,200,60,IG-idle-rcl,123,15133,90.92324748798274,0.9539693128752502,run-20260727-172418-f7d2,2026-07-27T17:24:18Z
vrf/VFR200_60_1_Gap,Large,200,60,IG-idle-rcl,456,15201,96.37228883197531,1.4076050700466978,run-20260727-172555-9f96,2026-07-27T17:25:55Z
vrf/VFR200_60_1_Gap,Large,200,60,IG-idle-rcl,789,15134,96.01891872298438,0.9606404269513009,run-20260727-172731-3a4f,2026-07-27T17:27:31Z
vrf/VFR200_60_1_Gap,Large,200,60,IG-idle-rcl,2025,15174,96.0384129579179,1.227484989993329,run-20260727-172907-2da4,2026-07-27T17:29:07Z
vrf/VFR200_60_2_Gap,Large,200,60,IG-idle-rcl,42,15087,93.97820122900885,0.8893941420355758,run-20260727-173041-c6f6,2026-07-27T17:30:41Z
vrf/VFR200_60_2_Gap,Large,200,60,IG-idle-rcl,123,15114,86.41791973402724,1.069947840042798,run-20260727-173207-5514,2026-07-27T17:32:07Z
vrf/VFR200_60_2_Gap,Large,200,60,IG-idle-rcl,456,15137,94.53139903501142,1.22375284204895,run-20260727-173342-4c1c,2026-07-27T17:33:42Z
vrf/VFR200_60_2_Gap,Large,200,60,IG-idle-rcl,789,15128,94.2717400699621,1.1635682760465427,run-20260727-173516-6e7f,2026-07-27T17:35:16Z
vrf/VFR200_60_2_Gap,Large,200,60,IG-idle-rcl,2025,15136,87.42531387193594,1.2170656680486827,run-20260727-173644-c0fa,2026-07-27T17:36:44Z
vrf/VFR200_60_3_Gap,Large,200,60,IG-idle-rcl,42,15410,95.46284497901797,1.381578947368421,run-20260727-173819-2607,2026-07-27T17:38:19Z
vrf/VFR200_60_3_Gap,Large,200,60,IG-idle-rcl,123,15378,90.43310682103038,1.1710526315789473,run-20260727-173949-99fa,2026-07-27T17:39:49Z
vrf/VFR200_60_3_Gap,Large,200,60,IG-idle-rcl,456,15419,88.92522026598454,1.4407894736842106,run-20260727-174118-7bf1,2026-07-27T17:41:18Z
vrf/VFR200_60_3_Gap,Large,200,60,IG-idle-rcl,789,15313,97.36413607303984,0.743421052631579,run-20260727-174256-53ec,2026-07-27T17:42:56Z
vrf/VFR200_60_3_Gap,Large,200,60,IG-idle-rcl,2025,15358,95.43686101201456,1.0394736842105263,run-20260727-174431-ad89,2026-07-27T17:44:31Z
vrf/VFR200_60_4_Gap,Large,200,60,IG-idle-rcl,42,15207,92.91786915098783,1.083488433927147,run-20260727-174604-57fb,2026-07-27T17:46:04Z
vrf/VFR200_60_4_Gap,Large,200,60,IG-idle-rcl,123,15237,100.74737961101346,1.2829034831161925,run-20260727-174745-c013,2026-07-27T17:47:45Z
vrf/VFR200_60_4_Gap,Large,200,60,IG-idle-rcl,456,15212,95.20696694799699,1.1167242754586546,run-20260727-174920-f600,2026-07-27T17:49:20Z
vrf/VFR200_60_4_Gap,Large,200,60,IG-idle-rcl,789,15200,89.42959942505695,1.0369582557830364,run-20260727-175050-7baa,2026-07-27T17:50:50Z
vrf/VFR200_60_4_Gap,Large,200,60,IG-idle-rcl,2025,15252,86.8914986490272,1.3826110077107152,run-20260727-175216-ed42,2026-07-27T17:52:16Z
vrf/VFR200_60_5_Gap,Large,200,60,IG-idle-rcl,42,15399,95.39153134799562,1.7779246530072703,run-20260727-175352-065d,2026-07-27T17:53:52Z
vrf/VFR200_60_5_Gap,Large,200,60,IG-idle-rcl,123,15328,92.15987272106577,1.3086582947785856,run-20260727-175524-303c,2026-07-27T17:55:24Z
vrf/VFR200_60_5_Gap,Large,200,60,IG-idle-rcl,456,15315,90.593898278079,1.2227362855254462,run-20260727-175655-b2c6,2026-07-27T17:56:55Z
vrf/VFR200_60_5_Gap,Large,200,60,IG-idle-rcl,789,15296,89.8583193749655,1.0971579643093192,run-20260727-175824-08d0,2026-07-27T17:58:24Z
vrf/VFR200_60_5_Gap,Large,200,60,IG-idle-rcl,2025,15334,94.29006541194394,1.348314606741573,run-20260727-175959-8432,2026-07-27T17:59:59Z
vrf/VFR200_60_6_Gap,Large,200,60,IG-idle-rcl,42,15182,98.27708612300921,0.9777186564682407,run-20260727-180137-2c15,2026-07-27T18:01:37Z
vrf/VFR200_60_6_Gap,Large,200,60,IG-idle-rcl,123,15232,94.83455021097325,1.310276022613901,run-20260727-180312-ebe7,2026-07-27T18:03:12Z
vrf/VFR200_60_6_Gap,Large,200,60,IG-idle-rcl,456,15201,95.16941378603224,1.1040904556035915,run-20260727-180447-d0d9,2026-07-27T18:04:47Z
vrf/VFR200_60_6_Gap,Large,200,60,IG-idle-rcl,789,15258,97.65395129902754,1.4832058530096441,run-20260727-180625-6ad6,2026-07-27T18:06:25Z
vrf/VFR200_60_6_Gap,Large,200,60,IG-idle-rcl,2025,15196,95.87979258305859,1.0708347189890257,run-20260727-180801-4f5d,2026-07-27T18:08:01Z
vrf/VFR200_60_7_Gap,Large,200,60,IG-idle-rcl,42,15247,91.88234011596069,1.3763297872340425,run-20260727-180932-8413,2026-07-27T18:09:32Z
vrf/VFR200_60_7_Gap,Large,200,60,IG-idle-rcl,123,15251,91.06935639004223,1.4029255319148937,run-20260727-181104-1674,2026-07-27T18:11:04Z
vrf/VFR200_60_7_Gap,Large,200,60,IG-idle-rcl,456,15237,98.08616248704493,1.309840425531915,run-20260727-181242-713e,2026-07-27T18:12:42Z
vrf/VFR200_60_7_Gap,Large,200,60,IG-idle-rcl,789,15212,100.0371988430852,1.1436170212765957,run-20260727-181422-4358,2026-07-27T18:14:22Z
vrf/VFR200_60_7_Gap,Large,200,60,IG-idle-rcl,2025,15271,99.60284667205997,1.5359042553191489,run-20260727-181601-fe64,2026-07-27T18:16:01Z
vrf/VFR200_60_8_Gap,Large,200,60,IG-idle-rcl,42,15236,96.8995090679964,1.7904863709246392,run-20260727-181738-be1f,2026-07-27T18:17:38Z
vrf/VFR200_60_8_Gap,Large,200,60,IG-idle-rcl,123,15210,93.41855895495974,1.6167824692677712,run-20260727-181912-b7cb,2026-07-27T18:19:12Z
vrf/VFR200_60_8_Gap,Large,200,60,IG-idle-rcl,456,15245,86.38619300501887,1.8506146445750935,run-20260727-182038-2bb3,2026-07-27T18:20:38Z
vrf/VFR200_60_8_Gap,Large,200,60,IG-idle-rcl,789,15075,98.92556141095702,0.7148583645109567,run-20260727-182217-f042,2026-07-27T18:22:17Z
vrf/VFR200_60_8_Gap,Large,200,60,IG-idle-rcl,2025,15200,93.68952969100792,1.549973276322822,run-20260727-182351-fa7a,2026-07-27T18:23:51Z
vrf/VFR200_60_9_Gap,Large,200,60,IG-idle-rcl,42,15195,99.45317910599988,1.151644255092531,run-20260727-182530-c9a5,2026-07-27T18:25:30Z
vrf/VFR200_60_9_Gap,Large,200,60,IG-idle-rcl,123,15239,93.59936704998836,1.4445479962721341,run-20260727-182704-1f8b,2026-07-27T18:27:04Z
vrf/VFR200_60_9_Gap,Large,200,60,IG-idle-rcl,456,15252,92.41420443390962,1.5310877379842898,run-20260727-182836-ca9d,2026-07-27T18:28:36Z
vrf/VFR200_60_9_Gap,Large,200,60,IG-idle-rcl,789,15228,93.59641212993301,1.3713220609772334,run-20260727-183010-3d4c,2026-07-27T18:30:10Z
vrf/VFR200_60_9_Gap,Large,200,60,IG-idle-rcl,2025,15148,91.743536427035,0.8387698042870456,run-20260727-183141-d8f3,2026-07-27T18:31:41Z
vrf/VFR300_20_10_Gap,Large,300,20,IG-idle-rcl,42,16905,52.56227585603483,0.03550505947097461,run-20260727-183234-2b00,2026-07-27T18:32:34Z
vrf/VFR300_20_10_Gap,Large,300,20,IG-idle-rcl,123,16905,51.73701918195002,0.03550505947097461,run-20260727-183326-dc02,2026-07-27T18:33:26Z
vrf/VFR300_20_10_Gap,Large,300,20,IG-idle-rcl,456,16904,49.77800140809268,0.029587549559145512,run-20260727-183415-5466,2026-07-27T18:34:15Z
vrf/VFR300_20_10_Gap,Large,300,20,IG-idle-rcl,789,16905,50.0860292899888,0.03550505947097461,run-20260727-183506-fde1,2026-07-27T18:35:06Z
vrf/VFR300_20_10_Gap,Large,300,20,IG-idle-rcl,2025,16905,51.14593890600372,0.03550505947097461,run-20260727-183557-8e6a,2026-07-27T18:35:57Z
vrf/VFR300_20_1_Gap,Large,300,20,IG-idle-rcl,42,16252,56.065162125974894,0.6378103907362686,run-20260727-183653-cc11,2026-07-27T18:36:53Z
vrf/VFR300_20_1_Gap,Large,300,20,IG-idle-rcl,123,16255,54.77287027298007,0.6563873924081987,run-20260727-183748-ecfc,2026-07-27T18:37:48Z
vrf/VFR300_20_1_Gap,Large,300,20,IG-idle-rcl,456,16233,55.28767551505007,0.5201560468140443,run-20260727-183843-42ab,2026-07-27T18:38:43Z
vrf/VFR300_20_1_Gap,Large,300,20,IG-idle-rcl,789,16255,55.924204003065825,0.6563873924081987,run-20260727-183939-0a8a,2026-07-27T18:39:39Z
vrf/VFR300_20_1_Gap,Large,300,20,IG-idle-rcl,2025,16224,54.503508954076096,0.4644250417982538,run-20260727-184033-2e5e,2026-07-27T18:40:33Z
vrf/VFR300_20_2_Gap,Large,300,20,IG-idle-rcl,42,16657,54.029693122021854,0.8781492248062015,run-20260727-184127-2975,2026-07-27T18:41:27Z
vrf/VFR300_20_2_Gap,Large,300,20,IG-idle-rcl,123,16578,55.17076519399416,0.3997093023255814,run-20260727-184222-0127,2026-07-27T18:42:22Z
vrf/VFR300_20_2_Gap,Large,300,20,IG-idle-rcl,456,16575,56.347366909030825,0.3815406976744186,run-20260727-184319-60e2,2026-07-27T18:43:19Z
vrf/VFR300_20_2_Gap,Large,300,20,IG-idle-rcl,789,16587,58.4357418169966,0.45421511627906974,run-20260727-184417-72d3,2026-07-27T18:44:17Z
vrf/VFR300_20_2_Gap,Large,300,20,IG-idle-rcl,2025,16598,57.058718973072246,0.5208333333333334,run-20260727-184514-ea31,2026-07-27T18:45:14Z
vrf/VFR300_20_3_Gap,Large,300,20,IG-idle-rcl,42,16299,56.03229227906559,0.7790762381747357,run-20260727-184610-c232,2026-07-27T18:46:10Z
vrf/VFR300_20_3_Gap,Large,300,20,IG-idle-rcl,123,16281,56.34305790497456,0.667779632721202,run-20260727-184707-3f23,2026-07-27T18:47:07Z
vrf/VFR300_20_3_Gap,Large,300,20,IG-idle-rcl,456,16306,57.027597531094216,0.8223582514066654,run-20260727-184804-679e,2026-07-27T18:48:04Z
vrf/VFR300_20_3_Gap,Large,300,20,IG-idle-rcl,789,16305,56.56355899700429,0.8161751066592469,run-20260727-184900-c7cf,2026-07-27T18:49:00Z
vrf/VFR300_20_3_Gap,Large,300,20,IG-idle-rcl,2025,16305,56.1168778919382,0.8161751066592469,run-20260727-184956-f16e,2026-07-27T18:49:56Z
vrf/VFR300_20_4_Gap,Large,300,20,IG-idle-rcl,42,16266,55.26090921508148,0.525307459365923,run-20260727-185052-7bae,2026-07-27T18:50:52Z
vrf/VFR300_20_4_Gap,Large,300,20,IG-idle-rcl,123,16299,56.491598275024444,0.729250355355046,run-20260727-185148-9b19,2026-07-27T18:51:48Z
vrf/VFR300_20_4_Gap,Large,300,20,IG-idle-rcl,456,16316,56.413220515009016,0.8343118472282306,run-20260727-185245-7ac8,2026-07-27T18:52:45Z
vrf/VFR300_20_4_Gap,Large,300,20,IG-idle-rcl,789,16281,55.65207495493814,0.6180087757246153,run-20260727-185340-1f7f,2026-07-27T18:53:40Z
vrf/VFR300_20_4_Gap,Large,300,20,IG-idle-rcl,2025,16334,55.577734998078085,0.9455534268586614,run-20260727-185436-5400,2026-07-27T18:54:36Z
vrf/VFR300_20_5_Gap,Large,300,20,IG-idle-rcl,42,16461,55.02931690297555,0.728185044670175,run-20260727-185531-38b1,2026-07-27T18:55:31Z
vrf/VFR300_20_5_Gap,Large,300,20,IG-idle-rcl,123,16446,53.69851410097908,0.6363970138293966,run-20260727-185625-934e,2026-07-27T18:56:25Z
vrf/VFR300_20_5_Gap,Large,300,20,IG-idle-rcl,456,16428,54.53409260697663,0.5262513768204626,run-20260727-185719-647f,2026-07-27T18:57:19Z
vrf/VFR300_20_5_Gap,Large,300,20,IG-idle-rcl,789,16428,56.23617963294964,0.5262513768204626,run-20260727-185815-fc25,2026-07-27T18:58:15Z
vrf/VFR300_20_5_Gap,Large,300,20,IG-idle-rcl,2025,16463,56.44543541199528,0.7404234487822788,run-20260727-185912-4dfc,2026-07-27T18:59:12Z
vrf/VFR300_20_6_Gap,Large,300,20,IG-idle-rcl,42,16219,56.897655823035166,0.5081489744066431,run-20260727-190009-7ef2,2026-07-27T19:00:09Z
vrf/VFR300_20_6_Gap,Large,300,20,IG-idle-rcl,123,16254,57.64844818902202,0.7250418293363079,run-20260727-190106-9c92,2026-07-27T19:01:06Z
vrf/VFR300_20_6_Gap,Large,300,20,IG-idle-rcl,456,16212,56.365373884909786,0.4647704034207102,run-20260727-190203-a5c1,2026-07-27T19:02:03Z
vrf/VFR300_20_6_Gap,Large,300,20,IG-idle-rcl,789,16193,54.16269787400961,0.3470285678874636,run-20260727-190257-3dc3,2026-07-27T19:02:57Z
vrf/VFR300_20_6_Gap,Large,300,20,IG-idle-rcl,2025,16226,54.03029953001533,0.5515275453925761,run-20260727-190351-be07,2026-07-27T19:03:51Z
vrf/VFR300_20_7_Gap,Large,300,20,IG-idle-rcl,42,16343,54.87430524697993,0.47338005655969506,run-20260727-190446-eccb,2026-07-27T19:04:46Z
vrf/VFR300_20_7_Gap,Large,300,20,IG-idle-rcl,123,16326,56.81360895594116,0.3688675765400221,run-20260727-190543-02c1,2026-07-27T19:05:43Z
vrf/VFR300_20_7_Gap,Large,300,20,IG-idle-rcl,456,16352,56.25264544703532,0.5287101930406984,run-20260727-190639-dde4,2026-07-27T19:06:39Z
vrf/VFR300_20_7_Gap,Large,300,20,IG-idle-rcl,789,16322,55.20474404806737,0.3442764047706873,run-20260727-190734-a67e,2026-07-27T19:07:34Z
vrf/VFR300_20_7_Gap,Large,300,20,IG-idle-rcl,2025,16343,55.75965923501644,0.47338005655969506,run-20260727-190830-289b,2026-07-27T19:08:30Z
vrf/VFR300_20_8_Gap,Large,300,20,IG-idle-rcl,42,16527,55.03725636191666,0.6761695906432749,run-20260727-190925-7c4f,2026-07-27T19:09:25Z
vrf/VFR300_20_8_Gap,Large,300,20,IG-idle-rcl,123,16514,56.26362916000653,0.5969785575048733,run-20260727-191021-8a64,2026-07-27T19:10:21Z
vrf/VFR300_20_8_Gap,Large,300,20,IG-idle-rcl,456,16547,54.16764681600034,0.7980019493177388,run-20260727-191115-5507,2026-07-27T19:11:15Z
vrf/VFR300_20_8_Gap,Large,300,20,IG-idle-rcl,789,16520,56.376477651065215,0.6335282651072125,run-20260727-191212-4815,2026-07-27T19:12:12Z
vrf/VFR300_20_8_Gap,Large,300,20,IG-idle-rcl,2025,16528,56.11383270297665,0.682261208576998,run-20260727-191308-8de3,2026-07-27T19:13:08Z
vrf/VFR300_20_9_Gap,Large,300,20,IG-idle-rcl,42,16461,54.647428632946685,0.5190522716170005,run-20260727-191402-74e7,2026-07-27T19:14:02Z
vrf/VFR300_20_9_Gap,Large,300,20,IG-idle-rcl,123,16479,55.924422360025346,0.6289692232535418,run-20260727-191458-7a08,2026-07-27T19:14:58Z
vrf/VFR300_20_9_Gap,Large,300,20,IG-idle-rcl,456,16450,56.19046547310427,0.4518808011724475,run-20260727-191555-8dc2,2026-07-27T19:15:55Z
vrf/VFR300_20_9_Gap,Large,300,20,IG-idle-rcl,789,16479,55.673199142096564,0.6289692232535418,run-20260727-191650-d581,2026-07-27T19:16:50Z
vrf/VFR300_20_9_Gap,Large,300,20,IG-idle-rcl,2025,16479,55.37240379897412,0.6289692232535418,run-20260727-191746-f175,2026-07-27T19:17:46Z
vrf/VFR300_40_10_Gap,Large,300,40,IG-idle-rcl,42,18590,104.51986920600757,1.0271180914080758,run-20260727-191930-59f8,2026-07-27T19:19:30Z
vrf/VFR300_40_10_Gap,Large,300,40,IG-idle-rcl,123,18636,111.40342972998042,1.2771045051899352,run-20260727-192122-afd9,2026-07-27T19:21:22Z
vrf/VFR300_40_10_Gap,Large,300,40,IG-idle-rcl,456,18621,113.37690523196943,1.1955871963480245,run-20260727-192315-43de,2026-07-27T19:23:15Z
vrf/VFR300_40_10_Gap,Large,300,40,IG-idle-rcl,789,18595,113.85856956092175,1.0542905276887127,run-20260727-192509-b1a0,2026-07-27T19:25:09Z
vrf/VFR300_40_10_Gap,Large,300,40,IG-idle-rcl,2025,18605,104.25194589304738,1.1086354002499865,run-20260727-192653-265c,2026-07-27T19:26:53Z
vrf/VFR300_40_1_Gap,Large,300,40,IG-idle-rcl,42,18525,108.68428735190537,1.2405727401901847,run-20260727-192842-d3b2,2026-07-27T19:28:42Z
vrf/VFR300_40_1_Gap,Large,300,40,IG-idle-rcl,123,18537,109.19359942898154,1.3061536779975953,run-20260727-193031-672a,2026-07-27T19:30:31Z
vrf/VFR300_40_1_Gap,Large,300,40,IG-idle-rcl,456,18531,116.2721697629895,1.27336320909389,run-20260727-193227-062a,2026-07-27T19:32:27Z
vrf/VFR300_40_1_Gap,Large,300,40,IG-idle-rcl,789,18450,112.04827845294494,0.8306918788938682,run-20260727-193419-36fc,2026-07-27T19:34:19Z
vrf/VFR300_40_1_Gap,Large,300,40,IG-idle-rcl,2025,18462,110.31744075391907,0.8962728167012788,run-20260727-193610-f6d2,2026-07-27T19:36:10Z
vrf/VFR300_40_2_Gap,Large,300,40,IG-idle-rcl,42,18655,107.48309124202933,1.0891947545247642,run-20260727-193757-4f71,2026-07-27T19:37:57Z
vrf/VFR300_40_2_Gap,Large,300,40,IG-idle-rcl,123,18687,105.01140373107046,1.2625988945486073,run-20260727-193942-5951,2026-07-27T19:39:42Z
vrf/VFR300_40_2_Gap,Large,300,40,IG-idle-rcl,456,18686,106.08239752589725,1.2571800151728623,run-20260727-194128-80dd,2026-07-27T19:41:28Z
vrf/VFR300_40_2_Gap,Large,300,40,IG-idle-rcl,789,18677,106.49848785798531,1.2084101007911563,run-20260727-194315-6307,2026-07-27T19:43:15Z
vrf/VFR300_40_2_Gap,Large,300,40,IG-idle-rcl,2025,18681,109.1460336149903,1.2300856182941369,run-20260727-194504-4cbc,2026-07-27T19:45:04Z
vrf/VFR300_40_3_Gap,Large,300,40,IG-idle-rcl,42,18691,103.35488098696806,1.2678116703689657,run-20260727-194647-b4b4,2026-07-27T19:46:47Z
vrf/VFR300_40_3_Gap,Large,300,40,IG-idle-rcl,123,18700,115.08196400199085,1.316573657690849,run-20260727-194842-555c,2026-07-27T19:48:42Z
vrf/VFR300_40_3_Gap,Large,300,40,IG-idle-rcl,456,18719,106.83018870698288,1.419515630925936,run-20260727-195029-c27d,2026-07-27T19:50:29Z
vrf/VFR300_40_3_Gap,Large,300,40,IG-idle-rcl,789,18643,108.54010043898597,1.0077477379855881,run-20260727-195218-86be,2026-07-27T19:52:18Z
vrf/VFR300_40_3_Gap,Large,300,40,IG-idle-rcl,2025,18673,110.8466611149488,1.170287695725199,run-20260727-195408-1b11,2026-07-27T19:54:08Z
vrf/VFR300_40_4_Gap,Large,300,40,IG-idle-rcl,42,18608,108.4691568929702,1.4004686393112091,run-20260727-195557-2810,2026-07-27T19:55:57Z
vrf/VFR300_40_4_Gap,Large,300,40,IG-idle-rcl,123,18565,109.50833162898198,1.16614898370661,run-20260727-195746-4326,2026-07-27T19:57:46Z
vrf/VFR300_40_4_Gap,Large,300,40,IG-idle-rcl,456,18603,110.2769711969886,1.373222167729279,run-20260727-195937-dda8,2026-07-27T19:59:37Z
vrf/VFR300_40_4_Gap,Large,300,40,IG-idle-rcl,789,18635,110.46180563198868,1.547599585853632,run-20260727-200127-9cf8,2026-07-27T20:01:27Z
vrf/VFR300_40_4_Gap,Large,300,40,IG-idle-rcl,2025,18620,109.90557630895637,1.4658601711078416,run-20260727-200317-b5ad,2026-07-27T20:03:17Z
vrf/VFR300_40_5_Gap,Large,300,40,IG-idle-rcl,42,18735,107.49800960801076,1.357931183726466,run-20260727-200505-dbaa,2026-07-27T20:05:05Z
vrf/VFR300_40_5_Gap,Large,300,40,IG-idle-rcl,123,18695,112.12327764497604,1.1415278078338023,run-20260727-200657-37df,2026-07-27T20:06:57Z
vrf/VFR300_40_5_Gap,Large,300,40,IG-idle-rcl,456,18649,112.22865536995232,0.8926639255572387,run-20260727-200849-5bd3,2026-07-27T20:08:49Z
vrf/VFR300_40_5_Gap,Large,300,40,IG-idle-rcl,789,18635,109.13798313005827,0.8169227439948064,run-20260727-201038-3f56,2026-07-27T20:10:38Z
vrf/VFR300_40_5_Gap,Large,300,40,IG-idle-rcl,2025,18691,109.34048546396662,1.1198874702445358,run-20260727-201227-3e9b,2026-07-27T20:12:27Z
vrf/VFR300_40_6_Gap,Large,300,40,IG-idle-rcl,42,18643,108.59230202890467,1.0515475093501003,run-20260727-201416-1106,2026-07-27T20:14:16Z
vrf/VFR300_40_6_Gap,Large,300,40,IG-idle-rcl,123,18625,114.81389660597779,0.9539812455959673,run-20260727-201611-8f42,2026-07-27T20:16:11Z
vrf/VFR300_40_6_Gap,Large,300,40,IG-idle-rcl,456,18609,104.95901167299598,0.8672556778145157,run-20260727-201756-8e6e,2026-07-27T20:17:56Z
vrf/VFR300_40_6_Gap,Large,300,40,IG-idle-rcl,789,18680,103.01026389398612,1.252100384844707,run-20260727-201939-d47a,2026-07-27T20:19:39Z
vrf/VFR300_40_6_Gap,Large,300,40,IG-idle-rcl,2025,18624,105.23921628796961,0.9485608976096266,run-20260727-202124-5ae5,2026-07-27T20:21:24Z
vrf/VFR300_40_7_Gap,Large,300,40,IG-idle-rcl,42,18655,106.78578007395845,1.2812856289700851,run-20260727-202311-87b6,2026-07-27T20:23:11Z
vrf/VFR300_40_7_Gap,Large,300,40,IG-idle-rcl,123,18591,112.32975680695381,0.9338183397578588,run-20260727-202503-68bd,2026-07-27T20:25:03Z
vrf/VFR300_40_7_Gap,Large,300,40,IG-idle-rcl,456,18581,103.70963483292144,0.8795265758184483,run-20260727-202647-2cd0,2026-07-27T20:26:47Z
vrf/VFR300_40_7_Gap,Large,300,40,IG-idle-rcl,789,18678,110.2527685899986,1.406156686030729,run-20260727-202837-f6fb,2026-07-27T20:28:37Z
vrf/VFR300_40_7_Gap,Large,300,40,IG-idle-rcl,2025,18611,111.9736883159494,1.0424018676366795,run-20260727-203029-29a9,2026-07-27T20:30:29Z
vrf/VFR300_40_8_Gap,Large,300,40,IG-idle-rcl,42,18559,104.43714776996057,0.9080034797738147,run-20260727-203214-684e,2026-07-27T20:32:14Z
vrf/VFR300_40_8_Gap,Large,300,40,IG-idle-rcl,123,18529,107.79541590204462,0.7448890822096563,run-20260727-203401-b18c,2026-07-27T20:34:01Z
vrf/VFR300_40_8_Gap,Large,300,40,IG-idle-rcl,456,18558,112.53012779902201,0.9025663331883428,run-20260727-203554-6a22,2026-07-27T20:35:54Z
vrf/VFR300_40_8_Gap,Large,300,40,IG-idle-rcl,789,18546,110.34918552904855,0.8373205741626795,run-20260727-203744-d7d2,2026-07-27T20:37:44Z
vrf/VFR300_40_8_Gap,Large,300,40,IG-idle-rcl,2025,18583,107.20262179197744,1.0384949978251414,run-20260727-203932-a71f,2026-07-27T20:39:32Z
vrf/VFR300_40_9_Gap,Large,300,40,IG-idle-rcl,42,18590,113.61555739701726,1.065564858105904,run-20260727-204125-7a3b,2026-07-27T20:41:25Z
vrf/VFR300_40_9_Gap,Large,300,40,IG-idle-rcl,123,18612,111.77557299600448,1.1851690768728933,run-20260727-204317-07e4,2026-07-27T20:43:17Z
vrf/VFR300_40_9_Gap,Large,300,40,IG-idle-rcl,456,18617,104.85443144699093,1.2123518538653908,run-20260727-204502-4b6b,2026-07-27T20:45:02Z
vrf/VFR300_40_9_Gap,Large,300,40,IG-idle-rcl,789,18522,108.71097825805191,0.6958790910079373,run-20260727-204650-95bc,2026-07-27T20:46:50Z
vrf/VFR300_40_9_Gap,Large,300,40,IG-idle-rcl,2025,18557,111.00475538906176,0.8861585299554202,run-20260727-204841-e6de,2026-07-27T20:48:41Z
vrf/VFR300_60_10_Gap,Large,300,60,IG-idle-rcl,42,20688,163.64826208609156,1.0550996483001172,run-20260727-205125-20c2,2026-07-27T20:51:25Z
vrf/VFR300_60_10_Gap,Large,300,60,IG-idle-rcl,123,20687,166.2075377610745,1.0502149277061352,run-20260727-205411-12bc,2026-07-27T20:54:11Z
vrf/VFR300_60_10_Gap,Large,300,60,IG-idle-rcl,456,20679,163.84975525306072,1.011137162954279,run-20260727-205655-acdf,2026-07-27T20:56:55Z
vrf/VFR300_60_10_Gap,Large,300,60,IG-idle-rcl,789,20686,159.85355322505347,1.045330207112153,run-20260727-205935-395d,2026-07-27T20:59:35Z
vrf/VFR300_60_10_Gap,Large,300,60,IG-idle-rcl,2025,20680,161.53250963997561,1.016021883548261,run-20260727-210217-126e,2026-07-27T21:02:17Z
vrf/VFR300_60_1_Gap,Large,300,60,IG-idle-rcl,42,20812,165.69210574100725,1.4131176298606374,run-20260727-210502-7f17,2026-07-27T21:05:02Z
vrf/VFR300_60_1_Gap,Large,300,60,IG-idle-rcl,123,20840,155.83468961704057,1.5495565734333885,run-20260727-210738-52f0,2026-07-27T21:07:38Z
vrf/VFR300_60_1_Gap,Large,300,60,IG-idle-rcl,456,20766,163.0971630680142,1.1889679368482604,run-20260727-211021-8bd4,2026-07-27T21:10:21Z
vrf/VFR300_60_1_Gap,Large,300,60,IG-idle-rcl,789,20785,152.37192174396478,1.2815515057011988,run-20260727-211254-660a,2026-07-27T21:12:54Z
vrf/VFR300_60_1_Gap,Large,300,60,IG-idle-rcl,2025,20777,161.6729369070381,1.2425689503946984,run-20260727-211535-f489,2026-07-27T21:15:35Z
vrf/VFR300_60_2_Gap,Large,300,60,IG-idle-rcl,42,20656,163.6348563079955,1.2598656796901808,run-20260727-211819-57ac,2026-07-27T21:18:19Z
vrf/VFR300_60_2_Gap,Large,300,60,IG-idle-rcl,123,20641,157.1692465969827,1.1863326633658513,run-20260727-212056-f462,2026-07-27T21:20:56Z
vrf/VFR300_60_2_Gap,Large,300,60,IG-idle-rcl,456,20591,162.012581704068,0.9412226089514192,run-20260727-212338-7b68,2026-07-27T21:23:38Z
vrf/VFR300_60_2_Gap,Large,300,60,IG-idle-rcl,789,20630,156.40135962190107,1.1324084513946762,run-20260727-212615-2314,2026-07-27T21:26:15Z
vrf/VFR300_60_2_Gap,Large,300,60,IG-idle-rcl,2025,20600,164.89585403900128,0.9853424187460169,run-20260727-212859-34f2,2026-07-27T21:28:59Z
vrf/VFR300_60_3_Gap,Large,300,60,IG-idle-rcl,42,20641,175.91834242106415,1.013017519819908,run-20260727-213155-1e13,2026-07-27T21:31:55Z
vrf/VFR300_60_3_Gap,Large,300,60,IG-idle-rcl,123,20734,171.20966491405852,1.4681413330723305,run-20260727-213447-a16d,2026-07-27T21:34:47Z
vrf/VFR300_60_3_Gap,Large,300,60,IG-idle-rcl,456,20669,171.05450596602168,1.1500440442399922,run-20260727-213738-aab3,2026-07-27T21:37:38Z
vrf/VFR300_60_3_Gap,Large,300,60,IG-idle-rcl,789,20667,164.13626652094536,1.1402564353528433,run-20260727-214022-3d01,2026-07-27T21:40:22Z
vrf/VFR300_60_3_Gap,Large,300,60,IG-idle-rcl,2025,20699,172.47414806403685,1.2968581775472252,run-20260727-214314-0822,2026-07-27T21:43:14Z
vrf/VFR300_60_4_Gap,Large,300,60,IG-idle-rcl,42,20661,162.2850523990346,1.3042412355969601,run-20260727-214557-0bae,2026-07-27T21:45:57Z
vrf/VFR300_60_4_Gap,Large,300,60,IG-idle-rcl,123,20621,175.35733177000657,1.1081147340034323,run-20260727-214852-f5ec,2026-07-27T21:48:52Z
vrf/VFR300_60_4_Gap,Large,300,60,IG-idle-rcl,456,20725,161.8398117480101,1.6180436381466046,run-20260727-215134-528b,2026-07-27T21:51:34Z
vrf/VFR300_60_4_Gap,Large,300,60,IG-idle-rcl,789,20580,167.30314229696523,0.9070850698700662,run-20260727-215421-f770,2026-07-27T21:54:21Z
vrf/VFR300_60_4_Gap,Large,300,60,IG-idle-rcl,2025,20635,160.02695181197487,1.1767590095611669,run-20260727-215701-b58b,2026-07-27T21:57:01Z
vrf/VFR300_60_5_Gap,Large,300,60,IG-idle-rcl,42,20600,160.66823696298525,1.2732903987021287,run-20260727-215942-971c,2026-07-27T21:59:42Z
vrf/VFR300_60_5_Gap,Large,300,60,IG-idle-rcl,123,20521,167.5880565890111,0.8849122462022516,run-20260727-220229-af94,2026-07-27T22:02:29Z
vrf/VFR300_60_5_Gap,Large,300,60,IG-idle-rcl,456,20556,168.24864447303116,1.056978516297134,run-20260727-220518-eb01,2026-07-27T22:05:18Z
vrf/VFR300_60_5_Gap,Large,300,60,IG-idle-rcl,789,20614,168.28110324696172,1.3421169067400815,run-20260727-220806-bc2b,2026-07-27T22:08:06Z
vrf/VFR300_60_5_Gap,Large,300,60,IG-idle-rcl,2025,20474,173.1180661949329,0.6538518263605526,run-20260727-221059-bb50,2026-07-27T22:10:59Z
vrf/VFR300_60_6_Gap,Large,300,60,IG-idle-rcl,42,20519,157.34368789789733,0.6425348244065137,run-20260727-221336-4d33,2026-07-27T22:13:36Z
vrf/VFR300_60_6_Gap,Large,300,60,IG-idle-rcl,123,20538,168.77859955199528,0.7357268981753973,run-20260727-221625-85d6,2026-07-27T22:16:25Z
vrf/VFR300_60_6_Gap,Large,300,60,IG-idle-rcl,456,20499,165.659282641951,0.544437904649794,run-20260727-221911-5757,2026-07-27T22:19:11Z
vrf/VFR300_60_6_Gap,Large,300,60,IG-idle-rcl,789,20591,164.48809030698612,0.9956837355307043,run-20260727-222155-bd71,2026-07-27T22:21:55Z
vrf/VFR300_60_6_Gap,Large,300,60,IG-idle-rcl,2025,20581,145.90230109205004,0.9466352756523445,run-20260727-222421-a186,2026-07-27T22:24:21Z
vrf/VFR300_60_7_Gap,Large,300,60,IG-idle-rcl,42,20766,163.8824122910155,1.5104854084176564,run-20260727-222705-a073,2026-07-27T22:27:05Z
vrf/VFR300_60_7_Gap,Large,300,60,IG-idle-rcl,123,20752,158.5077155129984,1.4420491763210637,run-20260727-222944-3005,2026-07-27T22:29:44Z
vrf/VFR300_60_7_Gap,Large,300,60,IG-idle-rcl,456,20681,157.7886350780027,1.0949797135454857,run-20260727-223221-f4fb,2026-07-27T22:32:21Z
vrf/VFR300_60_7_Gap,Large,300,60,IG-idle-rcl,789,20779,161.31903661799151,1.5740333382216356,run-20260727-223503-db58,2026-07-27T22:35:03Z
vrf/VFR300_60_7_Gap,Large,300,60,IG-idle-rcl,2025,20686,165.22082456899807,1.1194212250085545,run-20260727-223748-2e50,2026-07-27T22:37:48Z
vrf/VFR300_60_8_Gap,Large,300,60,IG-idle-rcl,42,20622,168.55447783402633,1.0387065164135227,run-20260727-224036-86a7,2026-07-27T22:40:36Z
vrf/VFR300_60_8_Gap,Large,300,60,IG-idle-rcl,123,20687,159.90900040592533,1.3571778539931407,run-20260727-224316-a93f,2026-07-27T22:43:16Z
vrf/VFR300_60_8_Gap,Large,300,60,IG-idle-rcl,456,20671,163.9852877460653,1.2787849093581578,run-20260727-224600-27ce,2026-07-27T22:46:00Z
vrf/VFR300_60_8_Gap,Large,300,60,IG-idle-rcl,789,20676,160.26756547600962,1.30328270455659,run-20260727-224841-756e,2026-07-27T22:48:41Z
vrf/VFR300_60_8_Gap,Large,300,60,IG-idle-rcl,2025,20661,167.626086757984,1.2297893189612934,run-20260727-225128-be9c,2026-07-27T22:51:28Z
vrf/VFR300_60_9_Gap,Large,300,60,IG-idle-rcl,42,20721,160.75484505400527,0.8370236994500949,run-20260727-225409-1762,2026-07-27T22:54:09Z
vrf/VFR300_60_9_Gap,Large,300,60,IG-idle-rcl,123,20800,159.45478099607863,1.2214706311742665,run-20260727-225649-b0a9,2026-07-27T22:56:49Z
vrf/VFR300_60_9_Gap,Large,300,60,IG-idle-rcl,456,20729,165.3615321390098,0.8759550343082388,run-20260727-225934-9089,2026-07-27T22:59:34Z
vrf/VFR300_60_9_Gap,Large,300,60,IG-idle-rcl,789,20758,166.17894020595122,1.0170811231690107,run-20260727-230220-2ea3,2026-07-27T23:02:20Z
vrf/VFR300_60_9_Gap,Large,300,60,IG-idle-rcl,2025,20721,158.3447799589485,0.8370236994500949,run-20260727-230458-1475,2026-07-27T23:04:58Z
vrf/VFR400_20_10_Gap,Large,400,20,IG-idle-rcl,42,21574,81.0179852640722,0.16714643885226113,run-20260727-230619-45ff,2026-07-27T23:06:19Z
vrf/VFR400_20_10_Gap,Large,400,20,IG-idle-rcl,123,21586,82.1596483750036,0.22286191846968148,run-20260727-230742-fab7,2026-07-27T23:07:42Z
vrf/VFR400_20_10_Gap,Large,400,20,IG-idle-rcl,456,21581,77.99135320994537,0.19964713529575634,run-20260727-230900-91c2,2026-07-27T23:09:00Z
vrf/VFR400_20_10_Gap,Large,400,20,IG-idle-rcl,789,21578,78.98409084801096,0.18571826539140124,run-20260727-231019-361c,2026-07-27T23:10:19Z
vrf/VFR400_20_10_Gap,Large,400,20,IG-idle-rcl,2025,21574,80.88060889509507,0.16714643885226113,run-20260727-231139-f456,2026-07-27T23:11:39Z
vrf/VFR400_20_1_Gap,Large,400,20,IG-idle-rcl,42,21231,84.42914598307107,0.5255681818181818,run-20260727-231304-7094,2026-07-27T23:13:04Z
vrf/VFR400_20_1_Gap,Large,400,20,IG-idle-rcl,123,21231,84.78339734498877,0.5255681818181818,run-20260727-231429-da9c,2026-07-27T23:14:29Z
vrf/VFR400_20_1_Gap,Large,400,20,IG-idle-rcl,456,21199,84.59751034807414,0.3740530303030303,run-20260727-231553-0778,2026-07-27T23:15:53Z
vrf/VFR400_20_1_Gap,Large,400,20,IG-idle-rcl,789,21171,84.50343410205096,0.24147727272727273,run-20260727-231718-1c68,2026-07-27T23:17:18Z
vrf/VFR400_20_1_Gap,Large,400,20,IG-idle-rcl,2025,21208,87.7998646380147,0.4166666666666667,run-20260727-231846-c50a,2026-07-27T23:18:46Z
vrf/VFR400_20_2_Gap,Large,400,20,IG-idle-rcl,42,21538,82.97787732305005,0.3774991844153423,run-20260727-232009-bbdc,2026-07-27T23:20:09Z
vrf/VFR400_20_2_Gap,Large,400,20,IG-idle-rcl,123,21533,87.36333506600931,0.3541967656242718,run-20260727-232136-dbc1,2026-07-27T23:21:36Z
vrf/VFR400_20_2_Gap,Large,400,20,IG-idle-rcl,456,21497,86.12965661101043,0.1864193503285641,run-20260727-232302-b515,2026-07-27T23:23:02Z
vrf/VFR400_20_2_Gap,Large,400,20,IG-idle-rcl,789,21520,82.78324556793086,0.29361047676748847,run-20260727-232425-7959,2026-07-27T23:24:25Z
vrf/VFR400_20_2_Gap,Large,400,20,IG-idle-rcl,2025,21534,82.28220944595523,0.3588572493824859,run-20260727-232547-d771,2026-07-27T23:25:47Z
vrf/VFR400_20_3_Gap,Large,400,20,IG-idle-rcl,42,21521,79.0438902080059,0.37311692551653375,run-20260727-232706-9a63,2026-07-27T23:27:06Z
vrf/VFR400_20_3_Gap,Large,400,20,IG-idle-rcl,123,21585,75.84167100000195,0.6716104659297607,run-20260727-232822-53c2,2026-07-27T23:28:22Z
vrf/VFR400_20_3_Gap,Large,400,20,IG-idle-rcl,456,21605,79.4557863069931,0.7648896973088942,run-20260727-232941-eb75,2026-07-27T23:29:41Z
vrf/VFR400_20_3_Gap,Large,400,20,IG-idle-rcl,789,21596,76.54384776996449,0.7229140431882841,run-20260727-233058-b773,2026-07-27T23:30:58Z
vrf/VFR400_20_3_Gap,Large,400,20,IG-idle-rcl,2025,21629,76.2347651689779,0.8768247749638542,run-20260727-233214-70de,2026-07-27T23:32:14Z
vrf/VFR400_20_4_Gap,Large,400,20,IG-idle-rcl,42,21303,85.99806932802312,0.26356662117004753,run-20260727-233340-6c5e,2026-07-27T23:33:40Z
vrf/VFR400_20_4_Gap,Large,400,20,IG-idle-rcl,123,21348,82.96884721505921,0.47536122746740717,run-20260727-233503-aa67,2026-07-27T23:35:03Z
vrf/VFR400_20_4_Gap,Large,400,20,IG-idle-rcl,456,21381,82.44229642790742,0.6306772720854709,run-20260727-233626-b3d2,2026-07-27T23:36:26Z
vrf/VFR400_20_4_Gap,Large,400,20,IG-idle-rcl,789,21326,86.31600913195871,0.37181719772203137,run-20260727-233752-19d0,2026-07-27T23:37:52Z
vrf/VFR400_20_4_Gap,Large,400,20,IG-idle-rcl,2025,21324,80.98910657397937,0.36240410410881535,run-20260727-233913-98ef,2026-07-27T23:39:13Z
vrf/VFR400_20_5_Gap,Large,400,20,IG-idle-rcl,42,21587,83.12960187904537,0.15775066116085928,run-20260727-234036-10ac,2026-07-27T23:40:36Z
vrf/VFR400_20_5_Gap,Large,400,20,IG-idle-rcl,123,21602,82.4384521470638,0.2273465410847678,run-20260727-234159-89f3,2026-07-27T23:41:59Z
vrf/VFR400_20_5_Gap,Large,400,20,IG-idle-rcl,456,21587,82.43678711401299,0.15775066116085928,run-20260727-234321-3f19,2026-07-27T23:43:21Z
vrf/VFR400_20_5_Gap,Large,400,20,IG-idle-rcl,789,21588,82.10167880705558,0.16239038648911985,run-20260727-234443-3169,2026-07-27T23:44:43Z
vrf/VFR400_20_5_Gap,Large,400,20,IG-idle-rcl,2025,21585,82.68083080707584,0.14847121050433815,run-20260727-234606-a487,2026-07-27T23:46:06Z
vrf/VFR400_20_6_Gap,Large,400,20,IG-idle-rcl,42,21356,81.99274218594655,0.6693692844348073,run-20260727-234728-7159,2026-07-27T23:47:28Z
vrf/VFR400_20_6_Gap,Large,400,20,IG-idle-rcl,123,21361,82.82128255791031,0.6929386254360328,run-20260727-234851-39d4,2026-07-27T23:48:51Z
vrf/VFR400_20_6_Gap,Large,400,20,IG-idle-rcl,456,21389,85.11106006300543,0.8249269350428962,run-20260727-235016-3bd4,2026-07-27T23:50:16Z
vrf/VFR400_20_6_Gap,Large,400,20,IG-idle-rcl,789,21301,87.11338681099005,0.4101065334213255,run-20260727-235143-d529,2026-07-27T23:51:43Z
vrf/VFR400_20_6_Gap,Large,400,20,IG-idle-rcl,2025,21361,83.46635027299635,0.6929386254360328,run-20260727-235306-27dc,2026-07-27T23:53:06Z
vrf/VFR400_20_7_Gap,Large,400,20,IG-idle-rcl,42,21698,84.62442403007299,0.3375722543352601,run-20260727-235431-9004,2026-07-27T23:54:31Z
vrf/VFR400_20_7_Gap,Large,400,20,IG-idle-rcl,123,21720,82.9888014649041,0.4393063583815029,run-20260727-235554-497b,2026-07-27T23:55:54Z
vrf/VFR400_20_7_Gap,Large,400,20,IG-idle-rcl,456,21704,83.34674483409617,0.3653179190751445,run-20260727-235717-038e,2026-07-27T23:57:17Z
vrf/VFR400_20_7_Gap,Large,400,20,IG-idle-rcl,789,21769,79.88807029696181,0.6658959537572254,run-20260727-235837-bb85,2026-07-27T23:58:37Z
vrf/VFR400_20_7_Gap,Large,400,20,IG-idle-rcl,2025,21713,82.84621861798223,0.4069364161849711,run-20260728-000000-d9c2,2026-07-28T00:00:00Z
vrf/VFR400_20_8_Gap,Large,400,20,IG-idle-rcl,42,21380,80.56201321899425,0.48409080227475676,run-20260728-000121-11e2,2026-07-28T00:01:21Z
vrf/VFR400_20_8_Gap,Large,400,20,IG-idle-rcl,123,21402,80.79186519491486,0.5874888377120835,run-20260728-000241-833e,2026-07-28T00:02:41Z
vrf/VFR400_20_8_Gap,Large,400,20,IG-idle-rcl,456,21371,81.13631517603062,0.44179160595948674,run-20260728-000403-32f4,2026-07-28T00:04:03Z
vrf/VFR400_20_8_Gap,Large,400,20,IG-idle-rcl,789,21369,84.2226507270243,0.43239178455609345,run-20260728-000527-e64f,2026-07-28T00:05:27Z
vrf/VFR400_20_8_Gap,Large,400,20,IG-idle-rcl,2025,21355,82.70114649296738,0.36659303473234006,run-20260728-000649-f9f5,2026-07-28T00:06:49Z
vrf/VFR400_20_9_Gap,Large,400,20,IG-idle-rcl,42,21380,83.83994811598677,0.1592804272463225,run-20260728-000813-5a55,2026-07-28T00:08:13Z
vrf/VFR400_20_9_Gap,Large,400,20,IG-idle-rcl,123,21414,80.66823315795045,0.318560854492645,run-20260728-000934-183c,2026-07-28T00:09:34Z
vrf/VFR400_20_9_Gap,Large,400,20,IG-idle-rcl,456,21415,81.98050991795026,0.32324557294106626,run-20260728-001056-41bf,2026-07-28T00:10:56Z
vrf/VFR400_20_9_Gap,Large,400,20,IG-idle-rcl,789,21405,83.6617382740369,0.2763983884568537,run-20260728-001220-d3b4,2026-07-28T00:12:20Z
vrf/VFR400_20_9_Gap,Large,400,20,IG-idle-rcl,2025,21413,80.80270701693371,0.31387613604422376,run-20260728-001340-6714,2026-07-28T00:13:40Z
vrf/VFR400_40_10_Gap,Large,400,40,IG-idle-rcl,42,23905,162.8604994280031,0.7799325463743676,run-20260728-001623-b1d5,2026-07-28T00:16:23Z
vrf/VFR400_40_10_Gap,Large,400,40,IG-idle-rcl,123,24001,169.74644533009268,1.184654300168634,run-20260728-001913-b612,2026-07-28T00:19:13Z
vrf/VFR400_40_10_Gap,Large,400,40,IG-idle-rcl,456,23960,158.41636843502056,1.0118043844856661,run-20260728-002151-d949,2026-07-28T00:21:51Z
vrf/VFR400_40_10_Gap,Large,400,40,IG-idle-rcl,789,23960,164.92839916492812,1.0118043844856661,run-20260728-002436-a261,2026-07-28T00:24:36Z
vrf/VFR400_40_10_Gap,Large,400,40,IG-idle-rcl,2025,23954,157.6885823350167,0.9865092748735245,run-20260728-002714-ba12,2026-07-28T00:27:14Z
vrf/VFR400_40_1_Gap,Large,400,40,IG-idle-rcl,42,23713,163.10311368701514,0.572567647807278,run-20260728-002957-b496,2026-07-28T00:29:57Z
vrf/VFR400_40_1_Gap,Large,400,40,IG-idle-rcl,123,23717,153.0900979009457,0.5895326151497159,run-20260728-003230-577f,2026-07-28T00:32:30Z
vrf/VFR400_40_1_Gap,Large,400,40,IG-idle-rcl,456,23758,161.4284123990219,0.763423530409704,run-20260728-003512-7e61,2026-07-28T00:35:12Z
vrf/VFR400_40_1_Gap,Large,400,40,IG-idle-rcl,789,23761,153.0488876689924,0.7761472559165323,run-20260728-003745-b90c,2026-07-28T00:37:45Z
vrf/VFR400_40_1_Gap,Large,400,40,IG-idle-rcl,2025,23782,163.45832386205439,0.8652133344643311,run-20260728-004028-1bc6,2026-07-28T00:40:28Z
vrf/VFR400_40_2_Gap,Large,400,40,IG-idle-rcl,42,23725,165.45520194096025,1.1468281036834924,run-20260728-004314-23e0,2026-07-28T00:43:14Z
vrf/VFR400_40_2_Gap,Large,400,40,IG-idle-rcl,123,23716,163.67714229191188,1.1084583901773533,run-20260728-004557-75a9,2026-07-28T00:45:57Z
vrf/VFR400_40_2_Gap,Large,400,40,IG-idle-rcl,456,23676,164.70527658297215,0.9379263301500682,run-20260728-004842-19b1,2026-07-28T00:48:42Z
vrf/VFR400_40_2_Gap,Large,400,40,IG-idle-rcl,789,23702,162.5219046609709,1.0487721691678036,run-20260728-005125-7a0a,2026-07-28T00:51:25Z
vrf/VFR400_40_2_Gap,Large,400,40,IG-idle-rcl,2025,23690,159.93325858202297,0.997612551159618,run-20260728-005405-6318,2026-07-28T00:54:05Z
vrf/VFR400_40_3_Gap,Large,400,40,IG-idle-rcl,42,23849,154.51837193395477,1.1622481442205725,run-20260728-005639-24c3,2026-07-28T00:56:39Z
vrf/VFR400_40_3_Gap,Large,400,40,IG-idle-rcl,123,23933,166.88146450999193,1.5185577942735948,run-20260728-005926-238d,2026-07-28T00:59:26Z
vrf/VFR400_40_3_Gap,Large,400,40,IG-idle-rcl,456,23793,160.66884139203466,0.9247083775185578,run-20260728-010207-c1b1,2026-07-28T01:02:07Z
vrf/VFR400_40_3_Gap,Large,400,40,IG-idle-rcl,789,23796,159.25615233799908,0.9374337221633086,run-20260728-010446-fef7,2026-07-28T01:04:46Z
vrf/VFR400_40_3_Gap,Large,400,40,IG-idle-rcl,2025,23716,156.76491968892515,0.5980911983032874,run-20260728-010723-d06d,2026-07-28T01:07:23Z
vrf/VFR400_40_4_Gap,Large,400,40,IG-idle-rcl,42,23578,167.20522154099308,0.7219445512409757,run-20260728-011010-0f1c,2026-07-28T01:10:10Z
vrf/VFR400_40_4_Gap,Large,400,40,IG-idle-rcl,123,23755,158.28937417105772,1.4780639924815242,run-20260728-011248-d8c9,2026-07-28T01:12:48Z
vrf/VFR400_40_4_Gap,Large,400,40,IG-idle-rcl,456,23677,162.14564515696838,1.1448588149856893,run-20260728-011530-a7a9,2026-07-28T01:15:30Z
vrf/VFR400_40_4_Gap,Large,400,40,IG-idle-rcl,789,23662,159.9537691270234,1.0807808962364902,run-20260728-011810-efdc,2026-07-28T01:18:10Z
vrf/VFR400_40_4_Gap,Large,400,40,IG-idle-rcl,2025,23592,166.3851794899674,0.7817506087402282,run-20260728-012057-b81c,2026-07-28T01:20:57Z
vrf/VFR400_40_5_Gap,Large,400,40,IG-idle-rcl,42,23533,159.9573583229212,0.8312267020866361,run-20260728-012337-6df0,2026-07-28T01:23:37Z
vrf/VFR400_40_5_Gap,Large,400,40,IG-idle-rcl,123,23467,166.93461780808866,0.548438236428296,run-20260728-012624-2f22,2026-07-28T01:26:24Z
vrf/VFR400_40_5_Gap,Large,400,40,IG-idle-rcl,456,23519,161.22150277905166,0.7712412699772913,run-20260728-012905-cd42,2026-07-28T01:29:05Z
vrf/VFR400_40_5_Gap,Large,400,40,IG-idle-rcl,789,23482,161.99099580396432,0.6127083422597369,run-20260728-013147-8281,2026-07-28T01:31:47Z
vrf/VFR400_40_5_Gap,Large,400,40,IG-idle-rcl,2025,23553,164.8210370040033,0.9169201765285574,run-20260728-013432-afd6,2026-07-28T01:34:32Z
vrf/VFR400_40_6_Gap,Large,400,40,IG-idle-rcl,42,23737,167.0254832500359,1.2497867258147073,run-20260728-013719-6fc7,2026-07-28T01:37:19Z
vrf/VFR400_40_6_Gap,Large,400,40,IG-idle-rcl,123,23738,163.16417231597006,1.2540522095205597,run-20260728-014002-0dfb,2026-07-28T01:40:02Z
vrf/VFR400_40_6_Gap,Large,400,40,IG-idle-rcl,456,23703,166.11612372205127,1.104760279815731,run-20260728-014248-41ee,2026-07-28T01:42:48Z
vrf/VFR400_40_6_Gap,Large,400,40,IG-idle-rcl,789,23759,166.69042616407387,1.3436273673434567,run-20260728-014535-ee90,2026-07-28T01:45:35Z
vrf/VFR400_40_6_Gap,Large,400,40,IG-idle-rcl,2025,23724,156.31660794501659,1.1943354376386282,run-20260728-014811-3ec3,2026-07-28T01:48:11Z
vrf/VFR400_40_7_Gap,Large,400,40,IG-idle-rcl,42,23804,154.4083703920478,1.0528103243335032,run-20260728-015045-8130,2026-07-28T01:50:45Z
vrf/VFR400_40_7_Gap,Large,400,40,IG-idle-rcl,123,23787,162.90019705705345,0.9806418746816098,run-20260728-015328-93b5,2026-07-28T01:53:28Z
vrf/VFR400_40_7_Gap,Large,400,40,IG-idle-rcl,456,23752,163.70096043101512,0.8320597724571235,run-20260728-015612-f4b1,2026-07-28T01:56:12Z
vrf/VFR400_40_7_Gap,Large,400,40,IG-idle-rcl,789,23804,166.02205867297016,1.0528103243335032,run-20260728-015858-af9c,2026-07-28T01:58:58Z
vrf/VFR400_40_7_Gap,Large,400,40,IG-idle-rcl,2025,23898,159.77640149299987,1.4518593988792665,run-20260728-020138-fe8c,2026-07-28T02:01:38Z
vrf/VFR400_40_8_Gap,Large,400,40,IG-idle-rcl,42,23664,159.95163926295936,1.0806885652043912,run-20260728-020418-f273,2026-07-28T02:04:18Z
vrf/VFR400_40_8_Gap,Large,400,40,IG-idle-rcl,123,23668,155.22177558206022,1.0977745504250138,run-20260728-020653-39b0,2026-07-28T02:06:53Z
vrf/VFR400_40_8_Gap,Large,400,40,IG-idle-rcl,456,23667,167.24320608598646,1.0935030541198583,run-20260728-020940-ba53,2026-07-28T02:09:40Z
vrf/VFR400_40_8_Gap,Large,400,40,IG-idle-rcl,789,23555,167.4937358449679,0.6150954679424202,run-20260728-021228-6ac8,2026-07-28T02:12:28Z
vrf/VFR400_40_8_Gap,Large,400,40,IG-idle-rcl,2025,23559,164.81115616008174,0.632181453163043,run-20260728-021513-0322,2026-07-28T02:15:13Z
vrf/VFR400_40_9_Gap,Large,400,40,IG-idle-rcl,42,23825,151.73984182009008,0.7953632017599526,run-20260728-021744-2171,2026-07-28T02:17:44Z
vrf/VFR400_40_9_Gap,Large,400,40,IG-idle-rcl,123,23704,159.08846004493535,0.2834539070101959,run-20260728-022023-d4fc,2026-07-28T02:20:23Z
vrf/VFR400_40_9_Gap,Large,400,40,IG-idle-rcl,456,23802,156.23153832694516,0.6980581292042137,run-20260728-022300-27cc,2026-07-28T02:23:00Z
vrf/VFR400_40_9_Gap,Large,400,40,IG-idle-rcl,789,23733,159.053690472967,0.40614291153699705,run-20260728-022539-5114,2026-07-28T02:25:39Z
vrf/VFR400_40_9_Gap,Large,400,40,IG-idle-rcl,2025,23811,156.7923541360069,0.7361340271608072,run-20260728-022815-aced,2026-07-28T02:28:15Z
vrf/VFR400_60_10_Gap,Large,400,60,IG-idle-rcl,42,26108,239.78726167604327,1.3233981449140373,run-20260728-023215-93db,2026-07-28T02:32:15Z
vrf/VFR400_60_10_Gap,Large,400,60,IG-idle-rcl,123,26149,237.19874686503317,1.482516396941825,run-20260728-023612-19b8,2026-07-28T02:36:12Z
vrf/VFR400_60_10_Gap,Large,400,60,IG-idle-rcl,456,26120,244.7127521430375,1.3699693406294873,run-20260728-024017-8609,2026-07-28T02:40:17Z
vrf/VFR400_60_10_Gap,Large,400,60,IG-idle-rcl,789,26041,245.39429642702453,1.0633756355027748,run-20260728-024423-565d,2026-07-28T02:44:23Z
vrf/VFR400_60_10_Gap,Large,400,60,IG-idle-rcl,2025,26104,232.91391827596817,1.3078744130088873,run-20260728-024815-5b01,2026-07-28T02:48:15Z
vrf/VFR400_60_1_Gap,Large,400,60,IG-idle-rcl,42,25821,248.72596613201313,0.8357089858241887,run-20260728-025224-b1a5,2026-07-28T02:52:24Z
vrf/VFR400_60_1_Gap,Large,400,60,IG-idle-rcl,123,25809,236.1762861669995,0.7888467997032061,run-20260728-025620-21dc,2026-07-28T02:56:20Z
vrf/VFR400_60_1_Gap,Large,400,60,IG-idle-rcl,456,25835,249.74533791700378,0.8903815362986683,run-20260728-030030-1de5,2026-07-28T03:00:30Z
vrf/VFR400_60_1_Gap,Large,400,60,IG-idle-rcl,789,25866,253.20470133097842,1.0114421837778733,run-20260728-030443-45b1,2026-07-28T03:04:43Z
vrf/VFR400_60_1_Gap,Large,400,60,IG-idle-rcl,2025,25899,237.15651194390375,1.1403131956105752,run-20260728-030840-e1c1,2026-07-28T03:08:40Z
vrf/VFR400_60_2_Gap,Large,400,60,IG-idle-rcl,42,25935,219.42097262106836,1.087464920486436,run-20260728-031220-9885,2026-07-28T03:12:20Z
vrf/VFR400_60_2_Gap,Large,400,60,IG-idle-rcl,123,25962,235.5744969889056,1.1927034611786718,run-20260728-031616-fc98,2026-07-28T03:16:16Z
vrf/VFR400_60_2_Gap,Large,400,60,IG-idle-rcl,456,26003,245.1975421300158,1.3525101340816963,run-20260728-032021-a0ca,2026-07-28T03:20:21Z
vrf/VFR400_60_2_Gap,Large,400,60,IG-idle-rcl,789,25917,243.0315479079727,1.0173058933582788,run-20260728-032424-d2df,2026-07-28T03:24:24Z
vrf/VFR400_60_2_Gap,Large,400,60,IG-idle-rcl,2025,25954,237.81702986196615,1.1615216713439351,run-20260728-032822-7bb9,2026-07-28T03:28:22Z
vrf/VFR400_60_3_Gap,Large,400,60,IG-idle-rcl,42,26107,241.2348811540287,1.1076255760814842,run-20260728-033223-9e93,2026-07-28T03:32:23Z
vrf/VFR400_60_3_Gap,Large,400,60,IG-idle-rcl,123,26121,256.0622128590476,1.1618450098756825,run-20260728-033639-ec08,2026-07-28T03:36:39Z
vrf/VFR400_60_3_Gap,Large,400,60,IG-idle-rcl,456,26072,237.03156331391074,0.9720769915959878,run-20260728-034036-0e93,2026-07-28T03:40:36Z
vrf/VFR400_60_3_Gap,Large,400,60,IG-idle-rcl,789,25984,252.2343213899294,0.6312691220324542,run-20260728-034448-dd93,2026-07-28T03:44:48Z
vrf/VFR400_60_3_Gap,Large,400,60,IG-idle-rcl,2025,26103,254.00817424501292,1.0921343092831417,run-20260728-034902-3155,2026-07-28T03:49:02Z
vrf/VFR400_60_4_Gap,Large,400,60,IG-idle-rcl,42,26122,244.7133484799415,1.103069241785037,run-20260728-035307-1ec0,2026-07-28T03:53:07Z
vrf/VFR400_60_4_Gap,Large,400,60,IG-idle-rcl,123,26188,251.36548946099356,1.3585168556720981,run-20260728-035718-fc25,2026-07-28T03:57:18Z
vrf/VFR400_60_4_Gap,Large,400,60,IG-idle-rcl,456,26094,246.73666939104442,0.9946975268026473,run-20260728-040125-55e9,2026-07-28T04:01:25Z
vrf/VFR400_60_4_Gap,Large,400,60,IG-idle-rcl,789,26124,248.98144134995528,1.1108100785694934,run-20260728-040534-007b,2026-07-28T04:05:34Z
vrf/VFR400_60_4_Gap,Large,400,60,IG-idle-rcl,2025,26109,248.14526619692333,1.0527538026860703,run-20260728-040942-8ac3,2026-07-28T04:09:42Z
vrf/VFR400_60_5_Gap,Large,400,60,IG-idle-rcl,42,25991,245.25886637193616,0.4405456583066043,run-20260728-041347-c0cb,2026-07-28T04:13:47Z
vrf/VFR400_60_5_Gap,Large,400,60,IG-idle-rcl,123,26011,245.7280272579519,0.5178343702902191,run-20260728-041753-91c1,2026-07-28T04:17:53Z
vrf/VFR400_60_5_Gap,Large,400,60,IG-idle-rcl,456,26023,254.25255581503734,0.564207597480388,run-20260728-042207-5ff1,2026-07-28T04:22:07Z
vrf/VFR400_60_5_Gap,Large,400,60,IG-idle-rcl,789,26049,242.98718796495814,0.6646829230590873,run-20260728-042610-6a0d,2026-07-28T04:26:10Z
vrf/VFR400_60_5_Gap,Large,400,60,IG-idle-rcl,2025,26128,250.16295870300382,0.9699733353943657,run-20260728-043021-2463,2026-07-28T04:30:21Z
vrf/VFR400_60_6_Gap,Large,400,60,IG-idle-rcl,42,25833,254.74975211301353,1.1630639097744362,run-20260728-043435-7626,2026-07-28T04:34:35Z
vrf/VFR400_60_6_Gap,Large,400,60,IG-idle-rcl,123,25851,246.0199273210019,1.2335526315789473,run-20260728-043841-0dba,2026-07-28T04:38:41Z
vrf/VFR400_60_6_Gap,Large,400,60,IG-idle-rcl,456,25834,240.67380741401576,1.1669799498746867,run-20260728-044242-0715,2026-07-28T04:42:42Z
vrf/VFR400_60_6_Gap,Large,400,60,IG-idle-rcl,789,25762,222.0532379199285,0.8850250626566416,run-20260728-044624-6732,2026-07-28T04:46:24Z
vrf/VFR400_60_6_Gap,Large,400,60,IG-idle-rcl,2025,25822,247.7825660359813,1.119987468671679,run-20260728-045032-81e5,2026-07-28T04:50:32Z
vrf/VFR400_60_7_Gap,Large,400,60,IG-idle-rcl,42,25857,242.8683094760636,1.00390625,run-20260728-045435-1aa0,2026-07-28T04:54:35Z
vrf/VFR400_60_7_Gap,Large,400,60,IG-idle-rcl,123,25748,247.17828010802623,0.578125,run-20260728-045842-6383,2026-07-28T04:58:42Z
vrf/VFR400_60_7_Gap,Large,400,60,IG-idle-rcl,456,25790,238.1146359430859,0.7421875,run-20260728-050240-23d9,2026-07-28T05:02:40Z
vrf/VFR400_60_7_Gap,Large,400,60,IG-idle-rcl,789,25700,246.88950435398147,0.390625,run-20260728-050647-dfd0,2026-07-28T05:06:47Z
vrf/VFR400_60_7_Gap,Large,400,60,IG-idle-rcl,2025,25841,235.8662051790161,0.94140625,run-20260728-051043-e32b,2026-07-28T05:10:43Z
vrf/VFR400_60_8_Gap,Large,400,60,IG-idle-rcl,42,25982,244.78722266294062,0.7054263565891473,run-20260728-051448-ad1f,2026-07-28T05:14:48Z
vrf/VFR400_60_8_Gap,Large,400,60,IG-idle-rcl,123,26000,243.90501739899628,0.7751937984496124,run-20260728-051852-ef1d,2026-07-28T05:18:52Z
vrf/VFR400_60_8_Gap,Large,400,60,IG-idle-rcl,456,26046,257.06137277709786,0.9534883720930233,run-20260728-052309-8609,2026-07-28T05:23:09Z
vrf/VFR400_60_8_Gap,Large,400,60,IG-idle-rcl,789,26030,237.75890751101542,0.8914728682170543,run-20260728-052706-00ea,2026-07-28T05:27:06Z
vrf/VFR400_60_8_Gap,Large,400,60,IG-idle-rcl,2025,25970,256.1073127660202,0.6589147286821705,run-20260728-053122-b325,2026-07-28T05:31:22Z
vrf/VFR400_60_9_Gap,Large,400,60,IG-idle-rcl,42,26173,243.54770602006465,1.1243335136388224,run-20260728-053526-9000,2026-07-28T05:35:26Z
vrf/VFR400_60_9_Gap,Large,400,60,IG-idle-rcl,123,26137,245.33515131892636,0.985240707827834,run-20260728-053931-11f5,2026-07-28T05:39:31Z
vrf/VFR400_60_9_Gap,Large,400,60,IG-idle-rcl,456,26068,254.37083322706167,0.718646163356773,run-20260728-054346-b262,2026-07-28T05:43:46Z
vrf/VFR400_60_9_Gap,Large,400,60,IG-idle-rcl,789,26146,259.68329157098196,1.020013909280581,run-20260728-054805-769b,2026-07-28T05:48:05Z
vrf/VFR400_60_9_Gap,Large,400,60,IG-idle-rcl,2025,26141,254.04680182994343,1.0006954640290548,run-20260728-055219-346c,2026-07-28T05:52:19Z
vrf/VFR500_20_10_Gap,Large,500,20,IG-idle-rcl,42,26171,117.32090099202469,0.37971770481742867,run-20260728-055417-6dfe,2026-07-28T05:54:17Z
vrf/VFR500_20_10_Gap,Large,500,20,IG-idle-rcl,123,26180,115.5847967689624,0.41423749616446764,run-20260728-055612-2234,2026-07-28T05:56:12Z
vrf/VFR500_20_10_Gap,Large,500,20,IG-idle-rcl,456,26117,117.63189710408915,0.17259895673519485,run-20260728-055810-c9c6,2026-07-28T05:58:10Z
vrf/VFR500_20_10_Gap,Large,500,20,IG-idle-rcl,789,26125,119.83929320599418,0.2032832157103406,run-20260728-060010-93b7,2026-07-28T06:00:10Z
vrf/VFR500_20_10_Gap,Large,500,20,IG-idle-rcl,2025,26176,116.91300568601582,0.39889536667689474,run-20260728-060207-4a58,2026-07-28T06:02:07Z
vrf/VFR500_20_1_Gap,Large,500,20,IG-idle-rcl,42,26528,114.45054466999136,0.44299723600015145,run-20260728-060401-2987,2026-07-28T06:04:01Z
vrf/VFR500_20_1_Gap,Large,500,20,IG-idle-rcl,123,26529,109.50356137601193,0.44678353716254593,run-20260728-060551-18e1,2026-07-28T06:05:51Z
vrf/VFR500_20_1_Gap,Large,500,20,IG-idle-rcl,456,26542,110.8873511729762,0.4960054522736739,run-20260728-060742-e450,2026-07-28T06:07:42Z
vrf/VFR500_20_1_Gap,Large,500,20,IG-idle-rcl,789,26557,113.77783010504209,0.5527999697095907,run-20260728-060935-27b5,2026-07-28T06:09:35Z
vrf/VFR500_20_1_Gap,Large,500,20,IG-idle-rcl,2025,26559,114.14761598000769,0.5603725720343796,run-20260728-061130-f84d,2026-07-28T06:11:30Z
vrf/VFR500_20_2_Gap,Large,500,20,IG-idle-rcl,42,26755,113.35889191890601,0.27735092387841537,run-20260728-061323-96bf,2026-07-28T06:13:23Z
vrf/VFR500_20_2_Gap,Large,500,20,IG-idle-rcl,123,26739,111.0495877910871,0.21738315655335258,run-20260728-061514-5b87,2026-07-28T06:15:14Z
vrf/VFR500_20_2_Gap,Large,500,20,IG-idle-rcl,456,26761,109.12974613998085,0.2998388366253139,run-20260728-061703-a102,2026-07-28T06:17:03Z
vrf/VFR500_20_2_Gap,Large,500,20,IG-idle-rcl,789,26776,114.04090681602247,0.35605861849256026,run-20260728-061857-3879,2026-07-28T06:18:57Z
vrf/VFR500_20_2_Gap,Large,500,20,IG-idle-rcl,2025,26728,113.64711279701442,0.1761553165173719,run-20260728-062051-da8c,2026-07-28T06:20:51Z
vrf/VFR500_20_3_Gap,Large,500,20,IG-idle-rcl,42,26477,113.70139962795656,0.2574879775833996,run-20260728-062245-627c,2026-07-28T06:22:45Z
vrf/VFR500_20_3_Gap,Large,500,20,IG-idle-rcl,123,26546,111.34902321104892,0.5187625430724374,run-20260728-062436-9562,2026-07-28T06:24:36Z
vrf/VFR500_20_3_Gap,Large,500,20,IG-idle-rcl,456,26566,115.48315883299801,0.594494301185202,run-20260728-062631-6cc5,2026-07-28T06:26:31Z
vrf/VFR500_20_3_Gap,Large,500,20,IG-idle-rcl,789,26524,115.12636612902861,0.4354576091483964,run-20260728-062826-9751,2026-07-28T06:28:26Z
vrf/VFR500_20_3_Gap,Large,500,20,IG-idle-rcl,2025,26502,114.64737985702232,0.35215267522435534,run-20260728-063021-e76b,2026-07-28T06:30:21Z
vrf/VFR500_20_4_Gap,Large,500,20,IG-idle-rcl,42,26233,114.3402059560176,0.4172408513244526,run-20260728-063215-f1a6,2026-07-28T06:32:15Z
vrf/VFR500_20_4_Gap,Large,500,20,IG-idle-rcl,123,26224,115.56980803306215,0.38278977185729596,run-20260728-063411-1e76,2026-07-28T06:34:11Z
vrf/VFR500_20_4_Gap,Large,500,20,IG-idle-rcl,456,26241,113.46894781303126,0.4478640330730363,run-20260728-063605-ea7c,2026-07-28T06:36:05Z
vrf/VFR500_20_4_Gap,Large,500,20,IG-idle-rcl,789,26247,113.7398544830503,0.47083141938447404,run-20260728-063758-d65a,2026-07-28T06:37:58Z
vrf/VFR500_20_4_Gap,Large,500,20,IG-idle-rcl,2025,26191,113.09021618997212,0.2564691471443883,run-20260728-063951-a9c5,2026-07-28T06:39:51Z
vrf/VFR500_20_5_Gap,Large,500,20,IG-idle-rcl,42,26872,109.52121530997101,0.3397931369254322,run-20260728-064141-4cc9,2026-07-28T06:41:41Z
vrf/VFR500_20_5_Gap,Large,500,20,IG-idle-rcl,123,26872,105.56047843210399,0.3397931369254322,run-20260728-064326-d68e,2026-07-28T06:43:26Z
vrf/VFR500_20_5_Gap,Large,500,20,IG-idle-rcl,456,26827,109.18513525195885,0.17176356372054816,run-20260728-064516-9a7f,2026-07-28T06:45:16Z
vrf/VFR500_20_5_Gap,Large,500,20,IG-idle-rcl,789,26872,106.18502244306728,0.3397931369254322,run-20260728-064702-7043,2026-07-28T06:47:02Z
vrf/VFR500_20_5_Gap,Large,500,20,IG-idle-rcl,2025,26839,106.23317642102484,0.21657144990851723,run-20260728-064848-5065,2026-07-28T06:48:48Z
vrf/VFR500_20_6_Gap,Large,500,20,IG-idle-rcl,42,26466,115.83936782402452,0.08697954089929281,run-20260728-065044-0585,2026-07-28T06:50:44Z
vrf/VFR500_20_6_Gap,Large,500,20,IG-idle-rcl,123,26505,113.82210189593025,0.23446658851113716,run-20260728-065238-6eab,2026-07-28T06:52:38Z
vrf/VFR500_20_6_Gap,Large,500,20,IG-idle-rcl,456,26510,113.54149660898838,0.2533751843588095,run-20260728-065431-676d,2026-07-28T06:54:31Z
vrf/VFR500_20_6_Gap,Large,500,20,IG-idle-rcl,789,26466,114.95477151102386,0.08697954089929281,run-20260728-065626-462e,2026-07-28T06:56:26Z
vrf/VFR500_20_6_Gap,Large,500,20,IG-idle-rcl,2025,26466,112.2232635099208,0.08697954089929281,run-20260728-065818-fd8c,2026-07-28T06:58:18Z
vrf/VFR500_20_7_Gap,Large,500,20,IG-idle-rcl,42,26528,111.6364015599247,0.3593992358037302,run-20260728-070010-bc72,2026-07-28T07:00:10Z
vrf/VFR500_20_7_Gap,Large,500,20,IG-idle-rcl,123,26510,115.64216477202717,0.29130253849354976,run-20260728-070206-af06,2026-07-28T07:02:06Z
vrf/VFR500_20_7_Gap,Large,500,20,IG-idle-rcl,456,26493,115.82492731802631,0.22698899103393486,run-20260728-070402-e79b,2026-07-28T07:04:02Z
vrf/VFR500_20_7_Gap,Large,500,20,IG-idle-rcl,789,26493,111.63584051805083,0.22698899103393486,run-20260728-070553-4afa,2026-07-28T07:05:53Z
vrf/VFR500_20_7_Gap,Large,500,20,IG-idle-rcl,2025,26504,113.72426386503503,0.26860363939015625,run-20260728-070747-8126,2026-07-28T07:07:47Z
vrf/VFR500_20_8_Gap,Large,500,20,IG-idle-rcl,42,26462,115.44964813801926,0.5471540390607189,run-20260728-070942-f72c,2026-07-28T07:09:42Z
vrf/VFR500_20_8_Gap,Large,500,20,IG-idle-rcl,123,26407,113.55057693307754,0.33817159358613874,run-20260728-071136-e869,2026-07-28T07:11:36Z
vrf/VFR500_20_8_Gap,Large,500,20,IG-idle-rcl,456,26397,119.53832874097861,0.30017478531803327,run-20260728-071335-dcca,2026-07-28T07:13:35Z
vrf/VFR500_20_8_Gap,Large,500,20,IG-idle-rcl,789,26445,113.9753435109742,0.48255946500493957,run-20260728-071529-6241,2026-07-28T07:15:29Z
vrf/VFR500_20_8_Gap,Large,500,20,IG-idle-rcl,2025,26469,120.2102781109279,0.5737518048483927,run-20260728-071730-8471,2026-07-28T07:17:30Z
vrf/VFR500_20_9_Gap,Large,500,20,IG-idle-rcl,42,26562,113.16760980000254,0.4538234626730202,run-20260728-071923-3961,2026-07-28T07:19:23Z
vrf/VFR500_20_9_Gap,Large,500,20,IG-idle-rcl,123,26514,115.28703070699703,0.27229407760381213,run-20260728-072118-df98,2026-07-28T07:21:18Z
vrf/VFR500_20_9_Gap,Large,500,20,IG-idle-rcl,456,26574,110.89713645703159,0.49920580894032224,run-20260728-072309-a909,2026-07-28T07:23:09Z
vrf/VFR500_20_9_Gap,Large,500,20,IG-idle-rcl,789,26527,114.65003272506874,0.321458286060056,run-20260728-072504-4e54,2026-07-28T07:25:04Z
vrf/VFR500_20_9_Gap,Large,500,20,IG-idle-rcl,2025,26539,111.59093841200229,0.366840632327358,run-20260728-072655-9caf,2026-07-28T07:26:55Z
vrf/VFR500_40_10_Gap,Large,500,40,IG-idle-rcl,42,28973,226.7249087500386,0.7476180541066834,run-20260728-073042-31ee,2026-07-28T07:30:42Z
vrf/VFR500_40_10_Gap,Large,500,40,IG-idle-rcl,123,29011,219.69975803303532,0.879755198553446,run-20260728-073422-1632,2026-07-28T07:34:22Z
vrf/VFR500_40_10_Gap,Large,500,40,IG-idle-rcl,456,29017,230.51184814691078,0.9006189582029348,run-20260728-073812-2518,2026-07-28T07:38:12Z
vrf/VFR500_40_10_Gap,Large,500,40,IG-idle-rcl,789,28967,225.44205054303166,0.7267542944571945,run-20260728-074158-5fe1,2026-07-28T07:41:58Z
vrf/VFR500_40_10_Gap,Large,500,40,IG-idle-rcl,2025,29028,226.42393597506452,0.9388691842269977,run-20260728-074544-5950,2026-07-28T07:45:44Z
vrf/VFR500_40_1_Gap,Large,500,40,IG-idle-rcl,42,28806,226.88428513798863,0.9037410676754939,run-20260728-074931-af60,2026-07-28T07:49:31Z
vrf/VFR500_40_1_Gap,Large,500,40,IG-idle-rcl,123,28853,223.79267878795508,1.0683760683760684,run-20260728-075315-6c27,2026-07-28T07:53:15Z
vrf/VFR500_40_1_Gap,Large,500,40,IG-idle-rcl,456,28803,223.65536456892733,0.8932324506094997,run-20260728-075658-df9e,2026-07-28T07:56:58Z
vrf/VFR500_40_1_Gap,Large,500,40,IG-idle-rcl,789,28818,225.55955600796733,0.9457755359394704,run-20260728-080044-5e79,2026-07-28T08:00:44Z
vrf/VFR500_40_1_Gap,Large,500,40,IG-idle-rcl,2025,28803,223.99844910402317,0.8932324506094997,run-20260728-080428-a6d2,2026-07-28T08:04:28Z
vrf/VFR500_40_2_Gap,Large,500,40,IG-idle-rcl,42,28976,214.6078913010424,0.6355711457645956,run-20260728-080803-c1cc,2026-07-28T08:08:03Z
vrf/VFR500_40_2_Gap,Large,500,40,IG-idle-rcl,123,28881,224.8898645740701,0.3056298405862536,run-20260728-081148-e7ba,2026-07-28T08:11:48Z
vrf/VFR500_40_2_Gap,Large,500,40,IG-idle-rcl,456,28933,218.02496383991092,0.4862292918417671,run-20260728-081526-3893,2026-07-28T08:15:26Z
vrf/VFR500_40_2_Gap,Large,500,40,IG-idle-rcl,789,28913,223.73629786795937,0.4167679644358004,run-20260728-081909-04a1,2026-07-28T08:19:09Z
vrf/VFR500_40_2_Gap,Large,500,40,IG-idle-rcl,2025,28981,217.62470963096712,0.6529364776160872,run-20260728-082247-0928,2026-07-28T08:22:47Z
vrf/VFR500_40_3_Gap,Large,500,40,IG-idle-rcl,42,28882,222.62015903904103,0.9613031775439578,run-20260728-082630-5196,2026-07-28T08:26:30Z
vrf/VFR500_40_3_Gap,Large,500,40,IG-idle-rcl,123,28855,221.74221892200876,0.8669206837487329,run-20260728-083011-9e47,2026-07-28T08:30:11Z
vrf/VFR500_40_3_Gap,Large,500,40,IG-idle-rcl,456,28877,217.92907962796744,0.9438249379522494,run-20260728-083349-77a1,2026-07-28T08:33:49Z
vrf/VFR500_40_3_Gap,Large,500,40,IG-idle-rcl,789,28886,220.24130247207358,0.9752857692173245,run-20260728-083729-227e,2026-07-28T08:37:29Z
vrf/VFR500_40_3_Gap,Large,500,40,IG-idle-rcl,2025,28879,222.48132034798618,0.9508162337889328,run-20260728-084112-33b1,2026-07-28T08:41:12Z
vrf/VFR500_40_4_Gap,Large,500,40,IG-idle-rcl,42,28944,218.36156386695802,0.40238656861384764,run-20260728-084450-5112,2026-07-28T08:44:50Z
vrf/VFR500_40_4_Gap,Large,500,40,IG-idle-rcl,123,28980,221.04802215704694,0.5272651588733176,run-20260728-084831-9459,2026-07-28T08:48:31Z
vrf/VFR500_40_4_Gap,Large,500,40,IG-idle-rcl,456,28968,224.335627290071,0.48563896212016094,run-20260728-085216-0bdc,2026-07-28T08:52:16Z
vrf/VFR500_40_4_Gap,Large,500,40,IG-idle-rcl,789,28991,218.39026357000694,0.5654225058970446,run-20260728-085554-3440,2026-07-28T08:55:54Z
vrf/VFR500_40_4_Gap,Large,500,40,IG-idle-rcl,2025,28947,219.92532289295923,0.4127931178021368,run-20260728-085934-6f98,2026-07-28T08:59:34Z
vrf/VFR500_40_5_Gap,Large,500,40,IG-idle-rcl,42,28893,224.03866174991708,0.7321409894362514,run-20260728-090318-dd98,2026-07-28T09:03:18Z
vrf/VFR500_40_5_Gap,Large,500,40,IG-idle-rcl,123,29014,222.2698108969489,1.1539936547780916,run-20260728-090700-5179,2026-07-28T09:07:00Z
vrf/VFR500_40_5_Gap,Large,500,40,IG-idle-rcl,456,28871,225.39764900994487,0.6554405048286441,run-20260728-091046-340a,2026-07-28T09:10:46Z
vrf/VFR500_40_5_Gap,Large,500,40,IG-idle-rcl,789,28923,223.855206748005,0.8367325593557159,run-20260728-091430-4bda,2026-07-28T09:14:30Z
vrf/VFR500_40_5_Gap,Large,500,40,IG-idle-rcl,2025,29018,217.82550368807279,1.16793919743402,run-20260728-091807-e9be,2026-07-28T09:18:07Z
vrf/VFR500_40_6_Gap,Large,500,40,IG-idle-rcl,42,28832,221.21427625091746,1.0797924554760903,run-20260728-092149-cb56,2026-07-28T09:21:49Z
vrf/VFR500_40_6_Gap,Large,500,40,IG-idle-rcl,123,28787,219.93972352996934,0.9220305707474408,run-20260728-092529-a3e9,2026-07-28T09:25:29Z
vrf/VFR500_40_6_Gap,Large,500,40,IG-idle-rcl,456,28754,225.13426663400605,0.8063385219464311,run-20260728-092914-e545,2026-07-28T09:29:14Z
vrf/VFR500_40_6_Gap,Large,500,40,IG-idle-rcl,789,28716,226.75154973298777,0.6731173748422381,run-20260728-093301-69ef,2026-07-28T09:33:01Z
vrf/VFR500_40_6_Gap,Large,500,40,IG-idle-rcl,2025,28757,221.2529890210135,0.816855980928341,run-20260728-093642-7e30,2026-07-28T09:36:42Z
vrf/VFR500_40_7_Gap,Large,500,40,IG-idle-rcl,42,28956,221.57779279502574,0.6815020862308763,run-20260728-094023-08a2,2026-07-28T09:40:23Z
vrf/VFR500_40_7_Gap,Large,500,40,IG-idle-rcl,123,28963,231.38931612693705,0.7058414464534075,run-20260728-094415-e693,2026-07-28T09:44:15Z
vrf/VFR500_40_7_Gap,Large,500,40,IG-idle-rcl,456,28934,222.00645273097325,0.6050069541029207,run-20260728-094757-41c8,2026-07-28T09:47:57Z
vrf/VFR500_40_7_Gap,Large,500,40,IG-idle-rcl,789,28944,232.06581033498514,0.6397774687065368,run-20260728-095149-76eb,2026-07-28T09:51:49Z
vrf/VFR500_40_7_Gap,Large,500,40,IG-idle-rcl,2025,28859,220.62217334809247,0.3442280945757997,run-20260728-095529-7f4d,2026-07-28T09:55:29Z
vrf/VFR500_40_8_Gap,Large,500,40,IG-idle-rcl,42,28895,226.96545324393082,0.6864589866889679,run-20260728-095916-c4e6,2026-07-28T09:59:16Z
vrf/VFR500_40_8_Gap,Large,500,40,IG-idle-rcl,123,28879,226.18330630997662,0.6307059725416405,run-20260728-100303-989f,2026-07-28T10:03:03Z
vrf/VFR500_40_8_Gap,Large,500,40,IG-idle-rcl,456,28869,225.74075421702582,0.5958603386995609,run-20260728-100648-e8d8,2026-07-28T10:06:48Z
vrf/VFR500_40_8_Gap,Large,500,40,IG-idle-rcl,789,28922,224.39887807390187,0.7805421980625827,run-20260728-101033-8219,2026-07-28T10:10:33Z
vrf/VFR500_40_8_Gap,Large,500,40,IG-idle-rcl,2025,28876,226.37944262195379,0.6202522823890166,run-20260728-101419-11dd,2026-07-28T10:14:19Z
vrf/VFR500_40_9_Gap,Large,500,40,IG-idle-rcl,42,29095,224.8169571569888,0.7793557325943886,run-20260728-101804-5373,2026-07-28T10:18:04Z
vrf/VFR500_40_9_Gap,Large,500,40,IG-idle-rcl,123,29061,221.85074979893398,0.6615864218912366,run-20260728-102146-ac13,2026-07-28T10:21:46Z
vrf/VFR500_40_9_Gap,Large,500,40,IG-idle-rcl,456,29034,227.28937167604454,0.56806373397991,run-20260728-102533-8b56,2026-07-28T10:25:33Z
vrf/VFR500_40_9_Gap,Large,500,40,IG-idle-rcl,789,29088,219.96771143504884,0.7551091098025632,run-20260728-102913-a78c,2026-07-28T10:29:13Z
vrf/VFR500_40_9_Gap,Large,500,40,IG-idle-rcl,2025,29073,221.46061160904355,0.7031520609629373,run-20260728-103255-63f1,2026-07-28T10:32:55Z
vrf/VFR500_60_10_Gap,Large,500,60,IG-idle-rcl,42,31239,347.8038305140799,0.6086956521739131,run-20260728-103842-d7e6,2026-07-28T10:38:42Z
vrf/VFR500_60_10_Gap,Large,500,60,IG-idle-rcl,123,31242,343.3737688859692,0.6183574879227053,run-20260728-104426-0a94,2026-07-28T10:44:26Z
vrf/VFR500_60_10_Gap,Large,500,60,IG-idle-rcl,456,31243,333.1967554059811,0.6215780998389694,run-20260728-104959-935a,2026-07-28T10:49:59Z
vrf/VFR500_60_10_Gap,Large,500,60,IG-idle-rcl,789,31267,338.9693945130566,0.6988727858293076,run-20260728-105538-611f,2026-07-28T10:55:38Z
vrf/VFR500_60_10_Gap,Large,500,60,IG-idle-rcl,2025,31203,337.03759532398544,0.4927536231884058,run-20260728-110115-1aa3,2026-07-28T11:01:15Z
vrf/VFR500_60_1_Gap,Large,500,60,IG-idle-rcl,42,31135,343.69695917202625,0.8878519814652798,run-20260728-110659-827f,2026-07-28T11:06:59Z
vrf/VFR500_60_1_Gap,Large,500,60,IG-idle-rcl,123,31153,329.01668107206933,0.9461780240432909,run-20260728-111228-b00b,2026-07-28T11:12:28Z
vrf/VFR500_60_1_Gap,Large,500,60,IG-idle-rcl,456,31134,320.33920656098053,0.8846116457665014,run-20260728-111748-b60e,2026-07-28T11:17:48Z
vrf/VFR500_60_1_Gap,Large,500,60,IG-idle-rcl,789,31118,325.6153798950836,0.8327662745860471,run-20260728-112314-dd92,2026-07-28T11:23:14Z
vrf/VFR500_60_1_Gap,Large,500,60,IG-idle-rcl,2025,31167,340.3207746800035,0.9915427238261884,run-20260728-112854-1c08,2026-07-28T11:28:54Z
vrf/VFR500_60_2_Gap,Large,500,60,IG-idle-rcl,42,31057,334.50722519797273,0.7428311924224731,run-20260728-113429-589c,2026-07-28T11:34:29Z
vrf/VFR500_60_2_Gap,Large,500,60,IG-idle-rcl,123,31087,338.0859529969748,0.8401453224341507,run-20260728-114007-49c1,2026-07-28T11:40:07Z
vrf/VFR500_60_2_Gap,Large,500,60,IG-idle-rcl,456,31009,356.02380408602767,0.5871285844037888,run-20260728-114603-eecf,2026-07-28T11:46:03Z
vrf/VFR500_60_2_Gap,Large,500,60,IG-idle-rcl,789,31026,339.0037070810795,0.6422732580770728,run-20260728-115142-13cb,2026-07-28T11:51:42Z
vrf/VFR500_60_2_Gap,Large,500,60,IG-idle-rcl,2025,31036,345.5179888569983,0.6747113014142987,run-20260728-115727-66ec,2026-07-28T11:57:27Z
vrf/VFR500_60_3_Gap,Large,500,60,IG-idle-rcl,42,31403,338.02060464094393,0.8931726907630522,run-20260728-120305-110c,2026-07-28T12:03:05Z
vrf/VFR500_60_3_Gap,Large,500,60,IG-idle-rcl,123,31382,331.1285752990516,0.8257028112449799,run-20260728-120836-57d1,2026-07-28T12:08:36Z
vrf/VFR500_60_3_Gap,Large,500,60,IG-idle-rcl,456,31297,325.01091306703165,0.5526104417670683,run-20260728-121401-45eb,2026-07-28T12:14:01Z
vrf/VFR500_60_3_Gap,Large,500,60,IG-idle-rcl,789,31287,335.0569059900008,0.5204819277108433,run-20260728-121936-3843,2026-07-28T12:19:36Z
vrf/VFR500_60_3_Gap,Large,500,60,IG-idle-rcl,2025,31363,333.437771903933,0.7646586345381526,run-20260728-122510-d60f,2026-07-28T12:25:10Z
vrf/VFR500_60_4_Gap,Large,500,60,IG-idle-rcl,42,31317,335.08934414503165,1.2577599586135542,run-20260728-123045-fd6b,2026-07-28T12:30:45Z
vrf/VFR500_60_4_Gap,Large,500,60,IG-idle-rcl,123,31211,341.1549462679541,0.915028453181583,run-20260728-123626-c405,2026-07-28T12:36:26Z
vrf/VFR500_60_4_Gap,Large,500,60,IG-idle-rcl,456,31257,342.97712690592743,1.0637609932747025,run-20260728-124209-0ded,2026-07-28T12:42:09Z
vrf/VFR500_60_4_Gap,Large,500,60,IG-idle-rcl,789,31260,342.85682119301055,1.0734609415416452,run-20260728-124752-54a3,2026-07-28T12:47:52Z
vrf/VFR500_60_4_Gap,Large,500,60,IG-idle-rcl,2025,31268,343.6952622929821,1.099327470253492,run-20260728-125336-ca80,2026-07-28T12:53:36Z
vrf/VFR500_60_5_Gap,Large,500,60,IG-idle-rcl,42,31158,325.215342901065,0.7208663326329401,run-20260728-125901-0d6b,2026-07-28T12:59:01Z
vrf/VFR500_60_5_Gap,Large,500,60,IG-idle-rcl,123,31183,333.04717471404,0.8016809439146597,run-20260728-130434-ff38,2026-07-28T13:04:34Z
vrf/VFR500_60_5_Gap,Large,500,60,IG-idle-rcl,456,31159,335.9983630559873,0.7240989170842088,run-20260728-131010-cfec,2026-07-28T13:10:10Z
vrf/VFR500_60_5_Gap,Large,500,60,IG-idle-rcl,789,31133,341.9634272720432,0.6400517213512203,run-20260728-131552-f8a3,2026-07-28T13:15:52Z
vrf/VFR500_60_5_Gap,Large,500,60,IG-idle-rcl,2025,31199,335.8153725909069,0.8534022951349604,run-20260728-132128-3b63,2026-07-28T13:21:28Z
vrf/VFR500_60_6_Gap,Large,500,60,IG-idle-rcl,42,31293,340.9773240550421,0.8573178199632578,run-20260728-132709-942c,2026-07-28T13:27:09Z
vrf/VFR500_60_6_Gap,Large,500,60,IG-idle-rcl,123,31242,333.9821972780628,0.6929448544815806,run-20260728-133243-d1f2,2026-07-28T13:32:43Z
vrf/VFR500_60_6_Gap,Large,500,60,IG-idle-rcl,456,31417,340.3045058569405,1.2569697360363554,run-20260728-133823-53f8,2026-07-28T13:38:23Z
vrf/VFR500_60_6_Gap,Large,500,60,IG-idle-rcl,789,31198,336.4561070629861,0.5511328842620943,run-20260728-134359-dd5d,2026-07-28T13:43:59Z
vrf/VFR500_60_6_Gap,Large,500,60,IG-idle-rcl,2025,31216,357.0525629679905,0.6091468720791569,run-20260728-134957-5147,2026-07-28T13:49:57Z
vrf/VFR500_60_7_Gap,Large,500,60,IG-idle-rcl,42,31303,337.4468106270069,1.212493533367822,run-20260728-135534-27ba,2026-07-28T13:55:34Z
vrf/VFR500_60_7_Gap,Large,500,60,IG-idle-rcl,123,31296,339.962325869943,1.189860320744956,run-20260728-140114-c06f,2026-07-28T14:01:14Z
vrf/VFR500_60_7_Gap,Large,500,60,IG-idle-rcl,456,31211,327.0679319949122,0.915028453181583,run-20260728-140641-6e6e,2026-07-28T14:06:41Z
vrf/VFR500_60_7_Gap,Large,500,60,IG-idle-rcl,789,31253,325.64757414802443,1.050827728918779,run-20260728-141207-3774,2026-07-28T14:12:07Z
vrf/VFR500_60_7_Gap,Large,500,60,IG-idle-rcl,2025,31282,327.94190862705,1.144593895499224,run-20260728-141735-6ee6,2026-07-28T14:17:35Z
vrf/VFR500_60_8_Gap,Large,500,60,IG-idle-rcl,42,31320,334.93207812297624,1.0713824706337938,run-20260728-142310-1ff7,2026-07-28T14:23:10Z
vrf/VFR500_60_8_Gap,Large,500,60,IG-idle-rcl,123,31301,346.764055044041,1.0100684135794502,run-20260728-142856-6dbd,2026-07-28T14:28:56Z
vrf/VFR500_60_8_Gap,Large,500,60,IG-idle-rcl,456,31228,330.09900410601404,0.7744933522653931,run-20260728-143426-7d92,2026-07-28T14:34:26Z
vrf/VFR500_60_8_Gap,Large,500,60,IG-idle-rcl,789,31301,318.6229372889502,1.0100684135794502,run-20260728-143945-f5ca,2026-07-28T14:39:45Z
vrf/VFR500_60_8_Gap,Large,500,60,IG-idle-rcl,2025,31304,338.487470232998,1.0197495804827674,run-20260728-144524-de8c,2026-07-28T14:45:24Z
vrf/VFR500_60_9_Gap,Large,500,60,IG-idle-rcl,42,31185,324.36231867200695,0.6682161533991865,run-20260728-145048-8a34,2026-07-28T14:50:48Z
vrf/VFR500_60_9_Gap,Large,500,60,IG-idle-rcl,123,31175,342.8580286569195,0.6359351798050229,run-20260728-145631-db46,2026-07-28T14:56:31Z
vrf/VFR500_60_9_Gap,Large,500,60,IG-idle-rcl,456,31204,337.90417491307016,0.7295500032280974,run-20260728-150209-ca31,2026-07-28T15:02:09Z
vrf/VFR500_60_9_Gap,Large,500,60,IG-idle-rcl,789,31183,336.83249073300976,0.6617599586803538,run-20260728-150746-aa4d,2026-07-28T15:07:46Z
vrf/VFR500_60_9_Gap,Large,500,60,IG-idle-rcl,2025,31154,322.5636763420189,0.5681451352572794,run-20260728-151308-d9c7,2026-07-28T15:13:08Z
vrf/VFR600_20_10_Gap,Large,600,20,IG-idle-rcl,42,31186,157.41520503605716,0.1798907805974944,run-20260728-151546-4491,2026-07-28T15:15:46Z
vrf/VFR600_20_10_Gap,Large,600,20,IG-idle-rcl,123,31253,156.7542506980244,0.39511725024092514,run-20260728-151822-6b9e,2026-07-28T15:18:22Z
vrf/VFR600_20_10_Gap,Large,600,20,IG-idle-rcl,456,31256,154.67873209097888,0.40475425634436235,run-20260728-152057-3738,2026-07-28T15:20:57Z
vrf/VFR600_20_10_Gap,Large,600,20,IG-idle-rcl,789,31274,159.90400626999326,0.46257629296498554,run-20260728-152337-e0d1,2026-07-28T15:23:37Z
vrf/VFR600_20_10_Gap,Large,600,20,IG-idle-rcl,2025,31309,151.3640413909452,0.5750080308384196,run-20260728-152608-2b4d,2026-07-28T15:26:08Z
vrf/VFR600_20_1_Gap,Large,600,20,IG-idle-rcl,42,31468,155.51829559507314,0.11134794642573093,run-20260728-152844-15bd,2026-07-28T15:28:44Z
vrf/VFR600_20_1_Gap,Large,600,20,IG-idle-rcl,123,31495,154.78058059699833,0.19724493366843762,run-20260728-153119-c7a7,2026-07-28T15:31:19Z
vrf/VFR600_20_1_Gap,Large,600,20,IG-idle-rcl,456,31521,155.28234487504233,0.27996055101326633,run-20260728-153354-c1ab,2026-07-28T15:33:54Z
vrf/VFR600_20_1_Gap,Large,600,20,IG-idle-rcl,789,31506,159.831012277049,0.2322400025450959,run-20260728-153634-c1c9,2026-07-28T15:36:34Z
vrf/VFR600_20_1_Gap,Large,600,20,IG-idle-rcl,2025,31470,161.32895577698946,0.11771068622148698,run-20260728-153915-317d,2026-07-28T15:39:15Z
vrf/VFR600_20_2_Gap,Large,600,20,IG-idle-rcl,42,31463,155.13666139100678,0.14322999554395568,run-20260728-154150-06ac,2026-07-28T15:41:50Z
vrf/VFR600_20_2_Gap,Large,600,20,IG-idle-rcl,123,31512,155.64806367992423,0.2991915462473741,run-20260728-154426-c7ac,2026-07-28T15:44:26Z
vrf/VFR600_20_2_Gap,Large,600,20,IG-idle-rcl,456,31581,151.64056559104938,0.5188108727481062,run-20260728-154657-352d,2026-07-28T15:46:57Z
vrf/VFR600_20_2_Gap,Large,600,20,IG-idle-rcl,789,31501,155.57309764495585,0.26417976955885164,run-20260728-154933-7848,2026-07-28T15:49:33Z
vrf/VFR600_20_2_Gap,Large,600,20,IG-idle-rcl,2025,31536,158.17283753398806,0.3755808772041505,run-20260728-155211-6f65,2026-07-28T15:52:11Z
vrf/VFR600_20_3_Gap,Large,600,20,IG-idle-rcl,42,31591,153.75062827800866,0.5154475166247733,run-20260728-155445-635c,2026-07-28T15:54:45Z
vrf/VFR600_20_3_Gap,Large,600,20,IG-idle-rcl,123,31579,156.03361628588755,0.47726621909701233,run-20260728-155721-1a67,2026-07-28T15:57:21Z
vrf/VFR600_20_3_Gap,Large,600,20,IG-idle-rcl,456,31558,156.830692523974,0.4104489484234306,run-20260728-155958-6444,2026-07-28T15:59:58Z
vrf/VFR600_20_3_Gap,Large,600,20,IG-idle-rcl,789,31545,157.60643255501054,0.3690858761016895,run-20260728-160235-21b9,2026-07-28T16:02:35Z
vrf/VFR600_20_3_Gap,Large,600,20,IG-idle-rcl,2025,31548,159.22109596501105,0.37863120048362975,run-20260728-160515-3ce2,2026-07-28T16:05:15Z
vrf/VFR600_20_4_Gap,Large,600,20,IG-idle-rcl,42,31595,156.80716254294384,0.15215392905823058,run-20260728-160751-1a50,2026-07-28T16:07:51Z
vrf/VFR600_20_4_Gap,Large,600,20,IG-idle-rcl,123,31597,151.17964330001269,0.1584936761023235,run-20260728-161023-f4cd,2026-07-28T16:10:23Z
vrf/VFR600_20_4_Gap,Large,600,20,IG-idle-rcl,456,31611,150.5515969709959,0.2028719054109741,run-20260728-161253-8816,2026-07-28T16:12:53Z
vrf/VFR600_20_4_Gap,Large,600,20,IG-idle-rcl,789,31596,154.61817377491388,0.15532380258027706,run-20260728-161528-7ffd,2026-07-28T16:15:28Z
vrf/VFR600_20_4_Gap,Large,600,20,IG-idle-rcl,2025,31611,158.52524664299563,0.2028719054109741,run-20260728-161806-074b,2026-07-28T16:18:06Z
vrf/VFR600_20_5_Gap,Large,600,20,IG-idle-rcl,42,31546,147.03294364793692,0.3116255405749173,run-20260728-162033-5f63,2026-07-28T16:20:33Z
vrf/VFR600_20_5_Gap,Large,600,20,IG-idle-rcl,123,31557,150.13405675196555,0.3466039175782244,run-20260728-162304-6113,2026-07-28T16:23:04Z
vrf/VFR600_20_5_Gap,Large,600,20,IG-idle-rcl,456,31540,153.92816197301727,0.29254642584584073,run-20260728-162537-8f18,2026-07-28T16:25:37Z
vrf/VFR600_20_5_Gap,Large,600,20,IG-idle-rcl,789,31566,154.92954949999694,0.37522258967183925,run-20260728-162812-905d,2026-07-28T16:28:12Z
vrf/VFR600_20_5_Gap,Large,600,20,IG-idle-rcl,2025,31534,149.48483179300092,0.2734673111167642,run-20260728-163042-5b07,2026-07-28T16:30:42Z
vrf/VFR600_20_6_Gap,Large,600,20,IG-idle-rcl,42,31761,156.22892911499366,0.13872686571869974,run-20260728-163318-bd09,2026-07-28T16:33:18Z
vrf/VFR600_20_6_Gap,Large,600,20,IG-idle-rcl,123,31773,150.57385521393735,0.17656146546016332,run-20260728-163549-5706,2026-07-28T16:35:49Z
vrf/VFR600_20_6_Gap,Large,600,20,IG-idle-rcl,456,31769,154.63602967595216,0.1639499322130088,run-20260728-163823-5b59,2026-07-28T16:38:23Z
vrf/VFR600_20_6_Gap,Large,600,20,IG-idle-rcl,789,31806,148.69685659196693,0.28060661474918813,run-20260728-164052-01ff,2026-07-28T16:40:52Z
vrf/VFR600_20_6_Gap,Large,600,20,IG-idle-rcl,2025,31786,152.59196630201768,0.21754894851341552,run-20260728-164325-5fec,2026-07-28T16:43:25Z
vrf/VFR600_20_7_Gap,Large,600,20,IG-idle-rcl,42,31582,141.65806485002395,0.1744536429092524,run-20260728-164546-169d,2026-07-28T16:45:46Z
vrf/VFR600_20_7_Gap,Large,600,20,IG-idle-rcl,123,31555,141.95769410801586,0.08881276366289212,run-20260728-164808-5aa9,2026-07-28T16:48:08Z
vrf/VFR600_20_7_Gap,Large,600,20,IG-idle-rcl,456,31583,141.01625161408447,0.17762552732578424,run-20260728-165029-ffe8,2026-07-28T16:50:29Z
vrf/VFR600_20_7_Gap,Large,600,20,IG-idle-rcl,789,31583,140.17965024500154,0.17762552732578424,run-20260728-165249-8ea7,2026-07-28T16:52:49Z
vrf/VFR600_20_7_Gap,Large,600,20,IG-idle-rcl,2025,31585,142.15255358908325,0.18396929615884797,run-20260728-165512-d625,2026-07-28T16:55:12Z
vrf/VFR600_20_8_Gap,Large,600,20,IG-idle-rcl,42,31577,156.8526588260429,0.04118616144975288,run-20260728-165748-5273,2026-07-28T16:57:48Z
vrf/VFR600_20_8_Gap,Large,600,20,IG-idle-rcl,123,31598,156.6739128229674,0.10771765302243062,run-20260728-170025-39e4,2026-07-28T17:00:25Z
vrf/VFR600_20_8_Gap,Large,600,20,IG-idle-rcl,456,31611,156.63694627501536,0.1489038144721835,run-20260728-170302-a7b8,2026-07-28T17:03:02Z
vrf/VFR600_20_8_Gap,Large,600,20,IG-idle-rcl,789,31592,153.88266421493609,0.08870865543023698,run-20260728-170536-591c,2026-07-28T17:05:36Z
vrf/VFR600_20_8_Gap,Large,600,20,IG-idle-rcl,2025,31610,154.97511924803257,0.1457356482068179,run-20260728-170811-4b95,2026-07-28T17:08:11Z
vrf/VFR600_20_9_Gap,Large,600,20,IG-idle-rcl,42,31730,142.34808062098455,0.4845298793425595,run-20260728-171033-f48c,2026-07-28T17:10:33Z
vrf/VFR600_20_9_Gap,Large,600,20,IG-idle-rcl,123,31696,141.8640820190776,0.3768565728219907,run-20260728-171255-a6d1,2026-07-28T17:12:55Z
vrf/VFR600_20_9_Gap,Large,600,20,IG-idle-rcl,456,31733,141.5760815179674,0.49403046521202143,run-20260728-171516-f277,2026-07-28T17:15:16Z
vrf/VFR600_20_9_Gap,Large,600,20,IG-idle-rcl,789,31623,146.96315769595094,0.14567564999841656,run-20260728-171743-4935,2026-07-28T17:17:43Z
vrf/VFR600_20_9_Gap,Large,600,20,IG-idle-rcl,2025,31614,149.14637348102406,0.11717389239003072,run-20260728-172013-ea53,2026-07-28T17:20:13Z
vrf/VFR600_40_10_Gap,Large,600,40,IG-idle-rcl,42,33963,311.54171577701345,0.9541644373105047,run-20260728-172524-5bba,2026-07-28T17:25:24Z
vrf/VFR600_40_10_Gap,Large,600,40,IG-idle-rcl,123,34025,296.67872808489483,1.1384578800309137,run-20260728-173021-4d72,2026-07-28T17:30:21Z
vrf/VFR600_40_10_Gap,Large,600,40,IG-idle-rcl,456,33916,296.46231989597436,0.8144581178289043,run-20260728-173517-9bf1,2026-07-28T17:35:17Z
vrf/VFR600_40_10_Gap,Large,600,40,IG-idle-rcl,789,33913,302.9479473270476,0.8055406931811426,run-20260728-174020-5419,2026-07-28T17:40:20Z
vrf/VFR600_40_10_Gap,Large,600,40,IG-idle-rcl,2025,33930,312.12819485599175,0.8560727661851257,run-20260728-174532-2aa7,2026-07-28T17:45:32Z
vrf/VFR600_40_1_Gap,Large,600,40,IG-idle-rcl,42,34125,304.7633195259841,0.8451786400307337,run-20260728-175037-5152,2026-07-28T17:50:37Z
vrf/VFR600_40_1_Gap,Large,600,40,IG-idle-rcl,123,34144,296.00806800997816,0.9013268713614468,run-20260728-175533-061c,2026-07-28T17:55:33Z
vrf/VFR600_40_1_Gap,Large,600,40,IG-idle-rcl,456,34156,303.1786387969041,0.9367889122018972,run-20260728-180036-cc32,2026-07-28T18:00:36Z
vrf/VFR600_40_1_Gap,Large,600,40,IG-idle-rcl,789,34092,295.0102919009514,0.7476580277194953,run-20260728-180531-1409,2026-07-28T18:05:31Z
vrf/VFR600_40_1_Gap,Large,600,40,IG-idle-rcl,2025,34161,310.26588264503516,0.9515647625520849,run-20260728-181042-fd5b,2026-07-28T18:10:42Z
vrf/VFR600_40_2_Gap,Large,600,40,IG-idle-rcl,42,33832,304.62583737797104,1.0906265873845877,run-20260728-181546-2b63,2026-07-28T18:15:46Z
vrf/VFR600_40_2_Gap,Large,600,40,IG-idle-rcl,123,33792,298.19299929903354,0.9711058654794275,run-20260728-182044-3a1f,2026-07-28T18:20:44Z
vrf/VFR600_40_2_Gap,Large,600,40,IG-idle-rcl,456,33827,313.3088399540866,1.0756864971464428,run-20260728-182558-bf88,2026-07-28T18:25:58Z
vrf/VFR600_40_2_Gap,Large,600,40,IG-idle-rcl,789,33724,308.3936703490326,0.7679206382406549,run-20260728-183106-0fc2,2026-07-28T18:31:06Z
vrf/VFR600_40_2_Gap,Large,600,40,IG-idle-rcl,2025,33743,308.2758716159733,0.8246929811456061,run-20260728-183614-3627,2026-07-28T18:36:14Z
vrf/VFR600_40_3_Gap,Large,600,40,IG-idle-rcl,42,34015,308.94381201302167,0.4399692907340696,run-20260728-184123-1310,2026-07-28T18:41:23Z
vrf/VFR600_40_3_Gap,Large,600,40,IG-idle-rcl,123,33971,310.455853059073,0.3100454733360893,run-20260728-184634-7fd6,2026-07-28T18:46:34Z
vrf/VFR600_40_3_Gap,Large,600,40,IG-idle-rcl,456,33960,305.61106160399504,0.27756451898659423,run-20260728-185139-8f67,2026-07-28T18:51:39Z
vrf/VFR600_40_3_Gap,Large,600,40,IG-idle-rcl,789,33989,314.58151104394346,0.36319612590799033,run-20260728-185654-bd40,2026-07-28T18:56:54Z
vrf/VFR600_40_3_Gap,Large,600,40,IG-idle-rcl,2025,34041,304.2719547600718,0.5167424555601489,run-20260728-190158-4cf0,2026-07-28T19:01:58Z
vrf/VFR600_40_4_Gap,Large,600,40,IG-idle-rcl,42,34043,302.38659004098736,1.0387914403585314,run-20260728-190701-7861,2026-07-28T19:07:01Z
vrf/VFR600_40_4_Gap,Large,600,40,IG-idle-rcl,123,33972,309.0378085139673,0.8280651767429437,run-20260728-191210-013d,2026-07-28T19:12:10Z
vrf/VFR600_40_4_Gap,Large,600,40,IG-idle-rcl,456,34076,311.35144417197444,1.1367346333066215,run-20260728-191721-8f7c,2026-07-28T19:17:21Z
vrf/VFR600_40_4_Gap,Large,600,40,IG-idle-rcl,789,33924,307.31930543098133,0.6856023506366308,run-20260728-192228-aabe,2026-07-28T19:22:28Z
vrf/VFR600_40_4_Gap,Large,600,40,IG-idle-rcl,2025,33980,309.185080428957,0.8518089810939958,run-20260728-192738-846f,2026-07-28T19:27:38Z
vrf/VFR600_40_5_Gap,Large,600,40,IG-idle-rcl,42,33906,311.42862341401633,1.0520668792656394,run-20260728-193249-b494,2026-07-28T19:32:49Z
vrf/VFR600_40_5_Gap,Large,600,40,IG-idle-rcl,123,33858,305.91660831996705,0.9090096265609633,run-20260728-193755-5e02,2026-07-28T19:37:55Z
vrf/VFR600_40_5_Gap,Large,600,40,IG-idle-rcl,456,33844,308.14871339907404,0.8672845945220994,run-20260728-194303-9841,2026-07-28T19:43:03Z
vrf/VFR600_40_5_Gap,Large,600,40,IG-idle-rcl,789,33928,307.6055861579953,1.1176347867552827,run-20260728-194811-9449,2026-07-28T19:48:11Z
vrf/VFR600_40_5_Gap,Large,600,40,IG-idle-rcl,2025,33814,299.4281720679719,0.7778738115816768,run-20260728-195310-905f,2026-07-28T19:53:10Z
vrf/VFR600_40_6_Gap,Large,600,40,IG-idle-rcl,42,33971,312.88923111499753,0.4791623532195569,run-20260728-195823-5e60,2026-07-28T19:58:23Z
vrf/VFR600_40_6_Gap,Large,600,40,IG-idle-rcl,123,33986,308.9525500390446,0.5235292377769233,run-20260728-200332-1977,2026-07-28T20:03:32Z
vrf/VFR600_40_6_Gap,Large,600,40,IG-idle-rcl,456,34003,309.42176682606805,0.5738117069419385,run-20260728-200841-1b2e,2026-07-28T20:08:41Z
vrf/VFR600_40_6_Gap,Large,600,40,IG-idle-rcl,789,34116,306.1242464729585,0.9080422372740986,run-20260728-201348-7d14,2026-07-28T20:13:48Z
vrf/VFR600_40_6_Gap,Large,600,40,IG-idle-rcl,2025,33928,312.7636305929627,0.35197728415510665,run-20260728-201900-0193,2026-07-28T20:19:00Z
vrf/VFR600_40_7_Gap,Large,600,40,IG-idle-rcl,42,34140,307.3140922220191,1.3477409012646204,run-20260728-202408-3930,2026-07-28T20:24:08Z
vrf/VFR600_40_7_Gap,Large,600,40,IG-idle-rcl,123,33998,308.00447265803814,0.9262007955827347,run-20260728-202916-e48b,2026-07-28T20:29:16Z
vrf/VFR600_40_7_Gap,Large,600,40,IG-idle-rcl,456,34034,316.0959905879572,1.0330701181499733,run-20260728-203432-cb08,2026-07-28T20:34:32Z
vrf/VFR600_40_7_Gap,Large,600,40,IG-idle-rcl,789,33976,300.509825938032,0.8608917651249778,run-20260728-203932-337b,2026-07-28T20:39:32Z
vrf/VFR600_40_7_Gap,Large,600,40,IG-idle-rcl,2025,34049,303.67401520791464,1.0775990025529893,run-20260728-204436-565a,2026-07-28T20:44:36Z
vrf/VFR600_40_8_Gap,Large,600,40,IG-idle-rcl,42,33828,314.7549143289216,1.0333910758019234,run-20260728-204951-10e0,2026-07-28T20:49:51Z
vrf/VFR600_40_8_Gap,Large,600,40,IG-idle-rcl,123,33874,296.767043475993,1.1707783286542022,run-20260728-205448-35f3,2026-07-28T20:54:48Z
vrf/VFR600_40_8_Gap,Large,600,40,IG-idle-rcl,456,33739,301.07063131500036,0.7675766083268621,run-20260728-205949-32cd,2026-07-28T20:59:49Z
vrf/VFR600_40_8_Gap,Large,600,40,IG-idle-rcl,789,33752,312.8921200640034,0.8064034406546802,run-20260728-210501-1b9c,2026-07-28T21:05:01Z
vrf/VFR600_40_8_Gap,Large,600,40,IG-idle-rcl,2025,33888,319.7421626569703,1.2125918403918523,run-20260728-211021-d70d,2026-07-28T21:10:21Z
vrf/VFR600_40_9_Gap,Large,600,40,IG-idle-rcl,42,33931,316.37027704599313,0.6944238359497878,run-20260728-211538-2213,2026-07-28T21:15:38Z
vrf/VFR600_40_9_Gap,Large,600,40,IG-idle-rcl,123,33874,307.95409296406433,0.5252693118081728,run-20260728-212046-59a0,2026-07-28T21:20:46Z
vrf/VFR600_40_9_Gap,Large,600,40,IG-idle-rcl,456,33857,293.31182478601113,0.4748197168887438,run-20260728-212539-4adc,2026-07-28T21:25:39Z
vrf/VFR600_40_9_Gap,Large,600,40,IG-idle-rcl,789,33970,304.58868209202774,0.8101611419414191,run-20260728-213043-0888,2026-07-28T21:30:43Z
vrf/VFR600_40_9_Gap,Large,600,40,IG-idle-rcl,2025,33920,302.3207757039927,0.6617799804136867,run-20260728-213546-fe14,2026-07-28T21:35:46Z
vrf/VFR600_60_10_Gap,Large,600,60,IG-idle-rcl,42,36355,458.55614473100286,0.5309294029809474,run-20260728-214324-5260,2026-07-28T21:43:24Z
vrf/VFR600_60_10_Gap,Large,600,60,IG-idle-rcl,123,36367,445.77783857204486,0.5641124906672565,run-20260728-215050-a67f,2026-07-28T21:50:50Z
vrf/VFR600_60_10_Gap,Large,600,60,IG-idle-rcl,456,36440,434.68325262202416,0.7659762740923043,run-20260728-215805-3447,2026-07-28T21:58:05Z
vrf/VFR600_60_10_Gap,Large,600,60,IG-idle-rcl,789,36457,443.82494393899105,0.8129856483145756,run-20260728-220529-1f5f,2026-07-28T22:05:29Z
vrf/VFR600_60_10_Gap,Large,600,60,IG-idle-rcl,2025,36420,463.8949521080358,0.7106711279484555,run-20260728-221313-a07c,2026-07-28T22:13:13Z
vrf/VFR600_60_1_Gap,Large,600,60,IG-idle-rcl,42,36538,479.97374998393934,0.9392784131719984,run-20260728-222113-0d6f,2026-07-28T22:21:13Z
vrf/VFR600_60_1_Gap,Large,600,60,IG-idle-rcl,123,36566,449.3366104400484,1.0166307530802807,run-20260728-222842-59df,2026-07-28T22:28:42Z
vrf/VFR600_60_1_Gap,Large,600,60,IG-idle-rcl,456,36555,485.24609834095463,0.9862423338305983,run-20260728-223647-31b8,2026-07-28T22:36:47Z
vrf/VFR600_60_1_Gap,Large,600,60,IG-idle-rcl,789,36500,466.46852828003466,0.8343002375821869,run-20260728-224434-1bf7,2026-07-28T22:44:34Z
vrf/VFR600_60_1_Gap,Large,600,60,IG-idle-rcl,2025,36572,474.75251249293797,1.0332062544891982,run-20260728-225228-ccda,2026-07-28T22:52:28Z
vrf/VFR600_60_2_Gap,Large,600,60,IG-idle-rcl,42,36400,469.10650897899177,0.5969489277028521,run-20260728-230017-e734,2026-07-28T23:00:17Z
vrf/VFR600_60_2_Gap,Large,600,60,IG-idle-rcl,123,36452,464.3251384689938,0.7406588547424275,run-20260728-230802-733c,2026-07-28T23:08:02Z
vrf/VFR600_60_2_Gap,Large,600,60,IG-idle-rcl,456,36435,467.575826373999,0.6936767632102587,run-20260728-231549-6902,2026-07-28T23:15:49Z
vrf/VFR600_60_2_Gap,Large,600,60,IG-idle-rcl,789,36466,467.5800639389781,0.7793499889453902,run-20260728-232337-5455,2026-07-28T23:23:37Z
vrf/VFR600_60_2_Gap,Large,600,60,IG-idle-rcl,2025,36409,447.99482747202273,0.6218217996904709,run-20260728-233105-2cd9,2026-07-28T23:31:05Z
vrf/VFR600_60_3_Gap,Large,600,60,IG-idle-rcl,42,36490,464.850102509954,0.7983204883842988,run-20260728-233850-45de,2026-07-28T23:38:50Z
vrf/VFR600_60_3_Gap,Large,600,60,IG-idle-rcl,123,36551,453.6901288810186,0.9668241208806386,run-20260728-234624-6bce,2026-07-28T23:46:24Z
vrf/VFR600_60_3_Gap,Large,600,60,IG-idle-rcl,456,36444,463.498661726946,0.671252175354272,run-20260728-235407-dc3e,2026-07-28T23:54:07Z
vrf/VFR600_60_3_Gap,Large,600,60,IG-idle-rcl,789,36452,466.0861704000272,0.6933510124029723,run-20260729-000153-1b35,2026-07-29T00:01:53Z
vrf/VFR600_60_3_Gap,Large,600,60,IG-idle-rcl,2025,36435,436.57340644695796,0.6463909836744841,run-20260729-000910-a86a,2026-07-29T00:09:10Z
vrf/VFR600_60_4_Gap,Large,600,60,IG-idle-rcl,42,36527,448.35956181492656,1.0820234669028117,run-20260729-001638-eb8e,2026-07-29T00:16:38Z
vrf/VFR600_60_4_Gap,Large,600,60,IG-idle-rcl,123,36452,456.96983697696123,0.8744742085454948,run-20260729-002415-fae3,2026-07-29T00:24:15Z
vrf/VFR600_60_4_Gap,Large,600,60,IG-idle-rcl,456,36435,462.1592593200039,0.8274297099845029,run-20260729-003157-f3a2,2026-07-29T00:31:57Z
vrf/VFR600_60_4_Gap,Large,600,60,IG-idle-rcl,789,36534,458.50063580600545,1.1013947310161611,run-20260729-003936-f815,2026-07-29T00:39:36Z
vrf/VFR600_60_4_Gap,Large,600,60,IG-idle-rcl,2025,36438,438.9419180819532,0.8357316803187956,run-20260729-004655-f943,2026-07-29T00:46:55Z
vrf/VFR600_60_5_Gap,Large,600,60,IG-idle-rcl,42,36396,468.82449554500636,0.6721433905899925,run-20260729-005444-6561,2026-07-29T00:54:44Z
vrf/VFR600_60_5_Gap,Large,600,60,IG-idle-rcl,123,36432,457.1162048659753,0.7717201891959173,run-20260729-010221-37fc,2026-07-29T01:02:21Z
vrf/VFR600_60_5_Gap,Large,600,60,IG-idle-rcl,456,36480,465.0636090359185,0.9044892540038171,run-20260729-011006-0b39,2026-07-29T01:10:06Z
vrf/VFR600_60_5_Gap,Large,600,60,IG-idle-rcl,789,36498,476.9917281039525,0.9542776533067795,run-20260729-011803-2b49,2026-07-29T01:18:03Z
vrf/VFR600_60_5_Gap,Large,600,60,IG-idle-rcl,2025,36481,451.99512322596274,0.907255276187315,run-20260729-012535-fdee,2026-07-29T01:25:35Z
vrf/VFR600_60_6_Gap,Large,600,60,IG-idle-rcl,42,36337,468.16408152109943,0.6119171558312105,run-20260729-013323-65b3,2026-07-29T01:33:23Z
vrf/VFR600_60_6_Gap,Large,600,60,IG-idle-rcl,123,36375,458.10367934196256,0.7171336803632739,run-20260729-014101-034b,2026-07-29T01:41:01Z
vrf/VFR600_60_6_Gap,Large,600,60,IG-idle-rcl,456,36428,459.5066204420291,0.8638830435264149,run-20260729-014841-a3ea,2026-07-29T01:48:41Z
vrf/VFR600_60_6_Gap,Large,600,60,IG-idle-rcl,789,36369,473.53168990195263,0.7005205449108428,run-20260729-015634-9f71,2026-07-29T01:56:34Z
vrf/VFR600_60_6_Gap,Large,600,60,IG-idle-rcl,2025,36421,466.64848431700375,0.8445010521652453,run-20260729-020421-827a,2026-07-29T02:04:21Z
vrf/VFR600_60_7_Gap,Large,600,60,IG-idle-rcl,42,36466,482.33068027801346,0.7932778683766826,run-20260729-021223-50ef,2026-07-29T02:12:23Z
vrf/VFR600_60_7_Gap,Large,600,60,IG-idle-rcl,123,36436,464.80903914396185,0.7103568368390503,run-20260729-022008-6844,2026-07-29T02:20:08Z
vrf/VFR600_60_7_Gap,Large,600,60,IG-idle-rcl,456,36455,441.7897035459755,0.7628734901462174,run-20260729-022730-e989,2026-07-29T02:27:30Z
vrf/VFR600_60_7_Gap,Large,600,60,IG-idle-rcl,789,36553,466.04049990000203,1.0337488598358164,run-20260729-023516-e24a,2026-07-29T02:35:16Z
vrf/VFR600_60_7_Gap,Large,600,60,IG-idle-rcl,2025,36441,467.589042019099,0.724177008761989,run-20260729-024303-783d,2026-07-29T02:43:03Z
vrf/VFR600_60_8_Gap,Large,600,60,IG-idle-rcl,42,36410,460.3864296890097,0.6218046151720326,run-20260729-025044-6969,2026-07-29T02:50:44Z
vrf/VFR600_60_8_Gap,Large,600,60,IG-idle-rcl,123,36414,447.7497433730168,0.6328589194417577,run-20260729-025811-a882,2026-07-29T02:58:11Z
vrf/VFR600_60_8_Gap,Large,600,60,IG-idle-rcl,456,36384,466.0262431789888,0.5499516374188199,run-20260729-030557-3399,2026-07-29T03:05:57Z
vrf/VFR600_60_8_Gap,Large,600,60,IG-idle-rcl,789,36409,467.7900577270193,0.6190410391046014,run-20260729-031345-436b,2026-07-29T03:13:45Z
vrf/VFR600_60_8_Gap,Large,600,60,IG-idle-rcl,2025,36450,463.89322804799303,0.7323476578692828,run-20260729-032129-493f,2026-07-29T03:21:29Z
vrf/VFR600_60_9_Gap,Large,600,60,IG-idle-rcl,42,36399,483.55037981295027,0.563613758806465,run-20260729-032933-0096,2026-07-29T03:29:33Z
vrf/VFR600_60_9_Gap,Large,600,60,IG-idle-rcl,123,36416,450.4364428849658,0.610581572040337,run-20260729-033703-7855,2026-07-29T03:37:03Z
vrf/VFR600_60_9_Gap,Large,600,60,IG-idle-rcl,456,36479,460.5554894809611,0.7846387622599806,run-20260729-034444-4710,2026-07-29T03:44:44Z
vrf/VFR600_60_9_Gap,Large,600,60,IG-idle-rcl,789,36405,473.73031442495994,0.5801906340654787,run-20260729-035237-230e,2026-07-29T03:52:37Z
vrf/VFR600_60_9_Gap,Large,600,60,IG-idle-rcl,2025,36418,465.8453623870155,0.6161071971266749,run-20260729-040023-c34e,2026-07-29T04:00:23Z
vrf/VFR700_20_10_Gap,Large,700,20,IG-idle-rcl,42,36460,186.71218165697064,0.11807672240986353,run-20260729-040330-a57a,2026-07-29T04:03:30Z
vrf/VFR700_20_10_Gap,Large,700,20,IG-idle-rcl,123,36509,182.26655711000785,0.25262926655133594,run-20260729-040632-ab72,2026-07-29T04:06:32Z
vrf/VFR700_20_10_Gap,Large,700,20,IG-idle-rcl,456,36472,185.33495551196393,0.15102836587308124,run-20260729-040938-19b5,2026-07-29T04:09:38Z
vrf/VFR700_20_10_Gap,Large,700,20,IG-idle-rcl,789,36522,174.84735764190555,0.2883268803031551,run-20260729-041233-9b6f,2026-07-29T04:12:33Z
vrf/VFR700_20_10_Gap,Large,700,20,IG-idle-rcl,2025,36591,174.24061760609038,0.47779883021665703,run-20260729-041527-431a,2026-07-29T04:15:27Z
vrf/VFR700_20_1_Gap,Large,700,20,IG-idle-rcl,42,36481,195.18729030096438,0.23905039292191022,run-20260729-041842-2e87,2026-07-29T04:18:42Z
vrf/VFR700_20_1_Gap,Large,700,20,IG-idle-rcl,123,36490,199.49639915500302,0.26377974391383197,run-20260729-042201-2b69,2026-07-29T04:22:01Z
vrf/VFR700_20_1_Gap,Large,700,20,IG-idle-rcl,456,36504,197.3572609029943,0.3022476232345991,run-20260729-042519-da33,2026-07-29T04:25:19Z
vrf/VFR700_20_1_Gap,Large,700,20,IG-idle-rcl,789,36491,199.0220942449523,0.266527449579601,run-20260729-042838-bc6c,2026-07-29T04:28:38Z
vrf/VFR700_20_1_Gap,Large,700,20,IG-idle-rcl,2025,36491,194.68002993497066,0.266527449579601,run-20260729-043153-da33,2026-07-29T04:31:53Z
vrf/VFR700_20_2_Gap,Large,700,20,IG-idle-rcl,42,36414,194.88007147808094,0.21190522057407052,run-20260729-043507-2543,2026-07-29T04:35:07Z
vrf/VFR700_20_2_Gap,Large,700,20,IG-idle-rcl,123,36422,192.78849800303578,0.23392134738696094,run-20260729-043820-eb12,2026-07-29T04:38:20Z
vrf/VFR700_20_2_Gap,Large,700,20,IG-idle-rcl,456,36407,190.40456137200817,0.19264110961279138,run-20260729-044131-5204,2026-07-29T04:41:31Z
vrf/VFR700_20_2_Gap,Large,700,20,IG-idle-rcl,789,36438,191.81239568896126,0.27795360101274186,run-20260729-044442-368c,2026-07-29T04:44:42Z
vrf/VFR700_20_2_Gap,Large,700,20,IG-idle-rcl,2025,36424,190.40429297590163,0.23942537909018355,run-20260729-044753-2677,2026-07-29T04:47:53Z
vrf/VFR700_20_3_Gap,Large,700,20,IG-idle-rcl,42,36693,191.24577787402086,0.341828921461387,run-20260729-045104-b653,2026-07-29T04:51:04Z
vrf/VFR700_20_3_Gap,Large,700,20,IG-idle-rcl,123,36690,195.29295027803164,0.3336250273463137,run-20260729-045419-014b,2026-07-29T04:54:19Z
vrf/VFR700_20_3_Gap,Large,700,20,IG-idle-rcl,456,36682,198.7830342950765,0.31174797637278495,run-20260729-045738-72a0,2026-07-29T04:57:38Z
vrf/VFR700_20_3_Gap,Large,700,20,IG-idle-rcl,789,36693,186.9512037190143,0.341828921461387,run-20260729-050045-f127,2026-07-29T05:00:45Z
vrf/VFR700_20_3_Gap,Large,700,20,IG-idle-rcl,2025,36682,188.25907076802105,0.31174797637278495,run-20260729-050353-4450,2026-07-29T05:03:53Z
vrf/VFR700_20_4_Gap,Large,700,20,IG-idle-rcl,42,36546,188.3341676790733,0.25787336771644903,run-20260729-050702-19a7,2026-07-29T05:07:02Z
vrf/VFR700_20_4_Gap,Large,700,20,IG-idle-rcl,123,36532,193.101573046064,0.21946669592889279,run-20260729-051015-6d94,2026-07-29T05:10:15Z
vrf/VFR700_20_4_Gap,Large,700,20,IG-idle-rcl,456,36533,187.54331827606075,0.22221002962800396,run-20260729-051322-ee59,2026-07-29T05:13:22Z
vrf/VFR700_20_4_Gap,Large,700,20,IG-idle-rcl,789,36561,191.13993865496013,0.29902337320311645,run-20260729-051634-2617,2026-07-29T05:16:34Z
vrf/VFR700_20_4_Gap,Large,700,20,IG-idle-rcl,2025,36542,190.05555735796224,0.2469000329200044,run-20260729-051944-d5c9,2026-07-29T05:19:44Z
vrf/VFR700_20_5_Gap,Large,700,20,IG-idle-rcl,42,36693,203.76669965893961,0.29794445659304614,run-20260729-052307-1dda,2026-07-29T05:23:07Z
vrf/VFR700_20_5_Gap,Large,700,20,IG-idle-rcl,123,36728,202.3304335270077,0.3936146949486114,run-20260729-052630-5263,2026-07-29T05:26:30Z
vrf/VFR700_20_5_Gap,Large,700,20,IG-idle-rcl,456,36684,202.98541432397906,0.27334353815875795,run-20260729-052953-a53f,2026-07-29T05:29:53Z
vrf/VFR700_20_5_Gap,Large,700,20,IG-idle-rcl,789,36649,201.3571536639938,0.17767329980319266,run-20260729-053314-3c05,2026-07-29T05:33:14Z
vrf/VFR700_20_5_Gap,Large,700,20,IG-idle-rcl,2025,36687,205.2869158149697,0.28154384430352064,run-20260729-053639-97b5,2026-07-29T05:36:39Z
vrf/VFR700_20_6_Gap,Large,700,20,IG-idle-rcl,42,36739,197.19100115599576,0.18543263068910038,run-20260729-053957-d044,2026-07-29T05:39:57Z
vrf/VFR700_20_6_Gap,Large,700,20,IG-idle-rcl,123,36732,189.83738854399417,0.16634397752992827,run-20260729-054306-4085,2026-07-29T05:43:06Z
vrf/VFR700_20_6_Gap,Large,700,20,IG-idle-rcl,456,36713,192.81738195405342,0.11453191895503259,run-20260729-054619-3413,2026-07-29T05:46:19Z
vrf/VFR700_20_6_Gap,Large,700,20,IG-idle-rcl,789,36712,194.41956119902898,0.11180496850372229,run-20260729-054934-0b99,2026-07-29T05:49:34Z
vrf/VFR700_20_6_Gap,Large,700,20,IG-idle-rcl,2025,36672,201.15357829909772,0.0027269504513102996,run-20260729-055255-c044,2026-07-29T05:52:55Z
vrf/VFR700_20_7_Gap,Large,700,20,IG-idle-rcl,42,36675,191.22010438900907,0.13925294888597642,run-20260729-055606-52a8,2026-07-29T05:56:06Z
vrf/VFR700_20_7_Gap,Large,700,20,IG-idle-rcl,123,36741,196.76120613492094,0.3194626474442988,run-20260729-055923-87c7,2026-07-29T05:59:23Z
vrf/VFR700_20_7_Gap,Large,700,20,IG-idle-rcl,456,36712,195.79035298805684,0.24027959807776322,run-20260729-060239-569a,2026-07-29T06:02:39Z
vrf/VFR700_20_7_Gap,Large,700,20,IG-idle-rcl,789,36694,193.80280028190464,0.191131498470948,run-20260729-060552-0bdf,2026-07-29T06:05:52Z
vrf/VFR700_20_7_Gap,Large,700,20,IG-idle-rcl,2025,36746,190.95147237100173,0.3331148973350808,run-20260729-060903-5749,2026-07-29T06:09:03Z
vrf/VFR700_20_8_Gap,Large,700,20,IG-idle-rcl,42,36593,200.85957094305195,0.19440337330923826,run-20260729-061224-5ed7,2026-07-29T06:12:24Z
vrf/VFR700_20_8_Gap,Large,700,20,IG-idle-rcl,123,36625,197.29974992806092,0.2820217950824161,run-20260729-061541-1043,2026-07-29T06:15:41Z
vrf/VFR700_20_8_Gap,Large,700,20,IG-idle-rcl,456,36623,200.48678880592342,0.27654564372159246,run-20260729-061902-6f21,2026-07-29T06:19:02Z
vrf/VFR700_20_8_Gap,Large,700,20,IG-idle-rcl,789,36538,203.20384016504977,0.04380921088658891,run-20260729-062225-2ad6,2026-07-29T06:22:25Z
vrf/VFR700_20_8_Gap,Large,700,20,IG-idle-rcl,2025,36607,204.42290321493056,0.23273643283500356,run-20260729-062550-c862,2026-07-29T06:25:50Z
vrf/VFR700_20_9_Gap,Large,700,20,IG-idle-rcl,42,36382,199.12506314902566,0.14588895923367007,run-20260729-062909-cc44,2026-07-29T06:29:09Z
vrf/VFR700_20_9_Gap,Large,700,20,IG-idle-rcl,123,36467,194.85109088406898,0.3798618183820089,run-20260729-063224-fdc5,2026-07-29T06:32:24Z
vrf/VFR700_20_9_Gap,Large,700,20,IG-idle-rcl,456,36429,190.6798095650738,0.2752621872333398,run-20260729-063534-2ce7,2026-07-29T06:35:34Z
vrf/VFR700_20_9_Gap,Large,700,20,IG-idle-rcl,789,36363,202.37864870007616,0.09358914365933552,run-20260729-063857-99fe,2026-07-29T06:38:57Z
vrf/VFR700_20_9_Gap,Large,700,20,IG-idle-rcl,2025,36470,192.364715954056,0.38811968399900904,run-20260729-064209-689f,2026-07-29T06:42:09Z
vrf/VFR700_40_10_Gap,Large,700,40,IG-idle-rcl,42,39263,406.7249422620516,1.063063063063063,run-20260729-064856-d4a4,2026-07-29T06:48:56Z
vrf/VFR700_40_10_Gap,Large,700,40,IG-idle-rcl,123,39247,394.05936192395166,1.021879021879022,run-20260729-065530-3b59,2026-07-29T06:55:30Z
vrf/VFR700_40_10_Gap,Large,700,40,IG-idle-rcl,456,39183,401.94867477798834,0.8571428571428571,run-20260729-070212-c6c9,2026-07-29T07:02:12Z
vrf/VFR700_40_10_Gap,Large,700,40,IG-idle-rcl,789,39122,387.30549889907707,0.7001287001287001,run-20260729-070839-70d0,2026-07-29T07:08:39Z
vrf/VFR700_40_10_Gap,Large,700,40,IG-idle-rcl,2025,39076,411.3697764299577,0.5817245817245817,run-20260729-071530-b2b8,2026-07-29T07:15:30Z
vrf/VFR700_40_1_Gap,Large,700,40,IG-idle-rcl,42,39221,382.9634209891083,0.6595832050097525,run-20260729-072153-aebd,2026-07-29T07:21:53Z
vrf/VFR700_40_1_Gap,Large,700,40,IG-idle-rcl,123,39183,388.71473853092175,0.5620572836464429,run-20260729-072822-a34f,2026-07-29T07:28:22Z
vrf/VFR700_40_1_Gap,Large,700,40,IG-idle-rcl,456,39222,395.48879114096053,0.6621496766245766,run-20260729-073458-b3f3,2026-07-29T07:34:58Z
vrf/VFR700_40_1_Gap,Large,700,40,IG-idle-rcl,789,39210,397.2602417009184,0.6313520172466892,run-20260729-074135-44f5,2026-07-29T07:41:35Z
vrf/VFR700_40_1_Gap,Large,700,40,IG-idle-rcl,2025,39202,397.5073754050536,0.6108202443280978,run-20260729-074812-ee96,2026-07-29T07:48:12Z
vrf/VFR700_40_2_Gap,Large,700,40,IG-idle-rcl,42,39022,390.412423421978,0.6370083816892328,run-20260729-075443-6e94,2026-07-29T07:54:43Z
vrf/VFR700_40_2_Gap,Large,700,40,IG-idle-rcl,123,39076,399.5652813880006,0.7762733720180529,run-20260729-080122-e0c2,2026-07-29T08:01:22Z
vrf/VFR700_40_2_Gap,Large,700,40,IG-idle-rcl,456,39110,385.46616109798197,0.8639587362991619,run-20260729-080748-f5da,2026-07-29T08:07:48Z
vrf/VFR700_40_2_Gap,Large,700,40,IG-idle-rcl,789,39070,386.2166236920748,0.7607994842037396,run-20260729-081414-f594,2026-07-29T08:14:14Z
vrf/VFR700_40_2_Gap,Large,700,40,IG-idle-rcl,2025,39076,395.7776103200158,0.7762733720180529,run-20260729-082050-fe5f,2026-07-29T08:20:50Z
vrf/VFR700_40_3_Gap,Large,700,40,IG-idle-rcl,42,38939,387.08839719195385,0.8233862406462805,run-20260729-082717-a8e6,2026-07-29T08:27:17Z
vrf/VFR700_40_3_Gap,Large,700,40,IG-idle-rcl,123,38777,398.11581487895455,0.40392532560006217,run-20260729-083355-78fb,2026-07-29T08:33:55Z
vrf/VFR700_40_3_Gap,Large,700,40,IG-idle-rcl,456,38912,382.55863214994315,0.7534760881385775,run-20260729-084018-3e7b,2026-07-29T08:40:18Z
vrf/VFR700_40_3_Gap,Large,700,40,IG-idle-rcl,789,38871,400.1755332519533,0.6473162269231765,run-20260729-084658-d51a,2026-07-29T08:46:58Z
vrf/VFR700_40_3_Gap,Large,700,40,IG-idle-rcl,2025,38906,395.5239126270171,0.7379404986924212,run-20260729-085333-0051,2026-07-29T08:53:33Z
vrf/VFR700_40_4_Gap,Large,700,40,IG-idle-rcl,42,39111,400.7595562170027,0.8405311331700399,run-20260729-090014-ed29,2026-07-29T09:00:14Z
vrf/VFR700_40_4_Gap,Large,700,40,IG-idle-rcl,123,39080,391.08412834303454,0.7606033260281037,run-20260729-090645-4ac4,2026-07-29T09:06:45Z
vrf/VFR700_40_4_Gap,Large,700,40,IG-idle-rcl,456,39089,405.90621740103234,0.7838081732628593,run-20260729-091331-3637,2026-07-29T09:13:31Z
vrf/VFR700_40_4_Gap,Large,700,40,IG-idle-rcl,789,39192,393.89949928596616,1.0493747582828412,run-20260729-092005-fab4,2026-07-29T09:20:05Z
vrf/VFR700_40_4_Gap,Large,700,40,IG-idle-rcl,2025,39105,402.51623246097006,0.8250612350135361,run-20260729-092648-7e08,2026-07-29T09:26:48Z
vrf/VFR700_40_5_Gap,Large,700,40,IG-idle-rcl,42,39017,383.7398737510666,0.8947273150422798,run-20260729-093311-0280,2026-07-29T09:33:11Z
vrf/VFR700_40_5_Gap,Large,700,40,IG-idle-rcl,123,38838,395.6935256900033,0.4318481549481524,run-20260729-093947-7bbe,2026-07-29T09:39:47Z
vrf/VFR700_40_5_Gap,Large,700,40,IG-idle-rcl,456,38869,406.0794065600494,0.5120115849085878,run-20260729-094633-6053,2026-07-29T09:46:33Z
vrf/VFR700_40_5_Gap,Large,700,40,IG-idle-rcl,789,38914,394.0799770130543,0.6283778542059941,run-20260729-095307-f5d4,2026-07-29T09:53:07Z
vrf/VFR700_40_5_Gap,Large,700,40,IG-idle-rcl,2025,38828,394.0894452719949,0.4059889839931732,run-20260729-095941-65df,2026-07-29T09:59:41Z
vrf/VFR700_40_6_Gap,Large,700,40,IG-idle-rcl,42,38923,389.45211185107473,0.5502454146215449,run-20260729-100611-efed,2026-07-29T10:06:11Z
vrf/VFR700_40_6_Gap,Large,700,40,IG-idle-rcl,123,38884,392.58118985104375,0.4494962541978817,run-20260729-101243-4a29,2026-07-29T10:12:43Z
vrf/VFR700_40_6_Gap,Large,700,40,IG-idle-rcl,456,38953,392.6195528790122,0.6277447687935934,run-20260729-101916-54b5,2026-07-29T10:19:16Z
vrf/VFR700_40_6_Gap,Large,700,40,IG-idle-rcl,789,38899,384.7121851100819,0.488245931283906,run-20260729-102541-267c,2026-07-29T10:25:41Z
vrf/VFR700_40_6_Gap,Large,700,40,IG-idle-rcl,2025,38784,396.5574403629871,0.19116507362438645,run-20260729-103217-754d,2026-07-29T10:32:17Z
vrf/VFR700_40_7_Gap,Large,700,40,IG-idle-rcl,42,38806,389.8402171380585,0.5727614357911105,run-20260729-103847-99be,2026-07-29T10:38:47Z
vrf/VFR700_40_7_Gap,Large,700,40,IG-idle-rcl,123,38685,396.1838017179398,0.25916807049371515,run-20260729-104523-7efc,2026-07-29T10:45:23Z
vrf/VFR700_40_7_Gap,Large,700,40,IG-idle-rcl,456,38710,393.8250597829465,0.32396008811714394,run-20260729-105157-324d,2026-07-29T10:51:57Z
vrf/VFR700_40_7_Gap,Large,700,40,IG-idle-rcl,789,38810,390.0946821520338,0.5831281586108591,run-20260729-105827-23e6,2026-07-29T10:58:27Z
vrf/VFR700_40_7_Gap,Large,700,40,IG-idle-rcl,2025,38816,396.42836024903227,0.5986782428404821,run-20260729-110504-834b,2026-07-29T11:05:04Z
vrf/VFR700_40_8_Gap,Large,700,40,IG-idle-rcl,42,39211,401.34494494996034,0.38915486827619755,run-20260729-111145-f283,2026-07-29T11:11:45Z
vrf/VFR700_40_8_Gap,Large,700,40,IG-idle-rcl,123,39263,394.29314331000205,0.522286796897002,run-20260729-111819-3989,2026-07-29T11:18:19Z
vrf/VFR700_40_8_Gap,Large,700,40,IG-idle-rcl,456,39307,394.4896976730088,0.6349368903453749,run-20260729-112454-ab76,2026-07-29T11:24:54Z
vrf/VFR700_40_8_Gap,Large,700,40,IG-idle-rcl,789,39266,387.07778288505506,0.5299674850866638,run-20260729-113121-ba8e,2026-07-29T11:31:21Z
vrf/VFR700_40_8_Gap,Large,700,40,IG-idle-rcl,2025,39204,392.4558199980529,0.37123326250032,run-20260729-113753-4732,2026-07-29T11:37:53Z
vrf/VFR700_40_9_Gap,Large,700,40,IG-idle-rcl,42,39113,403.77021654497366,0.7703405987530273,run-20260729-114437-aae3,2026-07-29T11:44:37Z
vrf/VFR700_40_9_Gap,Large,700,40,IG-idle-rcl,123,39049,381.0609032220673,0.6054516411604061,run-20260729-115058-68f7,2026-07-29T11:50:58Z
vrf/VFR700_40_9_Gap,Large,700,40,IG-idle-rcl,456,39091,387.77529975399375,0.7136600195805637,run-20260729-115726-e7f8,2026-07-29T11:57:26Z
vrf/VFR700_40_9_Gap,Large,700,40,IG-idle-rcl,789,39123,397.95160159503575,0.7961044983768744,run-20260729-120404-5956,2026-07-29T12:04:04Z
vrf/VFR700_40_9_Gap,Large,700,40,IG-idle-rcl,2025,39212,400.4186385269277,1.0254032050291133,run-20260729-121044-b534,2026-07-29T12:10:44Z
vrf/VFR700_60_10_Gap,Large,700,60,IG-idle-rcl,42,41638,608.1044349559816,0.6307852188413853,run-20260729-122052-c1d8,2026-07-29T12:20:52Z
vrf/VFR700_60_10_Gap,Large,700,60,IG-idle-rcl,123,41688,606.6640316499397,0.7516252990791986,run-20260729-123059-f36a,2026-07-29T12:30:59Z
vrf/VFR700_60_10_Gap,Large,700,60,IG-idle-rcl,456,41671,576.3340456199367,0.7105396717983421,run-20260729-124035-2d99,2026-07-29T12:40:35Z
vrf/VFR700_60_10_Gap,Large,700,60,IG-idle-rcl,789,41706,601.4282810559962,0.7951277279648113,run-20260729-125037-16ff,2026-07-29T12:50:37Z
vrf/VFR700_60_10_Gap,Large,700,60,IG-idle-rcl,2025,41706,582.1891849390231,0.7951277279648113,run-20260729-130019-4a59,2026-07-29T13:00:19Z
vrf/VFR700_60_1_Gap,Large,700,60,IG-idle-rcl,42,41651,568.7613263520179,0.5188724780384207,run-20260729-130948-97d1,2026-07-29T13:09:48Z
vrf/VFR700_60_1_Gap,Large,700,60,IG-idle-rcl,123,41686,587.4498475579312,0.6033400907423496,run-20260729-131935-647a,2026-07-29T13:19:35Z
vrf/VFR700_60_1_Gap,Large,700,60,IG-idle-rcl,456,41614,600.9990615410497,0.4295781446085529,run-20260729-132936-3a55,2026-07-29T13:29:36Z
vrf/VFR700_60_1_Gap,Large,700,60,IG-idle-rcl,789,41633,595.4700492779957,0.4754319915049715,run-20260729-133932-1c1e,2026-07-29T13:39:32Z
vrf/VFR700_60_1_Gap,Large,700,60,IG-idle-rcl,2025,41699,593.7130669689504,0.6347137754609519,run-20260729-134926-a457,2026-07-29T13:49:26Z
vrf/VFR700_60_2_Gap,Large,700,60,IG-idle-rcl,42,41497,599.7558360610856,0.2948640483383686,run-20260729-135925-e2e2,2026-07-29T13:59:25Z
vrf/VFR700_60_2_Gap,Large,700,60,IG-idle-rcl,123,41585,576.0759345799452,0.5075528700906344,run-20260729-140901-00db,2026-07-29T14:09:01Z
vrf/VFR700_60_2_Gap,Large,700,60,IG-idle-rcl,456,41507,600.0103248220403,0.3190332326283988,run-20260729-141901-e4ad,2026-07-29T14:19:01Z
vrf/VFR700_60_2_Gap,Large,700,60,IG-idle-rcl,789,41544,593.811857550987,0.40845921450151057,run-20260729-142855-5edc,2026-07-29T14:28:55Z
vrf/VFR700_60_2_Gap,Large,700,60,IG-idle-rcl,2025,41571,602.4560848349938,0.47371601208459213,run-20260729-143858-7044,2026-07-29T14:38:58Z
vrf/VFR700_60_3_Gap,Large,700,60,IG-idle-rcl,42,41757,584.9387120740721,1.0649369508918847,run-20260729-144843-9901,2026-07-29T14:48:43Z
vrf/VFR700_60_3_Gap,Large,700,60,IG-idle-rcl,123,41605,603.5282838720595,0.697049640583779,run-20260729-145846-1ef7,2026-07-29T14:58:46Z
vrf/VFR700_60_3_Gap,Large,700,60,IG-idle-rcl,456,41627,570.0749884590041,0.7502964881283734,run-20260729-150816-a02e,2026-07-29T15:08:16Z
vrf/VFR700_60_3_Gap,Large,700,60,IG-idle-rcl,789,41656,593.5672860210761,0.8204855144371567,run-20260729-151810-34a5,2026-07-29T15:18:10Z
vrf/VFR700_60_3_Gap,Large,700,60,IG-idle-rcl,2025,41650,592.7788624169771,0.8059636469249946,run-20260729-152803-8669,2026-07-29T15:28:03Z
vrf/VFR700_60_4_Gap,Large,700,60,IG-idle-rcl,42,41652,575.6604135329835,0.6062655491413251,run-20260729-153738-7115,2026-07-29T15:37:38Z
vrf/VFR700_60_4_Gap,Large,700,60,IG-idle-rcl,123,41613,599.4378794520162,0.5120649259679718,run-20260729-154738-4814,2026-07-29T15:47:38Z
vrf/VFR700_60_4_Gap,Large,700,60,IG-idle-rcl,456,41554,616.6478456059704,0.3695562909108476,run-20260729-155754-3bc2,2026-07-29T15:57:54Z
vrf/VFR700_60_4_Gap,Large,700,60,IG-idle-rcl,789,41659,574.2895044649485,0.6231733533006449,run-20260729-160729-312c,2026-07-29T16:07:29Z
vrf/VFR700_60_4_Gap,Large,700,60,IG-idle-rcl,2025,41603,603.8405175219523,0.4879109200260863,run-20260729-161733-8ffa,2026-07-29T16:17:33Z
vrf/VFR700_60_5_Gap,Large,700,60,IG-idle-rcl,42,41693,595.4664660709677,1.0445446173234454,run-20260729-162728-7f46,2026-07-29T16:27:28Z
vrf/VFR700_60_5_Gap,Large,700,60,IG-idle-rcl,123,41580,571.1707315739477,0.7706848916678785,run-20260729-163659-d9d9,2026-07-29T16:36:59Z
vrf/VFR700_60_5_Gap,Large,700,60,IG-idle-rcl,456,41687,572.2817456299672,1.0300033929523533,run-20260729-164631-2319,2026-07-29T16:46:31Z
vrf/VFR700_60_5_Gap,Large,700,60,IG-idle-rcl,789,41614,567.2307730210014,0.8530851631040667,run-20260729-165559-ae95,2026-07-29T16:55:59Z
vrf/VFR700_60_5_Gap,Large,700,60,IG-idle-rcl,2025,41607,581.2474366010865,0.8361204013377926,run-20260729-170540-ad0b,2026-07-29T17:05:40Z
vrf/VFR700_60_6_Gap,Large,700,60,IG-idle-rcl,42,41656,564.2857930270256,0.764392839864538,run-20260729-171504-8e5f,2026-07-29T17:15:04Z
vrf/VFR700_60_6_Gap,Large,700,60,IG-idle-rcl,123,41558,589.517256491934,0.5273343009192066,run-20260729-172454-eff2,2026-07-29T17:24:54Z
vrf/VFR700_60_6_Gap,Large,700,60,IG-idle-rcl,456,41594,601.6327890929533,0.6144170295113691,run-20260729-173455-1627,2026-07-29T17:34:55Z
vrf/VFR700_60_6_Gap,Large,700,60,IG-idle-rcl,789,41583,574.4538015559083,0.5878084179970973,run-20260729-174430-683f,2026-07-29T17:44:30Z
vrf/VFR700_60_6_Gap,Large,700,60,IG-idle-rcl,2025,41728,565.2390277399682,0.9385582970488631,run-20260729-175355-3ec6,2026-07-29T17:53:55Z
vrf/VFR700_60_7_Gap,Large,700,60,IG-idle-rcl,42,41069,592.6960816410137,0.4721597025149232,run-20260729-180348-ca3c,2026-07-29T18:03:48Z
vrf/VFR700_60_7_Gap,Large,700,60,IG-idle-rcl,123,41127,581.822297699051,0.6140522556023095,run-20260729-181330-f5d6,2026-07-29T18:13:30Z
vrf/VFR700_60_7_Gap,Large,700,60,IG-idle-rcl,456,41256,597.5864145189989,0.9296408650552892,run-20260729-182327-a2da,2026-07-29T18:23:27Z
vrf/VFR700_60_7_Gap,Large,700,60,IG-idle-rcl,789,41080,600.8209905510303,0.4990703591349447,run-20260729-183328-7b08,2026-07-29T18:33:28Z
vrf/VFR700_60_7_Gap,Large,700,60,IG-idle-rcl,2025,41192,592.2746903270017,0.7730697719933457,run-20260729-184320-086b,2026-07-29T18:43:20Z
vrf/VFR700_60_8_Gap,Large,700,60,IG-idle-rcl,42,41758,610.2470112199662,0.6847663596470077,run-20260729-185331-6045,2026-07-29T18:53:31Z
vrf/VFR700_60_8_Gap,Large,700,60,IG-idle-rcl,123,41664,604.6600163099356,0.45811833920046297,run-20260729-190335-3fa8,2026-07-29T19:03:35Z
vrf/VFR700_60_8_Gap,Large,700,60,IG-idle-rcl,456,41703,579.7736012210371,0.5521531561942422,run-20260729-191315-9ec9,2026-07-29T19:13:15Z
vrf/VFR700_60_8_Gap,Large,700,60,IG-idle-rcl,789,41798,585.0401060070144,0.7812123257944736,run-20260729-192300-855d,2026-07-29T19:23:00Z
vrf/VFR700_60_8_Gap,Large,700,60,IG-idle-rcl,2025,41797,598.7748078020522,0.778801176640787,run-20260729-193259-4a40,2026-07-29T19:32:59Z
vrf/VFR700_60_9_Gap,Large,700,60,IG-idle-rcl,42,41520,602.9190225469647,0.5546002760892204,run-20260729-194302-10f7,2026-07-29T19:43:02Z
vrf/VFR700_60_9_Gap,Large,700,60,IG-idle-rcl,123,41435,605.3544939020649,0.34874427841418226,run-20260729-195307-bff0,2026-07-29T19:53:07Z
vrf/VFR700_60_9_Gap,Large,700,60,IG-idle-rcl,456,41518,570.1157966690371,0.5497566055556901,run-20260729-200237-ebfd,2026-07-29T20:02:37Z
vrf/VFR700_60_9_Gap,Large,700,60,IG-idle-rcl,789,41487,576.1853237350006,0.47467971228597033,run-20260729-201213-62b2,2026-07-29T20:12:13Z
vrf/VFR700_60_9_Gap,Large,700,60,IG-idle-rcl,2025,41479,601.3164533410454,0.4553050301518491,run-20260729-202215-139a,2026-07-29T20:22:15Z
vrf/VFR800_20_10_Gap,Large,800,20,IG-idle-rcl,42,41632,248.08408790896647,0.1395102708423534,run-20260729-202623-c6cb,2026-07-29T20:26:23Z
vrf/VFR800_20_10_Gap,Large,800,20,IG-idle-rcl,123,41633,245.5583382799523,0.14191562033963534,run-20260729-203028-fa6f,2026-07-29T20:30:28Z
vrf/VFR800_20_10_Gap,Large,800,20,IG-idle-rcl,456,41642,248.23336389102042,0.16356376581517296,run-20260729-203437-f826,2026-07-29T20:34:37Z
vrf/VFR800_20_10_Gap,Large,800,20,IG-idle-rcl,789,41589,244.39909411605913,0.03608024245922933,run-20260729-203841-49ac,2026-07-29T20:38:41Z
vrf/VFR800_20_10_Gap,Large,800,20,IG-idle-rcl,2025,41600,239.46079634700436,0.06253908692933083,run-20260729-204241-dbc2,2026-07-29T20:42:41Z
vrf/VFR800_20_1_Gap,Large,800,20,IG-idle-rcl,42,41558,239.3442366910167,0.0,run-20260729-204640-32ca,2026-07-29T20:46:40Z
vrf/VFR800_20_1_Gap,Large,800,20,IG-idle-rcl,123,41596,236.20617002702784,0.09143847153376004,run-20260729-205036-41ff,2026-07-29T20:50:36Z
vrf/VFR800_20_1_Gap,Large,800,20,IG-idle-rcl,456,41657,228.65798283193726,0.2382212811011117,run-20260729-205425-19a9,2026-07-29T20:54:25Z
vrf/VFR800_20_1_Gap,Large,800,20,IG-idle-rcl,789,41577,237.51585943100508,0.04571923576688002,run-20260729-205822-5e00,2026-07-29T20:58:22Z
vrf/VFR800_20_1_Gap,Large,800,20,IG-idle-rcl,2025,41585,231.3988503019791,0.06496944030030319,run-20260729-210214-a037,2026-07-29T21:02:14Z
vrf/VFR800_20_2_Gap,Large,800,20,IG-idle-rcl,42,41492,248.87699009594508,0.2052793006013476,run-20260729-210623-e359,2026-07-29T21:06:23Z
vrf/VFR800_20_2_Gap,Large,800,20,IG-idle-rcl,123,41446,247.51149764400907,0.0941869732170889,run-20260729-211030-6614,2026-07-29T21:10:30Z
vrf/VFR800_20_2_Gap,Large,800,20,IG-idle-rcl,456,41483,243.0350375699345,0.18354384524355785,run-20260729-211433-7b3f,2026-07-29T21:14:33Z
vrf/VFR800_20_2_Gap,Large,800,20,IG-idle-rcl,789,41449,242.41851801495068,0.10143212500301882,run-20260729-211836-1957,2026-07-29T21:18:36Z
vrf/VFR800_20_2_Gap,Large,800,20,IG-idle-rcl,2025,41502,237.68103998305742,0.2294298065544473,run-20260729-212233-b59b,2026-07-29T21:22:33Z
vrf/VFR800_20_3_Gap,Large,800,20,IG-idle-rcl,42,41466,252.69656035793014,0.09897404948702475,run-20260729-212646-40b9,2026-07-29T21:26:46Z
vrf/VFR800_20_3_Gap,Large,800,20,IG-idle-rcl,123,41526,249.6673090918921,0.24381412190706095,run-20260729-213056-8186,2026-07-29T21:30:56Z
vrf/VFR800_20_3_Gap,Large,800,20,IG-idle-rcl,456,41531,243.8652239610674,0.25588412794206394,run-20260729-213500-778c,2026-07-29T21:35:00Z
vrf/VFR800_20_3_Gap,Large,800,20,IG-idle-rcl,789,41482,252.51372852607165,0.1375980687990344,run-20260729-213912-ec77,2026-07-29T21:39:12Z
vrf/VFR800_20_3_Gap,Large,800,20,IG-idle-rcl,2025,41477,245.78684537194204,0.1255280627640314,run-20260729-214318-f169,2026-07-29T21:43:18Z
vrf/VFR800_20_4_Gap,Large,800,20,IG-idle-rcl,42,41471,245.11205745697953,0.1086274320475064,run-20260729-214723-1e63,2026-07-29T21:47:23Z
vrf/VFR800_20_4_Gap,Large,800,20,IG-idle-rcl,123,41505,247.03820537508,0.19070149181673346,run-20260729-215130-7362,2026-07-29T21:51:30Z
vrf/VFR800_20_4_Gap,Large,800,20,IG-idle-rcl,456,41489,242.99841443891637,0.15207840486650895,run-20260729-215533-b5bd,2026-07-29T21:55:33Z
vrf/VFR800_20_4_Gap,Large,800,20,IG-idle-rcl,789,41493,244.51004605798516,0.16173417660406508,run-20260729-215937-9f55,2026-07-29T21:59:37Z
vrf/VFR800_20_4_Gap,Large,800,20,IG-idle-rcl,2025,41497,243.38693709706422,0.17138994834162122,run-20260729-220341-4015,2026-07-29T22:03:41Z
vrf/VFR800_20_5_Gap,Large,800,20,IG-idle-rcl,42,41794,236.00669164094143,0.20139055382402302,run-20260729-220737-317c,2026-07-29T22:07:37Z
vrf/VFR800_20_5_Gap,Large,800,20,IG-idle-rcl,123,41846,234.30982439301442,0.32606089666746585,run-20260729-221131-b749,2026-07-29T22:11:31Z
vrf/VFR800_20_5_Gap,Large,800,20,IG-idle-rcl,456,41808,236.50307125295512,0.23495564612802686,run-20260729-221528-01e1,2026-07-29T22:15:28Z
vrf/VFR800_20_5_Gap,Large,800,20,IG-idle-rcl,789,41824,243.48579370894004,0.27331575161831695,run-20260729-221931-ff58,2026-07-29T22:19:31Z
vrf/VFR800_20_5_Gap,Large,800,20,IG-idle-rcl,2025,41811,233.65803997102194,0.24214816590745625,run-20260729-222325-9e2c,2026-07-29T22:23:25Z
vrf/VFR800_20_6_Gap,Large,800,20,IG-idle-rcl,42,42212,223.2907942790771,0.48083789573910973,run-20260729-222708-54f5,2026-07-29T22:27:08Z
vrf/VFR800_20_6_Gap,Large,800,20,IG-idle-rcl,123,42212,220.39396033098456,0.48083789573910973,run-20260729-223049-86a1,2026-07-29T22:30:49Z
vrf/VFR800_20_6_Gap,Large,800,20,IG-idle-rcl,456,42213,218.78984924696852,0.48321828136158057,run-20260729-223427-8044,2026-07-29T22:34:27Z
vrf/VFR800_20_6_Gap,Large,800,20,IG-idle-rcl,789,42222,222.53280894493219,0.5046417519638181,run-20260729-223810-ef10,2026-07-29T22:38:10Z
vrf/VFR800_20_6_Gap,Large,800,20,IG-idle-rcl,2025,42152,229.33143921406008,0.3380147583908593,run-20260729-224159-5660,2026-07-29T22:41:59Z
vrf/VFR800_20_7_Gap,Large,800,20,IG-idle-rcl,42,41459,232.10531138593797,0.08207604103802052,run-20260729-224551-3ff9,2026-07-29T22:45:51Z
vrf/VFR800_20_7_Gap,Large,800,20,IG-idle-rcl,123,41459,229.68465781596024,0.08207604103802052,run-20260729-224941-08e3,2026-07-29T22:49:41Z
vrf/VFR800_20_7_Gap,Large,800,20,IG-idle-rcl,456,41583,227.9611563020153,0.38141219070609533,run-20260729-225329-8001,2026-07-29T22:53:29Z
vrf/VFR800_20_7_Gap,Large,800,20,IG-idle-rcl,789,41447,230.9052690420067,0.053108026554013275,run-20260729-225720-e83c,2026-07-29T22:57:20Z
vrf/VFR800_20_7_Gap,Large,800,20,IG-idle-rcl,2025,41433,236.63278211606666,0.01931200965600483,run-20260729-230117-fe5a,2026-07-29T23:01:17Z
vrf/VFR800_20_8_Gap,Large,800,20,IG-idle-rcl,42,41575,235.444144875044,0.20003856165043865,run-20260729-230512-e1f2,2026-07-29T23:05:12Z
vrf/VFR800_20_8_Gap,Large,800,20,IG-idle-rcl,123,41548,230.51304779201746,0.1349657765352357,run-20260729-230902-66a3,2026-07-29T23:09:02Z
vrf/VFR800_20_8_Gap,Large,800,20,IG-idle-rcl,456,41570,232.83569353702478,0.187988045888364,run-20260729-231255-4a53,2026-07-29T23:12:55Z
vrf/VFR800_20_8_Gap,Large,800,20,IG-idle-rcl,789,41575,231.7565043619834,0.20003856165043865,run-20260729-231647-22b2,2026-07-29T23:16:47Z
vrf/VFR800_20_8_Gap,Large,800,20,IG-idle-rcl,2025,41588,232.56294270092621,0.23136990263183263,run-20260729-232040-a600,2026-07-29T23:20:40Z
vrf/VFR800_20_9_Gap,Large,800,20,IG-idle-rcl,42,41841,233.5174456089735,0.10766580534022395,run-20260729-232433-e3ed,2026-07-29T23:24:33Z
vrf/VFR800_20_9_Gap,Large,800,20,IG-idle-rcl,123,41876,233.95130910701118,0.19140587616039811,run-20260729-232827-2ce0,2026-07-29T23:28:27Z
vrf/VFR800_20_9_Gap,Large,800,20,IG-idle-rcl,456,41854,230.05464075808413,0.13876926021628863,run-20260729-233217-6998,2026-07-29T23:32:17Z
vrf/VFR800_20_9_Gap,Large,800,20,IG-idle-rcl,789,41854,230.14759092300665,0.13876926021628863,run-20260729-233607-d968,2026-07-29T23:36:07Z
vrf/VFR800_20_9_Gap,Large,800,20,IG-idle-rcl,2025,41858,233.5709964800626,0.14833955402430854,run-20260729-234001-ae3a,2026-07-29T23:40:01Z
vrf/VFR800_40_10_Gap,Large,800,40,IG-idle-rcl,42,44056,492.1930045139743,0.44458630674175237,run-20260729-234813-1ef7,2026-07-29T23:48:13Z
vrf/VFR800_40_10_Gap,Large,800,40,IG-idle-rcl,123,44031,487.31427757407073,0.38758806228768156,run-20260729-235620-ce40,2026-07-29T23:56:20Z
vrf/VFR800_40_10_Gap,Large,800,40,IG-idle-rcl,456,44011,495.74897557799704,0.3419894667244249,run-20260730-000436-1b5b,2026-07-30T00:04:36Z
vrf/VFR800_40_10_Gap,Large,800,40,IG-idle-rcl,789,44132,478.85974963207263,0.6178609698821276,run-20260730-001235-40ea,2026-07-30T00:12:35Z
vrf/VFR800_40_10_Gap,Large,800,40,IG-idle-rcl,2025,44047,496.5847988249734,0.4240669387382869,run-20260730-002052-7916,2026-07-30T00:20:52Z
vrf/VFR800_40_1_Gap,Large,800,40,IG-idle-rcl,42,43852,499.69878266809974,0.4144626869089327,run-20260730-002911-8731,2026-07-30T00:29:11Z
vrf/VFR800_40_1_Gap,Large,800,40,IG-idle-rcl,123,43845,500.1305368869798,0.398433743216322,run-20260730-003732-1927,2026-07-30T00:37:32Z
vrf/VFR800_40_1_Gap,Large,800,40,IG-idle-rcl,456,43858,502.71038201008923,0.42820178150259897,run-20260730-004554-c1f9,2026-07-30T00:45:54Z
vrf/VFR800_40_1_Gap,Large,800,40,IG-idle-rcl,789,43824,498.66367337002885,0.35034691213849006,run-20260730-005413-0ffd,2026-07-30T00:54:13Z
vrf/VFR800_40_1_Gap,Large,800,40,IG-idle-rcl,2025,43859,484.7531642289832,0.4304916306015434,run-20260730-010218-38cc,2026-07-30T01:02:18Z
vrf/VFR800_40_2_Gap,Large,800,40,IG-idle-rcl,42,44048,484.0519493500469,0.6903488318932016,run-20260730-011022-6c4f,2026-07-30T01:10:22Z
vrf/VFR800_40_2_Gap,Large,800,40,IG-idle-rcl,123,43841,492.43510390399024,0.21716271201938464,run-20260730-011834-9edf,2026-07-30T01:18:34Z
vrf/VFR800_40_2_Gap,Large,800,40,IG-idle-rcl,456,43940,507.30126764508896,0.44346911717642756,run-20260730-012701-c3b6,2026-07-30T01:27:01Z
vrf/VFR800_40_2_Gap,Large,800,40,IG-idle-rcl,789,43974,490.5770426650997,0.5211905088465231,run-20260730-013512-885c,2026-07-30T01:35:12Z
vrf/VFR800_40_2_Gap,Large,800,40,IG-idle-rcl,2025,44004,498.83732804399915,0.5897682073789604,run-20260730-014331-37d8,2026-07-30T01:43:31Z
vrf/VFR800_40_3_Gap,Large,800,40,IG-idle-rcl,42,44002,483.3534450130537,0.5782989325470297,run-20260730-015134-206b,2026-07-30T01:51:34Z
vrf/VFR800_40_3_Gap,Large,800,40,IG-idle-rcl,123,43963,470.1206588119967,0.48915403780657846,run-20260730-015924-ef03,2026-07-30T01:59:24Z
vrf/VFR800_40_3_Gap,Large,800,40,IG-idle-rcl,456,44018,478.65101333498023,0.6148711970559327,run-20260730-020723-4289,2026-07-30T02:07:23Z
vrf/VFR800_40_3_Gap,Large,800,40,IG-idle-rcl,789,44018,503.8346739290282,0.6148711970559327,run-20260730-021547-9db7,2026-07-30T02:15:47Z
vrf/VFR800_40_3_Gap,Large,800,40,IG-idle-rcl,2025,44021,480.6959690209478,0.621728496651352,run-20260730-022348-052c,2026-07-30T02:23:48Z
vrf/VFR800_40_4_Gap,Large,800,40,IG-idle-rcl,42,44020,486.54111787793227,0.291624897475622,run-20260730-023154-4849,2026-07-30T02:31:54Z
vrf/VFR800_40_4_Gap,Large,800,40,IG-idle-rcl,123,44092,494.2466279210057,0.45566390230565934,run-20260730-024008-674c,2026-07-30T02:40:08Z
vrf/VFR800_40_4_Gap,Large,800,40,IG-idle-rcl,456,43963,497.5262311089318,0.16176068531850907,run-20260730-024826-5ff8,2026-07-30T02:48:26Z
vrf/VFR800_40_4_Gap,Large,800,40,IG-idle-rcl,789,44026,491.79361133207567,0.30529481454479174,run-20260730-025638-8187,2026-07-30T02:56:38Z
vrf/VFR800_40_4_Gap,Large,800,40,IG-idle-rcl,2025,44128,475.0740803440567,0.537683404720678,run-20260730-030433-1f92,2026-07-30T03:04:33Z
vrf/VFR800_40_5_Gap,Large,800,40,IG-idle-rcl,42,44107,511.5439729570644,0.4600842728618608,run-20260730-031304-11f0,2026-07-30T03:13:04Z
vrf/VFR800_40_5_Gap,Large,800,40,IG-idle-rcl,123,44082,490.9716433159774,0.40314314998291767,run-20260730-032115-42f1,2026-07-30T03:21:15Z
vrf/VFR800_40_5_Gap,Large,800,40,IG-idle-rcl,456,44157,501.25559618510306,0.5739665186197472,run-20260730-032937-7511,2026-07-30T03:29:37Z
vrf/VFR800_40_5_Gap,Large,800,40,IG-idle-rcl,789,44133,517.2960465629585,0.5193030406559618,run-20260730-033814-270d,2026-07-30T03:38:14Z
vrf/VFR800_40_5_Gap,Large,800,40,IG-idle-rcl,2025,44126,485.75154589500744,0.5033595262498577,run-20260730-034620-5e4c,2026-07-30T03:46:20Z
vrf/VFR800_40_6_Gap,Large,800,40,IG-idle-rcl,42,44111,512.4732911069877,0.6847595352765288,run-20260730-035452-d7b0,2026-07-30T03:54:52Z
vrf/VFR800_40_6_Gap,Large,800,40,IG-idle-rcl,123,44067,507.6754894510377,0.5843281367693045,run-20260730-040320-7508,2026-07-30T04:03:20Z
vrf/VFR800_40_6_Gap,Large,800,40,IG-idle-rcl,456,44046,492.2190500389552,0.5363949692999475,run-20260730-041132-c880,2026-07-30T04:11:32Z
vrf/VFR800_40_6_Gap,Large,800,40,IG-idle-rcl,789,44056,494.12921259296127,0.5592202871424985,run-20260730-041946-0305,2026-07-30T04:19:46Z
vrf/VFR800_40_6_Gap,Large,800,40,IG-idle-rcl,2025,44204,489.49990223092027,0.8970349912122526,run-20260730-042756-6237,2026-07-30T04:27:56Z
vrf/VFR800_40_7_Gap,Large,800,40,IG-idle-rcl,42,43920,505.97479495906737,0.3518713156331399,run-20260730-043622-8f33,2026-07-30T04:36:22Z
vrf/VFR800_40_7_Gap,Large,800,40,IG-idle-rcl,123,43977,495.3685669080587,0.4821093999908605,run-20260730-044437-227c,2026-07-30T04:44:37Z
vrf/VFR800_40_7_Gap,Large,800,40,IG-idle-rcl,456,43944,492.43480714107864,0.4067084037837591,run-20260730-045249-0b4a,2026-07-30T04:52:49Z
vrf/VFR800_40_7_Gap,Large,800,40,IG-idle-rcl,789,43933,490.03208243695553,0.38157473838139194,run-20260730-050100-724d,2026-07-30T05:01:00Z
vrf/VFR800_40_7_Gap,Large,800,40,IG-idle-rcl,2025,43943,494.18048330897,0.40442352511081664,run-20260730-050914-42d6,2026-07-30T05:09:14Z
vrf/VFR800_40_8_Gap,Large,800,40,IG-idle-rcl,42,44070,502.5711186970584,0.5269280777389995,run-20260730-051736-66c6,2026-07-30T05:17:36Z
vrf/VFR800_40_8_Gap,Large,800,40,IG-idle-rcl,123,44103,490.4840155680431,0.6022035174159994,run-20260730-052547-0db7,2026-07-30T05:25:47Z
vrf/VFR800_40_8_Gap,Large,800,40,IG-idle-rcl,456,44195,482.5998590870295,0.8120623189397569,run-20260730-053349-be97,2026-07-30T05:33:49Z
vrf/VFR800_40_8_Gap,Large,800,40,IG-idle-rcl,789,43959,486.1962720101001,0.273728871552727,run-20260730-054156-d367,2026-07-30T05:41:56Z
vrf/VFR800_40_8_Gap,Large,800,40,IG-idle-rcl,2025,44016,498.95709788403474,0.40375008554027236,run-20260730-055015-9301,2026-07-30T05:50:15Z
vrf/VFR800_40_9_Gap,Large,800,40,IG-idle-rcl,42,44044,486.9696133179823,0.37603409375783403,run-20260730-055822-3810,2026-07-30T05:58:22Z
vrf/VFR800_40_9_Gap,Large,800,40,IG-idle-rcl,123,44046,509.36988200899214,0.38059208277308054,run-20260730-060651-c4f5,2026-07-30T06:06:51Z
vrf/VFR800_40_9_Gap,Large,800,40,IG-idle-rcl,456,43980,505.0608984719729,0.2301784452699469,run-20260730-061516-3bf4,2026-07-30T06:15:16Z
vrf/VFR800_40_9_Gap,Large,800,40,IG-idle-rcl,789,44033,510.07107169006485,0.35096515417397844,run-20260730-062346-aacd,2026-07-30T06:23:46Z
vrf/VFR800_40_9_Gap,Large,800,40,IG-idle-rcl,2025,44074,498.1203428800218,0.44440392898653114,run-20260730-063204-4ff7,2026-07-30T06:32:04Z
vrf/VFR800_60_10_Gap,Large,800,60,IG-idle-rcl,42,46781,1015.22811021097,1.161231727359225,run-20260730-064859-3cd4,2026-07-30T06:48:59Z
vrf/VFR800_60_10_Gap,Large,800,60,IG-idle-rcl,123,46689,746.472702161991,0.962286999394516,run-20260730-070126-5d6e,2026-07-30T07:01:26Z
vrf/VFR800_60_10_Gap,Large,800,60,IG-idle-rcl,456,46573,997.3105725639034,0.7114436467433612,run-20260730-071803-8772,2026-07-30T07:18:03Z
vrf/VFR800_60_10_Gap,Large,800,60,IG-idle-rcl,789,46678,1023.9891905609984,0.9385001297465617,run-20260730-073507-119d,2026-07-30T07:35:07Z
vrf/VFR800_60_10_Gap,Large,800,60,IG-idle-rcl,2025,46699,1005.1763323929626,0.9839114263472017,run-20260730-075152-eb79,2026-07-30T07:51:52Z
vrf/VFR800_60_1_Gap,Large,800,60,IG-idle-rcl,42,46764,995.9490745950025,0.6326662362814719,run-20260730-080828-3963,2026-07-30T08:08:28Z
vrf/VFR800_60_1_Gap,Large,800,60,IG-idle-rcl,123,46687,1025.884097854956,0.46696793630299116,run-20260730-082534-6b5f,2026-07-30T08:25:34Z
vrf/VFR800_60_1_Gap,Large,800,60,IG-idle-rcl,456,46757,1034.5326138220262,0.6176027544652464,run-20260730-084249-fca5,2026-07-30T08:42:49Z
vrf/VFR800_60_1_Gap,Large,800,60,IG-idle-rcl,789,46689,1024.9400114240125,0.47127178825048416,run-20260730-085954-7d26,2026-07-30T08:59:54Z
vrf/VFR800_60_1_Gap,Large,800,60,IG-idle-rcl,2025,46748,1066.984932783991,0.5982354207015279,run-20260730-091741-f771,2026-07-30T09:17:41Z
vrf/VFR800_60_2_Gap,Large,800,60,IG-idle-rcl,42,46857,1000.6909885120112,0.7829135568795302,run-20260730-093421-f0a9,2026-07-30T09:34:21Z
vrf/VFR800_60_2_Gap,Large,800,60,IG-idle-rcl,123,46817,1005.5361858450342,0.6968791000795819,run-20260730-095107-5c7c,2026-07-30T09:51:07Z
vrf/VFR800_60_2_Gap,Large,800,60,IG-idle-rcl,456,46745,1010.8907828460215,0.5420170778396748,run-20260730-100758-2932,2026-07-30T10:07:58Z
vrf/VFR800_60_2_Gap,Large,800,60,IG-idle-rcl,789,46808,1009.5615225560032,0.6775213472995935,run-20260730-102447-3fd1,2026-07-30T10:24:47Z
vrf/VFR800_60_2_Gap,Large,800,60,IG-idle-rcl,2025,46729,986.8927582009928,0.5076032951196955,run-20260730-104114-eecc,2026-07-30T10:41:14Z
vrf/VFR800_60_3_Gap,Large,800,60,IG-idle-rcl,42,46904,988.7574693079805,1.1101769816120202,run-20260730-105743-6178,2026-07-30T10:57:43Z
vrf/VFR800_60_3_Gap,Large,800,60,IG-idle-rcl,123,46835,1050.341472598957,0.9614348229106038,run-20260730-111513-4937,2026-07-30T11:15:13Z
vrf/VFR800_60_3_Gap,Large,800,60,IG-idle-rcl,456,46770,990.9488630549749,0.8213153980469508,run-20260730-113144-6e6a,2026-07-30T11:31:44Z
vrf/VFR800_60_3_Gap,Large,800,60,IG-idle-rcl,789,46615,1014.8071243839804,0.48718446183362435,run-20260730-114839-ef06,2026-07-30T11:48:39Z
vrf/VFR800_60_3_Gap,Large,800,60,IG-idle-rcl,2025,46705,1015.0294638560154,0.6811959731832977,run-20260730-120534-a21b,2026-07-30T12:05:34Z
vrf/VFR800_60_4_Gap,Large,800,60,IG-idle-rcl,42,46638,1016.2544948080322,0.38960759411929313,run-20260730-122231-8b65,2026-07-30T12:22:31Z
vrf/VFR800_60_4_Gap,Large,800,60,IG-idle-rcl,123,46629,1065.0402903349604,0.37023484082054375,run-20260730-124016-833c,2026-07-30T12:40:16Z
vrf/VFR800_60_4_Gap,Large,800,60,IG-idle-rcl,456,46603,1011.0582514789421,0.31426910906860106,run-20260730-125707-385f,2026-07-30T12:57:07Z
vrf/VFR800_60_4_Gap,Large,800,60,IG-idle-rcl,789,46713,1038.892413847032,0.5510472049422046,run-20260730-131426-a44e,2026-07-30T13:14:26Z
vrf/VFR800_60_4_Gap,Large,800,60,IG-idle-rcl,2025,46770,1050.902632553014,0.6737413091676173,run-20260730-133156-69aa,2026-07-30T13:31:56Z
vrf/VFR800_60_5_Gap,Large,800,60,IG-idle-rcl,42,46738,1057.3850264520152,0.7262774509170061,run-20260730-134934-2f4f,2026-07-30T13:49:34Z
vrf/VFR800_60_5_Gap,Large,800,60,IG-idle-rcl,123,46677,1008.7930796250002,0.5948147669231266,run-20260730-140623-40ce,2026-07-30T14:06:23Z
vrf/VFR800_60_5_Gap,Large,800,60,IG-idle-rcl,456,46668,1023.6904076749925,0.5754186332191117,run-20260730-142326-3a4b,2026-07-30T14:23:26Z
vrf/VFR800_60_5_Gap,Large,800,60,IG-idle-rcl,789,46667,1037.7375603769906,0.5732635072519989,run-20260730-144044-32c7,2026-07-30T14:40:44Z
vrf/VFR800_60_5_Gap,Large,800,60,IG-idle-rcl,2025,46692,1011.7497906739591,0.6271416564298183,run-20260730-145736-e382,2026-07-30T14:57:36Z
vrf/VFR800_60_6_Gap,Large,800,60,IG-idle-rcl,42,46824,1042.4173284970457,0.8681415738566597,run-20260730-151458-735c,2026-07-30T15:14:58Z
vrf/VFR800_60_6_Gap,Large,800,60,IG-idle-rcl,123,46895,1001.1265226579271,1.021089593072101,run-20260730-153139-c4f6,2026-07-30T15:31:39Z
vrf/VFR800_60_6_Gap,Large,800,60,IG-idle-rcl,456,47019,1023.6559527600184,1.2882100773356886,run-20260730-154843-9a22,2026-07-30T15:48:43Z
vrf/VFR800_60_6_Gap,Large,800,60,IG-idle-rcl,789,46939,1020.4541791559896,1.1158742810365998,run-20260730-160544-5f1b,2026-07-30T16:05:44Z
vrf/VFR800_60_6_Gap,Large,800,60,IG-idle-rcl,2025,47016,982.4124431300443,1.2817474849744728,run-20260730-162206-a7b2,2026-07-30T16:22:06Z
vrf/VFR800_60_7_Gap,Large,800,60,IG-idle-rcl,42,46710,1020.4299217110965,0.8441460307865023,run-20260730-163906-1d57,2026-07-30T16:39:06Z
vrf/VFR800_60_7_Gap,Large,800,60,IG-idle-rcl,123,46690,994.6207612019498,0.8009672056823334,run-20260730-165541-482f,2026-07-30T16:55:41Z
vrf/VFR800_60_7_Gap,Large,800,60,IG-idle-rcl,456,46620,1014.6546788469423,0.6498413178177421,run-20260730-171236-c63e,2026-07-30T17:12:36Z
vrf/VFR800_60_7_Gap,Large,800,60,IG-idle-rcl,789,46733,1001.7955583989387,0.8938016796562965,run-20260730-172917-d7a7,2026-07-30T17:29:17Z
vrf/VFR800_60_7_Gap,Large,800,60,IG-idle-rcl,2025,46752,1038.9786807789933,0.934821563505257,run-20260730-174636-e4f1,2026-07-30T17:46:36Z
vrf/VFR800_60_8_Gap,Large,800,60,IG-idle-rcl,42,46879,1048.7865230579628,0.8714550071007445,run-20260730-180405-b386,2026-07-30T18:04:05Z
vrf/VFR800_60_8_Gap,Large,800,60,IG-idle-rcl,123,46787,1023.1805907409871,0.6734948573395877,run-20260730-182108-bdaf,2026-07-30T18:21:08Z
vrf/VFR800_60_8_Gap,Large,800,60,IG-idle-rcl,456,46919,983.6164325260324,0.9575246374316823,run-20260730-183732-1696,2026-07-30T18:37:32Z
vrf/VFR800_60_8_Gap,Large,800,60,IG-idle-rcl,789,46853,1044.5539001730504,0.815509747385635,run-20260730-185457-fc1b,2026-07-30T18:54:57Z
vrf/VFR800_60_8_Gap,Large,800,60,IG-idle-rcl,2025,46952,1016.9147985150339,1.028532082454706,run-20260730-191154-1f3d,2026-07-30T19:11:54Z
vrf/VFR800_60_9_Gap,Large,800,60,IG-idle-rcl,42,46796,1005.5045190399978,0.5543856633288925,run-20260730-192839-1dc0,2026-07-30T19:28:39Z
vrf/VFR800_60_9_Gap,Large,800,60,IG-idle-rcl,123,46767,1018.7343147030333,0.49207099574541235,run-20260730-194538-0743,2026-07-30T19:45:38Z
vrf/VFR800_60_9_Gap,Large,800,60,IG-idle-rcl,456,46833,1030.3899485409493,0.63389058403885,run-20260730-200248-b660,2026-07-30T20:02:48Z
vrf/VFR800_60_9_Gap,Large,800,60,IG-idle-rcl,789,46864,997.0830828549806,0.7005028149039495,run-20260730-201925-46b5,2026-07-30T20:19:25Z
vrf/VFR800_60_9_Gap,Large,800,60,IG-idle-rcl,2025,46913,1028.5690579840448,0.8057931153036229,run-20260730-203634-889b,2026-07-30T20:36:34Z
vrf/VFR10_10_10_Gap,Small,10,10,IG-idle-rcl,42,1099,0.692979607032612,0.0,run-20260730-203635-e2e5,2026-07-30T20:36:35Z
vrf/VFR10_10_10_Gap,Small,10,10,IG-idle-rcl,123,1099,0.7177725340006873,0.0,run-20260730-203635-021a,2026-07-30T20:36:35Z
vrf/VFR10_10_10_Gap,Small,10,10,IG-idle-rcl,456,1099,0.6999956229701638,0.0,run-20260730-203636-fb79,2026-07-30T20:36:36Z
vrf/VFR10_10_10_Gap,Small,10,10,IG-idle-rcl,789,1099,0.6738835030701011,0.0,run-20260730-203637-5486,2026-07-30T20:36:37Z
vrf/VFR10_10_10_Gap,Small,10,10,IG-idle-rcl,2025,1099,0.6950863240053877,0.0,run-20260730-203637-628c,2026-07-30T20:36:37Z
vrf/VFR10_10_1_Gap,Small,10,10,IG-idle-rcl,42,1097,0.6197604920016602,0.0,run-20260730-203638-f116,2026-07-30T20:36:38Z
vrf/VFR10_10_1_Gap,Small,10,10,IG-idle-rcl,123,1115,0.4703771430067718,1.6408386508659982,run-20260730-203638-68c2,2026-07-30T20:36:38Z
vrf/VFR10_10_1_Gap,Small,10,10,IG-idle-rcl,456,1115,0.46931292908266187,1.6408386508659982,run-20260730-203639-caa0,2026-07-30T20:36:39Z
vrf/VFR10_10_1_Gap,Small,10,10,IG-idle-rcl,789,1115,0.4686370079871267,1.6408386508659982,run-20260730-203639-536f,2026-07-30T20:36:39Z
vrf/VFR10_10_1_Gap,Small,10,10,IG-idle-rcl,2025,1097,0.6236332219559699,0.0,run-20260730-203640-9db2,2026-07-30T20:36:40Z
vrf/VFR10_10_2_Gap,Small,10,10,IG-idle-rcl,42,1146,0.6323504770407453,0.0,run-20260730-203641-79b1,2026-07-30T20:36:41Z
vrf/VFR10_10_2_Gap,Small,10,10,IG-idle-rcl,123,1146,0.6591446499805897,0.0,run-20260730-203641-a2c8,2026-07-30T20:36:41Z
vrf/VFR10_10_2_Gap,Small,10,10,IG-idle-rcl,456,1146,0.6419944339431822,0.0,run-20260730-203642-78c0,2026-07-30T20:36:42Z
vrf/VFR10_10_2_Gap,Small,10,10,IG-idle-rcl,789,1146,0.6627882269676775,0.0,run-20260730-203643-e817,2026-07-30T20:36:43Z
vrf/VFR10_10_2_Gap,Small,10,10,IG-idle-rcl,2025,1146,0.663456697948277,0.0,run-20260730-203643-52c8,2026-07-30T20:36:43Z
vrf/VFR10_10_3_Gap,Small,10,10,IG-idle-rcl,42,1124,0.7652294819708914,0.0,run-20260730-203644-384a,2026-07-30T20:36:44Z
vrf/VFR10_10_3_Gap,Small,10,10,IG-idle-rcl,123,1124,0.7640549569623545,0.0,run-20260730-203645-d290,2026-07-30T20:36:45Z
vrf/VFR10_10_3_Gap,Small,10,10,IG-idle-rcl,456,1124,0.7550926629919559,0.0,run-20260730-203646-4595,2026-07-30T20:36:46Z
vrf/VFR10_10_3_Gap,Small,10,10,IG-idle-rcl,789,1124,0.7555351360933855,0.0,run-20260730-203646-d6f8,2026-07-30T20:36:46Z
vrf/VFR10_10_3_Gap,Small,10,10,IG-idle-rcl,2025,1124,0.7710946459555998,0.0,run-20260730-203647-6ec3,2026-07-30T20:36:47Z
vrf/VFR10_10_4_Gap,Small,10,10,IG-idle-rcl,42,1038,0.6958183048991486,0.0,run-20260730-203648-bf5b,2026-07-30T20:36:48Z
vrf/VFR10_10_4_Gap,Small,10,10,IG-idle-rcl,123,1038,0.7104013739153743,0.0,run-20260730-203649-ad6a,2026-07-30T20:36:49Z
vrf/VFR10_10_4_Gap,Small,10,10,IG-idle-rcl,456,1038,0.6756956960307434,0.0,run-20260730-203649-0acf,2026-07-30T20:36:49Z
vrf/VFR10_10_4_Gap,Small,10,10,IG-idle-rcl,789,1038,0.6898216829868034,0.0,run-20260730-203650-1e8c,2026-07-30T20:36:50Z
vrf/VFR10_10_4_Gap,Small,10,10,IG-idle-rcl,2025,1038,0.6814859559526667,0.0,run-20260730-203651-f45d,2026-07-30T20:36:51Z
vrf/VFR10_10_5_Gap,Small,10,10,IG-idle-rcl,42,1093,0.5419434389332309,0.0,run-20260730-203651-0c76,2026-07-30T20:36:51Z
vrf/VFR10_10_5_Gap,Small,10,10,IG-idle-rcl,123,1093,0.522210625000298,0.0,run-20260730-203652-f25f,2026-07-30T20:36:52Z
vrf/VFR10_10_5_Gap,Small,10,10,IG-idle-rcl,456,1093,0.569956969935447,0.0,run-20260730-203652-46e6,2026-07-30T20:36:52Z
vrf/VFR10_10_5_Gap,Small,10,10,IG-idle-rcl,789,1093,0.5155249019153416,0.0,run-20260730-203653-8d20,2026-07-30T20:36:53Z
vrf/VFR10_10_5_Gap,Small,10,10,IG-idle-rcl,2025,1093,0.5131566720083356,0.0,run-20260730-203653-1c64,2026-07-30T20:36:53Z
vrf/VFR10_10_6_Gap,Small,10,10,IG-idle-rcl,42,1085,0.6085342440055683,0.0,run-20260730-203654-6e5e,2026-07-30T20:36:54Z
vrf/VFR10_10_6_Gap,Small,10,10,IG-idle-rcl,123,1085,0.6028059819946066,0.0,run-20260730-203654-612f,2026-07-30T20:36:54Z
vrf/VFR10_10_6_Gap,Small,10,10,IG-idle-rcl,456,1085,0.595466754049994,0.0,run-20260730-203655-fb68,2026-07-30T20:36:55Z
vrf/VFR10_10_6_Gap,Small,10,10,IG-idle-rcl,789,1085,0.6156599220121279,0.0,run-20260730-203656-8aa6,2026-07-30T20:36:56Z
vrf/VFR10_10_6_Gap,Small,10,10,IG-idle-rcl,2025,1085,0.6055576970102265,0.0,run-20260730-203656-8bf5,2026-07-30T20:36:56Z
vrf/VFR10_10_7_Gap,Small,10,10,IG-idle-rcl,42,1115,0.45906376896891743,0.0,run-20260730-203657-7436,2026-07-30T20:36:57Z
vrf/VFR10_10_7_Gap,Small,10,10,IG-idle-rcl,123,1115,0.4478539210977033,0.0,run-20260730-203657-8a66,2026-07-30T20:36:57Z
vrf/VFR10_10_7_Gap,Small,10,10,IG-idle-rcl,456,1115,0.46914350893348455,0.0,run-20260730-203658-9e82,2026-07-30T20:36:58Z
vrf/VFR10_10_7_Gap,Small,10,10,IG-idle-rcl,789,1115,0.4657939280150458,0.0,run-20260730-203658-5799,2026-07-30T20:36:58Z
vrf/VFR10_10_7_Gap,Small,10,10,IG-idle-rcl,2025,1115,0.47479943302460015,0.0,run-20260730-203659-7baf,2026-07-30T20:36:59Z
vrf/VFR10_10_8_Gap,Small,10,10,IG-idle-rcl,42,1113,0.4083604080369696,0.0,run-20260730-203659-0a83,2026-07-30T20:36:59Z
vrf/VFR10_10_8_Gap,Small,10,10,IG-idle-rcl,123,1113,0.432623602100648,0.0,run-20260730-203659-1169,2026-07-30T20:36:59Z
vrf/VFR10_10_8_Gap,Small,10,10,IG-idle-rcl,456,1113,0.5598291540518403,0.0,run-20260730-203700-1f04,2026-07-30T20:37:00Z
vrf/VFR10_10_8_Gap,Small,10,10,IG-idle-rcl,789,1113,0.42411622893996537,0.0,run-20260730-203700-84ef,2026-07-30T20:37:00Z
vrf/VFR10_10_8_Gap,Small,10,10,IG-idle-rcl,2025,1128,0.398413922986947,1.3477088948787062,run-20260730-203701-0dab,2026-07-30T20:37:01Z
vrf/VFR10_10_9_Gap,Small,10,10,IG-idle-rcl,42,1045,0.6541759070241824,0.0,run-20260730-203701-de5a,2026-07-30T20:37:01Z
vrf/VFR10_10_9_Gap,Small,10,10,IG-idle-rcl,123,1045,0.6541098449379206,0.0,run-20260730-203702-3668,2026-07-30T20:37:02Z
vrf/VFR10_10_9_Gap,Small,10,10,IG-idle-rcl,456,1045,0.6722235030028969,0.0,run-20260730-203703-f692,2026-07-30T20:37:03Z
vrf/VFR10_10_9_Gap,Small,10,10,IG-idle-rcl,789,1045,0.6468293750658631,0.0,run-20260730-203703-95b9,2026-07-30T20:37:03Z
vrf/VFR10_10_9_Gap,Small,10,10,IG-idle-rcl,2025,1045,0.6423063999973238,0.0,run-20260730-203704-c6fd,2026-07-30T20:37:04Z
vrf/VFR10_15_10_Gap,Small,10,15,IG-idle-rcl,42,1461,0.6419346360489726,0.0,run-20260730-203705-25e7,2026-07-30T20:37:05Z
vrf/VFR10_15_10_Gap,Small,10,15,IG-idle-rcl,123,1461,0.6689452599966899,0.0,run-20260730-203705-fe62,2026-07-30T20:37:05Z
vrf/VFR10_15_10_Gap,Small,10,15,IG-idle-rcl,456,1461,0.6537559949792922,0.0,run-20260730-203706-7d8d,2026-07-30T20:37:06Z
vrf/VFR10_15_10_Gap,Small,10,15,IG-idle-rcl,789,1461,0.662614539032802,0.0,run-20260730-203707-16d8,2026-07-30T20:37:07Z
vrf/VFR10_15_10_Gap,Small,10,15,IG-idle-rcl,2025,1465,0.7252412739908323,0.2737850787132101,run-20260730-203707-8713,2026-07-30T20:37:07Z
vrf/VFR10_15_1_Gap,Small,10,15,IG-idle-rcl,42,1307,0.8574185810284689,0.0,run-20260730-203708-c4b5,2026-07-30T20:37:08Z
vrf/VFR10_15_1_Gap,Small,10,15,IG-idle-rcl,123,1307,0.8309740760596469,0.0,run-20260730-203709-0a35,2026-07-30T20:37:09Z
vrf/VFR10_15_1_Gap,Small,10,15,IG-idle-rcl,456,1307,0.8129074369790033,0.0,run-20260730-203710-d8b4,2026-07-30T20:37:10Z
vrf/VFR10_15_1_Gap,Small,10,15,IG-idle-rcl,789,1307,0.8322229780023918,0.0,run-20260730-203711-ed9a,2026-07-30T20:37:11Z
vrf/VFR10_15_1_Gap,Small,10,15,IG-idle-rcl,2025,1307,0.8196499369805679,0.0,run-20260730-203712-afad,2026-07-30T20:37:12Z
vrf/VFR10_15_2_Gap,Small,10,15,IG-idle-rcl,42,1400,0.8126075839390978,0.07147962830593281,run-20260730-203712-e9a1,2026-07-30T20:37:12Z
vrf/VFR10_15_2_Gap,Small,10,15,IG-idle-rcl,123,1399,0.8027012520469725,0.0,run-20260730-203713-f82e,2026-07-30T20:37:13Z
vrf/VFR10_15_2_Gap,Small,10,15,IG-idle-rcl,456,1400,0.837471883976832,0.07147962830593281,run-20260730-203714-72a7,2026-07-30T20:37:14Z
vrf/VFR10_15_2_Gap,Small,10,15,IG-idle-rcl,789,1400,0.8080349770607427,0.07147962830593281,run-20260730-203715-5f16,2026-07-30T20:37:15Z
vrf/VFR10_15_2_Gap,Small,10,15,IG-idle-rcl,2025,1399,0.7741322080837563,0.0,run-20260730-203716-ffae,2026-07-30T20:37:16Z
vrf/VFR10_15_3_Gap,Small,10,15,IG-idle-rcl,42,1398,1.1272106360411271,0.0,run-20260730-203717-10d7,2026-07-30T20:37:17Z
vrf/VFR10_15_3_Gap,Small,10,15,IG-idle-rcl,123,1398,1.150517466943711,0.0,run-20260730-203718-d059,2026-07-30T20:37:18Z
vrf/VFR10_15_3_Gap,Small,10,15,IG-idle-rcl,456,1398,1.1236445299582556,0.0,run-20260730-203719-027f,2026-07-30T20:37:19Z
vrf/VFR10_15_3_Gap,Small,10,15,IG-idle-rcl,789,1398,1.11874818301294,0.0,run-20260730-203720-f9ed,2026-07-30T20:37:20Z
vrf/VFR10_15_3_Gap,Small,10,15,IG-idle-rcl,2025,1398,1.1093578659929335,0.0,run-20260730-203721-0c7e,2026-07-30T20:37:21Z
vrf/VFR10_15_4_Gap,Small,10,15,IG-idle-rcl,42,1452,0.8098705779993907,0.0,run-20260730-203722-faf3,2026-07-30T20:37:22Z
vrf/VFR10_15_4_Gap,Small,10,15,IG-idle-rcl,123,1452,0.8006548769772053,0.0,run-20260730-203723-9346,2026-07-30T20:37:23Z
vrf/VFR10_15_4_Gap,Small,10,15,IG-idle-rcl,456,1452,0.806192368036136,0.0,run-20260730-203724-ee6d,2026-07-30T20:37:24Z
vrf/VFR10_15_4_Gap,Small,10,15,IG-idle-rcl,789,1452,0.8194178260164335,0.0,run-20260730-203725-dc6b,2026-07-30T20:37:25Z
vrf/VFR10_15_4_Gap,Small,10,15,IG-idle-rcl,2025,1452,0.802183614927344,0.0,run-20260730-203725-1aeb,2026-07-30T20:37:25Z
vrf/VFR10_15_5_Gap,Small,10,15,IG-idle-rcl,42,1373,0.8683167720446363,0.0,run-20260730-203726-2bd5,2026-07-30T20:37:26Z
vrf/VFR10_15_5_Gap,Small,10,15,IG-idle-rcl,123,1373,0.9122343139024451,0.0,run-20260730-203727-789a,2026-07-30T20:37:27Z
vrf/VFR10_15_5_Gap,Small,10,15,IG-idle-rcl,456,1373,0.8771508210338652,0.0,run-20260730-203728-7cc4,2026-07-30T20:37:28Z
vrf/VFR10_15_5_Gap,Small,10,15,IG-idle-rcl,789,1373,0.9392927139997482,0.0,run-20260730-203729-ba17,2026-07-30T20:37:29Z
vrf/VFR10_15_5_Gap,Small,10,15,IG-idle-rcl,2025,1373,0.8771814350038767,0.0,run-20260730-203730-d027,2026-07-30T20:37:30Z
vrf/VFR10_15_6_Gap,Small,10,15,IG-idle-rcl,42,1331,0.7959029290359467,0.1504890895410083,run-20260730-203731-a239,2026-07-30T20:37:31Z
vrf/VFR10_15_6_Gap,Small,10,15,IG-idle-rcl,123,1331,0.7867125039920211,0.1504890895410083,run-20260730-203731-866f,2026-07-30T20:37:31Z
vrf/VFR10_15_6_Gap,Small,10,15,IG-idle-rcl,456,1331,0.794413746916689,0.1504890895410083,run-20260730-203732-ab46,2026-07-30T20:37:32Z
vrf/VFR10_15_6_Gap,Small,10,15,IG-idle-rcl,789,1331,0.7844529129797593,0.1504890895410083,run-20260730-203733-cf94,2026-07-30T20:37:33Z
vrf/VFR10_15_6_Gap,Small,10,15,IG-idle-rcl,2025,1331,0.8102467679418623,0.1504890895410083,run-20260730-203734-6a90,2026-07-30T20:37:34Z
vrf/VFR10_15_7_Gap,Small,10,15,IG-idle-rcl,42,1445,0.8665198750095442,0.0,run-20260730-203735-8f41,2026-07-30T20:37:35Z
vrf/VFR10_15_7_Gap,Small,10,15,IG-idle-rcl,123,1445,0.9070169639308006,0.0,run-20260730-203736-fef7,2026-07-30T20:37:36Z
vrf/VFR10_15_7_Gap,Small,10,15,IG-idle-rcl,456,1445,0.8892737840069458,0.0,run-20260730-203736-e452,2026-07-30T20:37:36Z
vrf/VFR10_15_7_Gap,Small,10,15,IG-idle-rcl,789,1445,0.9030700600706041,0.0,run-20260730-203737-dd09,2026-07-30T20:37:37Z
vrf/VFR10_15_7_Gap,Small,10,15,IG-idle-rcl,2025,1445,0.8873695449437946,0.0,run-20260730-203738-8ab2,2026-07-30T20:37:38Z
vrf/VFR10_15_8_Gap,Small,10,15,IG-idle-rcl,42,1443,1.0422631030669436,0.0,run-20260730-203739-dbec,2026-07-30T20:37:39Z
vrf/VFR10_15_8_Gap,Small,10,15,IG-idle-rcl,123,1443,1.0117377300048247,0.0,run-20260730-203740-9371,2026-07-30T20:37:40Z
vrf/VFR10_15_8_Gap,Small,10,15,IG-idle-rcl,456,1443,1.0136476679472253,0.0,run-20260730-203741-63d8,2026-07-30T20:37:41Z
vrf/VFR10_15_8_Gap,Small,10,15,IG-idle-rcl,789,1443,1.0091785000404343,0.0,run-20260730-203742-bb46,2026-07-30T20:37:42Z
vrf/VFR10_15_8_Gap,Small,10,15,IG-idle-rcl,2025,1443,0.9953859149245545,0.0,run-20260730-203743-9f52,2026-07-30T20:37:43Z
vrf/VFR10_15_9_Gap,Small,10,15,IG-idle-rcl,42,1428,1.141285534016788,0.0,run-20260730-203745-0139,2026-07-30T20:37:45Z
vrf/VFR10_15_9_Gap,Small,10,15,IG-idle-rcl,123,1428,1.1659582989523187,0.0,run-20260730-203746-e4dc,2026-07-30T20:37:46Z
vrf/VFR10_15_9_Gap,Small,10,15,IG-idle-rcl,456,1428,1.1352303680032492,0.0,run-20260730-203747-99e6,2026-07-30T20:37:47Z
vrf/VFR10_15_9_Gap,Small,10,15,IG-idle-rcl,789,1428,1.118317871936597,0.0,run-20260730-203748-106e,2026-07-30T20:37:48Z
vrf/VFR10_15_9_Gap,Small,10,15,IG-idle-rcl,2025,1428,1.1298891599290073,0.0,run-20260730-203749-0810,2026-07-30T20:37:49Z
vrf/VFR10_20_10_Gap,Small,10,20,IG-idle-rcl,42,1663,0.8071759279118851,0.0,run-20260730-203750-c82a,2026-07-30T20:37:50Z
vrf/VFR10_20_10_Gap,Small,10,20,IG-idle-rcl,123,1663,0.8255869370186701,0.0,run-20260730-203751-5531,2026-07-30T20:37:51Z
vrf/VFR10_20_10_Gap,Small,10,20,IG-idle-rcl,456,1663,0.8081479970132932,0.0,run-20260730-203752-9504,2026-07-30T20:37:52Z
vrf/VFR10_20_10_Gap,Small,10,20,IG-idle-rcl,789,1663,0.798834896995686,0.0,run-20260730-203752-72ee,2026-07-30T20:37:52Z
vrf/VFR10_20_10_Gap,Small,10,20,IG-idle-rcl,2025,1663,0.7843015149701387,0.0,run-20260730-203753-72c5,2026-07-30T20:37:53Z
vrf/VFR10_20_1_Gap,Small,10,20,IG-idle-rcl,42,1652,0.9553896950092167,0.0,run-20260730-203754-158f,2026-07-30T20:37:54Z
vrf/VFR10_20_1_Gap,Small,10,20,IG-idle-rcl,123,1652,0.971227539004758,0.0,run-20260730-203755-9f4b,2026-07-30T20:37:55Z
vrf/VFR10_20_1_Gap,Small,10,20,IG-idle-rcl,456,1652,0.9256537780165672,0.0,run-20260730-203756-d98e,2026-07-30T20:37:56Z
vrf/VFR10_20_1_Gap,Small,10,20,IG-idle-rcl,789,1652,0.9517864589579403,0.0,run-20260730-203757-6303,2026-07-30T20:37:57Z
vrf/VFR10_20_1_Gap,Small,10,20,IG-idle-rcl,2025,1652,0.951960337930359,0.0,run-20260730-203758-851e,2026-07-30T20:37:58Z
vrf/VFR10_20_2_Gap,Small,10,20,IG-idle-rcl,42,1759,1.346264477004297,0.0,run-20260730-203759-c574,2026-07-30T20:37:59Z
vrf/VFR10_20_2_Gap,Small,10,20,IG-idle-rcl,123,1759,1.4601999649312347,0.0,run-20260730-203801-9905,2026-07-30T20:38:01Z
vrf/VFR10_20_2_Gap,Small,10,20,IG-idle-rcl,456,1759,1.450785042019561,0.0,run-20260730-203802-8a68,2026-07-30T20:38:02Z
vrf/VFR10_20_2_Gap,Small,10,20,IG-idle-rcl,789,1759,1.3293779480736703,0.0,run-20260730-203803-b545,2026-07-30T20:38:03Z
vrf/VFR10_20_2_Gap,Small,10,20,IG-idle-rcl,2025,1759,1.4020090060075745,0.0,run-20260730-203805-162b,2026-07-30T20:38:05Z
vrf/VFR10_20_3_Gap,Small,10,20,IG-idle-rcl,42,1726,1.172989789978601,0.0,run-20260730-203806-c8d7,2026-07-30T20:38:06Z
vrf/VFR10_20_3_Gap,Small,10,20,IG-idle-rcl,123,1726,1.2122267880477011,0.0,run-20260730-203807-ebb5,2026-07-30T20:38:07Z
vrf/VFR10_20_3_Gap,Small,10,20,IG-idle-rcl,456,1726,1.1844383400166407,0.0,run-20260730-203808-579f,2026-07-30T20:38:08Z
vrf/VFR10_20_3_Gap,Small,10,20,IG-idle-rcl,789,1726,1.1671117689693347,0.0,run-20260730-203810-2ad9,2026-07-30T20:38:10Z
vrf/VFR10_20_3_Gap,Small,10,20,IG-idle-rcl,2025,1726,1.171981916995719,0.0,run-20260730-203811-9482,2026-07-30T20:38:11Z
vrf/VFR10_20_4_Gap,Small,10,20,IG-idle-rcl,42,1687,0.9442629379918799,0.5363528009535161,run-20260730-203812-d374,2026-07-30T20:38:12Z
vrf/VFR10_20_4_Gap,Small,10,20,IG-idle-rcl,123,1678,1.3152551110833883,0.0,run-20260730-203813-4d29,2026-07-30T20:38:13Z
vrf/VFR10_20_4_Gap,Small,10,20,IG-idle-rcl,456,1687,0.9477509260177612,0.5363528009535161,run-20260730-203814-44f5,2026-07-30T20:38:14Z
vrf/VFR10_20_4_Gap,Small,10,20,IG-idle-rcl,789,1687,0.9281242119614035,0.5363528009535161,run-20260730-203815-dd40,2026-07-30T20:38:15Z
vrf/VFR10_20_4_Gap,Small,10,20,IG-idle-rcl,2025,1687,0.9757423880510032,0.5363528009535161,run-20260730-203816-c9ef,2026-07-30T20:38:16Z
vrf/VFR10_20_5_Gap,Small,10,20,IG-idle-rcl,42,1700,1.2071746449219063,0.0,run-20260730-203817-cc2f,2026-07-30T20:38:17Z
vrf/VFR10_20_5_Gap,Small,10,20,IG-idle-rcl,123,1700,1.2120878009591252,0.0,run-20260730-203818-d2e9,2026-07-30T20:38:18Z
vrf/VFR10_20_5_Gap,Small,10,20,IG-idle-rcl,456,1700,1.2200335740344599,0.0,run-20260730-203820-d2b3,2026-07-30T20:38:20Z
vrf/VFR10_20_5_Gap,Small,10,20,IG-idle-rcl,789,1700,1.2737990209134296,0.0,run-20260730-203821-26f3,2026-07-30T20:38:21Z
vrf/VFR10_20_5_Gap,Small,10,20,IG-idle-rcl,2025,1700,1.2160696580540389,0.0,run-20260730-203822-4b9c,2026-07-30T20:38:22Z
vrf/VFR10_20_6_Gap,Small,10,20,IG-idle-rcl,42,1889,0.7467805650085211,0.0,run-20260730-203823-7350,2026-07-30T20:38:23Z
vrf/VFR10_20_6_Gap,Small,10,20,IG-idle-rcl,123,1889,0.7482098309556022,0.0,run-20260730-203824-a277,2026-07-30T20:38:24Z
vrf/VFR10_20_6_Gap,Small,10,20,IG-idle-rcl,456,1889,0.7477871020091698,0.0,run-20260730-203824-66e7,2026-07-30T20:38:24Z
vrf/VFR10_20_6_Gap,Small,10,20,IG-idle-rcl,789,1889,0.7481266449904069,0.0,run-20260730-203825-9527,2026-07-30T20:38:25Z
vrf/VFR10_20_6_Gap,Small,10,20,IG-idle-rcl,2025,1889,0.7469284110702574,0.0,run-20260730-203826-f060,2026-07-30T20:38:26Z
vrf/VFR10_20_7_Gap,Small,10,20,IG-idle-rcl,42,1683,0.9647344490513206,0.29797377830750893,run-20260730-203827-8ed7,2026-07-30T20:38:27Z
vrf/VFR10_20_7_Gap,Small,10,20,IG-idle-rcl,123,1683,0.9230651169782504,0.29797377830750893,run-20260730-203828-2ac0,2026-07-30T20:38:28Z
vrf/VFR10_20_7_Gap,Small,10,20,IG-idle-rcl,456,1678,0.9408030810300261,0.0,run-20260730-203829-7759,2026-07-30T20:38:29Z
vrf/VFR10_20_7_Gap,Small,10,20,IG-idle-rcl,789,1678,0.9447283019544557,0.0,run-20260730-203830-54b7,2026-07-30T20:38:30Z
vrf/VFR10_20_7_Gap,Small,10,20,IG-idle-rcl,2025,1678,1.004730703891255,0.0,run-20260730-203831-8665,2026-07-30T20:38:31Z
vrf/VFR10_20_8_Gap,Small,10,20,IG-idle-rcl,42,1655,1.4226466279942542,0.0,run-20260730-203832-a3a4,2026-07-30T20:38:32Z
vrf/VFR10_20_8_Gap,Small,10,20,IG-idle-rcl,123,1655,1.1734073809348047,0.0,run-20260730-203833-a887,2026-07-30T20:38:33Z
vrf/VFR10_20_8_Gap,Small,10,20,IG-idle-rcl,456,1655,1.1451777530601248,0.0,run-20260730-203834-7f3c,2026-07-30T20:38:34Z
vrf/VFR10_20_8_Gap,Small,10,20,IG-idle-rcl,789,1655,1.204279504949227,0.0,run-20260730-203836-5c3e,2026-07-30T20:38:36Z
vrf/VFR10_20_8_Gap,Small,10,20,IG-idle-rcl,2025,1655,1.201808632002212,0.0,run-20260730-203837-bf83,2026-07-30T20:38:37Z
vrf/VFR10_20_9_Gap,Small,10,20,IG-idle-rcl,42,1706,1.0070143139455467,0.0,run-20260730-203838-c967,2026-07-30T20:38:38Z
vrf/VFR10_20_9_Gap,Small,10,20,IG-idle-rcl,123,1706,1.0023749460233375,0.0,run-20260730-203839-5883,2026-07-30T20:38:39Z
vrf/VFR10_20_9_Gap,Small,10,20,IG-idle-rcl,456,1706,0.984326499979943,0.0,run-20260730-203840-bbd0,2026-07-30T20:38:40Z
vrf/VFR10_20_9_Gap,Small,10,20,IG-idle-rcl,789,1710,0.753644339973107,0.23446658851113716,run-20260730-203840-2813,2026-07-30T20:38:40Z
vrf/VFR10_20_9_Gap,Small,10,20,IG-idle-rcl,2025,1710,0.7541155810467899,0.23446658851113716,run-20260730-203841-b509,2026-07-30T20:38:41Z
vrf/VFR10_5_10_Gap,Small,10,5,IG-idle-rcl,42,664,0.3104201880050823,0.0,run-20260730-203842-25ac,2026-07-30T20:38:42Z
vrf/VFR10_5_10_Gap,Small,10,5,IG-idle-rcl,123,664,0.3129930200520903,0.0,run-20260730-203842-17e1,2026-07-30T20:38:42Z
vrf/VFR10_5_10_Gap,Small,10,5,IG-idle-rcl,456,664,0.3093012550380081,0.0,run-20260730-203842-119b,2026-07-30T20:38:42Z
vrf/VFR10_5_10_Gap,Small,10,5,IG-idle-rcl,789,664,0.30943143810145557,0.0,run-20260730-203842-c4be,2026-07-30T20:38:42Z
vrf/VFR10_5_10_Gap,Small,10,5,IG-idle-rcl,2025,664,0.3146486069308594,0.0,run-20260730-203843-f992,2026-07-30T20:38:43Z
vrf/VFR10_5_1_Gap,Small,10,5,IG-idle-rcl,42,695,0.26511935994494706,0.0,run-20260730-203843-fcce,2026-07-30T20:38:43Z
vrf/VFR10_5_1_Gap,Small,10,5,IG-idle-rcl,123,695,0.26750529010314494,0.0,run-20260730-203843-5aaa,2026-07-30T20:38:43Z
vrf/VFR10_5_1_Gap,Small,10,5,IG-idle-rcl,456,695,0.2631431760964915,0.0,run-20260730-203844-883c,2026-07-30T20:38:44Z
vrf/VFR10_5_1_Gap,Small,10,5,IG-idle-rcl,789,695,0.2675089779077098,0.0,run-20260730-203844-7844,2026-07-30T20:38:44Z
vrf/VFR10_5_1_Gap,Small,10,5,IG-idle-rcl,2025,695,0.2664579680422321,0.0,run-20260730-203844-2461,2026-07-30T20:38:44Z
vrf/VFR10_5_2_Gap,Small,10,5,IG-idle-rcl,42,698,0.4123950039502233,0.0,run-20260730-203845-1cbd,2026-07-30T20:38:45Z
vrf/VFR10_5_2_Gap,Small,10,5,IG-idle-rcl,123,698,0.3835202679038048,0.0,run-20260730-203845-bd53,2026-07-30T20:38:45Z
vrf/VFR10_5_2_Gap,Small,10,5,IG-idle-rcl,456,698,0.3996078269556165,0.0,run-20260730-203845-4880,2026-07-30T20:38:45Z
vrf/VFR10_5_2_Gap,Small,10,5,IG-idle-rcl,789,698,0.3966596940299496,0.0,run-20260730-203846-4bf2,2026-07-30T20:38:46Z
vrf/VFR10_5_2_Gap,Small,10,5,IG-idle-rcl,2025,698,0.3792160840239376,0.0,run-20260730-203846-30d0,2026-07-30T20:38:46Z
vrf/VFR10_5_3_Gap,Small,10,5,IG-idle-rcl,42,728,0.24560331390239298,0.0,run-20260730-203846-355f,2026-07-30T20:38:46Z
vrf/VFR10_5_3_Gap,Small,10,5,IG-idle-rcl,123,728,0.25103046104777604,0.0,run-20260730-203847-8479,2026-07-30T20:38:47Z
vrf/VFR10_5_3_Gap,Small,10,5,IG-idle-rcl,456,728,0.25354755495209247,0.0,run-20260730-203847-c2ac,2026-07-30T20:38:47Z
vrf/VFR10_5_3_Gap,Small,10,5,IG-idle-rcl,789,728,0.24909287097398192,0.0,run-20260730-203847-dff8,2026-07-30T20:38:47Z
vrf/VFR10_5_3_Gap,Small,10,5,IG-idle-rcl,2025,728,0.24612546910066158,0.0,run-20260730-203847-7432,2026-07-30T20:38:47Z
vrf/VFR10_5_4_Gap,Small,10,5,IG-idle-rcl,42,697,0.3044839450158179,0.0,run-20260730-203848-6390,2026-07-30T20:38:48Z
vrf/VFR10_5_4_Gap,Small,10,5,IG-idle-rcl,123,697,0.3068374099675566,0.0,run-20260730-203848-b782,2026-07-30T20:38:48Z
vrf/VFR10_5_4_Gap,Small,10,5,IG-idle-rcl,456,697,0.2904879330890253,0.0,run-20260730-203848-df6c,2026-07-30T20:38:48Z
vrf/VFR10_5_4_Gap,Small,10,5,IG-idle-rcl,789,697,0.2982461099745706,0.0,run-20260730-203849-adfe,2026-07-30T20:38:49Z
vrf/VFR10_5_4_Gap,Small,10,5,IG-idle-rcl,2025,697,0.2991494860034436,0.0,run-20260730-203849-b9f2,2026-07-30T20:38:49Z
vrf/VFR10_5_5_Gap,Small,10,5,IG-idle-rcl,42,713,0.2786269150674343,0.0,run-20260730-203849-7325,2026-07-30T20:38:49Z
vrf/VFR10_5_5_Gap,Small,10,5,IG-idle-rcl,123,713,0.27692520595155656,0.0,run-20260730-203849-9639,2026-07-30T20:38:49Z
vrf/VFR10_5_5_Gap,Small,10,5,IG-idle-rcl,456,713,0.27942903304938227,0.0,run-20260730-203850-063f,2026-07-30T20:38:50Z
vrf/VFR10_5_5_Gap,Small,10,5,IG-idle-rcl,789,713,0.2845374649623409,0.0,run-20260730-203850-f3ea,2026-07-30T20:38:50Z
vrf/VFR10_5_5_Gap,Small,10,5,IG-idle-rcl,2025,713,0.27770311501808465,0.0,run-20260730-203850-3a6e,2026-07-30T20:38:50Z
vrf/VFR10_5_6_Gap,Small,10,5,IG-idle-rcl,42,748,0.3589661989826709,0.0,run-20260730-203851-5a45,2026-07-30T20:38:51Z
vrf/VFR10_5_6_Gap,Small,10,5,IG-idle-rcl,123,748,0.3534191040089354,0.0,run-20260730-203851-a16d,2026-07-30T20:38:51Z
vrf/VFR10_5_6_Gap,Small,10,5,IG-idle-rcl,456,748,0.35378695593681186,0.0,run-20260730-203851-bc48,2026-07-30T20:38:51Z
vrf/VFR10_5_6_Gap,Small,10,5,IG-idle-rcl,789,748,0.3608839479275048,0.0,run-20260730-203852-19bc,2026-07-30T20:38:52Z
vrf/VFR10_5_6_Gap,Small,10,5,IG-idle-rcl,2025,748,0.35984977800399065,0.0,run-20260730-203852-d424,2026-07-30T20:38:52Z
vrf/VFR10_5_7_Gap,Small,10,5,IG-idle-rcl,42,729,0.25923440302722156,0.13736263736263737,run-20260730-203852-a340,2026-07-30T20:38:52Z
vrf/VFR10_5_7_Gap,Small,10,5,IG-idle-rcl,123,739,0.2250376249430701,1.510989010989011,run-20260730-203853-04c9,2026-07-30T20:38:53Z
vrf/VFR10_5_7_Gap,Small,10,5,IG-idle-rcl,456,739,0.22722275299020112,1.510989010989011,run-20260730-203853-d595,2026-07-30T20:38:53Z
vrf/VFR10_5_7_Gap,Small,10,5,IG-idle-rcl,789,739,0.2248699920019135,1.510989010989011,run-20260730-203853-a503,2026-07-30T20:38:53Z
vrf/VFR10_5_7_Gap,Small,10,5,IG-idle-rcl,2025,729,0.2768983090063557,0.13736263736263737,run-20260730-203853-6494,2026-07-30T20:38:53Z
vrf/VFR10_5_8_Gap,Small,10,5,IG-idle-rcl,42,683,0.24785241903737187,0.0,run-20260730-203854-c760,2026-07-30T20:38:54Z
vrf/VFR10_5_8_Gap,Small,10,5,IG-idle-rcl,123,683,0.2835123080294579,0.0,run-20260730-203854-9c87,2026-07-30T20:38:54Z
vrf/VFR10_5_8_Gap,Small,10,5,IG-idle-rcl,456,683,0.3550295840250328,0.0,run-20260730-203854-64d5,2026-07-30T20:38:54Z
vrf/VFR10_5_8_Gap,Small,10,5,IG-idle-rcl,789,683,0.3494636779651046,0.0,run-20260730-203855-e375,2026-07-30T20:38:55Z
vrf/VFR10_5_8_Gap,Small,10,5,IG-idle-rcl,2025,683,0.2681438870495185,0.0,run-20260730-203855-193d,2026-07-30T20:38:55Z
vrf/VFR10_5_9_Gap,Small,10,5,IG-idle-rcl,42,761,0.23021753504872322,0.0,run-20260730-203855-31c0,2026-07-30T20:38:55Z
vrf/VFR10_5_9_Gap,Small,10,5,IG-idle-rcl,123,761,0.2282622120110318,0.0,run-20260730-203855-1f6a,2026-07-30T20:38:55Z
vrf/VFR10_5_9_Gap,Small,10,5,IG-idle-rcl,456,761,0.2263080629054457,0.0,run-20260730-203855-8719,2026-07-30T20:38:55Z
vrf/VFR10_5_9_Gap,Small,10,5,IG-idle-rcl,789,761,0.22601924696937203,0.0,run-20260730-203856-709a,2026-07-30T20:38:56Z
vrf/VFR10_5_9_Gap,Small,10,5,IG-idle-rcl,2025,761,0.2242894530063495,0.0,run-20260730-203856-d7df,2026-07-30T20:38:56Z
vrf/VFR20_10_10_Gap,Small,20,10,IG-idle-rcl,42,1510,1.0538742450298741,1.4103425117528543,run-20260730-203857-7c9f,2026-07-30T20:38:57Z
vrf/VFR20_10_10_Gap,Small,20,10,IG-idle-rcl,123,1510,1.0554794579511508,1.4103425117528543,run-20260730-203858-42bc,2026-07-30T20:38:58Z
vrf/VFR20_10_10_Gap,Small,20,10,IG-idle-rcl,456,1500,0.9840655529405922,0.7387508394895903,run-20260730-203859-9afa,2026-07-30T20:38:59Z
vrf/VFR20_10_10_Gap,Small,20,10,IG-idle-rcl,789,1499,0.9124017639551312,0.6715916722632639,run-20260730-203900-6e0e,2026-07-30T20:39:00Z
vrf/VFR20_10_10_Gap,Small,20,10,IG-idle-rcl,2025,1506,1.1628426050301641,1.1417058428475486,run-20260730-203901-a935,2026-07-30T20:39:01Z
vrf/VFR20_10_1_Gap,Small,20,10,IG-idle-rcl,42,1534,1.0971200519707054,0.13054830287206268,run-20260730-203902-1251,2026-07-30T20:39:02Z
vrf/VFR20_10_1_Gap,Small,20,10,IG-idle-rcl,123,1534,1.1238360009156168,0.13054830287206268,run-20260730-203903-da69,2026-07-30T20:39:03Z
vrf/VFR20_10_1_Gap,Small,20,10,IG-idle-rcl,456,1540,1.0553507679142058,0.5221932114882507,run-20260730-203904-c279,2026-07-30T20:39:04Z
vrf/VFR20_10_1_Gap,Small,20,10,IG-idle-rcl,789,1536,1.1056451889453456,0.26109660574412535,run-20260730-203905-0d9e,2026-07-30T20:39:05Z
vrf/VFR20_10_1_Gap,Small,20,10,IG-idle-rcl,2025,1543,1.0109781590290368,0.7180156657963447,run-20260730-203907-4abd,2026-07-30T20:39:07Z
vrf/VFR20_10_2_Gap,Small,20,10,IG-idle-rcl,42,1525,0.9733998259762302,0.0,run-20260730-203907-ef6c,2026-07-30T20:39:07Z
vrf/VFR20_10_2_Gap,Small,20,10,IG-idle-rcl,123,1563,0.9685862549813464,2.4918032786885247,run-20260730-203908-5646,2026-07-30T20:39:08Z
vrf/VFR20_10_2_Gap,Small,20,10,IG-idle-rcl,456,1552,1.1160375179024413,1.7704918032786885,run-20260730-203910-d189,2026-07-30T20:39:10Z
vrf/VFR20_10_2_Gap,Small,20,10,IG-idle-rcl,789,1525,0.9515650749672204,0.0,run-20260730-203911-6e88,2026-07-30T20:39:11Z
vrf/VFR20_10_2_Gap,Small,20,10,IG-idle-rcl,2025,1548,0.9630529729183763,1.5081967213114753,run-20260730-203911-9ec5,2026-07-30T20:39:11Z
vrf/VFR20_10_3_Gap,Small,20,10,IG-idle-rcl,42,1592,1.1306685419986024,0.0,run-20260730-203913-70b9,2026-07-30T20:39:13Z
vrf/VFR20_10_3_Gap,Small,20,10,IG-idle-rcl,123,1592,1.1277563530020416,0.0,run-20260730-203914-746c,2026-07-30T20:39:14Z
vrf/VFR20_10_3_Gap,Small,20,10,IG-idle-rcl,456,1592,1.1429242150625214,0.0,run-20260730-203915-7e16,2026-07-30T20:39:15Z
vrf/VFR20_10_3_Gap,Small,20,10,IG-idle-rcl,789,1596,0.9435828339774162,0.25125628140703515,run-20260730-203916-b04b,2026-07-30T20:39:16Z
vrf/VFR20_10_3_Gap,Small,20,10,IG-idle-rcl,2025,1595,1.045313725946471,0.1884422110552764,run-20260730-203917-1456,2026-07-30T20:39:17Z
vrf/VFR20_10_4_Gap,Small,20,10,IG-idle-rcl,42,1455,0.8682530419901013,0.9015256588072122,run-20260730-203918-a15d,2026-07-30T20:39:18Z
vrf/VFR20_10_4_Gap,Small,20,10,IG-idle-rcl,123,1449,1.1134078489849344,0.4854368932038835,run-20260730-203919-8efb,2026-07-30T20:39:19Z
vrf/VFR20_10_4_Gap,Small,20,10,IG-idle-rcl,456,1458,0.9819493789691478,1.1095700416088765,run-20260730-203920-1684,2026-07-30T20:39:20Z
vrf/VFR20_10_4_Gap,Small,20,10,IG-idle-rcl,789,1449,1.156719672959298,0.4854368932038835,run-20260730-203921-da4a,2026-07-30T20:39:21Z
vrf/VFR20_10_4_Gap,Small,20,10,IG-idle-rcl,2025,1466,0.9387031029909849,1.6643550624133148,run-20260730-203922-a6ed,2026-07-30T20:39:22Z
vrf/VFR20_10_5_Gap,Small,20,10,IG-idle-rcl,42,1606,0.9479412690270692,0.12468827930174564,run-20260730-203923-79ee,2026-07-30T20:39:23Z
vrf/VFR20_10_5_Gap,Small,20,10,IG-idle-rcl,123,1606,0.9303422779776156,0.12468827930174564,run-20260730-203924-9182,2026-07-30T20:39:24Z
vrf/VFR20_10_5_Gap,Small,20,10,IG-idle-rcl,456,1614,1.035514738992788,0.6234413965087282,run-20260730-203925-6507,2026-07-30T20:39:25Z
vrf/VFR20_10_5_Gap,Small,20,10,IG-idle-rcl,789,1606,0.9787596350070089,0.12468827930174564,run-20260730-203926-5bee,2026-07-30T20:39:26Z
vrf/VFR20_10_5_Gap,Small,20,10,IG-idle-rcl,2025,1614,1.1075896630063653,0.6234413965087282,run-20260730-203927-f6fc,2026-07-30T20:39:27Z
vrf/VFR20_10_6_Gap,Small,20,10,IG-idle-rcl,42,1590,0.8396367100067437,0.8883248730964467,run-20260730-203928-f9df,2026-07-30T20:39:28Z
vrf/VFR20_10_6_Gap,Small,20,10,IG-idle-rcl,123,1593,1.0850893860915676,1.0786802030456852,run-20260730-203929-ed31,2026-07-30T20:39:29Z
vrf/VFR20_10_6_Gap,Small,20,10,IG-idle-rcl,456,1579,1.1236880930373445,0.19035532994923857,run-20260730-203930-7ffd,2026-07-30T20:39:30Z
vrf/VFR20_10_6_Gap,Small,20,10,IG-idle-rcl,789,1582,1.1958319919649512,0.38071065989847713,run-20260730-203931-a158,2026-07-30T20:39:31Z
vrf/VFR20_10_6_Gap,Small,20,10,IG-idle-rcl,2025,1589,1.1781616089865565,0.8248730964467005,run-20260730-203932-7914,2026-07-30T20:39:32Z
vrf/VFR20_10_7_Gap,Small,20,10,IG-idle-rcl,42,1605,1.0053402550984174,0.8799497171590195,run-20260730-203933-e454,2026-07-30T20:39:33Z
vrf/VFR20_10_7_Gap,Small,20,10,IG-idle-rcl,123,1605,0.9240369190229103,0.8799497171590195,run-20260730-203934-339c,2026-07-30T20:39:34Z
vrf/VFR20_10_7_Gap,Small,20,10,IG-idle-rcl,456,1601,1.1652147460263222,0.6285355122564424,run-20260730-203935-e1cf,2026-07-30T20:39:35Z
vrf/VFR20_10_7_Gap,Small,20,10,IG-idle-rcl,789,1605,0.9730641479836777,0.8799497171590195,run-20260730-203936-bf03,2026-07-30T20:39:36Z
vrf/VFR20_10_7_Gap,Small,20,10,IG-idle-rcl,2025,1593,1.1633497009752318,0.1257071024512885,run-20260730-203938-f5fd,2026-07-30T20:39:38Z
vrf/VFR20_10_8_Gap,Small,20,10,IG-idle-rcl,42,1580,0.8772784590255469,0.3811944091486658,run-20260730-203939-0824,2026-07-30T20:39:39Z
vrf/VFR20_10_8_Gap,Small,20,10,IG-idle-rcl,123,1580,1.0079909459454939,0.3811944091486658,run-20260730-203940-0fef,2026-07-30T20:39:40Z
vrf/VFR20_10_8_Gap,Small,20,10,IG-idle-rcl,456,1580,0.9968919289531186,0.3811944091486658,run-20260730-203941-2625,2026-07-30T20:39:41Z
vrf/VFR20_10_8_Gap,Small,20,10,IG-idle-rcl,789,1580,0.9913143849698827,0.3811944091486658,run-20260730-203942-036d,2026-07-30T20:39:42Z
vrf/VFR20_10_8_Gap,Small,20,10,IG-idle-rcl,2025,1580,0.9697075120639056,0.3811944091486658,run-20260730-203942-4cc3,2026-07-30T20:39:42Z
vrf/VFR20_10_9_Gap,Small,20,10,IG-idle-rcl,42,1530,1.0158067350275815,0.0,run-20260730-203943-3fbf,2026-07-30T20:39:43Z
vrf/VFR20_10_9_Gap,Small,20,10,IG-idle-rcl,123,1536,0.9496957750525326,0.39215686274509803,run-20260730-203944-2294,2026-07-30T20:39:44Z
vrf/VFR20_10_9_Gap,Small,20,10,IG-idle-rcl,456,1536,1.1095643100561574,0.39215686274509803,run-20260730-203946-17da,2026-07-30T20:39:46Z
vrf/VFR20_10_9_Gap,Small,20,10,IG-idle-rcl,789,1536,1.0752042159438133,0.39215686274509803,run-20260730-203947-6cab,2026-07-30T20:39:47Z
vrf/VFR20_10_9_Gap,Small,20,10,IG-idle-rcl,2025,1536,1.1552283890778199,0.39215686274509803,run-20260730-203948-35ec,2026-07-30T20:39:48Z
vrf/VFR20_15_10_Gap,Small,20,15,IG-idle-rcl,42,1876,1.5379857829539105,0.8060182697474476,run-20260730-203949-1114,2026-07-30T20:39:49Z
vrf/VFR20_15_10_Gap,Small,20,15,IG-idle-rcl,123,1885,1.3713150899857283,1.2896292315959161,run-20260730-203951-cddf,2026-07-30T20:39:51Z
vrf/VFR20_15_10_Gap,Small,20,15,IG-idle-rcl,456,1867,1.3853099680272862,0.32240730789897903,run-20260730-203952-296c,2026-07-30T20:39:52Z
vrf/VFR20_15_10_Gap,Small,20,15,IG-idle-rcl,789,1867,1.217227294924669,0.32240730789897903,run-20260730-203953-f6a1,2026-07-30T20:39:53Z
vrf/VFR20_15_10_Gap,Small,20,15,IG-idle-rcl,2025,1861,1.4549733439926058,0.0,run-20260730-203955-a338,2026-07-30T20:39:55Z
vrf/VFR20_15_1_Gap,Small,20,15,IG-idle-rcl,42,1944,1.7499878999078646,0.4132231404958678,run-20260730-203957-8ba3,2026-07-30T20:39:57Z
vrf/VFR20_15_1_Gap,Small,20,15,IG-idle-rcl,123,1939,1.5515542320208624,0.15495867768595042,run-20260730-203958-8c4e,2026-07-30T20:39:58Z
vrf/VFR20_15_1_Gap,Small,20,15,IG-idle-rcl,456,1943,1.6064903370570391,0.3615702479338843,run-20260730-204000-77d7,2026-07-30T20:40:00Z
vrf/VFR20_15_1_Gap,Small,20,15,IG-idle-rcl,789,1944,1.6098273129900917,0.4132231404958678,run-20260730-204001-65cc,2026-07-30T20:40:01Z
vrf/VFR20_15_1_Gap,Small,20,15,IG-idle-rcl,2025,1941,1.6761562089668587,0.25826446280991733,run-20260730-204003-2a2f,2026-07-30T20:40:03Z
vrf/VFR20_15_2_Gap,Small,20,15,IG-idle-rcl,42,1915,1.6033311119535938,0.5249343832020997,run-20260730-204005-5f56,2026-07-30T20:40:05Z
vrf/VFR20_15_2_Gap,Small,20,15,IG-idle-rcl,123,1905,1.8687872100854293,0.0,run-20260730-204006-6da0,2026-07-30T20:40:06Z
vrf/VFR20_15_2_Gap,Small,20,15,IG-idle-rcl,456,1908,1.463958321022801,0.15748031496062992,run-20260730-204008-f811,2026-07-30T20:40:08Z
vrf/VFR20_15_2_Gap,Small,20,15,IG-idle-rcl,789,1922,1.609865149948746,0.8923884514435696,run-20260730-204010-5811,2026-07-30T20:40:10Z
vrf/VFR20_15_2_Gap,Small,20,15,IG-idle-rcl,2025,1907,1.2691988470032811,0.10498687664041995,run-20260730-204011-6d65,2026-07-30T20:40:11Z
vrf/VFR20_15_3_Gap,Small,20,15,IG-idle-rcl,42,1822,1.5032799430191517,1.3348164627363737,run-20260730-204012-ec85,2026-07-30T20:40:12Z
vrf/VFR20_15_3_Gap,Small,20,15,IG-idle-rcl,123,1812,1.4307025279849768,0.778642936596218,run-20260730-204014-33e1,2026-07-30T20:40:14Z
vrf/VFR20_15_3_Gap,Small,20,15,IG-idle-rcl,456,1823,1.521239710971713,1.3904338153503892,run-20260730-204015-b903,2026-07-30T20:40:15Z
vrf/VFR20_15_3_Gap,Small,20,15,IG-idle-rcl,789,1798,1.447976988973096,0.0,run-20260730-204017-6f6e,2026-07-30T20:40:17Z
vrf/VFR20_15_3_Gap,Small,20,15,IG-idle-rcl,2025,1807,1.4251460829982534,0.5005561735261401,run-20260730-204018-e52d,2026-07-30T20:40:18Z
vrf/VFR20_15_4_Gap,Small,20,15,IG-idle-rcl,42,1826,1.6104846990201622,0.7170435741864313,run-20260730-204020-c863,2026-07-30T20:40:20Z
vrf/VFR20_15_4_Gap,Small,20,15,IG-idle-rcl,123,1838,1.8491745119681582,1.3789299503585217,run-20260730-204022-95d4,2026-07-30T20:40:22Z
vrf/VFR20_15_4_Gap,Small,20,15,IG-idle-rcl,456,1813,1.643453252967447,0.0,run-20260730-204023-f882,2026-07-30T20:40:23Z
vrf/VFR20_15_4_Gap,Small,20,15,IG-idle-rcl,789,1821,1.694174282019958,0.441257584114727,run-20260730-204025-3b82,2026-07-30T20:40:25Z
vrf/VFR20_15_4_Gap,Small,20,15,IG-idle-rcl,2025,1831,1.7491820059949532,0.9928295642581357,run-20260730-204027-b55c,2026-07-30T20:40:27Z
vrf/VFR20_15_5_Gap,Small,20,15,IG-idle-rcl,42,1875,1.4325205899076536,0.0,run-20260730-204028-74d6,2026-07-30T20:40:28Z
vrf/VFR20_15_5_Gap,Small,20,15,IG-idle-rcl,123,1875,1.29412387101911,0.0,run-20260730-204029-39b9,2026-07-30T20:40:29Z
vrf/VFR20_15_5_Gap,Small,20,15,IG-idle-rcl,456,1875,1.3366193909896538,0.0,run-20260730-204031-935c,2026-07-30T20:40:31Z
vrf/VFR20_15_5_Gap,Small,20,15,IG-idle-rcl,789,1884,1.356465304037556,0.48,run-20260730-204032-2bf0,2026-07-30T20:40:32Z
vrf/VFR20_15_5_Gap,Small,20,15,IG-idle-rcl,2025,1879,1.3550209890818223,0.21333333333333335,run-20260730-204033-dc69,2026-07-30T20:40:33Z
vrf/VFR20_15_6_Gap,Small,20,15,IG-idle-rcl,42,1962,1.5519979250384495,0.10204081632653061,run-20260730-204035-8776,2026-07-30T20:40:35Z
vrf/VFR20_15_6_Gap,Small,20,15,IG-idle-rcl,123,1963,1.4644726830301806,0.15306122448979592,run-20260730-204036-d37d,2026-07-30T20:40:36Z
vrf/VFR20_15_6_Gap,Small,20,15,IG-idle-rcl,456,1962,1.5070639459881932,0.10204081632653061,run-20260730-204038-268a,2026-07-30T20:40:38Z
vrf/VFR20_15_6_Gap,Small,20,15,IG-idle-rcl,789,1965,1.574381400947459,0.25510204081632654,run-20260730-204040-60d2,2026-07-30T20:40:40Z
vrf/VFR20_15_6_Gap,Small,20,15,IG-idle-rcl,2025,1962,1.5281490499619395,0.10204081632653061,run-20260730-204041-75bd,2026-07-30T20:40:41Z
vrf/VFR20_15_7_Gap,Small,20,15,IG-idle-rcl,42,1933,1.8745364339556545,0.0,run-20260730-204043-3071,2026-07-30T20:40:43Z
vrf/VFR20_15_7_Gap,Small,20,15,IG-idle-rcl,123,1933,1.8313298790017143,0.0,run-20260730-204045-6e7f,2026-07-30T20:40:45Z
vrf/VFR20_15_7_Gap,Small,20,15,IG-idle-rcl,456,1933,1.7465526959858835,0.0,run-20260730-204047-b3c7,2026-07-30T20:40:47Z
vrf/VFR20_15_7_Gap,Small,20,15,IG-idle-rcl,789,1933,1.8036078260047361,0.0,run-20260730-204048-c100,2026-07-30T20:40:48Z
vrf/VFR20_15_7_Gap,Small,20,15,IG-idle-rcl,2025,1933,1.9508088659495115,0.0,run-20260730-204050-0038,2026-07-30T20:40:50Z
vrf/VFR20_15_8_Gap,Small,20,15,IG-idle-rcl,42,1824,1.4652207220206037,0.10976948408342481,run-20260730-204052-c4a7,2026-07-30T20:40:52Z
vrf/VFR20_15_8_Gap,Small,20,15,IG-idle-rcl,123,1840,1.2905411269748583,0.9879253567508233,run-20260730-204053-28ff,2026-07-30T20:40:53Z
vrf/VFR20_15_8_Gap,Small,20,15,IG-idle-rcl,456,1837,1.3117943609831855,0.823271130625686,run-20260730-204054-37e2,2026-07-30T20:40:54Z
vrf/VFR20_15_8_Gap,Small,20,15,IG-idle-rcl,789,1831,1.615526471985504,0.49396267837541163,run-20260730-204056-d454,2026-07-30T20:40:56Z
vrf/VFR20_15_8_Gap,Small,20,15,IG-idle-rcl,2025,1836,1.3353191000642255,0.7683863885839737,run-20260730-204057-7565,2026-07-30T20:40:57Z
vrf/VFR20_15_9_Gap,Small,20,15,IG-idle-rcl,42,1940,1.4538782400777563,0.0,run-20260730-204059-38e8,2026-07-30T20:40:59Z
vrf/VFR20_15_9_Gap,Small,20,15,IG-idle-rcl,123,1940,1.4067772480193526,0.0,run-20260730-204100-8f46,2026-07-30T20:41:00Z
vrf/VFR20_15_9_Gap,Small,20,15,IG-idle-rcl,456,1940,1.576733739930205,0.0,run-20260730-204102-d6db,2026-07-30T20:41:02Z
vrf/VFR20_15_9_Gap,Small,20,15,IG-idle-rcl,789,1940,1.3899373969761655,0.0,run-20260730-204103-bdcf,2026-07-30T20:41:03Z
vrf/VFR20_15_9_Gap,Small,20,15,IG-idle-rcl,2025,1940,1.562875900999643,0.0,run-20260730-204105-88e8,2026-07-30T20:41:05Z
vrf/VFR20_20_10_Gap,Small,20,20,IG-idle-rcl,42,2201,2.3778284259606153,0.09095043201455207,run-20260730-204107-a697,2026-07-30T20:41:07Z
vrf/VFR20_20_10_Gap,Small,20,20,IG-idle-rcl,123,2200,2.506919289007783,0.04547521600727603,run-20260730-204110-4dcd,2026-07-30T20:41:10Z
vrf/VFR20_20_10_Gap,Small,20,20,IG-idle-rcl,456,2200,2.3623368099797517,0.04547521600727603,run-20260730-204112-38a6,2026-07-30T20:41:12Z
vrf/VFR20_20_10_Gap,Small,20,20,IG-idle-rcl,789,2209,2.2652747350512072,0.45475216007276037,run-20260730-204114-9076,2026-07-30T20:41:14Z
vrf/VFR20_20_10_Gap,Small,20,20,IG-idle-rcl,2025,2224,2.089257652987726,1.1368804001819008,run-20260730-204116-960c,2026-07-30T20:41:16Z
vrf/VFR20_20_1_Gap,Small,20,20,IG-idle-rcl,42,2270,1.9399100589798763,0.0,run-20260730-204118-846d,2026-07-30T20:41:18Z
vrf/VFR20_20_1_Gap,Small,20,20,IG-idle-rcl,123,2270,2.196796006988734,0.0,run-20260730-204120-fb06,2026-07-30T20:41:20Z
vrf/VFR20_20_1_Gap,Small,20,20,IG-idle-rcl,456,2270,2.065854392014444,0.0,run-20260730-204123-cb14,2026-07-30T20:41:23Z
vrf/VFR20_20_1_Gap,Small,20,20,IG-idle-rcl,789,2272,1.6647731869015843,0.0881057268722467,run-20260730-204124-6714,2026-07-30T20:41:24Z
vrf/VFR20_20_1_Gap,Small,20,20,IG-idle-rcl,2025,2277,1.8922431610990316,0.30837004405286345,run-20260730-204126-fa93,2026-07-30T20:41:26Z
vrf/VFR20_20_2_Gap,Small,20,20,IG-idle-rcl,42,2170,2.06503798707854,0.0,run-20260730-204128-b5c0,2026-07-30T20:41:28Z
vrf/VFR20_20_2_Gap,Small,20,20,IG-idle-rcl,123,2170,2.0442871230188757,0.0,run-20260730-204130-1bd1,2026-07-30T20:41:30Z
vrf/VFR20_20_2_Gap,Small,20,20,IG-idle-rcl,456,2189,2.31987222796306,0.8755760368663594,run-20260730-204133-b878,2026-07-30T20:41:33Z
vrf/VFR20_20_2_Gap,Small,20,20,IG-idle-rcl,789,2170,2.160418101004325,0.0,run-20260730-204135-5193,2026-07-30T20:41:35Z
vrf/VFR20_20_2_Gap,Small,20,20,IG-idle-rcl,2025,2180,2.137439112062566,0.4608294930875576,run-20260730-204137-8e73,2026-07-30T20:41:37Z
vrf/VFR20_20_3_Gap,Small,20,20,IG-idle-rcl,42,2284,2.3626550449989736,0.30742204655248134,run-20260730-204139-3b4b,2026-07-30T20:41:39Z
vrf/VFR20_20_3_Gap,Small,20,20,IG-idle-rcl,123,2296,2.315885814023204,0.8344312692138779,run-20260730-204142-09ea,2026-07-30T20:41:42Z
vrf/VFR20_20_3_Gap,Small,20,20,IG-idle-rcl,456,2285,2.4160119120497257,0.3513394817742644,run-20260730-204144-c5b9,2026-07-30T20:41:44Z
vrf/VFR20_20_3_Gap,Small,20,20,IG-idle-rcl,789,2284,2.356829672004096,0.30742204655248134,run-20260730-204146-1d05,2026-07-30T20:41:46Z
vrf/VFR20_20_3_Gap,Small,20,20,IG-idle-rcl,2025,2297,2.1064054711023346,0.8783487044356609,run-20260730-204148-4bfc,2026-07-30T20:41:48Z
vrf/VFR20_20_4_Gap,Small,20,20,IG-idle-rcl,42,2182,1.7448413949459791,0.7852193995381063,run-20260730-204150-825c,2026-07-30T20:41:50Z
vrf/VFR20_20_4_Gap,Small,20,20,IG-idle-rcl,123,2177,2.108393902075477,0.5542725173210161,run-20260730-204152-77b3,2026-07-30T20:41:52Z
vrf/VFR20_20_4_Gap,Small,20,20,IG-idle-rcl,456,2178,2.2230555129935965,0.6004618937644342,run-20260730-204154-b90b,2026-07-30T20:41:54Z
vrf/VFR20_20_4_Gap,Small,20,20,IG-idle-rcl,789,2190,1.6574602229520679,1.1547344110854503,run-20260730-204156-4f62,2026-07-30T20:41:56Z
vrf/VFR20_20_4_Gap,Small,20,20,IG-idle-rcl,2025,2190,1.78315522801131,1.1547344110854503,run-20260730-204158-b33a,2026-07-30T20:41:58Z
vrf/VFR20_20_5_Gap,Small,20,20,IG-idle-rcl,42,2225,2.140231569064781,0.0,run-20260730-204200-8e59,2026-07-30T20:42:00Z
vrf/VFR20_20_5_Gap,Small,20,20,IG-idle-rcl,123,2226,2.247165760025382,0.0449438202247191,run-20260730-204202-8875,2026-07-30T20:42:02Z
vrf/VFR20_20_5_Gap,Small,20,20,IG-idle-rcl,456,2231,1.8885182479862124,0.2696629213483146,run-20260730-204204-83ca,2026-07-30T20:42:04Z
vrf/VFR20_20_5_Gap,Small,20,20,IG-idle-rcl,789,2226,2.2319488879293203,0.0449438202247191,run-20260730-204206-c2ad,2026-07-30T20:42:06Z
vrf/VFR20_20_5_Gap,Small,20,20,IG-idle-rcl,2025,2226,2.0188962649554014,0.0449438202247191,run-20260730-204208-1a5a,2026-07-30T20:42:08Z
vrf/VFR20_20_6_Gap,Small,20,20,IG-idle-rcl,42,2294,2.200239420053549,0.13094718463553034,run-20260730-204211-d227,2026-07-30T20:42:11Z
vrf/VFR20_20_6_Gap,Small,20,20,IG-idle-rcl,123,2312,1.8779179509729147,0.9166302924487123,run-20260730-204213-e2de,2026-07-30T20:42:13Z
vrf/VFR20_20_6_Gap,Small,20,20,IG-idle-rcl,456,2293,1.9870102429995313,0.08729812309035356,run-20260730-204215-65ba,2026-07-30T20:42:15Z
vrf/VFR20_20_6_Gap,Small,20,20,IG-idle-rcl,789,2292,2.2029264979064465,0.04364906154517678,run-20260730-204217-96de,2026-07-30T20:42:17Z
vrf/VFR20_20_6_Gap,Small,20,20,IG-idle-rcl,2025,2292,1.9231339130783454,0.04364906154517678,run-20260730-204219-039d,2026-07-30T20:42:19Z
vrf/VFR20_20_7_Gap,Small,20,20,IG-idle-rcl,42,2289,2.2109576059738174,0.3067484662576687,run-20260730-204221-1926,2026-07-30T20:42:21Z
vrf/VFR20_20_7_Gap,Small,20,20,IG-idle-rcl,123,2298,2.2538053839234635,0.7011393514461,run-20260730-204223-8734,2026-07-30T20:42:23Z
vrf/VFR20_20_7_Gap,Small,20,20,IG-idle-rcl,456,2288,2.105585724930279,0.26292725679228746,run-20260730-204225-aa9c,2026-07-30T20:42:25Z
vrf/VFR20_20_7_Gap,Small,20,20,IG-idle-rcl,789,2288,2.1324506350792944,0.26292725679228746,run-20260730-204227-1b09,2026-07-30T20:42:27Z
vrf/VFR20_20_7_Gap,Small,20,20,IG-idle-rcl,2025,2288,2.3898646039888263,0.26292725679228746,run-20260730-204230-0444,2026-07-30T20:42:30Z
vrf/VFR20_20_8_Gap,Small,20,20,IG-idle-rcl,42,2189,1.6812536219367757,0.5050505050505051,run-20260730-204231-3450,2026-07-30T20:42:31Z
vrf/VFR20_20_8_Gap,Small,20,20,IG-idle-rcl,123,2189,1.777947425027378,0.5050505050505051,run-20260730-204233-4c2d,2026-07-30T20:42:33Z
vrf/VFR20_20_8_Gap,Small,20,20,IG-idle-rcl,456,2183,2.1385216320632026,0.2295684113865932,run-20260730-204235-32d8,2026-07-30T20:42:35Z
vrf/VFR20_20_8_Gap,Small,20,20,IG-idle-rcl,789,2190,1.7412287939805537,0.5509641873278237,run-20260730-204237-278a,2026-07-30T20:42:37Z
vrf/VFR20_20_8_Gap,Small,20,20,IG-idle-rcl,2025,2193,1.6096984898904338,0.6887052341597796,run-20260730-204239-a6da,2026-07-30T20:42:39Z
vrf/VFR20_20_9_Gap,Small,20,20,IG-idle-rcl,42,2358,1.7885298850014806,0.16992353440951571,run-20260730-204241-3618,2026-07-30T20:42:41Z
vrf/VFR20_20_9_Gap,Small,20,20,IG-idle-rcl,123,2359,1.5749939589295536,0.21240441801189464,run-20260730-204242-f337,2026-07-30T20:42:42Z
vrf/VFR20_20_9_Gap,Small,20,20,IG-idle-rcl,456,2361,2.0852958649629727,0.2973661852166525,run-20260730-204244-54ff,2026-07-30T20:42:44Z
vrf/VFR20_20_9_Gap,Small,20,20,IG-idle-rcl,789,2357,1.8352517870953307,0.1274426508071368,run-20260730-204246-2042,2026-07-30T20:42:46Z
vrf/VFR20_20_9_Gap,Small,20,20,IG-idle-rcl,2025,2365,1.8915120050078258,0.4672897196261682,run-20260730-204248-7185,2026-07-30T20:42:48Z
vrf/VFR20_5_10_Gap,Small,20,5,IG-idle-rcl,42,1243,0.5941934759030119,0.0,run-20260730-204249-7a8e,2026-07-30T20:42:49Z
vrf/VFR20_5_10_Gap,Small,20,5,IG-idle-rcl,123,1243,0.5516750320093706,0.0,run-20260730-204249-af9d,2026-07-30T20:42:49Z
vrf/VFR20_5_10_Gap,Small,20,5,IG-idle-rcl,456,1243,0.5963310220977291,0.0,run-20260730-204250-8c6c,2026-07-30T20:42:50Z
vrf/VFR20_5_10_Gap,Small,20,5,IG-idle-rcl,789,1243,0.6040022119414061,0.0,run-20260730-204250-1e22,2026-07-30T20:42:50Z
vrf/VFR20_5_10_Gap,Small,20,5,IG-idle-rcl,2025,1243,0.5765263040084392,0.0,run-20260730-204251-3b88,2026-07-30T20:42:51Z
vrf/VFR20_5_1_Gap,Small,20,5,IG-idle-rcl,42,1193,0.6955052959965542,0.08389261744966443,run-20260730-204252-9d10,2026-07-30T20:42:52Z
vrf/VFR20_5_1_Gap,Small,20,5,IG-idle-rcl,123,1195,0.6774928730446845,0.2516778523489933,run-20260730-204252-b686,2026-07-30T20:42:52Z
vrf/VFR20_5_1_Gap,Small,20,5,IG-idle-rcl,456,1195,0.7095367560395971,0.2516778523489933,run-20260730-204253-0032,2026-07-30T20:42:53Z
vrf/VFR20_5_1_Gap,Small,20,5,IG-idle-rcl,789,1195,0.6847061560256407,0.2516778523489933,run-20260730-204254-453e,2026-07-30T20:42:54Z
vrf/VFR20_5_1_Gap,Small,20,5,IG-idle-rcl,2025,1196,0.6699643799802288,0.33557046979865773,run-20260730-204254-5cd7,2026-07-30T20:42:54Z
vrf/VFR20_5_2_Gap,Small,20,5,IG-idle-rcl,42,1275,0.5418845650274307,0.0,run-20260730-204255-3420,2026-07-30T20:42:55Z
vrf/VFR20_5_2_Gap,Small,20,5,IG-idle-rcl,123,1275,0.5270587099948898,0.0,run-20260730-204255-68e9,2026-07-30T20:42:55Z
vrf/VFR20_5_2_Gap,Small,20,5,IG-idle-rcl,456,1275,0.5151618199888617,0.0,run-20260730-204256-a8f2,2026-07-30T20:42:56Z
vrf/VFR20_5_2_Gap,Small,20,5,IG-idle-rcl,789,1275,0.5120402650209144,0.0,run-20260730-204256-f68b,2026-07-30T20:42:56Z
vrf/VFR20_5_2_Gap,Small,20,5,IG-idle-rcl,2025,1275,0.551292639109306,0.0,run-20260730-204257-a6a7,2026-07-30T20:42:57Z
vrf/VFR20_5_3_Gap,Small,20,5,IG-idle-rcl,42,1325,0.6281816239934415,0.15117157974300832,run-20260730-204258-b38e,2026-07-30T20:42:58Z
vrf/VFR20_5_3_Gap,Small,20,5,IG-idle-rcl,123,1325,0.6548629880417138,0.15117157974300832,run-20260730-204258-2eb4,2026-07-30T20:42:58Z
vrf/VFR20_5_3_Gap,Small,20,5,IG-idle-rcl,456,1323,0.6438943929970264,0.0,run-20260730-204259-0783,2026-07-30T20:42:59Z
vrf/VFR20_5_3_Gap,Small,20,5,IG-idle-rcl,789,1325,0.6458214460872114,0.15117157974300832,run-20260730-204300-dc64,2026-07-30T20:43:00Z
vrf/VFR20_5_3_Gap,Small,20,5,IG-idle-rcl,2025,1325,0.6315022259950638,0.15117157974300832,run-20260730-204300-d18d,2026-07-30T20:43:00Z
vrf/VFR20_5_4_Gap,Small,20,5,IG-idle-rcl,42,1128,0.6197112000081688,0.08873114463176575,run-20260730-204301-7207,2026-07-30T20:43:01Z
vrf/VFR20_5_4_Gap,Small,20,5,IG-idle-rcl,123,1128,0.6456153810722753,0.08873114463176575,run-20260730-204301-d44d,2026-07-30T20:43:01Z
vrf/VFR20_5_4_Gap,Small,20,5,IG-idle-rcl,456,1127,0.6128411660902202,0.0,run-20260730-204302-7269,2026-07-30T20:43:02Z
vrf/VFR20_5_4_Gap,Small,20,5,IG-idle-rcl,789,1129,0.5367918380070478,0.1774622892635315,run-20260730-204303-83c7,2026-07-30T20:43:03Z
vrf/VFR20_5_4_Gap,Small,20,5,IG-idle-rcl,2025,1131,0.5971960010938346,0.354924578527063,run-20260730-204303-a46b,2026-07-30T20:43:03Z
vrf/VFR20_5_5_Gap,Small,20,5,IG-idle-rcl,42,1339,0.5200954480096698,0.0,run-20260730-204304-793b,2026-07-30T20:43:04Z
vrf/VFR20_5_5_Gap,Small,20,5,IG-idle-rcl,123,1339,0.5387416939483956,0.0,run-20260730-204304-aa62,2026-07-30T20:43:04Z
vrf/VFR20_5_5_Gap,Small,20,5,IG-idle-rcl,456,1339,0.5365636079804972,0.0,run-20260730-204305-116e,2026-07-30T20:43:05Z
vrf/VFR20_5_5_Gap,Small,20,5,IG-idle-rcl,789,1339,0.5529380020452663,0.0,run-20260730-204305-92be,2026-07-30T20:43:05Z
vrf/VFR20_5_5_Gap,Small,20,5,IG-idle-rcl,2025,1339,0.5554586889920756,0.0,run-20260730-204306-8e9c,2026-07-30T20:43:06Z
vrf/VFR20_5_6_Gap,Small,20,5,IG-idle-rcl,42,1066,0.5727136479690671,0.0,run-20260730-204306-3725,2026-07-30T20:43:06Z
vrf/VFR20_5_6_Gap,Small,20,5,IG-idle-rcl,123,1066,0.573595370980911,0.0,run-20260730-204307-9f5c,2026-07-30T20:43:07Z
vrf/VFR20_5_6_Gap,Small,20,5,IG-idle-rcl,456,1066,0.6328637590631843,0.0,run-20260730-204308-5468,2026-07-30T20:43:08Z
vrf/VFR20_5_6_Gap,Small,20,5,IG-idle-rcl,789,1066,0.6009989459998906,0.0,run-20260730-204308-9641,2026-07-30T20:43:08Z
vrf/VFR20_5_6_Gap,Small,20,5,IG-idle-rcl,2025,1066,0.5714480880415067,0.0,run-20260730-204309-5af0,2026-07-30T20:43:09Z
vrf/VFR20_5_7_Gap,Small,20,5,IG-idle-rcl,42,1154,0.5260538459988311,0.0,run-20260730-204309-0a17,2026-07-30T20:43:09Z
vrf/VFR20_5_7_Gap,Small,20,5,IG-idle-rcl,123,1154,0.5216893929755315,0.0,run-20260730-204310-4ac0,2026-07-30T20:43:10Z
vrf/VFR20_5_7_Gap,Small,20,5,IG-idle-rcl,456,1154,0.5465227980166674,0.0,run-20260730-204310-d568,2026-07-30T20:43:10Z
vrf/VFR20_5_7_Gap,Small,20,5,IG-idle-rcl,789,1154,0.5898589380085468,0.0,run-20260730-204311-aaa9,2026-07-30T20:43:11Z
vrf/VFR20_5_7_Gap,Small,20,5,IG-idle-rcl,2025,1154,0.5129388900240883,0.0,run-20260730-204312-e58c,2026-07-30T20:43:12Z
vrf/VFR20_5_8_Gap,Small,20,5,IG-idle-rcl,42,1102,0.5275873180944473,0.0,run-20260730-204312-bdd1,2026-07-30T20:43:12Z
vrf/VFR20_5_8_Gap,Small,20,5,IG-idle-rcl,123,1106,0.45242699806112796,0.3629764065335753,run-20260730-204313-e14d,2026-07-30T20:43:13Z
vrf/VFR20_5_8_Gap,Small,20,5,IG-idle-rcl,456,1102,0.5071999689098448,0.0,run-20260730-204313-a364,2026-07-30T20:43:13Z
vrf/VFR20_5_8_Gap,Small,20,5,IG-idle-rcl,789,1102,0.4712456500856206,0.0,run-20260730-204314-4431,2026-07-30T20:43:14Z
vrf/VFR20_5_8_Gap,Small,20,5,IG-idle-rcl,2025,1102,0.5125242120120674,0.0,run-20260730-204314-bae3,2026-07-30T20:43:14Z
vrf/VFR20_5_9_Gap,Small,20,5,IG-idle-rcl,42,1317,0.4751109540229663,0.0,run-20260730-204314-12ce,2026-07-30T20:43:14Z
vrf/VFR20_5_9_Gap,Small,20,5,IG-idle-rcl,123,1317,0.44979977305047214,0.0,run-20260730-204315-20f5,2026-07-30T20:43:15Z
vrf/VFR20_5_9_Gap,Small,20,5,IG-idle-rcl,456,1317,0.4734265300212428,0.0,run-20260730-204315-ebcd,2026-07-30T20:43:15Z
vrf/VFR20_5_9_Gap,Small,20,5,IG-idle-rcl,789,1317,0.4621560559608042,0.0,run-20260730-204316-02a2,2026-07-30T20:43:16Z
vrf/VFR20_5_9_Gap,Small,20,5,IG-idle-rcl,2025,1317,0.46431850700173527,0.0,run-20260730-204316-bd68,2026-07-30T20:43:16Z
vrf/VFR30_10_10_Gap,Small,30,10,IG-idle-rcl,42,1927,1.8026046480517834,0.6266318537859008,run-20260730-204318-d49c,2026-07-30T20:43:18Z
vrf/VFR30_10_10_Gap,Small,30,10,IG-idle-rcl,123,1933,1.771311619086191,0.9399477806788512,run-20260730-204320-d4e5,2026-07-30T20:43:20Z
vrf/VFR30_10_10_Gap,Small,30,10,IG-idle-rcl,456,1933,1.9099520029267296,0.9399477806788512,run-20260730-204322-64b9,2026-07-30T20:43:22Z
vrf/VFR30_10_10_Gap,Small,30,10,IG-idle-rcl,789,1932,1.7877591819269583,0.8877284595300261,run-20260730-204324-50f0,2026-07-30T20:43:24Z
vrf/VFR30_10_10_Gap,Small,30,10,IG-idle-rcl,2025,1933,1.8051329070003703,0.9399477806788512,run-20260730-204325-c0c0,2026-07-30T20:43:25Z
vrf/VFR30_10_1_Gap,Small,30,10,IG-idle-rcl,42,1968,1.7752568509895355,1.2345679012345678,run-20260730-204327-0793,2026-07-30T20:43:27Z
vrf/VFR30_10_1_Gap,Small,30,10,IG-idle-rcl,123,1972,1.7958409569691867,1.440329218106996,run-20260730-204329-7615,2026-07-30T20:43:29Z
vrf/VFR30_10_1_Gap,Small,30,10,IG-idle-rcl,456,1958,1.8819238509749994,0.720164609053498,run-20260730-204331-8009,2026-07-30T20:43:31Z
vrf/VFR30_10_1_Gap,Small,30,10,IG-idle-rcl,789,1958,1.7746925699757412,0.720164609053498,run-20260730-204333-d9a3,2026-07-30T20:43:33Z
vrf/VFR30_10_1_Gap,Small,30,10,IG-idle-rcl,2025,1959,1.7923223429825157,0.7716049382716049,run-20260730-204334-490e,2026-07-30T20:43:34Z
vrf/VFR30_10_2_Gap,Small,30,10,IG-idle-rcl,42,2121,1.7214929920155555,1.0962821734985702,run-20260730-204336-daed,2026-07-30T20:43:36Z
vrf/VFR30_10_2_Gap,Small,30,10,IG-idle-rcl,123,2112,1.7046973949763924,0.667302192564347,run-20260730-204338-e6fb,2026-07-30T20:43:38Z
vrf/VFR30_10_2_Gap,Small,30,10,IG-idle-rcl,456,2115,1.6523882020264864,0.8102955195424214,run-20260730-204340-14b3,2026-07-30T20:43:40Z
vrf/VFR30_10_2_Gap,Small,30,10,IG-idle-rcl,789,2108,1.6910170980263501,0.47664442326024786,run-20260730-204341-6a7a,2026-07-30T20:43:41Z
vrf/VFR30_10_2_Gap,Small,30,10,IG-idle-rcl,2025,2116,1.805804140982218,0.8579599618684461,run-20260730-204343-4150,2026-07-30T20:43:43Z
vrf/VFR30_10_3_Gap,Small,30,10,IG-idle-rcl,42,2088,1.7190166329964995,0.5296100144439095,run-20260730-204345-9c7b,2026-07-30T20:43:45Z
vrf/VFR30_10_3_Gap,Small,30,10,IG-idle-rcl,123,2094,1.8330732820322737,0.8184882041405874,run-20260730-204347-e5d7,2026-07-30T20:43:47Z
vrf/VFR30_10_3_Gap,Small,30,10,IG-idle-rcl,456,2095,1.6725544960936531,0.8666345690900337,run-20260730-204348-2d4f,2026-07-30T20:43:48Z
vrf/VFR30_10_3_Gap,Small,30,10,IG-idle-rcl,789,2084,1.6051718950038776,0.33702455464612424,run-20260730-204350-be24,2026-07-30T20:43:50Z
vrf/VFR30_10_3_Gap,Small,30,10,IG-idle-rcl,2025,2092,1.734658945002593,0.7221954742416947,run-20260730-204352-8a58,2026-07-30T20:43:52Z
vrf/VFR30_10_4_Gap,Small,30,10,IG-idle-rcl,42,1979,1.7199477199465036,1.7480719794344473,run-20260730-204353-bd35,2026-07-30T20:43:53Z
vrf/VFR30_10_4_Gap,Small,30,10,IG-idle-rcl,123,1978,1.5793685590615496,1.6966580976863752,run-20260730-204355-411d,2026-07-30T20:43:55Z
vrf/VFR30_10_4_Gap,Small,30,10,IG-idle-rcl,456,1973,1.8102145830634981,1.4395886889460154,run-20260730-204357-8571,2026-07-30T20:43:57Z
vrf/VFR30_10_4_Gap,Small,30,10,IG-idle-rcl,789,1981,1.7830189049709588,1.8508997429305913,run-20260730-204359-c0fa,2026-07-30T20:43:59Z
vrf/VFR30_10_4_Gap,Small,30,10,IG-idle-rcl,2025,1962,1.5985771410632879,0.8740359897172236,run-20260730-204400-44a1,2026-07-30T20:44:00Z
vrf/VFR30_10_5_Gap,Small,30,10,IG-idle-rcl,42,2033,1.5310935649322346,0.49431537320810676,run-20260730-204402-2886,2026-07-30T20:44:02Z
vrf/VFR30_10_5_Gap,Small,30,10,IG-idle-rcl,123,2042,1.6058372849365696,0.9391992090954029,run-20260730-204403-566d,2026-07-30T20:44:03Z
vrf/VFR30_10_5_Gap,Small,30,10,IG-idle-rcl,456,2036,1.5009613709989935,0.6426099851705388,run-20260730-204405-4428,2026-07-30T20:44:05Z
vrf/VFR30_10_5_Gap,Small,30,10,IG-idle-rcl,789,2032,1.5700015670154244,0.4448838358872961,run-20260730-204406-1043,2026-07-30T20:44:06Z
vrf/VFR30_10_5_Gap,Small,30,10,IG-idle-rcl,2025,2053,1.5137171719688922,1.4829461196243203,run-20260730-204408-823d,2026-07-30T20:44:08Z
vrf/VFR30_10_6_Gap,Small,30,10,IG-idle-rcl,42,2056,1.715733864926733,0.6363191385217817,run-20260730-204410-e04a,2026-07-30T20:44:10Z
vrf/VFR30_10_6_Gap,Small,30,10,IG-idle-rcl,123,2059,1.757966528995894,0.7831620166421929,run-20260730-204411-9c7e,2026-07-30T20:44:11Z
vrf/VFR30_10_6_Gap,Small,30,10,IG-idle-rcl,456,2065,1.5695205699885264,1.0768477728830153,run-20260730-204413-2823,2026-07-30T20:44:13Z
vrf/VFR30_10_6_Gap,Small,30,10,IG-idle-rcl,789,2065,1.727445411030203,1.0768477728830153,run-20260730-204415-3a06,2026-07-30T20:44:15Z
vrf/VFR30_10_6_Gap,Small,30,10,IG-idle-rcl,2025,2072,1.560000509954989,1.4194811551639746,run-20260730-204416-bc34,2026-07-30T20:44:16Z
vrf/VFR30_10_7_Gap,Small,30,10,IG-idle-rcl,42,1993,1.741288562072441,1.3218098627351296,run-20260730-204418-ff79,2026-07-30T20:44:18Z
vrf/VFR30_10_7_Gap,Small,30,10,IG-idle-rcl,123,1987,1.6620830470928922,1.0167768174885612,run-20260730-204420-dbb2,2026-07-30T20:44:20Z
vrf/VFR30_10_7_Gap,Small,30,10,IG-idle-rcl,456,1985,1.7266656740102917,0.9150991357397051,run-20260730-204421-3f74,2026-07-30T20:44:21Z
vrf/VFR30_10_7_Gap,Small,30,10,IG-idle-rcl,789,1996,1.8054260419448838,1.4743263853584139,run-20260730-204423-47d1,2026-07-30T20:44:23Z
vrf/VFR30_10_7_Gap,Small,30,10,IG-idle-rcl,2025,1991,1.7174305730732158,1.2201321809862735,run-20260730-204425-c805,2026-07-30T20:44:25Z
vrf/VFR30_10_8_Gap,Small,30,10,IG-idle-rcl,42,1926,1.6633246960118413,1.5822784810126582,run-20260730-204427-74e0,2026-07-30T20:44:27Z
vrf/VFR30_10_8_Gap,Small,30,10,IG-idle-rcl,123,1908,1.6597232490312308,0.6329113924050633,run-20260730-204428-8ca0,2026-07-30T20:44:28Z
vrf/VFR30_10_8_Gap,Small,30,10,IG-idle-rcl,456,1908,1.6716179500799626,0.6329113924050633,run-20260730-204430-7e81,2026-07-30T20:44:30Z
vrf/VFR30_10_8_Gap,Small,30,10,IG-idle-rcl,789,1928,1.560410064063035,1.6877637130801688,run-20260730-204431-bd1e,2026-07-30T20:44:31Z
vrf/VFR30_10_8_Gap,Small,30,10,IG-idle-rcl,2025,1908,1.4280088370433077,0.6329113924050633,run-20260730-204433-b5f4,2026-07-30T20:44:33Z
vrf/VFR30_10_9_Gap,Small,30,10,IG-idle-rcl,42,1931,1.7790480620460585,1.2054507337526206,run-20260730-204435-c7c8,2026-07-30T20:44:35Z
vrf/VFR30_10_9_Gap,Small,30,10,IG-idle-rcl,123,1931,1.807904158020392,1.2054507337526206,run-20260730-204436-0e63,2026-07-30T20:44:36Z
vrf/VFR30_10_9_Gap,Small,30,10,IG-idle-rcl,456,1931,1.7765185850439593,1.2054507337526206,run-20260730-204438-ac92,2026-07-30T20:44:38Z
vrf/VFR30_10_9_Gap,Small,30,10,IG-idle-rcl,789,1931,1.8012947140960023,1.2054507337526206,run-20260730-204440-719d,2026-07-30T20:44:40Z
vrf/VFR30_10_9_Gap,Small,30,10,IG-idle-rcl,2025,1931,1.7881692160153762,1.2054507337526206,run-20260730-204442-73fa,2026-07-30T20:44:42Z
vrf/VFR30_15_10_Gap,Small,30,15,IG-idle-rcl,42,2421,2.387179612996988,1.509433962264151,run-20260730-204444-5c37,2026-07-30T20:44:44Z
vrf/VFR30_15_10_Gap,Small,30,15,IG-idle-rcl,123,2412,2.584095134981908,1.1320754716981132,run-20260730-204447-93a4,2026-07-30T20:44:47Z
vrf/VFR30_15_10_Gap,Small,30,15,IG-idle-rcl,456,2420,2.6307329329429194,1.4675052410901468,run-20260730-204449-f45e,2026-07-30T20:44:49Z
vrf/VFR30_15_10_Gap,Small,30,15,IG-idle-rcl,789,2431,2.826267183991149,1.928721174004193,run-20260730-204452-3945,2026-07-30T20:44:52Z
vrf/VFR30_15_10_Gap,Small,30,15,IG-idle-rcl,2025,2420,2.3397007829044014,1.4675052410901468,run-20260730-204455-afce,2026-07-30T20:44:55Z
vrf/VFR30_15_1_Gap,Small,30,15,IG-idle-rcl,42,2413,2.3372019609669223,1.3439731205375893,run-20260730-204457-31d8,2026-07-30T20:44:57Z
vrf/VFR30_15_1_Gap,Small,30,15,IG-idle-rcl,123,2406,2.3632105990545824,1.0499790004199916,run-20260730-204459-f09d,2026-07-30T20:44:59Z
vrf/VFR30_15_1_Gap,Small,30,15,IG-idle-rcl,456,2410,2.477628903929144,1.2179756404871902,run-20260730-204502-7a6f,2026-07-30T20:45:02Z
vrf/VFR30_15_1_Gap,Small,30,15,IG-idle-rcl,789,2408,2.335312674054876,1.133977320453591,run-20260730-204504-1802,2026-07-30T20:45:04Z
vrf/VFR30_15_1_Gap,Small,30,15,IG-idle-rcl,2025,2419,2.175923725939356,1.5959680806383871,run-20260730-204506-ce2b,2026-07-30T20:45:06Z
vrf/VFR30_15_2_Gap,Small,30,15,IG-idle-rcl,42,2342,2.244285676977597,1.0353753235547887,run-20260730-204509-7b2c,2026-07-30T20:45:09Z
vrf/VFR30_15_2_Gap,Small,30,15,IG-idle-rcl,123,2341,2.281362563953735,0.9922346850733391,run-20260730-204511-b252,2026-07-30T20:45:11Z
vrf/VFR30_15_2_Gap,Small,30,15,IG-idle-rcl,456,2337,2.2534331739880145,0.819672131147541,run-20260730-204513-2f5f,2026-07-30T20:45:13Z
vrf/VFR30_15_2_Gap,Small,30,15,IG-idle-rcl,789,2346,2.2270627259276807,1.2079378774805867,run-20260730-204515-f47d,2026-07-30T20:45:15Z
vrf/VFR30_15_2_Gap,Small,30,15,IG-idle-rcl,2025,2347,2.2880634070606902,1.2510785159620363,run-20260730-204518-3c96,2026-07-30T20:45:18Z
vrf/VFR30_15_3_Gap,Small,30,15,IG-idle-rcl,42,2329,2.3243041230598465,1.0850694444444444,run-20260730-204520-8aad,2026-07-30T20:45:20Z
vrf/VFR30_15_3_Gap,Small,30,15,IG-idle-rcl,123,2323,2.5452552479691803,0.8246527777777778,run-20260730-204522-3840,2026-07-30T20:45:22Z
vrf/VFR30_15_3_Gap,Small,30,15,IG-idle-rcl,456,2325,2.4419518939685076,0.9114583333333334,run-20260730-204525-88ba,2026-07-30T20:45:25Z
vrf/VFR30_15_3_Gap,Small,30,15,IG-idle-rcl,789,2329,2.2747468589805067,1.0850694444444444,run-20260730-204527-3f6c,2026-07-30T20:45:27Z
vrf/VFR30_15_3_Gap,Small,30,15,IG-idle-rcl,2025,2318,2.196873971959576,0.6076388888888888,run-20260730-204529-a4ee,2026-07-30T20:45:29Z
vrf/VFR30_15_4_Gap,Small,30,15,IG-idle-rcl,42,2472,2.4412200800143182,1.1456628477905073,run-20260730-204532-3c67,2026-07-30T20:45:32Z
vrf/VFR30_15_4_Gap,Small,30,15,IG-idle-rcl,123,2473,2.1708157380344346,1.1865793780687397,run-20260730-204534-df26,2026-07-30T20:45:34Z
vrf/VFR30_15_4_Gap,Small,30,15,IG-idle-rcl,456,2480,2.4028443510178477,1.4729950900163666,run-20260730-204536-1078,2026-07-30T20:45:36Z
vrf/VFR30_15_4_Gap,Small,30,15,IG-idle-rcl,789,2472,2.54252939496655,1.1456628477905073,run-20260730-204539-ebd4,2026-07-30T20:45:39Z
vrf/VFR30_15_4_Gap,Small,30,15,IG-idle-rcl,2025,2460,2.57837770099286,0.6546644844517185,run-20260730-204542-9cd3,2026-07-30T20:45:42Z
vrf/VFR30_15_5_Gap,Small,30,15,IG-idle-rcl,42,2427,2.2131158739794046,0.1650846058605035,run-20260730-204544-8262,2026-07-30T20:45:44Z
vrf/VFR30_15_5_Gap,Small,30,15,IG-idle-rcl,123,2437,2.3572832769714296,0.5777961205117623,run-20260730-204546-ce44,2026-07-30T20:45:46Z
vrf/VFR30_15_5_Gap,Small,30,15,IG-idle-rcl,456,2428,2.1630990729900077,0.20635575732562939,run-20260730-204548-3214,2026-07-30T20:45:48Z
vrf/VFR30_15_5_Gap,Small,30,15,IG-idle-rcl,789,2424,2.3285557290073484,0.041271151465125874,run-20260730-204551-6199,2026-07-30T20:45:51Z
vrf/VFR30_15_5_Gap,Small,30,15,IG-idle-rcl,2025,2428,2.2277466889936477,0.20635575732562939,run-20260730-204553-c48c,2026-07-30T20:45:53Z
vrf/VFR30_15_6_Gap,Small,30,15,IG-idle-rcl,42,2330,2.311603683978319,1.0407632263660018,run-20260730-204555-c0ac,2026-07-30T20:45:55Z
vrf/VFR30_15_6_Gap,Small,30,15,IG-idle-rcl,123,2324,2.3882627229904756,0.7805724197745013,run-20260730-204558-dcbe,2026-07-30T20:45:58Z
vrf/VFR30_15_6_Gap,Small,30,15,IG-idle-rcl,456,2324,2.2774710649391636,0.7805724197745013,run-20260730-204600-e46e,2026-07-30T20:46:00Z
vrf/VFR30_15_6_Gap,Small,30,15,IG-idle-rcl,789,2307,2.277437109965831,0.04336513443191674,run-20260730-204602-fce9,2026-07-30T20:46:02Z
vrf/VFR30_15_6_Gap,Small,30,15,IG-idle-rcl,2025,2310,2.221307720988989,0.17346053772766695,run-20260730-204604-82cc,2026-07-30T20:46:04Z
vrf/VFR30_15_7_Gap,Small,30,15,IG-idle-rcl,42,2329,2.1575086639495566,0.5613126079447323,run-20260730-204606-2ca0,2026-07-30T20:46:06Z
vrf/VFR30_15_7_Gap,Small,30,15,IG-idle-rcl,123,2333,1.9869940140051767,0.7340241796200345,run-20260730-204608-7234,2026-07-30T20:46:08Z
vrf/VFR30_15_7_Gap,Small,30,15,IG-idle-rcl,456,2324,2.2313455919502303,0.3454231433506045,run-20260730-204611-8dab,2026-07-30T20:46:11Z
vrf/VFR30_15_7_Gap,Small,30,15,IG-idle-rcl,789,2351,2.2763808300951496,1.5112262521588946,run-20260730-204613-9c72,2026-07-30T20:46:13Z
vrf/VFR30_15_7_Gap,Small,30,15,IG-idle-rcl,2025,2336,2.3234991199569777,0.8635578583765112,run-20260730-204615-f1e0,2026-07-30T20:46:15Z
vrf/VFR30_15_8_Gap,Small,30,15,IG-idle-rcl,42,2391,2.2906227220082656,1.0566356720202874,run-20260730-204618-e3b1,2026-07-30T20:46:18Z
vrf/VFR30_15_8_Gap,Small,30,15,IG-idle-rcl,123,2398,2.5402320619905367,1.3524936601859678,run-20260730-204620-fbe6,2026-07-30T20:46:20Z
vrf/VFR30_15_8_Gap,Small,30,15,IG-idle-rcl,456,2386,2.1176103209145367,0.8453085376162299,run-20260730-204622-81a3,2026-07-30T20:46:22Z
vrf/VFR30_15_8_Gap,Small,30,15,IG-idle-rcl,789,2378,2.163922894047573,0.5071851225697379,run-20260730-204624-8ff6,2026-07-30T20:46:24Z
vrf/VFR30_15_8_Gap,Small,30,15,IG-idle-rcl,2025,2366,2.284521360998042,0.0,run-20260730-204627-ed4d,2026-07-30T20:46:27Z
vrf/VFR30_15_9_Gap,Small,30,15,IG-idle-rcl,42,2273,2.2667142070131376,0.619743249225321,run-20260730-204629-bc30,2026-07-30T20:46:29Z
vrf/VFR30_15_9_Gap,Small,30,15,IG-idle-rcl,123,2272,2.4509900680277497,0.5754758742806552,run-20260730-204631-3dff,2026-07-30T20:46:31Z
vrf/VFR30_15_9_Gap,Small,30,15,IG-idle-rcl,456,2285,2.190705296001397,1.1509517485613103,run-20260730-204634-4452,2026-07-30T20:46:34Z
vrf/VFR30_15_9_Gap,Small,30,15,IG-idle-rcl,789,2273,2.047072823974304,0.619743249225321,run-20260730-204636-3b22,2026-07-30T20:46:36Z
vrf/VFR30_15_9_Gap,Small,30,15,IG-idle-rcl,2025,2286,2.316924049053341,1.1952191235059761,run-20260730-204638-2879,2026-07-30T20:46:38Z
vrf/VFR30_20_10_Gap,Small,30,20,IG-idle-rcl,42,2841,3.36238396295812,1.2834224598930482,run-20260730-204641-f06d,2026-07-30T20:46:41Z
vrf/VFR30_20_10_Gap,Small,30,20,IG-idle-rcl,123,2836,3.130918098031543,1.1051693404634582,run-20260730-204644-3f8e,2026-07-30T20:46:44Z
vrf/VFR30_20_10_Gap,Small,30,20,IG-idle-rcl,456,2844,2.8994336280738935,1.3903743315508021,run-20260730-204647-c375,2026-07-30T20:46:47Z
vrf/VFR30_20_10_Gap,Small,30,20,IG-idle-rcl,789,2838,2.9735981540288776,1.1764705882352942,run-20260730-204650-cabc,2026-07-30T20:46:50Z
vrf/VFR30_20_10_Gap,Small,30,20,IG-idle-rcl,2025,2824,3.3926619209814817,0.6773618538324421,run-20260730-204654-d4ee,2026-07-30T20:46:54Z
vrf/VFR30_20_1_Gap,Small,30,20,IG-idle-rcl,42,2665,3.072163922013715,0.8323874385168369,run-20260730-204657-b6b6,2026-07-30T20:46:57Z
vrf/VFR30_20_1_Gap,Small,30,20,IG-idle-rcl,123,2686,3.0922275370685384,1.6269390843738176,run-20260730-204700-f808,2026-07-30T20:47:00Z
vrf/VFR30_20_1_Gap,Small,30,20,IG-idle-rcl,456,2674,3.195911015965976,1.172909572455543,run-20260730-204703-430b,2026-07-30T20:47:03Z
vrf/VFR30_20_1_Gap,Small,30,20,IG-idle-rcl,789,2669,2.983323374064639,0.9837306091562619,run-20260730-204706-9356,2026-07-30T20:47:06Z
vrf/VFR30_20_1_Gap,Small,30,20,IG-idle-rcl,2025,2666,3.029526536935009,0.8702232311766932,run-20260730-204709-1e64,2026-07-30T20:47:09Z
vrf/VFR30_20_2_Gap,Small,30,20,IG-idle-rcl,42,2882,2.917102752951905,1.657848324514991,run-20260730-204712-8568,2026-07-30T20:47:12Z
vrf/VFR30_20_2_Gap,Small,30,20,IG-idle-rcl,123,2862,3.0052554610883817,0.9523809523809523,run-20260730-204715-f6e4,2026-07-30T20:47:15Z
vrf/VFR30_20_2_Gap,Small,30,20,IG-idle-rcl,456,2839,3.174638931057416,0.14109347442680775,run-20260730-204718-389a,2026-07-30T20:47:18Z
vrf/VFR30_20_2_Gap,Small,30,20,IG-idle-rcl,789,2848,3.1789969260571525,0.4585537918871252,run-20260730-204721-cfbc,2026-07-30T20:47:21Z
vrf/VFR30_20_2_Gap,Small,30,20,IG-idle-rcl,2025,2866,3.123202055110596,1.09347442680776,run-20260730-204725-3772,2026-07-30T20:47:25Z
vrf/VFR30_20_3_Gap,Small,30,20,IG-idle-rcl,42,2814,3.032254892983474,1.113905856988861,run-20260730-204728-e87f,2026-07-30T20:47:28Z
vrf/VFR30_20_3_Gap,Small,30,20,IG-idle-rcl,123,2798,3.3631953600561246,0.5389867049946101,run-20260730-204731-c853,2026-07-30T20:47:31Z
vrf/VFR30_20_3_Gap,Small,30,20,IG-idle-rcl,456,2814,2.892994440975599,1.113905856988861,run-20260730-204734-1e57,2026-07-30T20:47:34Z
vrf/VFR30_20_3_Gap,Small,30,20,IG-idle-rcl,789,2804,3.201517752953805,0.7545813869924541,run-20260730-204737-eb4d,2026-07-30T20:47:37Z
vrf/VFR30_20_3_Gap,Small,30,20,IG-idle-rcl,2025,2809,3.184524936019443,0.9342436219906576,run-20260730-204740-5c73,2026-07-30T20:47:40Z
vrf/VFR30_20_4_Gap,Small,30,20,IG-idle-rcl,42,2709,2.9117691189749166,1.0820895522388059,run-20260730-204743-8534,2026-07-30T20:47:43Z
vrf/VFR30_20_4_Gap,Small,30,20,IG-idle-rcl,123,2706,2.860754149965942,0.9701492537313433,run-20260730-204746-e886,2026-07-30T20:47:46Z
vrf/VFR30_20_4_Gap,Small,30,20,IG-idle-rcl,456,2715,3.1472532000625506,1.3059701492537314,run-20260730-204749-297f,2026-07-30T20:47:49Z
vrf/VFR30_20_4_Gap,Small,30,20,IG-idle-rcl,789,2704,3.2529621680732816,0.8955223880597015,run-20260730-204752-86e8,2026-07-30T20:47:52Z
vrf/VFR30_20_4_Gap,Small,30,20,IG-idle-rcl,2025,2722,3.1895808030385524,1.5671641791044777,run-20260730-204756-5543,2026-07-30T20:47:56Z
vrf/VFR30_20_5_Gap,Small,30,20,IG-idle-rcl,42,2702,3.2544573770137504,1.122754491017964,run-20260730-204759-bf5f,2026-07-30T20:47:59Z
vrf/VFR30_20_5_Gap,Small,30,20,IG-idle-rcl,123,2684,3.2084950249409303,0.4491017964071856,run-20260730-204802-f7ca,2026-07-30T20:48:02Z
vrf/VFR30_20_5_Gap,Small,30,20,IG-idle-rcl,456,2681,3.0411311069037765,0.33682634730538924,run-20260730-204805-e838,2026-07-30T20:48:05Z
vrf/VFR30_20_5_Gap,Small,30,20,IG-idle-rcl,789,2701,3.1207331320038065,1.0853293413173652,run-20260730-204808-724e,2026-07-30T20:48:08Z
vrf/VFR30_20_5_Gap,Small,30,20,IG-idle-rcl,2025,2681,2.939259433071129,0.33682634730538924,run-20260730-204811-721e,2026-07-30T20:48:11Z
vrf/VFR30_20_6_Gap,Small,30,20,IG-idle-rcl,42,2735,3.259539189049974,0.7366482504604052,run-20260730-204814-117c,2026-07-30T20:48:14Z
vrf/VFR30_20_6_Gap,Small,30,20,IG-idle-rcl,123,2742,3.198913266067393,0.994475138121547,run-20260730-204818-84df,2026-07-30T20:48:18Z
vrf/VFR30_20_6_Gap,Small,30,20,IG-idle-rcl,456,2744,3.1981489800382406,1.0681399631675874,run-20260730-204821-daef,2026-07-30T20:48:21Z
vrf/VFR30_20_6_Gap,Small,30,20,IG-idle-rcl,789,2760,2.632847527973354,1.6574585635359116,run-20260730-204823-5212,2026-07-30T20:48:23Z
vrf/VFR30_20_6_Gap,Small,30,20,IG-idle-rcl,2025,2754,2.965160211897455,1.4364640883977902,run-20260730-204826-3101,2026-07-30T20:48:26Z
vrf/VFR30_20_7_Gap,Small,30,20,IG-idle-rcl,42,2762,2.8343190539162606,1.8436578171091444,run-20260730-204829-6fae,2026-07-30T20:48:29Z
vrf/VFR30_20_7_Gap,Small,30,20,IG-idle-rcl,123,2751,2.9342608980368823,1.4380530973451326,run-20260730-204832-2825,2026-07-30T20:48:32Z
vrf/VFR30_20_7_Gap,Small,30,20,IG-idle-rcl,456,2726,2.9273781289812177,0.5162241887905604,run-20260730-204835-86bb,2026-07-30T20:48:35Z
vrf/VFR30_20_7_Gap,Small,30,20,IG-idle-rcl,789,2729,2.980948864016682,0.6268436578171092,run-20260730-204838-9369,2026-07-30T20:48:38Z
vrf/VFR30_20_7_Gap,Small,30,20,IG-idle-rcl,2025,2731,2.984773271949962,0.700589970501475,run-20260730-204841-741e,2026-07-30T20:48:41Z
vrf/VFR30_20_8_Gap,Small,30,20,IG-idle-rcl,42,2864,2.5286272070370615,1.8492176386913228,run-20260730-204844-9e7f,2026-07-30T20:48:44Z
vrf/VFR30_20_8_Gap,Small,30,20,IG-idle-rcl,123,2845,2.7828798179980367,1.1735419630156472,run-20260730-204846-410f,2026-07-30T20:48:46Z
vrf/VFR30_20_8_Gap,Small,30,20,IG-idle-rcl,456,2831,2.76832190703135,0.6756756756756757,run-20260730-204849-d9ef,2026-07-30T20:48:49Z
vrf/VFR30_20_8_Gap,Small,30,20,IG-idle-rcl,789,2852,3.039630022016354,1.422475106685633,run-20260730-204852-54bd,2026-07-30T20:48:52Z
vrf/VFR30_20_8_Gap,Small,30,20,IG-idle-rcl,2025,2831,3.088595557026565,0.6756756756756757,run-20260730-204855-0a26,2026-07-30T20:48:55Z
vrf/VFR30_20_9_Gap,Small,30,20,IG-idle-rcl,42,2839,3.090653444058262,1.5742397137745976,run-20260730-204858-77f4,2026-07-30T20:48:58Z
vrf/VFR30_20_9_Gap,Small,30,20,IG-idle-rcl,123,2835,3.212957359966822,1.4311270125223614,run-20260730-204902-ecc7,2026-07-30T20:49:02Z
vrf/VFR30_20_9_Gap,Small,30,20,IG-idle-rcl,456,2838,2.9687094050459564,1.5384615384615385,run-20260730-204905-83e3,2026-07-30T20:49:05Z
vrf/VFR30_20_9_Gap,Small,30,20,IG-idle-rcl,789,2844,2.5220395190408453,1.7531305903398926,run-20260730-204907-b096,2026-07-30T20:49:07Z
vrf/VFR30_20_9_Gap,Small,30,20,IG-idle-rcl,2025,2832,2.973797937040217,1.3237924865831843,run-20260730-204910-ed0a,2026-07-30T20:49:10Z
vrf/VFR30_5_10_Gap,Small,30,5,IG-idle-rcl,42,1637,0.9309433660237119,0.0,run-20260730-204911-a650,2026-07-30T20:49:11Z
vrf/VFR30_5_10_Gap,Small,30,5,IG-idle-rcl,123,1637,0.9265944499056786,0.0,run-20260730-204912-22c6,2026-07-30T20:49:12Z
vrf/VFR30_5_10_Gap,Small,30,5,IG-idle-rcl,456,1637,0.9380593990208581,0.0,run-20260730-204913-d16e,2026-07-30T20:49:13Z
vrf/VFR30_5_10_Gap,Small,30,5,IG-idle-rcl,789,1637,0.9138915269868448,0.0,run-20260730-204914-907f,2026-07-30T20:49:14Z
vrf/VFR30_5_10_Gap,Small,30,5,IG-idle-rcl,2025,1637,0.9340853049652651,0.0,run-20260730-204915-7e28,2026-07-30T20:49:15Z
vrf/VFR30_5_1_Gap,Small,30,5,IG-idle-rcl,42,1805,0.7771960060345009,0.0,run-20260730-204915-a34f,2026-07-30T20:49:15Z
vrf/VFR30_5_1_Gap,Small,30,5,IG-idle-rcl,123,1805,0.780245375004597,0.0,run-20260730-204916-c47b,2026-07-30T20:49:16Z
vrf/VFR30_5_1_Gap,Small,30,5,IG-idle-rcl,456,1805,0.7484492919174954,0.0,run-20260730-204917-1be2,2026-07-30T20:49:17Z
vrf/VFR30_5_1_Gap,Small,30,5,IG-idle-rcl,789,1805,0.7817922789836302,0.0,run-20260730-204918-1c7a,2026-07-30T20:49:18Z
vrf/VFR30_5_1_Gap,Small,30,5,IG-idle-rcl,2025,1805,0.767324126092717,0.0,run-20260730-204919-beee,2026-07-30T20:49:19Z
vrf/VFR30_5_2_Gap,Small,30,5,IG-idle-rcl,42,1575,0.970438999007456,0.0,run-20260730-204920-5c18,2026-07-30T20:49:20Z
vrf/VFR30_5_2_Gap,Small,30,5,IG-idle-rcl,123,1575,0.9252586270449683,0.0,run-20260730-204920-b8fc,2026-07-30T20:49:20Z
vrf/VFR30_5_2_Gap,Small,30,5,IG-idle-rcl,456,1575,0.949500091955997,0.0,run-20260730-204921-7ffe,2026-07-30T20:49:21Z
vrf/VFR30_5_2_Gap,Small,30,5,IG-idle-rcl,789,1575,0.9528123220661655,0.0,run-20260730-204922-6b3e,2026-07-30T20:49:22Z
vrf/VFR30_5_2_Gap,Small,30,5,IG-idle-rcl,2025,1575,0.9362381149549037,0.0,run-20260730-204923-8029,2026-07-30T20:49:23Z
vrf/VFR30_5_3_Gap,Small,30,5,IG-idle-rcl,42,1673,0.8094972000690177,0.0,run-20260730-204924-5a8b,2026-07-30T20:49:24Z
vrf/VFR30_5_3_Gap,Small,30,5,IG-idle-rcl,123,1673,0.8056142559507862,0.0,run-20260730-204925-4afd,2026-07-30T20:49:25Z
vrf/VFR30_5_3_Gap,Small,30,5,IG-idle-rcl,456,1679,0.807894368073903,0.3586371787208607,run-20260730-204926-20eb,2026-07-30T20:49:26Z
vrf/VFR30_5_3_Gap,Small,30,5,IG-idle-rcl,789,1673,0.8016972369514406,0.0,run-20260730-204927-ed1c,2026-07-30T20:49:27Z
vrf/VFR30_5_3_Gap,Small,30,5,IG-idle-rcl,2025,1673,0.8189143990166485,0.0,run-20260730-204927-2e62,2026-07-30T20:49:27Z
vrf/VFR30_5_4_Gap,Small,30,5,IG-idle-rcl,42,1781,0.73982599505689,0.0,run-20260730-204928-5854,2026-07-30T20:49:28Z
vrf/VFR30_5_4_Gap,Small,30,5,IG-idle-rcl,123,1781,0.7310575819574296,0.0,run-20260730-204929-f57b,2026-07-30T20:49:29Z
vrf/VFR30_5_4_Gap,Small,30,5,IG-idle-rcl,456,1781,0.7286231899634004,0.0,run-20260730-204930-6d84,2026-07-30T20:49:30Z
vrf/VFR30_5_4_Gap,Small,30,5,IG-idle-rcl,789,1781,0.7483296310529113,0.0,run-20260730-204930-0001,2026-07-30T20:49:30Z
vrf/VFR30_5_4_Gap,Small,30,5,IG-idle-rcl,2025,1781,0.749931151047349,0.0,run-20260730-204931-97cf,2026-07-30T20:49:31Z
vrf/VFR30_5_5_Gap,Small,30,5,IG-idle-rcl,42,1715,0.6960866489680484,0.46865846514352666,run-20260730-204932-3ab2,2026-07-30T20:49:32Z
vrf/VFR30_5_5_Gap,Small,30,5,IG-idle-rcl,123,1715,0.6913788079982623,0.46865846514352666,run-20260730-204932-681e,2026-07-30T20:49:32Z
vrf/VFR30_5_5_Gap,Small,30,5,IG-idle-rcl,456,1707,0.7100231510121375,0.0,run-20260730-204933-15a9,2026-07-30T20:49:33Z
vrf/VFR30_5_5_Gap,Small,30,5,IG-idle-rcl,789,1715,0.6983774580294266,0.46865846514352666,run-20260730-204934-33ca,2026-07-30T20:49:34Z
vrf/VFR30_5_5_Gap,Small,30,5,IG-idle-rcl,2025,1715,0.7117816020036116,0.46865846514352666,run-20260730-204935-914f,2026-07-30T20:49:35Z
vrf/VFR30_5_6_Gap,Small,30,5,IG-idle-rcl,42,1875,0.7155563340056688,0.0,run-20260730-204935-e065,2026-07-30T20:49:35Z
vrf/VFR30_5_6_Gap,Small,30,5,IG-idle-rcl,123,1875,0.7452288520289585,0.0,run-20260730-204936-7136,2026-07-30T20:49:36Z
vrf/VFR30_5_6_Gap,Small,30,5,IG-idle-rcl,456,1875,0.7107522130245343,0.0,run-20260730-204937-0cbf,2026-07-30T20:49:37Z
vrf/VFR30_5_6_Gap,Small,30,5,IG-idle-rcl,789,1875,0.7110534079838544,0.0,run-20260730-204937-1b76,2026-07-30T20:49:37Z
vrf/VFR30_5_6_Gap,Small,30,5,IG-idle-rcl,2025,1875,0.7252329029142857,0.0,run-20260730-204938-86e9,2026-07-30T20:49:38Z
vrf/VFR30_5_7_Gap,Small,30,5,IG-idle-rcl,42,1749,0.5951805860968307,0.0,run-20260730-204939-f056,2026-07-30T20:49:39Z
vrf/VFR30_5_7_Gap,Small,30,5,IG-idle-rcl,123,1749,0.5869922119891271,0.0,run-20260730-204939-2fcc,2026-07-30T20:49:39Z
vrf/VFR30_5_7_Gap,Small,30,5,IG-idle-rcl,456,1749,0.5932040780317038,0.0,run-20260730-204940-9a41,2026-07-30T20:49:40Z
vrf/VFR30_5_7_Gap,Small,30,5,IG-idle-rcl,789,1749,0.5734118190594018,0.0,run-20260730-204941-3bf0,2026-07-30T20:49:41Z
vrf/VFR30_5_7_Gap,Small,30,5,IG-idle-rcl,2025,1749,0.5790763910626993,0.0,run-20260730-204941-8b24,2026-07-30T20:49:41Z
vrf/VFR30_5_8_Gap,Small,30,5,IG-idle-rcl,42,1711,0.925776033080183,0.29308323563892147,run-20260730-204942-8229,2026-07-30T20:49:42Z
vrf/VFR30_5_8_Gap,Small,30,5,IG-idle-rcl,123,1711,0.9782312979223207,0.29308323563892147,run-20260730-204943-1c67,2026-07-30T20:49:43Z
vrf/VFR30_5_8_Gap,Small,30,5,IG-idle-rcl,456,1711,0.9660036480054259,0.29308323563892147,run-20260730-204944-26a2,2026-07-30T20:49:44Z
vrf/VFR30_5_8_Gap,Small,30,5,IG-idle-rcl,789,1708,0.9713755450211465,0.11723329425556858,run-20260730-204945-3e97,2026-07-30T20:49:45Z
vrf/VFR30_5_8_Gap,Small,30,5,IG-idle-rcl,2025,1711,0.931901421980001,0.29308323563892147,run-20260730-204946-57ea,2026-07-30T20:49:46Z
vrf/VFR30_5_9_Gap,Small,30,5,IG-idle-rcl,42,1735,0.6720674900570884,0.0,run-20260730-204947-c828,2026-07-30T20:49:47Z
vrf/VFR30_5_9_Gap,Small,30,5,IG-idle-rcl,123,1735,0.663805115967989,0.0,run-20260730-204947-d18c,2026-07-30T20:49:47Z
vrf/VFR30_5_9_Gap,Small,30,5,IG-idle-rcl,456,1735,0.6341412051115185,0.0,run-20260730-204948-ba75,2026-07-30T20:49:48Z
vrf/VFR30_5_9_Gap,Small,30,5,IG-idle-rcl,789,1735,0.6873268130002543,0.0,run-20260730-204949-fb05,2026-07-30T20:49:49Z
vrf/VFR30_5_9_Gap,Small,30,5,IG-idle-rcl,2025,1735,0.6533303740434349,0.0,run-20260730-204949-8125,2026-07-30T20:49:49Z
vrf/VFR40_10_10_Gap,Small,40,10,IG-idle-rcl,42,2500,2.322131127002649,0.8878127522195319,run-20260730-204952-9035,2026-07-30T20:49:52Z
vrf/VFR40_10_10_Gap,Small,40,10,IG-idle-rcl,123,2500,2.3236397120635957,0.8878127522195319,run-20260730-204954-d066,2026-07-30T20:49:54Z
vrf/VFR40_10_10_Gap,Small,40,10,IG-idle-rcl,456,2503,2.3951934028882533,1.0088781275221954,run-20260730-204956-8da8,2026-07-30T20:49:56Z
vrf/VFR40_10_10_Gap,Small,40,10,IG-idle-rcl,789,2498,2.4295509179355577,0.8071025020177562,run-20260730-204959-297d,2026-07-30T20:49:59Z
vrf/VFR40_10_10_Gap,Small,40,10,IG-idle-rcl,2025,2481,2.465513799106702,0.12106537530266344,run-20260730-205001-ae21,2026-07-30T20:50:01Z
vrf/VFR40_10_1_Gap,Small,40,10,IG-idle-rcl,42,2513,2.0337240300141275,1.3306451612903225,run-20260730-205003-0059,2026-07-30T20:50:03Z
vrf/VFR40_10_1_Gap,Small,40,10,IG-idle-rcl,123,2505,2.311357463011518,1.0080645161290323,run-20260730-205006-0131,2026-07-30T20:50:06Z
vrf/VFR40_10_1_Gap,Small,40,10,IG-idle-rcl,456,2502,2.223679721937515,0.8870967741935484,run-20260730-205008-0a13,2026-07-30T20:50:08Z
vrf/VFR40_10_1_Gap,Small,40,10,IG-idle-rcl,789,2508,2.1064701509894803,1.1290322580645162,run-20260730-205010-71ce,2026-07-30T20:50:10Z
vrf/VFR40_10_1_Gap,Small,40,10,IG-idle-rcl,2025,2505,2.262620873050764,1.0080645161290323,run-20260730-205012-5ead,2026-07-30T20:50:12Z
vrf/VFR40_10_2_Gap,Small,40,10,IG-idle-rcl,42,2444,2.214373675058596,0.0,run-20260730-205014-11ca,2026-07-30T20:50:14Z
vrf/VFR40_10_2_Gap,Small,40,10,IG-idle-rcl,123,2446,2.3466077209450305,0.08183306055646482,run-20260730-205017-8f13,2026-07-30T20:50:17Z
vrf/VFR40_10_2_Gap,Small,40,10,IG-idle-rcl,456,2446,2.2878508389694616,0.08183306055646482,run-20260730-205019-9812,2026-07-30T20:50:19Z
vrf/VFR40_10_2_Gap,Small,40,10,IG-idle-rcl,789,2446,2.3381069799652323,0.08183306055646482,run-20260730-205021-dde3,2026-07-30T20:50:21Z
vrf/VFR40_10_2_Gap,Small,40,10,IG-idle-rcl,2025,2446,2.2786797580774873,0.08183306055646482,run-20260730-205024-1265,2026-07-30T20:50:24Z
vrf/VFR40_10_3_Gap,Small,40,10,IG-idle-rcl,42,2424,2.219079466885887,0.4975124378109453,run-20260730-205026-433d,2026-07-30T20:50:26Z
vrf/VFR40_10_3_Gap,Small,40,10,IG-idle-rcl,123,2424,2.2482267760206014,0.4975124378109453,run-20260730-205028-fb0f,2026-07-30T20:50:28Z
vrf/VFR40_10_3_Gap,Small,40,10,IG-idle-rcl,456,2412,2.2561665310058743,0.0,run-20260730-205030-ff21,2026-07-30T20:50:30Z
vrf/VFR40_10_3_Gap,Small,40,10,IG-idle-rcl,789,2412,2.3404888339573517,0.0,run-20260730-205033-7cdb,2026-07-30T20:50:33Z
vrf/VFR40_10_3_Gap,Small,40,10,IG-idle-rcl,2025,2424,2.417018959997222,0.4975124378109453,run-20260730-205035-9b99,2026-07-30T20:50:35Z
vrf/VFR40_10_4_Gap,Small,40,10,IG-idle-rcl,42,2505,2.3231437649810687,1.3349514563106797,run-20260730-205037-4f90,2026-07-30T20:50:37Z
vrf/VFR40_10_4_Gap,Small,40,10,IG-idle-rcl,123,2495,2.450879470910877,0.93042071197411,run-20260730-205040-bb51,2026-07-30T20:50:40Z
vrf/VFR40_10_4_Gap,Small,40,10,IG-idle-rcl,456,2493,2.2732893750071526,0.8495145631067961,run-20260730-205042-31f7,2026-07-30T20:50:42Z
vrf/VFR40_10_4_Gap,Small,40,10,IG-idle-rcl,789,2492,2.2914324670564383,0.8090614886731392,run-20260730-205044-f217,2026-07-30T20:50:44Z
vrf/VFR40_10_4_Gap,Small,40,10,IG-idle-rcl,2025,2490,2.339860930922441,0.7281553398058253,run-20260730-205047-b5d1,2026-07-30T20:50:47Z
vrf/VFR40_10_5_Gap,Small,40,10,IG-idle-rcl,42,2443,2.1011345179285854,0.7422680412371134,run-20260730-205049-c873,2026-07-30T20:50:49Z
vrf/VFR40_10_5_Gap,Small,40,10,IG-idle-rcl,123,2448,2.3182932030176744,0.9484536082474226,run-20260730-205051-7009,2026-07-30T20:50:51Z
vrf/VFR40_10_5_Gap,Small,40,10,IG-idle-rcl,456,2446,2.1754178389674053,0.865979381443299,run-20260730-205053-95bc,2026-07-30T20:50:53Z
vrf/VFR40_10_5_Gap,Small,40,10,IG-idle-rcl,789,2443,2.323687359923497,0.7422680412371134,run-20260730-205056-f6d4,2026-07-30T20:50:56Z
vrf/VFR40_10_5_Gap,Small,40,10,IG-idle-rcl,2025,2446,2.1567129120230675,0.865979381443299,run-20260730-205058-8eeb,2026-07-30T20:50:58Z
vrf/VFR40_10_6_Gap,Small,40,10,IG-idle-rcl,42,2575,2.0699825789779425,1.099332548095799,run-20260730-205100-b0a5,2026-07-30T20:51:00Z
vrf/VFR40_10_6_Gap,Small,40,10,IG-idle-rcl,123,2566,2.1345166149549186,0.745975657636435,run-20260730-205102-dcac,2026-07-30T20:51:02Z
vrf/VFR40_10_6_Gap,Small,40,10,IG-idle-rcl,456,2566,2.0821921640308574,0.745975657636435,run-20260730-205104-82ae,2026-07-30T20:51:04Z
vrf/VFR40_10_6_Gap,Small,40,10,IG-idle-rcl,789,2583,1.8683290320914239,1.4134275618374559,run-20260730-205106-24fd,2026-07-30T20:51:06Z
vrf/VFR40_10_6_Gap,Small,40,10,IG-idle-rcl,2025,2571,2.0040249300654978,0.9422850412249706,run-20260730-205108-e79c,2026-07-30T20:51:08Z
vrf/VFR40_10_7_Gap,Small,40,10,IG-idle-rcl,42,2555,2.0108941030921414,2.1591363454618153,run-20260730-205110-5693,2026-07-30T20:51:10Z
vrf/VFR40_10_7_Gap,Small,40,10,IG-idle-rcl,123,2525,2.2552588880062103,0.9596161535385845,run-20260730-205112-68ff,2026-07-30T20:51:12Z
vrf/VFR40_10_7_Gap,Small,40,10,IG-idle-rcl,456,2533,2.2724218900548294,1.2794882047181129,run-20260730-205115-7268,2026-07-30T20:51:15Z
vrf/VFR40_10_7_Gap,Small,40,10,IG-idle-rcl,789,2527,2.274429884972051,1.0395841663334666,run-20260730-205117-26ce,2026-07-30T20:51:17Z
vrf/VFR40_10_7_Gap,Small,40,10,IG-idle-rcl,2025,2544,2.08178286801558,1.719312275089964,run-20260730-205119-9602,2026-07-30T20:51:19Z
vrf/VFR40_10_8_Gap,Small,40,10,IG-idle-rcl,42,2502,2.3103939070133492,0.44158972300281013,run-20260730-205121-c73b,2026-07-30T20:51:21Z
vrf/VFR40_10_8_Gap,Small,40,10,IG-idle-rcl,123,2503,2.215363220893778,0.48173424327579284,run-20260730-205123-455c,2026-07-30T20:51:23Z
vrf/VFR40_10_8_Gap,Small,40,10,IG-idle-rcl,456,2520,2.4124587930273265,1.1641910879164994,run-20260730-205126-8d4d,2026-07-30T20:51:26Z
vrf/VFR40_10_8_Gap,Small,40,10,IG-idle-rcl,789,2518,2.313307040021755,1.0839020473705339,run-20260730-205128-daff,2026-07-30T20:51:28Z
vrf/VFR40_10_8_Gap,Small,40,10,IG-idle-rcl,2025,2507,2.2123811499914154,0.6423123243677238,run-20260730-205130-7676,2026-07-30T20:51:30Z
vrf/VFR40_10_9_Gap,Small,40,10,IG-idle-rcl,42,2441,2.2445502759655938,1.244296972210701,run-20260730-205133-750e,2026-07-30T20:51:33Z
vrf/VFR40_10_9_Gap,Small,40,10,IG-idle-rcl,123,2456,2.337820225977339,1.8664454583160515,run-20260730-205135-2de7,2026-07-30T20:51:35Z
vrf/VFR40_10_9_Gap,Small,40,10,IG-idle-rcl,456,2441,2.57286400499288,1.244296972210701,run-20260730-205138-90e8,2026-07-30T20:51:38Z
vrf/VFR40_10_9_Gap,Small,40,10,IG-idle-rcl,789,2459,2.2462078420212492,1.9908751555371216,run-20260730-205140-0929,2026-07-30T20:51:40Z
vrf/VFR40_10_9_Gap,Small,40,10,IG-idle-rcl,2025,2462,2.2250392269343138,2.1153048527581917,run-20260730-205142-c686,2026-07-30T20:51:42Z
vrf/VFR40_15_10_Gap,Small,40,15,IG-idle-rcl,42,2968,3.141411066055298,0.7809847198641766,run-20260730-205145-5b70,2026-07-30T20:51:45Z
vrf/VFR40_15_10_Gap,Small,40,15,IG-idle-rcl,123,2974,2.926521241897717,0.9847198641765704,run-20260730-205148-adf3,2026-07-30T20:51:48Z
vrf/VFR40_15_10_Gap,Small,40,15,IG-idle-rcl,456,2974,3.453481309930794,0.9847198641765704,run-20260730-205152-3894,2026-07-30T20:51:52Z
vrf/VFR40_15_10_Gap,Small,40,15,IG-idle-rcl,789,2977,3.1421047860058025,1.0865874363327674,run-20260730-205155-e656,2026-07-30T20:51:55Z
vrf/VFR40_15_10_Gap,Small,40,15,IG-idle-rcl,2025,2979,3.3734799299854785,1.1544991511035654,run-20260730-205158-aed8,2026-07-30T20:51:58Z
vrf/VFR40_15_1_Gap,Small,40,15,IG-idle-rcl,42,3048,3.2317352009704337,1.2288276320159415,run-20260730-205201-cabf,2026-07-30T20:52:01Z
vrf/VFR40_15_1_Gap,Small,40,15,IG-idle-rcl,123,3035,3.0861105479998514,0.7970773829292593,run-20260730-205204-5c17,2026-07-30T20:52:04Z
vrf/VFR40_15_1_Gap,Small,40,15,IG-idle-rcl,456,3055,3.2407649130327627,1.4613085353703088,run-20260730-205208-b7e3,2026-07-30T20:52:08Z
vrf/VFR40_15_1_Gap,Small,40,15,IG-idle-rcl,789,3041,3.186542775016278,0.9963467286615743,run-20260730-205211-5203,2026-07-30T20:52:11Z
vrf/VFR40_15_1_Gap,Small,40,15,IG-idle-rcl,2025,3037,3.409023134969175,0.8635004981733644,run-20260730-205214-0a66,2026-07-30T20:52:14Z
vrf/VFR40_15_2_Gap,Small,40,15,IG-idle-rcl,42,2844,3.3782591510098428,0.815313718539525,run-20260730-205218-8979,2026-07-30T20:52:18Z
vrf/VFR40_15_2_Gap,Small,40,15,IG-idle-rcl,123,2833,3.203816454974003,0.42538107054236085,run-20260730-205221-1859,2026-07-30T20:52:21Z
vrf/VFR40_15_2_Gap,Small,40,15,IG-idle-rcl,456,2858,3.2305784289492294,1.3115916341722793,run-20260730-205224-eb7b,2026-07-30T20:52:24Z
vrf/VFR40_15_2_Gap,Small,40,15,IG-idle-rcl,789,2845,3.5591528130462393,0.8507621410847217,run-20260730-205228-c4d9,2026-07-30T20:52:28Z
vrf/VFR40_15_2_Gap,Small,40,15,IG-idle-rcl,2025,2850,3.182703710044734,1.0280042538107055,run-20260730-205231-e40d,2026-07-30T20:52:31Z
vrf/VFR40_15_3_Gap,Small,40,15,IG-idle-rcl,42,2952,2.8853737550089136,1.582931865106676,run-20260730-205234-33f6,2026-07-30T20:52:34Z
vrf/VFR40_15_3_Gap,Small,40,15,IG-idle-rcl,123,2934,3.091388977947645,0.9635237439779766,run-20260730-205237-5b36,2026-07-30T20:52:37Z
vrf/VFR40_15_3_Gap,Small,40,15,IG-idle-rcl,456,2960,3.232082490925677,1.8582243633860978,run-20260730-205240-d5c9,2026-07-30T20:52:40Z
vrf/VFR40_15_3_Gap,Small,40,15,IG-idle-rcl,789,2939,3.022763208951801,1.1355815554026152,run-20260730-205243-a651,2026-07-30T20:52:43Z
vrf/VFR40_15_3_Gap,Small,40,15,IG-idle-rcl,2025,2942,2.915394102106802,1.2388162422573985,run-20260730-205246-1d4b,2026-07-30T20:52:46Z
vrf/VFR40_15_4_Gap,Small,40,15,IG-idle-rcl,42,2974,3.635153776034713,1.8842069201781433,run-20260730-205250-b479,2026-07-30T20:52:50Z
vrf/VFR40_15_4_Gap,Small,40,15,IG-idle-rcl,123,2950,3.497604573960416,1.0620075368276807,run-20260730-205253-a52b,2026-07-30T20:52:53Z
vrf/VFR40_15_4_Gap,Small,40,15,IG-idle-rcl,456,2983,3.564261941006407,2.1925316889345665,run-20260730-205257-7ee1,2026-07-30T20:52:57Z
vrf/VFR40_15_4_Gap,Small,40,15,IG-idle-rcl,789,2959,3.252339691040106,1.3703323055841041,run-20260730-205300-e196,2026-07-30T20:53:00Z
vrf/VFR40_15_4_Gap,Small,40,15,IG-idle-rcl,2025,2969,3.589901514002122,1.7129153819801302,run-20260730-205303-914a,2026-07-30T20:53:03Z
vrf/VFR40_15_5_Gap,Small,40,15,IG-idle-rcl,42,2982,3.468786748009734,1.2563667232597624,run-20260730-205307-64bb,2026-07-30T20:53:07Z
vrf/VFR40_15_5_Gap,Small,40,15,IG-idle-rcl,123,2993,3.3069594480330124,1.6298811544991512,run-20260730-205310-4c29,2026-07-30T20:53:10Z
vrf/VFR40_15_5_Gap,Small,40,15,IG-idle-rcl,456,2983,3.215905162971467,1.2903225806451613,run-20260730-205313-e731,2026-07-30T20:53:13Z
vrf/VFR40_15_5_Gap,Small,40,15,IG-idle-rcl,789,2970,3.3332299559842795,0.8488964346349746,run-20260730-205317-71b3,2026-07-30T20:53:17Z
vrf/VFR40_15_5_Gap,Small,40,15,IG-idle-rcl,2025,2974,3.256327270064503,0.9847198641765704,run-20260730-205320-6b29,2026-07-30T20:53:20Z
vrf/VFR40_15_6_Gap,Small,40,15,IG-idle-rcl,42,2832,3.0688800789648667,0.9625668449197861,run-20260730-205323-5e04,2026-07-30T20:53:23Z
vrf/VFR40_15_6_Gap,Small,40,15,IG-idle-rcl,123,2834,3.0113782070111483,1.0338680926916222,run-20260730-205326-ed81,2026-07-30T20:53:26Z
vrf/VFR40_15_6_Gap,Small,40,15,IG-idle-rcl,456,2848,2.8324174829758704,1.5329768270944741,run-20260730-205329-7605,2026-07-30T20:53:29Z
vrf/VFR40_15_6_Gap,Small,40,15,IG-idle-rcl,789,2848,3.1049439520575106,1.5329768270944741,run-20260730-205332-fdcc,2026-07-30T20:53:32Z
vrf/VFR40_15_6_Gap,Small,40,15,IG-idle-rcl,2025,2832,3.1116735129617155,0.9625668449197861,run-20260730-205335-fa66,2026-07-30T20:53:35Z
vrf/VFR40_15_7_Gap,Small,40,15,IG-idle-rcl,42,2898,3.472696852986701,1.0460251046025104,run-20260730-205339-283b,2026-07-30T20:53:39Z
vrf/VFR40_15_7_Gap,Small,40,15,IG-idle-rcl,123,2904,3.5740351490676403,1.2552301255230125,run-20260730-205342-e927,2026-07-30T20:53:42Z
vrf/VFR40_15_7_Gap,Small,40,15,IG-idle-rcl,456,2890,3.3842603450175375,0.7670850767085077,run-20260730-205346-495b,2026-07-30T20:53:46Z
vrf/VFR40_15_7_Gap,Small,40,15,IG-idle-rcl,789,2908,3.4410263480385765,1.394700139470014,run-20260730-205349-648c,2026-07-30T20:53:49Z
vrf/VFR40_15_7_Gap,Small,40,15,IG-idle-rcl,2025,2897,3.2314884099178016,1.0111576011157601,run-20260730-205352-e13e,2026-07-30T20:53:52Z
vrf/VFR40_15_8_Gap,Small,40,15,IG-idle-rcl,42,2925,3.3971339110285044,0.8620689655172413,run-20260730-205356-bbfb,2026-07-30T20:53:56Z
vrf/VFR40_15_8_Gap,Small,40,15,IG-idle-rcl,123,2943,3.406245107995346,1.4827586206896552,run-20260730-205359-2a08,2026-07-30T20:53:59Z
vrf/VFR40_15_8_Gap,Small,40,15,IG-idle-rcl,456,2929,3.4386721859918907,1.0,run-20260730-205403-bfe5,2026-07-30T20:54:03Z
vrf/VFR40_15_8_Gap,Small,40,15,IG-idle-rcl,789,2945,3.6849606999894604,1.5517241379310345,run-20260730-205406-16e8,2026-07-30T20:54:06Z
vrf/VFR40_15_8_Gap,Small,40,15,IG-idle-rcl,2025,2956,2.985942760016769,1.9310344827586208,run-20260730-205409-41ab,2026-07-30T20:54:09Z
vrf/VFR40_15_9_Gap,Small,40,15,IG-idle-rcl,42,2734,3.4219464390771464,0.9601181683899557,run-20260730-205413-c27e,2026-07-30T20:54:13Z
vrf/VFR40_15_9_Gap,Small,40,15,IG-idle-rcl,123,2739,3.1963482350111008,1.1447562776957163,run-20260730-205416-c59d,2026-07-30T20:54:16Z
vrf/VFR40_15_9_Gap,Small,40,15,IG-idle-rcl,456,2759,2.711122744018212,1.8833087149187593,run-20260730-205419-5a0f,2026-07-30T20:54:19Z
vrf/VFR40_15_9_Gap,Small,40,15,IG-idle-rcl,789,2732,3.3298784849466756,0.8862629246676514,run-20260730-205422-9689,2026-07-30T20:54:22Z
vrf/VFR40_15_9_Gap,Small,40,15,IG-idle-rcl,2025,2745,2.8780564919579774,1.3663220088626293,run-20260730-205425-f375,2026-07-30T20:54:25Z
vrf/VFR40_20_10_Gap,Small,40,20,IG-idle-rcl,42,3166,4.256321491906419,1.4093529788597052,run-20260730-205429-770c,2026-07-30T20:54:29Z
vrf/VFR40_20_10_Gap,Small,40,20,IG-idle-rcl,123,3179,4.204836829099804,1.8257527226137091,run-20260730-205433-434d,2026-07-30T20:54:33Z
vrf/VFR40_20_10_Gap,Small,40,20,IG-idle-rcl,456,3168,4.162252631038427,1.4734144778987828,run-20260730-205437-57a1,2026-07-30T20:54:37Z
vrf/VFR40_20_10_Gap,Small,40,20,IG-idle-rcl,789,3192,4.228417151025496,2.242152466367713,run-20260730-205442-7e4b,2026-07-30T20:54:42Z
vrf/VFR40_20_10_Gap,Small,40,20,IG-idle-rcl,2025,3174,4.367443821043707,1.6655989750160154,run-20260730-205446-b913,2026-07-30T20:54:46Z
vrf/VFR40_20_1_Gap,Small,40,20,IG-idle-rcl,42,3333,4.309986309031956,0.21046301864101022,run-20260730-205450-27f7,2026-07-30T20:54:50Z
vrf/VFR40_20_1_Gap,Small,40,20,IG-idle-rcl,123,3338,4.459028578014113,0.3607937462417318,run-20260730-205455-3304,2026-07-30T20:54:55Z
vrf/VFR40_20_1_Gap,Small,40,20,IG-idle-rcl,456,3333,4.050399143015966,0.21046301864101022,run-20260730-205459-4648,2026-07-30T20:54:59Z
vrf/VFR40_20_1_Gap,Small,40,20,IG-idle-rcl,789,3337,4.343034205026925,0.33072760072158747,run-20260730-205503-1e92,2026-07-30T20:55:03Z
vrf/VFR40_20_1_Gap,Small,40,20,IG-idle-rcl,2025,3354,4.154272001935169,0.8418520745640409,run-20260730-205507-9705,2026-07-30T20:55:07Z
vrf/VFR40_20_2_Gap,Small,40,20,IG-idle-rcl,42,3285,4.095816513989121,1.828890266584005,run-20260730-205511-b20c,2026-07-30T20:55:11Z
vrf/VFR40_20_2_Gap,Small,40,20,IG-idle-rcl,123,3289,4.414704942028038,1.9528828270303782,run-20260730-205516-2e4f,2026-07-30T20:55:16Z
vrf/VFR40_20_2_Gap,Small,40,20,IG-idle-rcl,456,3264,3.8644595330115408,1.1779293242405455,run-20260730-205520-355f,2026-07-30T20:55:20Z
vrf/VFR40_20_2_Gap,Small,40,20,IG-idle-rcl,789,3298,4.39259977103211,2.231866088034718,run-20260730-205524-eec3,2026-07-30T20:55:24Z
vrf/VFR40_20_2_Gap,Small,40,20,IG-idle-rcl,2025,3272,4.280098101007752,1.425914445133292,run-20260730-205528-66a8,2026-07-30T20:55:28Z
vrf/VFR40_20_3_Gap,Small,40,20,IG-idle-rcl,42,3282,3.751004899968393,1.5156201670275287,run-20260730-205532-70b7,2026-07-30T20:55:32Z
vrf/VFR40_20_3_Gap,Small,40,20,IG-idle-rcl,123,3283,4.133213564986363,1.546551190844417,run-20260730-205536-2aad,2026-07-30T20:55:36Z
vrf/VFR40_20_3_Gap,Small,40,20,IG-idle-rcl,456,3265,4.295629714033566,0.9897927621404269,run-20260730-205541-f66d,2026-07-30T20:55:41Z
vrf/VFR40_20_3_Gap,Small,40,20,IG-idle-rcl,789,3296,4.024069090024568,1.9486545004639653,run-20260730-205545-622c,2026-07-30T20:55:45Z
vrf/VFR40_20_3_Gap,Small,40,20,IG-idle-rcl,2025,3273,4.283884692937136,1.2372409526755335,run-20260730-205549-021e,2026-07-30T20:55:49Z
vrf/VFR40_20_4_Gap,Small,40,20,IG-idle-rcl,42,3264,4.401818737969734,0.9588617383235385,run-20260730-205553-933d,2026-07-30T20:55:53Z
vrf/VFR40_20_4_Gap,Small,40,20,IG-idle-rcl,123,3256,4.66980492696166,0.7114135477884318,run-20260730-205558-4daf,2026-07-30T20:55:58Z
vrf/VFR40_20_4_Gap,Small,40,20,IG-idle-rcl,456,3277,4.130644003977068,1.3609650479430868,run-20260730-205602-a3ff,2026-07-30T20:56:02Z
vrf/VFR40_20_4_Gap,Small,40,20,IG-idle-rcl,789,3262,4.0814964870223776,0.8969996906897618,run-20260730-205606-1097,2026-07-30T20:56:06Z
vrf/VFR40_20_4_Gap,Small,40,20,IG-idle-rcl,2025,3265,4.4399274460738525,0.9897927621404269,run-20260730-205611-92b6,2026-07-30T20:56:11Z
vrf/VFR40_20_5_Gap,Small,40,20,IG-idle-rcl,42,3104,4.402214874979109,1.6039279869067102,run-20260730-205615-e980,2026-07-30T20:56:15Z
vrf/VFR40_20_5_Gap,Small,40,20,IG-idle-rcl,123,3076,3.91757257306017,0.6873977086743044,run-20260730-205619-e798,2026-07-30T20:56:19Z
vrf/VFR40_20_5_Gap,Small,40,20,IG-idle-rcl,456,3074,4.307659058016725,0.6219312602291326,run-20260730-205623-a6fe,2026-07-30T20:56:23Z
vrf/VFR40_20_5_Gap,Small,40,20,IG-idle-rcl,789,3074,4.408856366993859,0.6219312602291326,run-20260730-205628-8d9c,2026-07-30T20:56:28Z
vrf/VFR40_20_5_Gap,Small,40,20,IG-idle-rcl,2025,3099,4.332002665963955,1.4402618657937807,run-20260730-205632-08b6,2026-07-30T20:56:32Z
vrf/VFR40_20_6_Gap,Small,40,20,IG-idle-rcl,42,3228,4.034638924989849,1.1278195488721805,run-20260730-205636-74db,2026-07-30T20:56:36Z
vrf/VFR40_20_6_Gap,Small,40,20,IG-idle-rcl,123,3232,4.263169902027585,1.2531328320802004,run-20260730-205640-773b,2026-07-30T20:56:40Z
vrf/VFR40_20_6_Gap,Small,40,20,IG-idle-rcl,456,3245,3.7242961670272052,1.6604010025062657,run-20260730-205644-3d16,2026-07-30T20:56:44Z
vrf/VFR40_20_6_Gap,Small,40,20,IG-idle-rcl,789,3221,3.9926095670089126,0.9085213032581454,run-20260730-205648-228e,2026-07-30T20:56:48Z
vrf/VFR40_20_6_Gap,Small,40,20,IG-idle-rcl,2025,3239,4.065401932923123,1.4724310776942355,run-20260730-205652-3b2e,2026-07-30T20:56:52Z
vrf/VFR40_20_7_Gap,Small,40,20,IG-idle-rcl,42,3298,3.719683147035539,1.6646115906288532,run-20260730-205656-317b,2026-07-30T20:56:56Z
vrf/VFR40_20_7_Gap,Small,40,20,IG-idle-rcl,123,3266,3.702334366971627,0.6781750924784217,run-20260730-205700-d268,2026-07-30T20:57:00Z
vrf/VFR40_20_7_Gap,Small,40,20,IG-idle-rcl,456,3278,3.850782830035314,1.0480887792848335,run-20260730-205703-43ea,2026-07-30T20:57:03Z
vrf/VFR40_20_7_Gap,Small,40,20,IG-idle-rcl,789,3282,3.809277600958012,1.1713933415536375,run-20260730-205707-0a0c,2026-07-30T20:57:07Z
vrf/VFR40_20_7_Gap,Small,40,20,IG-idle-rcl,2025,3278,3.849411422968842,1.0480887792848335,run-20260730-205711-b2ae,2026-07-30T20:57:11Z
vrf/VFR40_20_8_Gap,Small,40,20,IG-idle-rcl,42,3316,4.473076076013967,1.5309246785058175,run-20260730-205716-fbcb,2026-07-30T20:57:16Z
vrf/VFR40_20_8_Gap,Small,40,20,IG-idle-rcl,123,3310,4.053034070995636,1.3472137170851195,run-20260730-205720-5cfc,2026-07-30T20:57:20Z
vrf/VFR40_20_8_Gap,Small,40,20,IG-idle-rcl,456,3327,4.2081204110290855,1.8677281077770973,run-20260730-205724-72bd,2026-07-30T20:57:24Z
vrf/VFR40_20_8_Gap,Small,40,20,IG-idle-rcl,789,3299,3.9869628300657496,1.0104102878138395,run-20260730-205728-4add,2026-07-30T20:57:28Z
vrf/VFR40_20_8_Gap,Small,40,20,IG-idle-rcl,2025,3303,4.05824553896673,1.132884262094305,run-20260730-205732-fc15,2026-07-30T20:57:32Z
vrf/VFR40_20_9_Gap,Small,40,20,IG-idle-rcl,42,3370,4.052411198965274,1.0494752623688155,run-20260730-205736-5a39,2026-07-30T20:57:36Z
vrf/VFR40_20_9_Gap,Small,40,20,IG-idle-rcl,123,3367,4.470253912033513,0.95952023988006,run-20260730-205740-b3d9,2026-07-30T20:57:40Z
vrf/VFR40_20_9_Gap,Small,40,20,IG-idle-rcl,456,3378,4.580345259979367,1.2893553223388305,run-20260730-205745-be14,2026-07-30T20:57:45Z
vrf/VFR40_20_9_Gap,Small,40,20,IG-idle-rcl,789,3383,4.341389677952975,1.43928035982009,run-20260730-205749-2363,2026-07-30T20:57:49Z
vrf/VFR40_20_9_Gap,Small,40,20,IG-idle-rcl,2025,3372,4.274952527019195,1.1094452773613193,run-20260730-205754-e100,2026-07-30T20:57:54Z
vrf/VFR40_5_10_Gap,Small,40,5,IG-idle-rcl,42,2348,1.0443893179763108,0.0,run-20260730-205755-e25b,2026-07-30T20:57:55Z
vrf/VFR40_5_10_Gap,Small,40,5,IG-idle-rcl,123,2348,1.0323501910315827,0.0,run-20260730-205756-5b2c,2026-07-30T20:57:56Z
vrf/VFR40_5_10_Gap,Small,40,5,IG-idle-rcl,456,2348,1.0329462341032922,0.0,run-20260730-205757-9323,2026-07-30T20:57:57Z
vrf/VFR40_5_10_Gap,Small,40,5,IG-idle-rcl,789,2348,1.0421130509348586,0.0,run-20260730-205758-9bb2,2026-07-30T20:57:58Z
vrf/VFR40_5_10_Gap,Small,40,5,IG-idle-rcl,2025,2348,0.997038516914472,0.0,run-20260730-205759-7cc8,2026-07-30T20:57:59Z
vrf/VFR40_5_1_Gap,Small,40,5,IG-idle-rcl,42,2396,0.81616935308557,0.0,run-20260730-205800-cef1,2026-07-30T20:58:00Z
vrf/VFR40_5_1_Gap,Small,40,5,IG-idle-rcl,123,2396,0.8016689890064299,0.0,run-20260730-205800-38f8,2026-07-30T20:58:00Z
vrf/VFR40_5_1_Gap,Small,40,5,IG-idle-rcl,456,2396,0.837269147974439,0.0,run-20260730-205801-c7f5,2026-07-30T20:58:01Z
vrf/VFR40_5_1_Gap,Small,40,5,IG-idle-rcl,789,2396,0.8172139539383352,0.0,run-20260730-205802-aca4,2026-07-30T20:58:02Z
vrf/VFR40_5_1_Gap,Small,40,5,IG-idle-rcl,2025,2396,0.8031520829536021,0.0,run-20260730-205803-cc1a,2026-07-30T20:58:03Z
vrf/VFR40_5_2_Gap,Small,40,5,IG-idle-rcl,42,2442,1.0702855029376224,0.0,run-20260730-205804-d4cc,2026-07-30T20:58:04Z
vrf/VFR40_5_2_Gap,Small,40,5,IG-idle-rcl,123,2442,1.0920842851046473,0.0,run-20260730-205805-0f38,2026-07-30T20:58:05Z
vrf/VFR40_5_2_Gap,Small,40,5,IG-idle-rcl,456,2442,1.108102970989421,0.0,run-20260730-205806-5fc6,2026-07-30T20:58:06Z
vrf/VFR40_5_2_Gap,Small,40,5,IG-idle-rcl,789,2442,1.1380393030121922,0.0,run-20260730-205807-82d9,2026-07-30T20:58:07Z
vrf/VFR40_5_2_Gap,Small,40,5,IG-idle-rcl,2025,2442,1.068083869991824,0.0,run-20260730-205808-5ee1,2026-07-30T20:58:08Z
vrf/VFR40_5_3_Gap,Small,40,5,IG-idle-rcl,42,2174,1.060596261988394,0.0,run-20260730-205809-51d0,2026-07-30T20:58:09Z
vrf/VFR40_5_3_Gap,Small,40,5,IG-idle-rcl,123,2174,1.0081143690040335,0.0,run-20260730-205810-0b89,2026-07-30T20:58:10Z
vrf/VFR40_5_3_Gap,Small,40,5,IG-idle-rcl,456,2174,1.052471169969067,0.0,run-20260730-205811-a6d1,2026-07-30T20:58:11Z
vrf/VFR40_5_3_Gap,Small,40,5,IG-idle-rcl,789,2174,1.0488103670068085,0.0,run-20260730-205812-ac30,2026-07-30T20:58:12Z
vrf/VFR40_5_3_Gap,Small,40,5,IG-idle-rcl,2025,2174,1.0729451199295,0.0,run-20260730-205814-300b,2026-07-30T20:58:14Z
vrf/VFR40_5_4_Gap,Small,40,5,IG-idle-rcl,42,2149,1.0478516219882295,0.0,run-20260730-205815-a145,2026-07-30T20:58:15Z
vrf/VFR40_5_4_Gap,Small,40,5,IG-idle-rcl,123,2149,1.031952886027284,0.0,run-20260730-205816-3514,2026-07-30T20:58:16Z
vrf/VFR40_5_4_Gap,Small,40,5,IG-idle-rcl,456,2149,1.0233912009280175,0.0,run-20260730-205817-7057,2026-07-30T20:58:17Z
vrf/VFR40_5_4_Gap,Small,40,5,IG-idle-rcl,789,2149,1.0655563750769943,0.0,run-20260730-205818-6b7e,2026-07-30T20:58:18Z
vrf/VFR40_5_4_Gap,Small,40,5,IG-idle-rcl,2025,2149,1.056593472021632,0.0,run-20260730-205819-e1c5,2026-07-30T20:58:19Z
vrf/VFR40_5_5_Gap,Small,40,5,IG-idle-rcl,42,2251,1.133896104991436,0.1780151312861593,run-20260730-205820-53a8,2026-07-30T20:58:20Z
vrf/VFR40_5_5_Gap,Small,40,5,IG-idle-rcl,123,2251,1.1030421409523115,0.1780151312861593,run-20260730-205821-1f47,2026-07-30T20:58:21Z
vrf/VFR40_5_5_Gap,Small,40,5,IG-idle-rcl,456,2251,1.1074748820392415,0.1780151312861593,run-20260730-205822-5a58,2026-07-30T20:58:22Z
vrf/VFR40_5_5_Gap,Small,40,5,IG-idle-rcl,789,2251,1.1132649179780856,0.1780151312861593,run-20260730-205823-cfd8,2026-07-30T20:58:23Z
vrf/VFR40_5_5_Gap,Small,40,5,IG-idle-rcl,2025,2251,1.1579974710475653,0.1780151312861593,run-20260730-205824-4684,2026-07-30T20:58:24Z
vrf/VFR40_5_6_Gap,Small,40,5,IG-idle-rcl,42,2154,0.9893431980162859,0.0,run-20260730-205825-c01a,2026-07-30T20:58:25Z
vrf/VFR40_5_6_Gap,Small,40,5,IG-idle-rcl,123,2154,0.9695907939458266,0.0,run-20260730-205826-0e02,2026-07-30T20:58:26Z
vrf/VFR40_5_6_Gap,Small,40,5,IG-idle-rcl,456,2154,0.9934607410104945,0.0,run-20260730-205827-7209,2026-07-30T20:58:27Z
vrf/VFR40_5_6_Gap,Small,40,5,IG-idle-rcl,789,2154,0.9477422190830112,0.0,run-20260730-205828-00f9,2026-07-30T20:58:28Z
vrf/VFR40_5_6_Gap,Small,40,5,IG-idle-rcl,2025,2154,0.9768867829116061,0.0,run-20260730-205829-32eb,2026-07-30T20:58:29Z
vrf/VFR40_5_7_Gap,Small,40,5,IG-idle-rcl,42,2211,1.1282595749944448,0.18124150430448574,run-20260730-205830-ae67,2026-07-30T20:58:30Z
vrf/VFR40_5_7_Gap,Small,40,5,IG-idle-rcl,123,2211,1.1426792689599097,0.18124150430448574,run-20260730-205832-a02c,2026-07-30T20:58:32Z
vrf/VFR40_5_7_Gap,Small,40,5,IG-idle-rcl,456,2211,1.090467820991762,0.18124150430448574,run-20260730-205833-9399,2026-07-30T20:58:33Z
vrf/VFR40_5_7_Gap,Small,40,5,IG-idle-rcl,789,2211,1.1498716189526021,0.18124150430448574,run-20260730-205834-a09b,2026-07-30T20:58:34Z
vrf/VFR40_5_7_Gap,Small,40,5,IG-idle-rcl,2025,2211,1.1649435019353405,0.18124150430448574,run-20260730-205835-2d5c,2026-07-30T20:58:35Z
vrf/VFR40_5_8_Gap,Small,40,5,IG-idle-rcl,42,2414,0.8918491170043126,0.0,run-20260730-205836-ea43,2026-07-30T20:58:36Z
vrf/VFR40_5_8_Gap,Small,40,5,IG-idle-rcl,123,2414,0.9279621300520375,0.0,run-20260730-205837-7173,2026-07-30T20:58:37Z
vrf/VFR40_5_8_Gap,Small,40,5,IG-idle-rcl,456,2414,0.9214361269259825,0.0,run-20260730-205838-cefb,2026-07-30T20:58:38Z
vrf/VFR40_5_8_Gap,Small,40,5,IG-idle-rcl,789,2414,0.9228642280213535,0.0,run-20260730-205839-53f2,2026-07-30T20:58:39Z
vrf/VFR40_5_8_Gap,Small,40,5,IG-idle-rcl,2025,2414,0.9095754899317399,0.0,run-20260730-205840-0d02,2026-07-30T20:58:40Z
vrf/VFR40_5_9_Gap,Small,40,5,IG-idle-rcl,42,2305,1.1247619820060208,0.0,run-20260730-205841-4b07,2026-07-30T20:58:41Z
vrf/VFR40_5_9_Gap,Small,40,5,IG-idle-rcl,123,2305,1.1566910779802129,0.0,run-20260730-205842-c00c,2026-07-30T20:58:42Z
vrf/VFR40_5_9_Gap,Small,40,5,IG-idle-rcl,456,2305,1.1780928319785744,0.0,run-20260730-205843-9cc3,2026-07-30T20:58:43Z
vrf/VFR40_5_9_Gap,Small,40,5,IG-idle-rcl,789,2305,1.1279727809596807,0.0,run-20260730-205844-0d83,2026-07-30T20:58:44Z
vrf/VFR40_5_9_Gap,Small,40,5,IG-idle-rcl,2025,2305,1.152487012092024,0.0,run-20260730-205845-ef1e,2026-07-30T20:58:45Z
vrf/VFR50_10_10_Gap,Small,50,10,IG-idle-rcl,42,3095,2.8598386760568246,1.2761780104712042,run-20260730-205848-e2c5,2026-07-30T20:58:48Z
vrf/VFR50_10_10_Gap,Small,50,10,IG-idle-rcl,123,3089,2.750523880007677,1.0798429319371727,run-20260730-205851-5a3b,2026-07-30T20:58:51Z
vrf/VFR50_10_10_Gap,Small,50,10,IG-idle-rcl,456,3091,2.8074230670463294,1.1452879581151831,run-20260730-205854-6e9a,2026-07-30T20:58:54Z
vrf/VFR50_10_10_Gap,Small,50,10,IG-idle-rcl,789,3091,2.819435236044228,1.1452879581151831,run-20260730-205857-23bf,2026-07-30T20:58:57Z
vrf/VFR50_10_10_Gap,Small,50,10,IG-idle-rcl,2025,3091,2.8265539431013167,1.1452879581151831,run-20260730-205859-898b,2026-07-30T20:58:59Z
vrf/VFR50_10_1_Gap,Small,50,10,IG-idle-rcl,42,2940,2.9724132110131904,0.4784688995215311,run-20260730-205902-7d53,2026-07-30T20:59:02Z
vrf/VFR50_10_1_Gap,Small,50,10,IG-idle-rcl,123,2940,3.058050947962329,0.4784688995215311,run-20260730-205905-db09,2026-07-30T20:59:05Z
vrf/VFR50_10_1_Gap,Small,50,10,IG-idle-rcl,456,2948,2.8582190509187058,0.7518796992481203,run-20260730-205908-d7ac,2026-07-30T20:59:08Z
vrf/VFR50_10_1_Gap,Small,50,10,IG-idle-rcl,789,2968,3.037219902034849,1.4354066985645932,run-20260730-205911-3048,2026-07-30T20:59:11Z
vrf/VFR50_10_1_Gap,Small,50,10,IG-idle-rcl,2025,2949,2.7574706630548462,0.7860560492139439,run-20260730-205914-0cdf,2026-07-30T20:59:14Z
vrf/VFR50_10_2_Gap,Small,50,10,IG-idle-rcl,42,3040,2.7634740530047566,0.16474464579901152,run-20260730-205917-0451,2026-07-30T20:59:17Z
vrf/VFR50_10_2_Gap,Small,50,10,IG-idle-rcl,123,3053,2.6635650439420715,0.5930807248764415,run-20260730-205919-fed7,2026-07-30T20:59:19Z
vrf/VFR50_10_2_Gap,Small,50,10,IG-idle-rcl,456,3040,2.7546224689576775,0.16474464579901152,run-20260730-205922-73f2,2026-07-30T20:59:22Z
vrf/VFR50_10_2_Gap,Small,50,10,IG-idle-rcl,789,3044,2.671108831069432,0.29654036243822074,run-20260730-205925-8008,2026-07-30T20:59:25Z
vrf/VFR50_10_2_Gap,Small,50,10,IG-idle-rcl,2025,3040,2.774324906989932,0.16474464579901152,run-20260730-205928-9032,2026-07-30T20:59:28Z
vrf/VFR50_10_3_Gap,Small,50,10,IG-idle-rcl,42,3047,3.17087709705811,0.9274594236502153,run-20260730-205931-7405,2026-07-30T20:59:31Z
vrf/VFR50_10_3_Gap,Small,50,10,IG-idle-rcl,123,3031,3.0426297480007634,0.39748261013580655,run-20260730-205934-f24a,2026-07-30T20:59:34Z
vrf/VFR50_10_3_Gap,Small,50,10,IG-idle-rcl,456,3030,3.180011108983308,0.36435905929115603,run-20260730-205937-cdf4,2026-07-30T20:59:37Z
vrf/VFR50_10_3_Gap,Small,50,10,IG-idle-rcl,789,3031,3.098136413958855,0.39748261013580655,run-20260730-205940-a090,2026-07-30T20:59:40Z
vrf/VFR50_10_3_Gap,Small,50,10,IG-idle-rcl,2025,3039,3.232451826101169,0.6624710168930109,run-20260730-205943-bc86,2026-07-30T20:59:43Z
vrf/VFR50_10_4_Gap,Small,50,10,IG-idle-rcl,42,3042,2.7952173410449177,1.2987012987012987,run-20260730-205946-aeb1,2026-07-30T20:59:46Z
vrf/VFR50_10_4_Gap,Small,50,10,IG-idle-rcl,123,3034,2.71564490289893,1.0323010323010322,run-20260730-205949-fe27,2026-07-30T20:59:49Z
vrf/VFR50_10_4_Gap,Small,50,10,IG-idle-rcl,456,3035,2.774485726025887,1.0656010656010657,run-20260730-205952-9834,2026-07-30T20:59:52Z
vrf/VFR50_10_4_Gap,Small,50,10,IG-idle-rcl,789,3034,2.6255996549734846,1.0323010323010322,run-20260730-205954-e04f,2026-07-30T20:59:54Z
vrf/VFR50_10_4_Gap,Small,50,10,IG-idle-rcl,2025,3034,2.674304249929264,1.0323010323010322,run-20260730-205957-7d2f,2026-07-30T20:59:57Z
vrf/VFR50_10_5_Gap,Small,50,10,IG-idle-rcl,42,3268,2.6518096040235832,0.4920049200492005,run-20260730-210000-b160,2026-07-30T21:00:00Z
vrf/VFR50_10_5_Gap,Small,50,10,IG-idle-rcl,123,3268,2.609846898005344,0.4920049200492005,run-20260730-210002-fd46,2026-07-30T21:00:02Z
vrf/VFR50_10_5_Gap,Small,50,10,IG-idle-rcl,456,3268,2.5808553260285407,0.4920049200492005,run-20260730-210005-f75b,2026-07-30T21:00:05Z
vrf/VFR50_10_5_Gap,Small,50,10,IG-idle-rcl,789,3268,2.7133889290271327,0.4920049200492005,run-20260730-210008-0bb0,2026-07-30T21:00:08Z
vrf/VFR50_10_5_Gap,Small,50,10,IG-idle-rcl,2025,3265,2.5450870669446886,0.3997539975399754,run-20260730-210010-8ec0,2026-07-30T21:00:10Z
vrf/VFR50_10_6_Gap,Small,50,10,IG-idle-rcl,42,3149,2.66550336999353,0.0,run-20260730-210013-a710,2026-07-30T21:00:13Z
vrf/VFR50_10_6_Gap,Small,50,10,IG-idle-rcl,123,3151,2.7220752409193665,0.06351222610352493,run-20260730-210015-caa9,2026-07-30T21:00:15Z
vrf/VFR50_10_6_Gap,Small,50,10,IG-idle-rcl,456,3149,2.5970968729816377,0.0,run-20260730-210018-d70b,2026-07-30T21:00:18Z
vrf/VFR50_10_6_Gap,Small,50,10,IG-idle-rcl,789,3149,2.5552629040321335,0.0,run-20260730-210021-c8a8,2026-07-30T21:00:21Z
vrf/VFR50_10_6_Gap,Small,50,10,IG-idle-rcl,2025,3149,2.5614758919691667,0.0,run-20260730-210023-4425,2026-07-30T21:00:23Z
vrf/VFR50_10_7_Gap,Small,50,10,IG-idle-rcl,42,2885,2.7959571359679103,1.5130190007037299,run-20260730-210026-e452,2026-07-30T21:00:26Z
vrf/VFR50_10_7_Gap,Small,50,10,IG-idle-rcl,123,2866,2.884380054078065,0.844475721323012,run-20260730-210029-dd9b,2026-07-30T21:00:29Z
vrf/VFR50_10_7_Gap,Small,50,10,IG-idle-rcl,456,2889,2.740369092905894,1.6537649542575652,run-20260730-210032-a74d,2026-07-30T21:00:32Z
vrf/VFR50_10_7_Gap,Small,50,10,IG-idle-rcl,789,2885,2.8159049280220643,1.5130190007037299,run-20260730-210034-b7f3,2026-07-30T21:00:34Z
vrf/VFR50_10_7_Gap,Small,50,10,IG-idle-rcl,2025,2885,2.939393788925372,1.5130190007037299,run-20260730-210037-e673,2026-07-30T21:00:37Z
vrf/VFR50_10_8_Gap,Small,50,10,IG-idle-rcl,42,3101,3.0514132590033114,0.9440104166666666,run-20260730-210040-57d2,2026-07-30T21:00:40Z
vrf/VFR50_10_8_Gap,Small,50,10,IG-idle-rcl,123,3108,2.958515307982452,1.171875,run-20260730-210043-6c9e,2026-07-30T21:00:43Z
vrf/VFR50_10_8_Gap,Small,50,10,IG-idle-rcl,456,3105,2.875087141059339,1.07421875,run-20260730-210046-3725,2026-07-30T21:00:46Z
vrf/VFR50_10_8_Gap,Small,50,10,IG-idle-rcl,789,3107,3.010942376917228,1.1393229166666667,run-20260730-210049-e697,2026-07-30T21:00:49Z
vrf/VFR50_10_8_Gap,Small,50,10,IG-idle-rcl,2025,3104,2.8648585400078446,1.0416666666666667,run-20260730-210052-96a6,2026-07-30T21:00:52Z
vrf/VFR50_10_9_Gap,Small,50,10,IG-idle-rcl,42,3022,2.6020411510253325,0.0,run-20260730-210055-b558,2026-07-30T21:00:55Z
vrf/VFR50_10_9_Gap,Small,50,10,IG-idle-rcl,123,3022,2.7464555399492383,0.0,run-20260730-210058-6ea9,2026-07-30T21:00:58Z
vrf/VFR50_10_9_Gap,Small,50,10,IG-idle-rcl,456,3022,2.6836664410075173,0.0,run-20260730-210100-f814,2026-07-30T21:01:00Z
vrf/VFR50_10_9_Gap,Small,50,10,IG-idle-rcl,789,3022,2.7132973889820278,0.0,run-20260730-210103-8eb7,2026-07-30T21:01:03Z
vrf/VFR50_10_9_Gap,Small,50,10,IG-idle-rcl,2025,3022,2.6847080909647048,0.0,run-20260730-210106-82a5,2026-07-30T21:01:06Z
vrf/VFR50_15_10_Gap,Small,50,15,IG-idle-rcl,42,3472,4.304872971959412,2.14769049720506,run-20260730-210110-90df,2026-07-30T21:01:10Z
vrf/VFR50_15_10_Gap,Small,50,15,IG-idle-rcl,123,3453,4.532885253080167,1.588702559576346,run-20260730-210114-401d,2026-07-30T21:01:14Z
vrf/VFR50_15_10_Gap,Small,50,15,IG-idle-rcl,456,3436,4.2552806560415775,1.0885554574874963,run-20260730-210119-9297,2026-07-30T21:01:19Z
vrf/VFR50_15_10_Gap,Small,50,15,IG-idle-rcl,789,3462,4.7285305430414155,1.853486319505737,run-20260730-210123-b79e,2026-07-30T21:01:23Z
vrf/VFR50_15_10_Gap,Small,50,15,IG-idle-rcl,2025,3455,4.248244755086489,1.6475433951162106,run-20260730-210128-c7ba,2026-07-30T21:01:28Z
vrf/VFR50_15_1_Gap,Small,50,15,IG-idle-rcl,42,3367,4.207950312993489,1.5379975874547647,run-20260730-210132-11c9,2026-07-30T21:01:32Z
vrf/VFR50_15_1_Gap,Small,50,15,IG-idle-rcl,123,3358,4.182666240027174,1.2665862484921593,run-20260730-210136-e2fb,2026-07-30T21:01:36Z
vrf/VFR50_15_1_Gap,Small,50,15,IG-idle-rcl,456,3358,4.279069380951114,1.2665862484921593,run-20260730-210140-c899,2026-07-30T21:01:40Z
vrf/VFR50_15_1_Gap,Small,50,15,IG-idle-rcl,789,3376,4.099942806060426,1.8094089264173703,run-20260730-210144-81b0,2026-07-30T21:01:44Z
vrf/VFR50_15_1_Gap,Small,50,15,IG-idle-rcl,2025,3352,4.010301352944225,1.0856453558504222,run-20260730-210148-d7fe,2026-07-30T21:01:48Z
vrf/VFR50_15_2_Gap,Small,50,15,IG-idle-rcl,42,3393,4.387857889989391,1.3743651030773827,run-20260730-210153-4277,2026-07-30T21:01:53Z
vrf/VFR50_15_2_Gap,Small,50,15,IG-idle-rcl,123,3417,4.20383850496728,2.0914251568568867,run-20260730-210157-b5c8,2026-07-30T21:01:57Z
vrf/VFR50_15_2_Gap,Small,50,15,IG-idle-rcl,456,3404,4.079991627018899,1.703017627726322,run-20260730-210201-aec2,2026-07-30T21:02:01Z
vrf/VFR50_15_2_Gap,Small,50,15,IG-idle-rcl,789,3385,4.136752735008486,1.1353450851508813,run-20260730-210205-0c88,2026-07-30T21:02:05Z
vrf/VFR50_15_2_Gap,Small,50,15,IG-idle-rcl,2025,3385,4.118105769040994,1.1353450851508813,run-20260730-210209-dea6,2026-07-30T21:02:09Z
vrf/VFR50_15_3_Gap,Small,50,15,IG-idle-rcl,42,3365,4.091725975973532,1.9388064222962738,run-20260730-210214-8186,2026-07-30T21:02:14Z
vrf/VFR50_15_3_Gap,Small,50,15,IG-idle-rcl,123,3376,3.9849502159049734,2.2720387761284457,run-20260730-210217-8340,2026-07-30T21:02:17Z
vrf/VFR50_15_3_Gap,Small,50,15,IG-idle-rcl,456,3389,4.033697395003401,2.6658588306573767,run-20260730-210222-605e,2026-07-30T21:02:22Z
vrf/VFR50_15_3_Gap,Small,50,15,IG-idle-rcl,789,3363,4.470031955977902,1.8782187215995152,run-20260730-210226-6383,2026-07-30T21:02:26Z
vrf/VFR50_15_3_Gap,Small,50,15,IG-idle-rcl,2025,3380,4.249886450939812,2.393214177521963,run-20260730-210230-3709,2026-07-30T21:02:30Z
vrf/VFR50_15_4_Gap,Small,50,15,IG-idle-rcl,42,3553,4.209759293007664,0.9088327179778471,run-20260730-210234-bca0,2026-07-30T21:02:34Z
vrf/VFR50_15_4_Gap,Small,50,15,IG-idle-rcl,123,3564,4.155340827070177,1.2212439647827322,run-20260730-210239-3b46,2026-07-30T21:02:39Z
vrf/VFR50_15_4_Gap,Small,50,15,IG-idle-rcl,456,3559,4.431020668009296,1.0792388525986936,run-20260730-210243-f4d3,2026-07-30T21:02:43Z
vrf/VFR50_15_4_Gap,Small,50,15,IG-idle-rcl,789,3544,4.175673000980169,0.6532235160465777,run-20260730-210247-ccf8,2026-07-30T21:02:47Z
vrf/VFR50_15_4_Gap,Small,50,15,IG-idle-rcl,2025,3563,4.316774045932107,1.1928429423459244,run-20260730-210252-a65b,2026-07-30T21:02:52Z
vrf/VFR50_15_5_Gap,Small,50,15,IG-idle-rcl,42,3387,3.770153119927272,1.5896820635872826,run-20260730-210255-0a80,2026-07-30T21:02:55Z
vrf/VFR50_15_5_Gap,Small,50,15,IG-idle-rcl,123,3379,4.2329954280285165,1.349730053989202,run-20260730-210300-3336,2026-07-30T21:03:00Z
vrf/VFR50_15_5_Gap,Small,50,15,IG-idle-rcl,456,3379,4.162295871996321,1.349730053989202,run-20260730-210304-912b,2026-07-30T21:03:04Z
vrf/VFR50_15_5_Gap,Small,50,15,IG-idle-rcl,789,3376,4.070201960974373,1.259748050389922,run-20260730-210308-d49c,2026-07-30T21:03:08Z
vrf/VFR50_15_5_Gap,Small,50,15,IG-idle-rcl,2025,3366,4.03791170893237,0.9598080383923215,run-20260730-210312-19c5,2026-07-30T21:03:12Z
vrf/VFR50_15_6_Gap,Small,50,15,IG-idle-rcl,42,3395,4.021806625998579,1.4644351464435146,run-20260730-210316-6036,2026-07-30T21:03:16Z
vrf/VFR50_15_6_Gap,Small,50,15,IG-idle-rcl,123,3418,4.383287256001495,2.1518230723251643,run-20260730-210320-4738,2026-07-30T21:03:20Z
vrf/VFR50_15_6_Gap,Small,50,15,IG-idle-rcl,456,3399,4.283896464970894,1.5839808726838016,run-20260730-210325-8d7a,2026-07-30T21:03:25Z
vrf/VFR50_15_6_Gap,Small,50,15,IG-idle-rcl,789,3393,3.9682640730170533,1.4046622833233713,run-20260730-210328-b5a1,2026-07-30T21:03:28Z
vrf/VFR50_15_6_Gap,Small,50,15,IG-idle-rcl,2025,3403,4.2898006099276245,1.7035265989240884,run-20260730-210333-9d81,2026-07-30T21:03:33Z
vrf/VFR50_15_7_Gap,Small,50,15,IG-idle-rcl,42,3534,3.97507012297865,1.2607449856733524,run-20260730-210337-7b8b,2026-07-30T21:03:37Z
vrf/VFR50_15_7_Gap,Small,50,15,IG-idle-rcl,123,3556,3.957886648015119,1.8911174785100286,run-20260730-210341-eb71,2026-07-30T21:03:41Z
vrf/VFR50_15_7_Gap,Small,50,15,IG-idle-rcl,456,3543,4.1440771269844845,1.518624641833811,run-20260730-210345-984d,2026-07-30T21:03:45Z
vrf/VFR50_15_7_Gap,Small,50,15,IG-idle-rcl,789,3539,4.342250095098279,1.4040114613180517,run-20260730-210349-f303,2026-07-30T21:03:49Z
vrf/VFR50_15_7_Gap,Small,50,15,IG-idle-rcl,2025,3556,4.22764302091673,1.8911174785100286,run-20260730-210353-a4d7,2026-07-30T21:03:53Z
vrf/VFR50_15_8_Gap,Small,50,15,IG-idle-rcl,42,3491,4.176956814015284,1.7784256559766765,run-20260730-210358-b4b5,2026-07-30T21:03:58Z
vrf/VFR50_15_8_Gap,Small,50,15,IG-idle-rcl,123,3477,4.2881261960137635,1.370262390670554,run-20260730-210402-cff1,2026-07-30T21:04:02Z
vrf/VFR50_15_8_Gap,Small,50,15,IG-idle-rcl,456,3481,4.138175113941543,1.4868804664723032,run-20260730-210406-0481,2026-07-30T21:04:06Z
vrf/VFR50_15_8_Gap,Small,50,15,IG-idle-rcl,789,3509,4.694896294968203,2.303206997084548,run-20260730-210411-8c50,2026-07-30T21:04:11Z
vrf/VFR50_15_8_Gap,Small,50,15,IG-idle-rcl,2025,3488,3.9311967919347808,1.6909620991253644,run-20260730-210415-e28e,2026-07-30T21:04:15Z
vrf/VFR50_15_9_Gap,Small,50,15,IG-idle-rcl,42,3231,3.96476530097425,0.8112324492979719,run-20260730-210419-4ce7,2026-07-30T21:04:19Z
vrf/VFR50_15_9_Gap,Small,50,15,IG-idle-rcl,123,3253,3.8664605510421097,1.497659906396256,run-20260730-210423-80cd,2026-07-30T21:04:23Z
vrf/VFR50_15_9_Gap,Small,50,15,IG-idle-rcl,456,3238,4.0481261959066615,1.029641185647426,run-20260730-210427-47aa,2026-07-30T21:04:27Z
vrf/VFR50_15_9_Gap,Small,50,15,IG-idle-rcl,789,3247,4.162331979954615,1.3104524180967239,run-20260730-210431-4f13,2026-07-30T21:04:31Z
vrf/VFR50_15_9_Gap,Small,50,15,IG-idle-rcl,2025,3237,4.4552430980838835,0.9984399375975039,run-20260730-210435-9eea,2026-07-30T21:04:35Z
vrf/VFR50_20_10_Gap,Small,50,20,IG-idle-rcl,42,3826,5.174926560954191,1.5123374900504112,run-20260730-210440-d3de,2026-07-30T21:04:40Z
vrf/VFR50_20_10_Gap,Small,50,20,IG-idle-rcl,123,3815,5.393407771014608,1.2204828867073494,run-20260730-210446-7967,2026-07-30T21:04:46Z
vrf/VFR50_20_10_Gap,Small,50,20,IG-idle-rcl,456,3829,5.52714295394253,1.5919342000530645,run-20260730-210451-5869,2026-07-30T21:04:51Z
vrf/VFR50_20_10_Gap,Small,50,20,IG-idle-rcl,789,3825,4.853458096040413,1.48580525338286,run-20260730-210456-005f,2026-07-30T21:04:56Z
vrf/VFR50_20_10_Gap,Small,50,20,IG-idle-rcl,2025,3816,5.876402855035849,1.2470151233749005,run-20260730-210502-59ea,2026-07-30T21:05:02Z
vrf/VFR50_20_1_Gap,Small,50,20,IG-idle-rcl,42,3757,4.88809348794166,1.7330083942594097,run-20260730-210507-5a25,2026-07-30T21:05:07Z
vrf/VFR50_20_1_Gap,Small,50,20,IG-idle-rcl,123,3764,5.125856574974023,1.9225561873815327,run-20260730-210512-a4ff,2026-07-30T21:05:12Z
vrf/VFR50_20_1_Gap,Small,50,20,IG-idle-rcl,456,3774,5.3828440750949085,2.1933387489845653,run-20260730-210517-a5fa,2026-07-30T21:05:17Z
vrf/VFR50_20_1_Gap,Small,50,20,IG-idle-rcl,789,3789,5.282751958002336,2.5995125913891144,run-20260730-210523-e609,2026-07-30T21:05:23Z
vrf/VFR50_20_1_Gap,Small,50,20,IG-idle-rcl,2025,3749,5.234129627002403,1.5163823449769835,run-20260730-210528-aae1,2026-07-30T21:05:28Z
vrf/VFR50_20_2_Gap,Small,50,20,IG-idle-rcl,42,3768,5.837392905028537,1.3175584834632965,run-20260730-210534-a22b,2026-07-30T21:05:34Z
vrf/VFR50_20_2_Gap,Small,50,20,IG-idle-rcl,123,3762,5.635204288060777,1.156224791610648,run-20260730-210539-6729,2026-07-30T21:05:39Z
vrf/VFR50_20_2_Gap,Small,50,20,IG-idle-rcl,456,3770,5.453389883972704,1.3713363807475127,run-20260730-210545-61b1,2026-07-30T21:05:45Z
vrf/VFR50_20_2_Gap,Small,50,20,IG-idle-rcl,789,3779,5.322027059970424,1.6133369185264856,run-20260730-210550-f865,2026-07-30T21:05:50Z
vrf/VFR50_20_2_Gap,Small,50,20,IG-idle-rcl,2025,3778,5.449172285036184,1.5864479698843774,run-20260730-210556-a77a,2026-07-30T21:05:56Z
vrf/VFR50_20_3_Gap,Small,50,20,IG-idle-rcl,42,3854,5.270354359061457,1.849894291754757,run-20260730-210601-66b9,2026-07-30T21:06:01Z
vrf/VFR50_20_3_Gap,Small,50,20,IG-idle-rcl,123,3828,5.528430623933673,1.1627906976744187,run-20260730-210606-03bf,2026-07-30T21:06:06Z
vrf/VFR50_20_3_Gap,Small,50,20,IG-idle-rcl,456,3821,5.662370331934653,0.9778012684989429,run-20260730-210612-28bc,2026-07-30T21:06:12Z
vrf/VFR50_20_3_Gap,Small,50,20,IG-idle-rcl,789,3843,5.725152169936337,1.5591966173361522,run-20260730-210618-1ac7,2026-07-30T21:06:18Z
vrf/VFR50_20_3_Gap,Small,50,20,IG-idle-rcl,2025,3827,5.523659368976951,1.1363636363636365,run-20260730-210623-f681,2026-07-30T21:06:23Z
vrf/VFR50_20_4_Gap,Small,50,20,IG-idle-rcl,42,3768,5.5485264849849045,1.59072526287409,run-20260730-210629-551a,2026-07-30T21:06:29Z
vrf/VFR50_20_4_Gap,Small,50,20,IG-idle-rcl,123,3764,5.143384227994829,1.4828794823402534,run-20260730-210634-64d4,2026-07-30T21:06:34Z
vrf/VFR50_20_4_Gap,Small,50,20,IG-idle-rcl,456,3766,5.354789406992495,1.5368023726071718,run-20260730-210639-0879,2026-07-30T21:06:39Z
vrf/VFR50_20_4_Gap,Small,50,20,IG-idle-rcl,789,3773,4.84208651992958,1.7255324885413859,run-20260730-210644-2925,2026-07-30T21:06:44Z
vrf/VFR50_20_4_Gap,Small,50,20,IG-idle-rcl,2025,3776,5.111614787019789,1.8064168239417633,run-20260730-210649-69c4,2026-07-30T21:06:49Z
vrf/VFR50_20_5_Gap,Small,50,20,IG-idle-rcl,42,3673,5.358111704001203,1.1288546255506609,run-20260730-210655-3e94,2026-07-30T21:06:55Z
vrf/VFR50_20_5_Gap,Small,50,20,IG-idle-rcl,123,3690,5.2983313431032,1.5969162995594715,run-20260730-210700-76c9,2026-07-30T21:07:00Z
vrf/VFR50_20_5_Gap,Small,50,20,IG-idle-rcl,456,3682,5.662000603042543,1.3766519823788546,run-20260730-210706-bc03,2026-07-30T21:07:06Z
vrf/VFR50_20_5_Gap,Small,50,20,IG-idle-rcl,789,3692,5.6147084209369496,1.6519823788546255,run-20260730-210711-9e04,2026-07-30T21:07:11Z
vrf/VFR50_20_5_Gap,Small,50,20,IG-idle-rcl,2025,3681,5.167117746081203,1.3491189427312775,run-20260730-210716-bdd1,2026-07-30T21:07:16Z
vrf/VFR50_20_6_Gap,Small,50,20,IG-idle-rcl,42,3852,5.349313838989474,1.5019762845849802,run-20260730-210722-21dc,2026-07-30T21:07:22Z
vrf/VFR50_20_6_Gap,Small,50,20,IG-idle-rcl,123,3830,5.552600185037591,0.922266139657444,run-20260730-210727-4cca,2026-07-30T21:07:27Z
vrf/VFR50_20_6_Gap,Small,50,20,IG-idle-rcl,456,3844,5.310079322080128,1.2911725955204216,run-20260730-210733-42d9,2026-07-30T21:07:33Z
vrf/VFR50_20_6_Gap,Small,50,20,IG-idle-rcl,789,3844,5.409556947066449,1.2911725955204216,run-20260730-210738-15fd,2026-07-30T21:07:38Z
vrf/VFR50_20_6_Gap,Small,50,20,IG-idle-rcl,2025,3858,5.935363239026628,1.6600790513833992,run-20260730-210744-dad3,2026-07-30T21:07:44Z
vrf/VFR50_20_7_Gap,Small,50,20,IG-idle-rcl,42,3767,5.424264708999544,1.920995670995671,run-20260730-210749-017f,2026-07-30T21:07:49Z
vrf/VFR50_20_7_Gap,Small,50,20,IG-idle-rcl,123,3773,5.943377187009901,2.0833333333333335,run-20260730-210755-69c6,2026-07-30T21:07:55Z
vrf/VFR50_20_7_Gap,Small,50,20,IG-idle-rcl,456,3765,5.55492092599161,1.8668831168831168,run-20260730-210801-d8cd,2026-07-30T21:08:01Z
vrf/VFR50_20_7_Gap,Small,50,20,IG-idle-rcl,789,3755,5.364735999028198,1.5963203463203464,run-20260730-210806-fd2a,2026-07-30T21:08:06Z
vrf/VFR50_20_7_Gap,Small,50,20,IG-idle-rcl,2025,3768,5.069413995021023,1.948051948051948,run-20260730-210811-0068,2026-07-30T21:08:11Z
vrf/VFR50_20_8_Gap,Small,50,20,IG-idle-rcl,42,3854,5.511713871965185,1.8768173407348665,run-20260730-210817-e709,2026-07-30T21:08:17Z
vrf/VFR50_20_8_Gap,Small,50,20,IG-idle-rcl,123,3843,5.3562751959543675,1.5860428231562251,run-20260730-210822-8dbe,2026-07-30T21:08:22Z
vrf/VFR50_20_8_Gap,Small,50,20,IG-idle-rcl,456,3851,5.3388702139491215,1.7975151995770553,run-20260730-210828-af98,2026-07-30T21:08:28Z
vrf/VFR50_20_8_Gap,Small,50,20,IG-idle-rcl,789,3843,5.406291511026211,1.5860428231562251,run-20260730-210833-a498,2026-07-30T21:08:33Z
vrf/VFR50_20_8_Gap,Small,50,20,IG-idle-rcl,2025,3836,5.420893121976405,1.4010044937879989,run-20260730-210838-429f,2026-07-30T21:08:38Z
vrf/VFR50_20_9_Gap,Small,50,20,IG-idle-rcl,42,3877,5.674726851982996,1.59853249475891,run-20260730-210844-6f00,2026-07-30T21:08:44Z
vrf/VFR50_20_9_Gap,Small,50,20,IG-idle-rcl,123,3876,5.419015507912263,1.5723270440251573,run-20260730-210850-00ae,2026-07-30T21:08:50Z
vrf/VFR50_20_9_Gap,Small,50,20,IG-idle-rcl,456,3894,5.67681249009911,2.0440251572327046,run-20260730-210855-4432,2026-07-30T21:08:55Z
vrf/VFR50_20_9_Gap,Small,50,20,IG-idle-rcl,789,3880,5.424900640966371,1.6771488469601676,run-20260730-210901-f308,2026-07-30T21:09:01Z
vrf/VFR50_20_9_Gap,Small,50,20,IG-idle-rcl,2025,3858,5.440598224056885,1.10062893081761,run-20260730-210906-da71,2026-07-30T21:09:06Z
vrf/VFR50_5_10_Gap,Small,50,5,IG-idle-rcl,42,2834,1.2697121580131352,0.0,run-20260730-210907-f163,2026-07-30T21:09:07Z
vrf/VFR50_5_10_Gap,Small,50,5,IG-idle-rcl,123,2834,1.32140536501538,0.0,run-20260730-210909-dc74,2026-07-30T21:09:09Z
vrf/VFR50_5_10_Gap,Small,50,5,IG-idle-rcl,456,2834,1.2994101860094815,0.0,run-20260730-210910-107b,2026-07-30T21:09:10Z
vrf/VFR50_5_10_Gap,Small,50,5,IG-idle-rcl,789,2834,1.316846583969891,0.0,run-20260730-210911-1353,2026-07-30T21:09:11Z
vrf/VFR50_5_10_Gap,Small,50,5,IG-idle-rcl,2025,2834,1.2867879379773512,0.0,run-20260730-210913-6d43,2026-07-30T21:09:13Z
vrf/VFR50_5_1_Gap,Small,50,5,IG-idle-rcl,42,3055,1.0780921399127692,0.0,run-20260730-210914-2ea9,2026-07-30T21:09:14Z
vrf/VFR50_5_1_Gap,Small,50,5,IG-idle-rcl,123,3055,1.0344268799526617,0.0,run-20260730-210915-95ff,2026-07-30T21:09:15Z
vrf/VFR50_5_1_Gap,Small,50,5,IG-idle-rcl,456,3055,1.0941158529603854,0.0,run-20260730-210916-027b,2026-07-30T21:09:16Z
vrf/VFR50_5_1_Gap,Small,50,5,IG-idle-rcl,789,3055,1.08401644800324,0.0,run-20260730-210917-4998,2026-07-30T21:09:17Z
vrf/VFR50_5_1_Gap,Small,50,5,IG-idle-rcl,2025,3055,1.0430611189221963,0.0,run-20260730-210918-ab8c,2026-07-30T21:09:18Z
vrf/VFR50_5_2_Gap,Small,50,5,IG-idle-rcl,42,2853,1.0233136500464752,0.0,run-20260730-210919-2d69,2026-07-30T21:09:19Z
vrf/VFR50_5_2_Gap,Small,50,5,IG-idle-rcl,123,2853,1.0065611330792308,0.0,run-20260730-210920-796a,2026-07-30T21:09:20Z
vrf/VFR50_5_2_Gap,Small,50,5,IG-idle-rcl,456,2853,1.0015289669390768,0.0,run-20260730-210921-f98b,2026-07-30T21:09:21Z
vrf/VFR50_5_2_Gap,Small,50,5,IG-idle-rcl,789,2853,1.0016678819665685,0.0,run-20260730-210922-c8e2,2026-07-30T21:09:22Z
vrf/VFR50_5_2_Gap,Small,50,5,IG-idle-rcl,2025,2853,1.003173131030053,0.0,run-20260730-210923-7c34,2026-07-30T21:09:23Z
vrf/VFR50_5_3_Gap,Small,50,5,IG-idle-rcl,42,2746,1.1822085339808837,0.0,run-20260730-210924-083a,2026-07-30T21:09:24Z
vrf/VFR50_5_3_Gap,Small,50,5,IG-idle-rcl,123,2746,1.2012332929298282,0.0,run-20260730-210925-5a6e,2026-07-30T21:09:25Z
vrf/VFR50_5_3_Gap,Small,50,5,IG-idle-rcl,456,2746,1.12453157606069,0.0,run-20260730-210926-1504,2026-07-30T21:09:26Z
vrf/VFR50_5_3_Gap,Small,50,5,IG-idle-rcl,789,2746,1.205089588998817,0.0,run-20260730-210928-9b17,2026-07-30T21:09:28Z
vrf/VFR50_5_3_Gap,Small,50,5,IG-idle-rcl,2025,2746,1.1555316779995337,0.0,run-20260730-210929-4010,2026-07-30T21:09:29Z
vrf/VFR50_5_4_Gap,Small,50,5,IG-idle-rcl,42,2836,1.292334923055023,0.0,run-20260730-210930-521f,2026-07-30T21:09:30Z
vrf/VFR50_5_4_Gap,Small,50,5,IG-idle-rcl,123,2836,1.2370338650653139,0.0,run-20260730-210931-0f73,2026-07-30T21:09:31Z
vrf/VFR50_5_4_Gap,Small,50,5,IG-idle-rcl,456,2836,1.3007681120652705,0.0,run-20260730-210933-17fd,2026-07-30T21:09:33Z
vrf/VFR50_5_4_Gap,Small,50,5,IG-idle-rcl,789,2836,1.262362609966658,0.0,run-20260730-210934-1dde,2026-07-30T21:09:34Z
vrf/VFR50_5_4_Gap,Small,50,5,IG-idle-rcl,2025,2836,1.3010365549707785,0.0,run-20260730-210935-328b,2026-07-30T21:09:35Z
vrf/VFR50_5_5_Gap,Small,50,5,IG-idle-rcl,42,2866,1.0961995230754837,0.0,run-20260730-210936-aa66,2026-07-30T21:09:36Z
vrf/VFR50_5_5_Gap,Small,50,5,IG-idle-rcl,123,2866,1.1334279750008136,0.0,run-20260730-210937-4cd9,2026-07-30T21:09:37Z
vrf/VFR50_5_5_Gap,Small,50,5,IG-idle-rcl,456,2866,1.1039146929979324,0.0,run-20260730-210939-e3a6,2026-07-30T21:09:39Z
vrf/VFR50_5_5_Gap,Small,50,5,IG-idle-rcl,789,2866,1.137457462027669,0.0,run-20260730-210940-680f,2026-07-30T21:09:40Z
vrf/VFR50_5_5_Gap,Small,50,5,IG-idle-rcl,2025,2866,1.1069093029946089,0.0,run-20260730-210941-54e1,2026-07-30T21:09:41Z
vrf/VFR50_5_6_Gap,Small,50,5,IG-idle-rcl,42,2841,1.1342494130367413,0.0,run-20260730-210942-f306,2026-07-30T21:09:42Z
vrf/VFR50_5_6_Gap,Small,50,5,IG-idle-rcl,123,2841,1.180869598989375,0.0,run-20260730-210943-22fb,2026-07-30T21:09:43Z
vrf/VFR50_5_6_Gap,Small,50,5,IG-idle-rcl,456,2841,1.153292070957832,0.0,run-20260730-210944-88e9,2026-07-30T21:09:44Z
vrf/VFR50_5_6_Gap,Small,50,5,IG-idle-rcl,789,2841,1.235683541977778,0.0,run-20260730-210946-c4ff,2026-07-30T21:09:46Z
vrf/VFR50_5_6_Gap,Small,50,5,IG-idle-rcl,2025,2841,1.191349612083286,0.0,run-20260730-210947-38d1,2026-07-30T21:09:47Z
vrf/VFR50_5_7_Gap,Small,50,5,IG-idle-rcl,42,2600,1.204243886983022,0.0,run-20260730-210948-95c5,2026-07-30T21:09:48Z
vrf/VFR50_5_7_Gap,Small,50,5,IG-idle-rcl,123,2600,1.2463094199774787,0.0,run-20260730-210949-266e,2026-07-30T21:09:49Z
vrf/VFR50_5_7_Gap,Small,50,5,IG-idle-rcl,456,2600,1.222661925945431,0.0,run-20260730-210950-b327,2026-07-30T21:09:50Z
vrf/VFR50_5_7_Gap,Small,50,5,IG-idle-rcl,789,2600,1.2712524040834978,0.0,run-20260730-210952-d985,2026-07-30T21:09:52Z
vrf/VFR50_5_7_Gap,Small,50,5,IG-idle-rcl,2025,2600,1.2152939330553636,0.0,run-20260730-210953-af45,2026-07-30T21:09:53Z
vrf/VFR50_5_8_Gap,Small,50,5,IG-idle-rcl,42,2684,1.1974223949946463,0.0,run-20260730-210954-14a4,2026-07-30T21:09:54Z
vrf/VFR50_5_8_Gap,Small,50,5,IG-idle-rcl,123,2684,1.1996810209238902,0.0,run-20260730-210955-a0c5,2026-07-30T21:09:55Z
vrf/VFR50_5_8_Gap,Small,50,5,IG-idle-rcl,456,2684,1.2047615699702874,0.0,run-20260730-210957-653c,2026-07-30T21:09:57Z
vrf/VFR50_5_8_Gap,Small,50,5,IG-idle-rcl,789,2684,1.2003504990134388,0.0,run-20260730-210958-66f4,2026-07-30T21:09:58Z
vrf/VFR50_5_8_Gap,Small,50,5,IG-idle-rcl,2025,2684,1.1877240590984002,0.0,run-20260730-210959-8b16,2026-07-30T21:09:59Z
vrf/VFR50_5_9_Gap,Small,50,5,IG-idle-rcl,42,2621,1.4294350859709084,0.0,run-20260730-211000-c504,2026-07-30T21:10:00Z
vrf/VFR50_5_9_Gap,Small,50,5,IG-idle-rcl,123,2621,1.4369754180079326,0.0,run-20260730-211002-29da,2026-07-30T21:10:02Z
vrf/VFR50_5_9_Gap,Small,50,5,IG-idle-rcl,456,2621,1.441921496996656,0.0,run-20260730-211003-7b4f,2026-07-30T21:10:03Z
vrf/VFR50_5_9_Gap,Small,50,5,IG-idle-rcl,789,2621,1.420187462004833,0.0,run-20260730-211005-ca54,2026-07-30T21:10:05Z
vrf/VFR50_5_9_Gap,Small,50,5,IG-idle-rcl,2025,2621,1.419331130106002,0.0,run-20260730-211006-5ac3,2026-07-30T21:10:06Z
vrf/VFR60_10_10_Gap,Small,60,10,IG-idle-rcl,42,3524,3.914989716024138,0.9163802978235968,run-20260730-211010-1956,2026-07-30T21:10:10Z
vrf/VFR60_10_10_Gap,Small,60,10,IG-idle-rcl,123,3524,3.9018586500314996,0.9163802978235968,run-20260730-211014-12fd,2026-07-30T21:10:14Z
vrf/VFR60_10_10_Gap,Small,60,10,IG-idle-rcl,456,3525,3.9622672849800438,0.9450171821305842,run-20260730-211018-eac3,2026-07-30T21:10:18Z
vrf/VFR60_10_10_Gap,Small,60,10,IG-idle-rcl,789,3512,3.899200808024034,0.572737686139748,run-20260730-211022-f11d,2026-07-30T21:10:22Z
vrf/VFR60_10_10_Gap,Small,60,10,IG-idle-rcl,2025,3526,3.8346957890316844,0.9736540664375716,run-20260730-211026-2596,2026-07-30T21:10:26Z
vrf/VFR60_10_1_Gap,Small,60,10,IG-idle-rcl,42,3447,3.725377136026509,0.34934497816593885,run-20260730-211029-87ad,2026-07-30T21:10:29Z
vrf/VFR60_10_1_Gap,Small,60,10,IG-idle-rcl,123,3447,3.728228112915531,0.34934497816593885,run-20260730-211033-cc4d,2026-07-30T21:10:33Z
vrf/VFR60_10_1_Gap,Small,60,10,IG-idle-rcl,456,3457,3.651348678045906,0.6404657933042213,run-20260730-211037-7081,2026-07-30T21:10:37Z
vrf/VFR60_10_1_Gap,Small,60,10,IG-idle-rcl,789,3447,3.738544645952061,0.34934497816593885,run-20260730-211040-37c8,2026-07-30T21:10:40Z
vrf/VFR60_10_1_Gap,Small,60,10,IG-idle-rcl,2025,3454,3.904164826963097,0.5531295487627366,run-20260730-211044-2419,2026-07-30T21:10:44Z
vrf/VFR60_10_2_Gap,Small,60,10,IG-idle-rcl,42,3672,3.5667572140228003,0.46511627906976744,run-20260730-211048-9ac6,2026-07-30T21:10:48Z
vrf/VFR60_10_2_Gap,Small,60,10,IG-idle-rcl,123,3682,3.3677990779979154,0.7387140902872777,run-20260730-211051-a094,2026-07-30T21:10:51Z
vrf/VFR60_10_2_Gap,Small,60,10,IG-idle-rcl,456,3682,3.486808118992485,0.7387140902872777,run-20260730-211055-1262,2026-07-30T21:10:55Z
vrf/VFR60_10_2_Gap,Small,60,10,IG-idle-rcl,789,3668,3.5886021449696273,0.35567715458276333,run-20260730-211058-1015,2026-07-30T21:10:58Z
vrf/VFR60_10_2_Gap,Small,60,10,IG-idle-rcl,2025,3682,3.594421837013215,0.7387140902872777,run-20260730-211102-44a3,2026-07-30T21:11:02Z
vrf/VFR60_10_3_Gap,Small,60,10,IG-idle-rcl,42,3431,3.5491269200574607,0.23371311714869997,run-20260730-211106-ce3c,2026-07-30T21:11:06Z
vrf/VFR60_10_3_Gap,Small,60,10,IG-idle-rcl,123,3431,3.8774548780638725,0.23371311714869997,run-20260730-211109-2427,2026-07-30T21:11:09Z
vrf/VFR60_10_3_Gap,Small,60,10,IG-idle-rcl,456,3431,3.6751995109952986,0.23371311714869997,run-20260730-211113-0522,2026-07-30T21:11:13Z
vrf/VFR60_10_3_Gap,Small,60,10,IG-idle-rcl,789,3431,3.6163622599560767,0.23371311714869997,run-20260730-211117-7daa,2026-07-30T21:11:17Z
vrf/VFR60_10_3_Gap,Small,60,10,IG-idle-rcl,2025,3431,3.669527285033837,0.23371311714869997,run-20260730-211120-d868,2026-07-30T21:11:20Z
vrf/VFR60_10_4_Gap,Small,60,10,IG-idle-rcl,42,3466,3.564181321999058,0.3183791606367583,run-20260730-211124-cd6a,2026-07-30T21:11:24Z
vrf/VFR60_10_4_Gap,Small,60,10,IG-idle-rcl,123,3470,3.718968456960283,0.4341534008683068,run-20260730-211128-093e,2026-07-30T21:11:28Z
vrf/VFR60_10_4_Gap,Small,60,10,IG-idle-rcl,456,3466,3.8599079890409485,0.3183791606367583,run-20260730-211132-8a73,2026-07-30T21:11:32Z
vrf/VFR60_10_4_Gap,Small,60,10,IG-idle-rcl,789,3466,3.646849473938346,0.3183791606367583,run-20260730-211135-5e2b,2026-07-30T21:11:35Z
vrf/VFR60_10_4_Gap,Small,60,10,IG-idle-rcl,2025,3466,3.659815088030882,0.3183791606367583,run-20260730-211139-9807,2026-07-30T21:11:39Z
vrf/VFR60_10_5_Gap,Small,60,10,IG-idle-rcl,42,3540,3.814472566009499,0.9985734664764622,run-20260730-211143-5627,2026-07-30T21:11:43Z
vrf/VFR60_10_5_Gap,Small,60,10,IG-idle-rcl,123,3554,3.6839501389767975,1.398002853067047,run-20260730-211146-efd2,2026-07-30T21:11:46Z
vrf/VFR60_10_5_Gap,Small,60,10,IG-idle-rcl,456,3557,3.788255890016444,1.4835948644793153,run-20260730-211150-f0ff,2026-07-30T21:11:50Z
vrf/VFR60_10_5_Gap,Small,60,10,IG-idle-rcl,789,3554,3.8020270209526643,1.398002853067047,run-20260730-211154-917c,2026-07-30T21:11:54Z
vrf/VFR60_10_5_Gap,Small,60,10,IG-idle-rcl,2025,3543,3.7509247130947188,1.0841654778887304,run-20260730-211158-4340,2026-07-30T21:11:58Z
vrf/VFR60_10_6_Gap,Small,60,10,IG-idle-rcl,42,3616,3.8527296169195324,0.6121313299944352,run-20260730-211202-88b8,2026-07-30T21:12:02Z
vrf/VFR60_10_6_Gap,Small,60,10,IG-idle-rcl,123,3632,3.7252400720026344,1.05731775180857,run-20260730-211205-717c,2026-07-30T21:12:05Z
vrf/VFR60_10_6_Gap,Small,60,10,IG-idle-rcl,456,3628,3.733853598940186,0.9460211463550362,run-20260730-211209-03de,2026-07-30T21:12:09Z
vrf/VFR60_10_6_Gap,Small,60,10,IG-idle-rcl,789,3633,3.7341551979770884,1.0851419031719534,run-20260730-211213-ec91,2026-07-30T21:12:13Z
vrf/VFR60_10_6_Gap,Small,60,10,IG-idle-rcl,2025,3628,3.787838257965632,0.9460211463550362,run-20260730-211216-ae62,2026-07-30T21:12:16Z
vrf/VFR60_10_7_Gap,Small,60,10,IG-idle-rcl,42,3681,3.837685448001139,0.7389162561576355,run-20260730-211220-0b6a,2026-07-30T21:12:20Z
vrf/VFR60_10_7_Gap,Small,60,10,IG-idle-rcl,123,3675,3.708683541044593,0.5747126436781609,run-20260730-211224-fafc,2026-07-30T21:12:24Z
vrf/VFR60_10_7_Gap,Small,60,10,IG-idle-rcl,456,3672,3.602275350014679,0.49261083743842365,run-20260730-211228-b1a8,2026-07-30T21:12:28Z
vrf/VFR60_10_7_Gap,Small,60,10,IG-idle-rcl,789,3680,3.800095659913495,0.7115489874110563,run-20260730-211231-e266,2026-07-30T21:12:31Z
vrf/VFR60_10_7_Gap,Small,60,10,IG-idle-rcl,2025,3682,3.9409246530849487,0.7662835249042146,run-20260730-211235-33dc,2026-07-30T21:12:35Z
vrf/VFR60_10_8_Gap,Small,60,10,IG-idle-rcl,42,3554,2.8873514590086415,0.05630630630630631,run-20260730-211238-c85f,2026-07-30T21:12:38Z
vrf/VFR60_10_8_Gap,Small,60,10,IG-idle-rcl,123,3554,3.0957096070051193,0.05630630630630631,run-20260730-211241-ee73,2026-07-30T21:12:41Z
vrf/VFR60_10_8_Gap,Small,60,10,IG-idle-rcl,456,3564,2.8456872429233044,0.33783783783783783,run-20260730-211244-41c8,2026-07-30T21:12:44Z
vrf/VFR60_10_8_Gap,Small,60,10,IG-idle-rcl,789,3564,2.8913826749194413,0.33783783783783783,run-20260730-211247-ae4e,2026-07-30T21:12:47Z
vrf/VFR60_10_8_Gap,Small,60,10,IG-idle-rcl,2025,3554,2.886816899990663,0.05630630630630631,run-20260730-211250-06d9,2026-07-30T21:12:50Z
vrf/VFR60_10_9_Gap,Small,60,10,IG-idle-rcl,42,3691,3.256123057915829,0.1628222523744912,run-20260730-211253-3aa4,2026-07-30T21:12:53Z
vrf/VFR60_10_9_Gap,Small,60,10,IG-idle-rcl,123,3691,3.203372589079663,0.1628222523744912,run-20260730-211256-7f0d,2026-07-30T21:12:56Z
vrf/VFR60_10_9_Gap,Small,60,10,IG-idle-rcl,456,3691,3.1746633669827133,0.1628222523744912,run-20260730-211300-47f8,2026-07-30T21:13:00Z
vrf/VFR60_10_9_Gap,Small,60,10,IG-idle-rcl,789,3691,3.3636002589482814,0.1628222523744912,run-20260730-211303-7fa8,2026-07-30T21:13:03Z
vrf/VFR60_10_9_Gap,Small,60,10,IG-idle-rcl,2025,3691,3.2300433730706573,0.1628222523744912,run-20260730-211306-6e0d,2026-07-30T21:13:06Z
vrf/VFR60_15_10_Gap,Small,60,15,IG-idle-rcl,42,3937,5.378637771937065,0.8969759097898513,run-20260730-211312-1cb4,2026-07-30T21:13:12Z
vrf/VFR60_15_10_Gap,Small,60,15,IG-idle-rcl,123,3951,5.592278317897581,1.255766273705792,run-20260730-211317-13fe,2026-07-30T21:13:17Z
vrf/VFR60_15_10_Gap,Small,60,15,IG-idle-rcl,456,3944,5.404093545046635,1.0763710917478215,run-20260730-211323-0e16,2026-07-30T21:13:23Z
vrf/VFR60_15_10_Gap,Small,60,15,IG-idle-rcl,789,3933,5.232749023940414,0.7944643772424398,run-20260730-211328-aa70,2026-07-30T21:13:28Z
vrf/VFR60_15_10_Gap,Small,60,15,IG-idle-rcl,2025,3931,5.229232240002602,0.743208610968734,run-20260730-211333-08c8,2026-07-30T21:13:33Z
vrf/VFR60_15_1_Gap,Small,60,15,IG-idle-rcl,42,3980,5.150750228902325,1.015228426395939,run-20260730-211338-f1b6,2026-07-30T21:13:38Z
vrf/VFR60_15_1_Gap,Small,60,15,IG-idle-rcl,123,3997,5.268695922917686,1.4467005076142132,run-20260730-211344-f048,2026-07-30T21:13:44Z
vrf/VFR60_15_1_Gap,Small,60,15,IG-idle-rcl,456,3987,5.348638553987257,1.1928934010152283,run-20260730-211349-aabb,2026-07-30T21:13:49Z
vrf/VFR60_15_1_Gap,Small,60,15,IG-idle-rcl,789,3982,5.201376424054615,1.0659898477157361,run-20260730-211354-bf15,2026-07-30T21:13:54Z
vrf/VFR60_15_1_Gap,Small,60,15,IG-idle-rcl,2025,4003,5.133913629106246,1.598984771573604,run-20260730-211359-f30e,2026-07-30T21:13:59Z
vrf/VFR60_15_2_Gap,Small,60,15,IG-idle-rcl,42,3955,4.964997573988512,1.7232510288065843,run-20260730-211404-c6bf,2026-07-30T21:14:04Z
vrf/VFR60_15_2_Gap,Small,60,15,IG-idle-rcl,123,3947,5.343890418065712,1.5174897119341564,run-20260730-211410-85ff,2026-07-30T21:14:10Z
vrf/VFR60_15_2_Gap,Small,60,15,IG-idle-rcl,456,3949,5.2505149020580575,1.5689300411522633,run-20260730-211415-0e47,2026-07-30T21:14:15Z
vrf/VFR60_15_2_Gap,Small,60,15,IG-idle-rcl,789,3947,5.094542579958215,1.5174897119341564,run-20260730-211420-b85e,2026-07-30T21:14:20Z
vrf/VFR60_15_2_Gap,Small,60,15,IG-idle-rcl,2025,3949,5.620564694982022,1.5689300411522633,run-20260730-211425-05de,2026-07-30T21:14:25Z
vrf/VFR60_15_3_Gap,Small,60,15,IG-idle-rcl,42,3954,5.627762846997939,1.907216494845361,run-20260730-211431-1af8,2026-07-30T21:14:31Z
vrf/VFR60_15_3_Gap,Small,60,15,IG-idle-rcl,123,3935,5.474687334033661,1.4175257731958764,run-20260730-211437-7b8b,2026-07-30T21:14:37Z
vrf/VFR60_15_3_Gap,Small,60,15,IG-idle-rcl,456,3982,5.3945916059892625,2.6288659793814433,run-20260730-211442-5084,2026-07-30T21:14:42Z
vrf/VFR60_15_3_Gap,Small,60,15,IG-idle-rcl,789,3939,5.216744934092276,1.5206185567010309,run-20260730-211447-02df,2026-07-30T21:14:47Z
vrf/VFR60_15_3_Gap,Small,60,15,IG-idle-rcl,2025,3962,5.765800214023329,2.11340206185567,run-20260730-211453-f87e,2026-07-30T21:14:53Z
vrf/VFR60_15_4_Gap,Small,60,15,IG-idle-rcl,42,3760,5.207855322048999,1.1840688912809472,run-20260730-211458-5897,2026-07-30T21:14:58Z
vrf/VFR60_15_4_Gap,Small,60,15,IG-idle-rcl,123,3751,5.098346245009452,0.9418729817007535,run-20260730-211503-0230,2026-07-30T21:15:03Z
vrf/VFR60_15_4_Gap,Small,60,15,IG-idle-rcl,456,3766,4.923184631974436,1.3455328310010763,run-20260730-211508-a258,2026-07-30T21:15:08Z
vrf/VFR60_15_4_Gap,Small,60,15,IG-idle-rcl,789,3754,4.866449827910401,1.022604951560818,run-20260730-211513-ff56,2026-07-30T21:15:13Z
vrf/VFR60_15_4_Gap,Small,60,15,IG-idle-rcl,2025,3729,4.846841940074228,0.34983853606027987,run-20260730-211518-b201,2026-07-30T21:15:18Z
vrf/VFR60_15_5_Gap,Small,60,15,IG-idle-rcl,42,3931,5.413081501959823,1.2883277505797475,run-20260730-211523-51f5,2026-07-30T21:15:23Z
vrf/VFR60_15_5_Gap,Small,60,15,IG-idle-rcl,123,3942,5.224697625963017,1.571759855707292,run-20260730-211529-7391,2026-07-30T21:15:29Z
vrf/VFR60_15_5_Gap,Small,60,15,IG-idle-rcl,456,3931,5.362779974006116,1.2883277505797475,run-20260730-211534-bb21,2026-07-30T21:15:34Z
vrf/VFR60_15_5_Gap,Small,60,15,IG-idle-rcl,789,3931,5.314851725939661,1.2883277505797475,run-20260730-211539-cc95,2026-07-30T21:15:39Z
vrf/VFR60_15_5_Gap,Small,60,15,IG-idle-rcl,2025,3942,5.293704638024792,1.571759855707292,run-20260730-211545-1359,2026-07-30T21:15:45Z
vrf/VFR60_15_6_Gap,Small,60,15,IG-idle-rcl,42,3937,4.672041362035088,1.130233752889802,run-20260730-211549-e46d,2026-07-30T21:15:49Z
vrf/VFR60_15_6_Gap,Small,60,15,IG-idle-rcl,123,3929,4.7408497739816085,0.9247367069098382,run-20260730-211554-bec3,2026-07-30T21:15:54Z
vrf/VFR60_15_6_Gap,Small,60,15,IG-idle-rcl,456,3934,4.542734324000776,1.0531723606473158,run-20260730-211559-4761,2026-07-30T21:15:59Z
vrf/VFR60_15_6_Gap,Small,60,15,IG-idle-rcl,789,3932,5.049720018054359,1.0017980991523248,run-20260730-211604-7087,2026-07-30T21:16:04Z
vrf/VFR60_15_6_Gap,Small,60,15,IG-idle-rcl,2025,3945,5.050738844904117,1.3357307988697662,run-20260730-211609-42bb,2026-07-30T21:16:09Z
vrf/VFR60_15_7_Gap,Small,60,15,IG-idle-rcl,42,3862,5.022771760006435,1.3914413231819376,run-20260730-211614-6e72,2026-07-30T21:16:14Z
vrf/VFR60_15_7_Gap,Small,60,15,IG-idle-rcl,123,3866,4.7825997120235115,1.4964557626673667,run-20260730-211618-832d,2026-07-30T21:16:18Z
vrf/VFR60_15_7_Gap,Small,60,15,IG-idle-rcl,456,3853,5.298034748993814,1.1551588343397217,run-20260730-211624-b050,2026-07-30T21:16:24Z
vrf/VFR60_15_7_Gap,Small,60,15,IG-idle-rcl,789,3868,4.716774762026034,1.5489629824100815,run-20260730-211628-4b28,2026-07-30T21:16:28Z
vrf/VFR60_15_7_Gap,Small,60,15,IG-idle-rcl,2025,3860,5.105412079021335,1.3389341034392228,run-20260730-211634-48ba,2026-07-30T21:16:34Z
vrf/VFR60_15_8_Gap,Small,60,15,IG-idle-rcl,42,3836,5.826226572971791,2.32061883168845,run-20260730-211639-a060,2026-07-30T21:16:39Z
vrf/VFR60_15_8_Gap,Small,60,15,IG-idle-rcl,123,3798,5.294996762997471,1.3070152040544145,run-20260730-211645-a753,2026-07-30T21:16:45Z
vrf/VFR60_15_8_Gap,Small,60,15,IG-idle-rcl,456,3828,5.259746941039339,2.107228594291811,run-20260730-211650-6697,2026-07-30T21:16:50Z
vrf/VFR60_15_8_Gap,Small,60,15,IG-idle-rcl,789,3811,5.372407804010436,1.653774339823953,run-20260730-211655-ddc0,2026-07-30T21:16:55Z
vrf/VFR60_15_8_Gap,Small,60,15,IG-idle-rcl,2025,3825,5.774800261016935,2.0272072552680713,run-20260730-211701-f79e,2026-07-30T21:17:01Z
vrf/VFR60_15_9_Gap,Small,60,15,IG-idle-rcl,42,3849,5.035828181076795,1.2894736842105263,run-20260730-211706-7ce1,2026-07-30T21:17:06Z
vrf/VFR60_15_9_Gap,Small,60,15,IG-idle-rcl,123,3821,5.355280602932908,0.5526315789473685,run-20260730-211711-60b2,2026-07-30T21:17:11Z
vrf/VFR60_15_9_Gap,Small,60,15,IG-idle-rcl,456,3851,5.315177314099856,1.3421052631578947,run-20260730-211717-a12f,2026-07-30T21:17:17Z
vrf/VFR60_15_9_Gap,Small,60,15,IG-idle-rcl,789,3847,5.626895276014693,1.236842105263158,run-20260730-211722-4086,2026-07-30T21:17:22Z
vrf/VFR60_15_9_Gap,Small,60,15,IG-idle-rcl,2025,3832,5.143269455991685,0.8421052631578947,run-20260730-211728-aefd,2026-07-30T21:17:28Z
vrf/VFR60_20_10_Gap,Small,60,20,IG-idle-rcl,42,4284,6.566475027939305,1.951451689671585,run-20260730-211734-f5d6,2026-07-30T21:17:34Z
vrf/VFR60_20_10_Gap,Small,60,20,IG-idle-rcl,123,4305,7.170718229026534,2.4512137077582103,run-20260730-211741-4c3d,2026-07-30T21:17:41Z
vrf/VFR60_20_10_Gap,Small,60,20,IG-idle-rcl,456,4300,6.903987620025873,2.3322227510709186,run-20260730-211748-0061,2026-07-30T21:17:48Z
vrf/VFR60_20_10_Gap,Small,60,20,IG-idle-rcl,789,4308,6.912624410935678,2.5226082817705855,run-20260730-211755-2087,2026-07-30T21:17:55Z
vrf/VFR60_20_10_Gap,Small,60,20,IG-idle-rcl,2025,4292,6.571174857090227,2.1418372203712517,run-20260730-211802-f483,2026-07-30T21:18:02Z
vrf/VFR60_20_1_Gap,Small,60,20,IG-idle-rcl,42,4237,6.1016364600509405,1.7775642565457603,run-20260730-211808-26d9,2026-07-30T21:18:08Z
vrf/VFR60_20_1_Gap,Small,60,20,IG-idle-rcl,123,4237,6.987119690980762,1.7775642565457603,run-20260730-211815-4a79,2026-07-30T21:18:15Z
vrf/VFR60_20_1_Gap,Small,60,20,IG-idle-rcl,456,4238,6.534070802037604,1.80158539514773,run-20260730-211821-3023,2026-07-30T21:18:21Z
vrf/VFR60_20_1_Gap,Small,60,20,IG-idle-rcl,789,4230,6.348673884989694,1.609416286331972,run-20260730-211828-e588,2026-07-30T21:18:28Z
vrf/VFR60_20_1_Gap,Small,60,20,IG-idle-rcl,2025,4264,6.640925341984257,2.426134998798943,run-20260730-211834-4c53,2026-07-30T21:18:34Z
vrf/VFR60_20_2_Gap,Small,60,20,IG-idle-rcl,42,4343,7.906605424941517,1.2354312354312353,run-20260730-211842-65fc,2026-07-30T21:18:42Z
vrf/VFR60_20_2_Gap,Small,60,20,IG-idle-rcl,123,4372,6.875669264001772,1.9114219114219113,run-20260730-211849-d35f,2026-07-30T21:18:49Z
vrf/VFR60_20_2_Gap,Small,60,20,IG-idle-rcl,456,4341,7.102526301052421,1.1888111888111887,run-20260730-211856-2afc,2026-07-30T21:18:56Z
vrf/VFR60_20_2_Gap,Small,60,20,IG-idle-rcl,789,4344,6.8608935120282695,1.2587412587412588,run-20260730-211903-f17d,2026-07-30T21:19:03Z
vrf/VFR60_20_2_Gap,Small,60,20,IG-idle-rcl,2025,4364,6.961918854969554,1.724941724941725,run-20260730-211910-806f,2026-07-30T21:19:10Z
vrf/VFR60_20_3_Gap,Small,60,20,IG-idle-rcl,42,4438,6.850102231954224,1.6723940435280642,run-20260730-211917-792f,2026-07-30T21:19:17Z
vrf/VFR60_20_3_Gap,Small,60,20,IG-idle-rcl,123,4427,7.412282802979462,1.420389461626575,run-20260730-211924-a8a0,2026-07-30T21:19:24Z
vrf/VFR60_20_3_Gap,Small,60,20,IG-idle-rcl,456,4432,7.480980361928232,1.5349369988545247,run-20260730-211932-d30b,2026-07-30T21:19:32Z
vrf/VFR60_20_3_Gap,Small,60,20,IG-idle-rcl,789,4403,6.8469608230516315,0.870561282932417,run-20260730-211939-3cfc,2026-07-30T21:19:39Z
vrf/VFR60_20_3_Gap,Small,60,20,IG-idle-rcl,2025,4418,7.023399941041134,1.2142038946162657,run-20260730-211946-d19f,2026-07-30T21:19:46Z
vrf/VFR60_20_4_Gap,Small,60,20,IG-idle-rcl,42,4251,7.004707047948614,1.3832578106367757,run-20260730-211953-4501,2026-07-30T21:19:53Z
vrf/VFR60_20_4_Gap,Small,60,20,IG-idle-rcl,123,4280,6.057393252965994,2.0748867159551634,run-20260730-211959-8e69,2026-07-30T21:19:59Z
vrf/VFR60_20_4_Gap,Small,60,20,IG-idle-rcl,456,4232,6.391391269047745,0.9301216312902456,run-20260730-212005-b379,2026-07-30T21:20:05Z
vrf/VFR60_20_4_Gap,Small,60,20,IG-idle-rcl,789,4251,6.5662421740125865,1.3832578106367757,run-20260730-212012-4e05,2026-07-30T21:20:12Z
vrf/VFR60_20_4_Gap,Small,60,20,IG-idle-rcl,2025,4242,7.161977816955186,1.1686143572621035,run-20260730-212019-7a75,2026-07-30T21:20:19Z
vrf/VFR60_20_5_Gap,Small,60,20,IG-idle-rcl,42,4244,6.464169051032513,1.1439466158245948,run-20260730-212025-f440,2026-07-30T21:20:25Z
vrf/VFR60_20_5_Gap,Small,60,20,IG-idle-rcl,123,4232,6.445346264052205,0.8579599618684461,run-20260730-212032-fb69,2026-07-30T21:20:32Z
vrf/VFR60_20_5_Gap,Small,60,20,IG-idle-rcl,456,4241,6.849302181042731,1.0724499523355577,run-20260730-212039-cba9,2026-07-30T21:20:39Z
vrf/VFR60_20_5_Gap,Small,60,20,IG-idle-rcl,789,4265,6.930681512923911,1.644423260247855,run-20260730-212046-fc7d,2026-07-30T21:20:46Z
vrf/VFR60_20_5_Gap,Small,60,20,IG-idle-rcl,2025,4249,6.47518436703831,1.263107721639657,run-20260730-212052-7f9e,2026-07-30T21:20:52Z
vrf/VFR60_20_6_Gap,Small,60,20,IG-idle-rcl,42,4282,6.474961356958374,1.9038553069966682,run-20260730-212058-81cb,2026-07-30T21:20:58Z
vrf/VFR60_20_6_Gap,Small,60,20,IG-idle-rcl,123,4255,6.219049082021229,1.2613041408852927,run-20260730-212105-af0c,2026-07-30T21:21:05Z
vrf/VFR60_20_6_Gap,Small,60,20,IG-idle-rcl,456,4274,6.215396802057512,1.7134697762970015,run-20260730-212111-d365,2026-07-30T21:21:11Z
vrf/VFR60_20_6_Gap,Small,60,20,IG-idle-rcl,789,4277,6.673884693998843,1.7848643503093764,run-20260730-212118-4b07,2026-07-30T21:21:18Z
vrf/VFR60_20_6_Gap,Small,60,20,IG-idle-rcl,2025,4257,6.570754052954726,1.3089005235602094,run-20260730-212124-35b5,2026-07-30T21:21:24Z
vrf/VFR60_20_7_Gap,Small,60,20,IG-idle-rcl,42,4348,6.7349312549922615,1.9939010086793338,run-20260730-212131-3467,2026-07-30T21:21:31Z
vrf/VFR60_20_7_Gap,Small,60,20,IG-idle-rcl,123,4338,7.058977229055017,1.7593244194229416,run-20260730-212138-04cc,2026-07-30T21:21:38Z
vrf/VFR60_20_7_Gap,Small,60,20,IG-idle-rcl,456,4325,6.403855454991572,1.4543748533896317,run-20260730-212144-3e0e,2026-07-30T21:21:44Z
vrf/VFR60_20_7_Gap,Small,60,20,IG-idle-rcl,789,4348,6.617203973000869,1.9939010086793338,run-20260730-212151-f915,2026-07-30T21:21:51Z
vrf/VFR60_20_7_Gap,Small,60,20,IG-idle-rcl,2025,4337,6.991171204019338,1.7358667604973024,run-20260730-212158-0b4f,2026-07-30T21:21:58Z
vrf/VFR60_20_8_Gap,Small,60,20,IG-idle-rcl,42,4272,6.385785848950036,2.200956937799043,run-20260730-212204-0932,2026-07-30T21:22:04Z
vrf/VFR60_20_8_Gap,Small,60,20,IG-idle-rcl,123,4249,6.872296642046422,1.6507177033492824,run-20260730-212211-efd2,2026-07-30T21:22:11Z
vrf/VFR60_20_8_Gap,Small,60,20,IG-idle-rcl,456,4269,6.6340571999317035,2.1291866028708135,run-20260730-212218-b062,2026-07-30T21:22:18Z
vrf/VFR60_20_8_Gap,Small,60,20,IG-idle-rcl,789,4235,6.71210806700401,1.3157894736842106,run-20260730-212225-bc0d,2026-07-30T21:22:25Z
vrf/VFR60_20_8_Gap,Small,60,20,IG-idle-rcl,2025,4259,6.241145096020773,1.8899521531100478,run-20260730-212231-aba3,2026-07-30T21:22:31Z
vrf/VFR60_20_9_Gap,Small,60,20,IG-idle-rcl,42,4285,6.66991274501197,1.5162283819000237,run-20260730-212238-9849,2026-07-30T21:22:38Z
vrf/VFR60_20_9_Gap,Small,60,20,IG-idle-rcl,123,4287,6.539012581924908,1.5636105188343994,run-20260730-212244-22c4,2026-07-30T21:22:44Z
vrf/VFR60_20_9_Gap,Small,60,20,IG-idle-rcl,456,4283,6.836838010000065,1.4688462449656479,run-20260730-212251-b885,2026-07-30T21:22:51Z
vrf/VFR60_20_9_Gap,Small,60,20,IG-idle-rcl,789,4293,6.72000937408302,1.7057569296375266,run-20260730-212258-715b,2026-07-30T21:22:58Z
vrf/VFR60_20_9_Gap,Small,60,20,IG-idle-rcl,2025,4281,6.584803565987386,1.4214641080312722,run-20260730-212304-b4bf,2026-07-30T21:23:04Z
vrf/VFR60_5_10_Gap,Small,60,5,IG-idle-rcl,42,3663,1.1286731020081788,0.0,run-20260730-212305-3fd4,2026-07-30T21:23:05Z
vrf/VFR60_5_10_Gap,Small,60,5,IG-idle-rcl,123,3663,1.100375581998378,0.0,run-20260730-212306-6bfb,2026-07-30T21:23:06Z
vrf/VFR60_5_10_Gap,Small,60,5,IG-idle-rcl,456,3663,1.0809395079268143,0.0,run-20260730-212308-dca7,2026-07-30T21:23:08Z
vrf/VFR60_5_10_Gap,Small,60,5,IG-idle-rcl,789,3663,1.0998030679766089,0.0,run-20260730-212309-998f,2026-07-30T21:23:09Z
vrf/VFR60_5_10_Gap,Small,60,5,IG-idle-rcl,2025,3663,1.0980502410093322,0.0,run-20260730-212310-c4b1,2026-07-30T21:23:10Z
vrf/VFR60_5_1_Gap,Small,60,5,IG-idle-rcl,42,3350,1.4970844209892675,0.0,run-20260730-212311-2323,2026-07-30T21:23:11Z
vrf/VFR60_5_1_Gap,Small,60,5,IG-idle-rcl,123,3350,1.4925071760080755,0.0,run-20260730-212313-2386,2026-07-30T21:23:13Z
vrf/VFR60_5_1_Gap,Small,60,5,IG-idle-rcl,456,3350,1.548276689951308,0.0,run-20260730-212314-e9e0,2026-07-30T21:23:14Z
vrf/VFR60_5_1_Gap,Small,60,5,IG-idle-rcl,789,3350,1.4940403599757701,0.0,run-20260730-212316-06c4,2026-07-30T21:23:16Z
vrf/VFR60_5_1_Gap,Small,60,5,IG-idle-rcl,2025,3350,1.5089155590394512,0.0,run-20260730-212317-f698,2026-07-30T21:23:17Z
vrf/VFR60_5_2_Gap,Small,60,5,IG-idle-rcl,42,3054,1.4995330929523334,0.0,run-20260730-212319-abb9,2026-07-30T21:23:19Z
vrf/VFR60_5_2_Gap,Small,60,5,IG-idle-rcl,123,3054,1.5003237740602344,0.0,run-20260730-212320-07f5,2026-07-30T21:23:20Z
vrf/VFR60_5_2_Gap,Small,60,5,IG-idle-rcl,456,3054,1.4789606539998204,0.0,run-20260730-212322-8e47,2026-07-30T21:23:22Z
vrf/VFR60_5_2_Gap,Small,60,5,IG-idle-rcl,789,3054,1.4852394979679957,0.0,run-20260730-212323-af40,2026-07-30T21:23:23Z
vrf/VFR60_5_2_Gap,Small,60,5,IG-idle-rcl,2025,3054,1.4517908749403432,0.0,run-20260730-212325-b4e9,2026-07-30T21:23:25Z
vrf/VFR60_5_3_Gap,Small,60,5,IG-idle-rcl,42,3214,1.6470279779750854,0.0,run-20260730-212326-0819,2026-07-30T21:23:26Z
vrf/VFR60_5_3_Gap,Small,60,5,IG-idle-rcl,123,3214,1.6417522931005806,0.0,run-20260730-212328-2782,2026-07-30T21:23:28Z
vrf/VFR60_5_3_Gap,Small,60,5,IG-idle-rcl,456,3214,1.7172632670262828,0.0,run-20260730-212330-33c0,2026-07-30T21:23:30Z
vrf/VFR60_5_3_Gap,Small,60,5,IG-idle-rcl,789,3214,1.684538150089793,0.0,run-20260730-212331-baf5,2026-07-30T21:23:31Z
vrf/VFR60_5_3_Gap,Small,60,5,IG-idle-rcl,2025,3214,1.6982263280078769,0.0,run-20260730-212333-274f,2026-07-30T21:23:33Z
vrf/VFR60_5_4_Gap,Small,60,5,IG-idle-rcl,42,3266,1.6693939240649343,0.0,run-20260730-212335-9a32,2026-07-30T21:23:35Z
vrf/VFR60_5_4_Gap,Small,60,5,IG-idle-rcl,123,3266,1.664249859051779,0.0,run-20260730-212336-aeb5,2026-07-30T21:23:36Z
vrf/VFR60_5_4_Gap,Small,60,5,IG-idle-rcl,456,3266,1.7221909059444442,0.0,run-20260730-212338-04b8,2026-07-30T21:23:38Z
vrf/VFR60_5_4_Gap,Small,60,5,IG-idle-rcl,789,3266,1.695189080084674,0.0,run-20260730-212340-3c28,2026-07-30T21:23:40Z
vrf/VFR60_5_4_Gap,Small,60,5,IG-idle-rcl,2025,3266,1.6945140439784154,0.0,run-20260730-212342-3e2a,2026-07-30T21:23:42Z
vrf/VFR60_5_5_Gap,Small,60,5,IG-idle-rcl,42,3197,1.6623933659866452,0.0,run-20260730-212343-994b,2026-07-30T21:23:43Z
vrf/VFR60_5_5_Gap,Small,60,5,IG-idle-rcl,123,3197,1.6287479450693354,0.0,run-20260730-212345-b9af,2026-07-30T21:23:45Z
vrf/VFR60_5_5_Gap,Small,60,5,IG-idle-rcl,456,3197,1.6646585820708424,0.0,run-20260730-212347-5c55,2026-07-30T21:23:47Z
vrf/VFR60_5_5_Gap,Small,60,5,IG-idle-rcl,789,3197,1.6568063809536397,0.0,run-20260730-212348-b593,2026-07-30T21:23:48Z
vrf/VFR60_5_5_Gap,Small,60,5,IG-idle-rcl,2025,3197,1.6583149889484048,0.0,run-20260730-212350-82e2,2026-07-30T21:23:50Z
vrf/VFR60_5_6_Gap,Small,60,5,IG-idle-rcl,42,3107,1.6665517300134525,0.0,run-20260730-212351-7f53,2026-07-30T21:23:51Z
vrf/VFR60_5_6_Gap,Small,60,5,IG-idle-rcl,123,3107,1.6392648649634793,0.0,run-20260730-212353-ac06,2026-07-30T21:23:53Z
vrf/VFR60_5_6_Gap,Small,60,5,IG-idle-rcl,456,3107,1.7380700759822503,0.0,run-20260730-212355-853b,2026-07-30T21:23:55Z
vrf/VFR60_5_6_Gap,Small,60,5,IG-idle-rcl,789,3107,1.6924188289558515,0.0,run-20260730-212357-43cb,2026-07-30T21:23:57Z
vrf/VFR60_5_6_Gap,Small,60,5,IG-idle-rcl,2025,3107,1.7443549280287698,0.0,run-20260730-212358-48c2,2026-07-30T21:23:58Z
vrf/VFR60_5_7_Gap,Small,60,5,IG-idle-rcl,42,3315,1.5215413270052522,0.0,run-20260730-212400-9235,2026-07-30T21:24:00Z
vrf/VFR60_5_7_Gap,Small,60,5,IG-idle-rcl,123,3315,1.51024644006975,0.0,run-20260730-212401-de28,2026-07-30T21:24:01Z
vrf/VFR60_5_7_Gap,Small,60,5,IG-idle-rcl,456,3315,1.5461267239879817,0.0,run-20260730-212403-1655,2026-07-30T21:24:03Z
vrf/VFR60_5_7_Gap,Small,60,5,IG-idle-rcl,789,3315,1.548454997013323,0.0,run-20260730-212404-3ea6,2026-07-30T21:24:04Z
vrf/VFR60_5_7_Gap,Small,60,5,IG-idle-rcl,2025,3315,1.5750553209800273,0.0,run-20260730-212406-cdbd,2026-07-30T21:24:06Z
vrf/VFR60_5_8_Gap,Small,60,5,IG-idle-rcl,42,3438,1.7687616118928418,0.0,run-20260730-212408-5852,2026-07-30T21:24:08Z
vrf/VFR60_5_8_Gap,Small,60,5,IG-idle-rcl,123,3438,1.7069159270031378,0.0,run-20260730-212410-1555,2026-07-30T21:24:10Z
vrf/VFR60_5_8_Gap,Small,60,5,IG-idle-rcl,456,3438,1.6788391090231016,0.0,run-20260730-212411-5431,2026-07-30T21:24:11Z
vrf/VFR60_5_8_Gap,Small,60,5,IG-idle-rcl,789,3438,1.6936693451134488,0.0,run-20260730-212413-4be8,2026-07-30T21:24:13Z
vrf/VFR60_5_8_Gap,Small,60,5,IG-idle-rcl,2025,3438,1.681895143003203,0.0,run-20260730-212415-9b38,2026-07-30T21:24:15Z
vrf/VFR60_5_9_Gap,Small,60,5,IG-idle-rcl,42,3121,1.6652800700394437,0.0,run-20260730-212416-28ca,2026-07-30T21:24:16Z
vrf/VFR60_5_9_Gap,Small,60,5,IG-idle-rcl,123,3121,1.7035280070267618,0.0,run-20260730-212418-d879,2026-07-30T21:24:18Z
vrf/VFR60_5_9_Gap,Small,60,5,IG-idle-rcl,456,3121,1.6935902369441465,0.0,run-20260730-212420-c847,2026-07-30T21:24:20Z
vrf/VFR60_5_9_Gap,Small,60,5,IG-idle-rcl,789,3121,1.637745801010169,0.0,run-20260730-212421-d4d6,2026-07-30T21:24:21Z
vrf/VFR60_5_9_Gap,Small,60,5,IG-idle-rcl,2025,3121,1.6581526879454032,0.0,run-20260730-212423-e4b0,2026-07-30T21:24:23Z
