instance_id,instance_set,n,m,algorithm,seed,makespan,runtime_s,rpd,manifest_id,timestamp
taillard/tai100_10_0,,100,10,IG,42,5771,6.5577124550472945,0.01733102253032929,run-20260801-151220-a88d,2026-08-01T15:12:20Z
taillard/tai100_10_0,,100,10,IG,123,5770,6.515703024808317,0.0,run-20260801-151226-9a1c,2026-08-01T15:12:26Z
taillard/tai100_10_0,,100,10,IG,456,5778,6.520319034811109,0.1386481802426343,run-20260801-151233-2ef5,2026-08-01T15:12:33Z
taillard/tai100_10_0,,100,10,IG,789,5785,6.42149778502062,0.25996533795493937,run-20260801-151239-410d,2026-08-01T15:12:39Z
taillard/tai100_10_0,,100,10,IG,2025,5773,6.664156425977126,0.05199306759098787,run-20260801-151246-de6a,2026-08-01T15:12:46Z
taillard/tai100_10_1,,100,10,IG,42,5362,6.899764022091404,0.24303608151056272,run-20260801-151253-b462,2026-08-01T15:12:53Z
taillard/tai100_10_1,,100,10,IG,123,5362,6.669981653802097,0.24303608151056272,run-20260801-151259-641c,2026-08-01T15:12:59Z
taillard/tai100_10_1,,100,10,IG,456,5362,6.769797913962975,0.24303608151056272,run-20260801-151306-a075,2026-08-01T15:13:06Z
taillard/tai100_10_1,,100,10,IG,789,5362,6.7160916100256145,0.24303608151056272,run-20260801-151313-9b84,2026-08-01T15:13:13Z
taillard/tai100_10_1,,100,10,IG,2025,5352,6.864967180881649,0.056085249579360626,run-20260801-151320-c8d6,2026-08-01T15:13:20Z
taillard/tai100_10_2,,100,10,IG,42,5691,5.813865636009723,0.2466091245376079,run-20260801-151325-d7c6,2026-08-01T15:13:25Z
taillard/tai100_10_2,,100,10,IG,123,5679,5.935945315985009,0.035229874933943986,run-20260801-151331-653b,2026-08-01T15:13:31Z
taillard/tai100_10_2,,100,10,IG,456,5679,5.865093588130549,0.035229874933943986,run-20260801-151337-bd81,2026-08-01T15:13:37Z
taillard/tai100_10_2,,100,10,IG,789,5679,5.8889392339624465,0.035229874933943986,run-20260801-151343-ef1f,2026-08-01T15:13:43Z
taillard/tai100_10_2,,100,10,IG,2025,5691,5.793945984914899,0.2466091245376079,run-20260801-151349-5e15,2026-08-01T15:13:49Z
taillard/tai100_10_3,,100,10,IG,42,5826,7.1229547809343785,0.6043861163874978,run-20260801-151356-587d,2026-08-01T15:13:56Z
taillard/tai100_10_3,,100,10,IG,123,5826,7.023335094098002,0.6043861163874978,run-20260801-151403-3bab,2026-08-01T15:14:03Z
taillard/tai100_10_3,,100,10,IG,456,5807,7.184450451983139,0.27629079606285617,run-20260801-151410-30db,2026-08-01T15:14:10Z
taillard/tai100_10_3,,100,10,IG,789,5826,6.999055854044855,0.6043861163874978,run-20260801-151417-48db,2026-08-01T15:14:17Z
taillard/tai100_10_3,,100,10,IG,2025,5826,7.187609169865027,0.6043861163874978,run-20260801-151424-aa40,2026-08-01T15:14:24Z
taillard/tai100_10_4,,100,10,IG,42,5510,7.004545509116724,0.7681053401609363,run-20260801-151431-c21b,2026-08-01T15:14:31Z
taillard/tai100_10_4,,100,10,IG,123,5480,6.982757252873853,0.2194586686174104,run-20260801-151438-3d84,2026-08-01T15:14:38Z
taillard/tai100_10_4,,100,10,IG,456,5469,6.798630153993145,0.018288222384784197,run-20260801-151445-75af,2026-08-01T15:14:45Z
taillard/tai100_10_4,,100,10,IG,789,5505,6.763789025135338,0.6766642282370153,run-20260801-151452-b6f8,2026-08-01T15:14:52Z
taillard/tai100_10_4,,100,10,IG,2025,5498,6.85884661693126,0.548646671543526,run-20260801-151459-ceb8,2026-08-01T15:14:59Z
taillard/tai100_10_5,,100,10,IG,42,5308,6.4256211288739,0.09428625306430323,run-20260801-151505-8cb1,2026-08-01T15:15:05Z
taillard/tai100_10_5,,100,10,IG,123,5308,6.372211137088016,0.09428625306430323,run-20260801-151512-df23,2026-08-01T15:15:12Z
taillard/tai100_10_5,,100,10,IG,456,5308,6.452306329971179,0.09428625306430323,run-20260801-151518-1d26,2026-08-01T15:15:18Z
taillard/tai100_10_5,,100,10,IG,789,5308,6.561130431946367,0.09428625306430323,run-20260801-151525-4671,2026-08-01T15:15:25Z
taillard/tai100_10_5,,100,10,IG,2025,5308,6.411517726955935,0.09428625306430323,run-20260801-151531-25ce,2026-08-01T15:15:31Z
taillard/tai100_10_6,,100,10,IG,42,5643,5.932369780028239,0.7858546168958742,run-20260801-151537-1b26,2026-08-01T15:15:37Z
taillard/tai100_10_6,,100,10,IG,123,5602,6.048663993831724,0.05358099660653688,run-20260801-151543-c2c6,2026-08-01T15:15:43Z
taillard/tai100_10_6,,100,10,IG,456,5602,6.0989010881166905,0.05358099660653688,run-20260801-151549-5623,2026-08-01T15:15:49Z
taillard/tai100_10_6,,100,10,IG,789,5643,5.736911867046729,0.7858546168958742,run-20260801-151555-cd17,2026-08-01T15:15:55Z
taillard/tai100_10_6,,100,10,IG,2025,5612,5.985050224000588,0.23218431862832647,run-20260801-151601-fe5c,2026-08-01T15:16:01Z
taillard/tai100_10_7,,100,10,IG,42,5656,6.1045111999846995,0.586875333451894,run-20260801-151607-dd00,2026-08-01T15:16:07Z
taillard/tai100_10_7,,100,10,IG,123,5626,6.534827722935006,0.053352303041081274,run-20260801-151614-0505,2026-08-01T15:16:14Z
taillard/tai100_10_7,,100,10,IG,456,5640,6.625829573022202,0.3023297172327939,run-20260801-151620-f14d,2026-08-01T15:16:20Z
taillard/tai100_10_7,,100,10,IG,789,5640,6.657789281802252,0.3023297172327939,run-20260801-151627-9eeb,2026-08-01T15:16:27Z
taillard/tai100_10_7,,100,10,IG,2025,5623,6.644613557960838,0.0,run-20260801-151633-744f,2026-08-01T15:16:33Z
taillard/tai100_10_8,,100,10,IG,42,5891,5.752381153870374,0.2723404255319149,run-20260801-151639-0d8a,2026-08-01T15:16:39Z
taillard/tai100_10_8,,100,10,IG,123,5891,6.216006444999948,0.2723404255319149,run-20260801-151645-86fe,2026-08-01T15:16:45Z
taillard/tai100_10_8,,100,10,IG,456,5891,6.2003700418863446,0.2723404255319149,run-20260801-151652-b022,2026-08-01T15:16:52Z
taillard/tai100_10_8,,100,10,IG,789,5885,6.527431739959866,0.1702127659574468,run-20260801-151658-8b81,2026-08-01T15:16:58Z
taillard/tai100_10_8,,100,10,IG,2025,5891,5.996705085039139,0.2723404255319149,run-20260801-151704-4f3c,2026-08-01T15:17:04Z
taillard/tai100_10_9,,100,10,IG,42,5848,5.505866736872122,0.05132591958939264,run-20260801-151710-071e,2026-08-01T15:17:10Z
taillard/tai100_10_9,,100,10,IG,123,5881,5.044732679845765,0.6159110350727117,run-20260801-151715-ec39,2026-08-01T15:17:15Z
taillard/tai100_10_9,,100,10,IG,456,5848,5.673555511981249,0.05132591958939264,run-20260801-151720-b411,2026-08-01T15:17:20Z
taillard/tai100_10_9,,100,10,IG,789,5848,5.596999944886193,0.05132591958939264,run-20260801-151726-89b5,2026-08-01T15:17:26Z
taillard/tai100_10_9,,100,10,IG,2025,5848,5.293762556975707,0.05132591958939264,run-20260801-151731-6072,2026-08-01T15:17:31Z
taillard/tai100_20_0,,100,20,IG,42,6318,14.131681346101686,0.5090677696468342,run-20260801-151745-7370,2026-08-01T15:17:45Z
taillard/tai100_20_0,,100,20,IG,123,6329,14.167841178830713,0.6840598154629335,run-20260801-151800-bf98,2026-08-01T15:18:00Z
taillard/tai100_20_0,,100,20,IG,456,6310,13.840011124964803,0.38180082723512565,run-20260801-151813-9802,2026-08-01T15:18:13Z
taillard/tai100_20_0,,100,20,IG,789,6307,14.448688430944458,0.33407572383073497,run-20260801-151828-1380,2026-08-01T15:18:28Z
taillard/tai100_20_0,,100,20,IG,2025,6328,13.869915180839598,0.6681514476614699,run-20260801-151842-1076,2026-08-01T15:18:42Z
taillard/tai100_20_1,,100,20,IG,42,6266,13.745510050095618,0.400576830636116,run-20260801-151856-05a4,2026-08-01T15:18:56Z
taillard/tai100_20_1,,100,20,IG,123,6307,14.255386825883761,1.0575228328793462,run-20260801-151910-1049,2026-08-01T15:19:10Z
taillard/tai100_20_1,,100,20,IG,456,6249,14.560357915936038,0.12818458580355713,run-20260801-151924-fe6a,2026-08-01T15:19:24Z
taillard/tai100_20_1,,100,20,IG,789,6269,13.930856242077425,0.4486460503124499,run-20260801-151938-915a,2026-08-01T15:19:38Z
taillard/tai100_20_1,,100,20,IG,2025,6291,14.011455512838438,0.801153661272232,run-20260801-151952-a3eb,2026-08-01T15:19:52Z
taillard/tai100_20_2,,100,20,IG,42,6389,13.44418088090606,0.9480170643071575,run-20260801-152006-f1b5,2026-08-01T15:20:06Z
taillard/tai100_20_2,,100,20,IG,123,6347,13.620487836189568,0.28440511929214723,run-20260801-152019-c7e7,2026-08-01T15:20:19Z
taillard/tai100_20_2,,100,20,IG,456,6347,13.966793027939275,0.28440511929214723,run-20260801-152033-29ed,2026-08-01T15:20:33Z
taillard/tai100_20_2,,100,20,IG,789,6353,13.399697847897187,0.379206825722863,run-20260801-152047-0119,2026-08-01T15:20:47Z
taillard/tai100_20_2,,100,20,IG,2025,6346,13.427738949889317,0.26860483488702797,run-20260801-152100-0d1c,2026-08-01T15:21:00Z
taillard/tai100_20_3,,100,20,IG,42,6366,13.392206313088536,0.9514747859181731,run-20260801-152114-d1ad,2026-08-01T15:21:14Z
taillard/tai100_20_3,,100,20,IG,123,6369,13.058304343139753,0.9990485252140818,run-20260801-152127-8711,2026-08-01T15:21:27Z
taillard/tai100_20_3,,100,20,IG,456,6366,13.163202816154808,0.9514747859181731,run-20260801-152140-2122,2026-08-01T15:21:40Z
taillard/tai100_20_3,,100,20,IG,789,6369,13.225280839018524,0.9990485252140818,run-20260801-152153-2296,2026-08-01T15:21:53Z
taillard/tai100_20_3,,100,20,IG,2025,6325,13.059056682046503,0.3013003488740882,run-20260801-152206-62a6,2026-08-01T15:22:06Z
taillard/tai100_20_4,,100,20,IG,42,6421,12.525260129012167,0.6899796142386703,run-20260801-152219-a542,2026-08-01T15:22:19Z
taillard/tai100_20_4,,100,20,IG,123,6409,13.216023162938654,0.501803355809942,run-20260801-152232-c863,2026-08-01T15:22:32Z
taillard/tai100_20_4,,100,20,IG,456,6436,12.479217518121004,0.9251999372745805,run-20260801-152244-50ea,2026-08-01T15:22:44Z
taillard/tai100_20_4,,100,20,IG,789,6441,12.329910062020645,1.003606711619884,run-20260801-152257-4269,2026-08-01T15:22:57Z
taillard/tai100_20_4,,100,20,IG,2025,6420,13.24388083606027,0.6742982593696095,run-20260801-152310-e49b,2026-08-01T15:23:10Z
taillard/tai100_20_5,,100,20,IG,42,6483,13.163513307925314,0.7146186111542644,run-20260801-152323-83a9,2026-08-01T15:23:23Z
taillard/tai100_20_5,,100,20,IG,123,6438,13.578435840085149,0.015535187199005748,run-20260801-152337-0fd1,2026-08-01T15:23:37Z
taillard/tai100_20_5,,100,20,IG,456,6479,13.058145191986114,0.6524778623582415,run-20260801-152350-f0f7,2026-08-01T15:23:50Z
taillard/tai100_20_5,,100,20,IG,789,6487,13.618805568898097,0.7767593599502874,run-20260801-152403-0fe6,2026-08-01T15:24:03Z
taillard/tai100_20_5,,100,20,IG,2025,6487,13.83564130216837,0.7767593599502874,run-20260801-152417-ba12,2026-08-01T15:24:17Z
taillard/tai100_20_6,,100,20,IG,42,6372,14.201732784043998,0.4097069019855027,run-20260801-152431-ac98,2026-08-01T15:24:31Z
taillard/tai100_20_6,,100,20,IG,123,6386,14.133274288848042,0.6303183107469272,run-20260801-152445-b4af,2026-08-01T15:24:45Z
taillard/tai100_20_6,,100,20,IG,456,6373,13.371893223840743,0.42546485975417586,run-20260801-152459-5f07,2026-08-01T15:24:59Z
taillard/tai100_20_6,,100,20,IG,789,6376,13.925703512970358,0.4727387330601954,run-20260801-152513-0c74,2026-08-01T15:25:13Z
taillard/tai100_20_6,,100,20,IG,2025,6361,14.358430481050164,0.2363693665300977,run-20260801-152527-fa43,2026-08-01T15:25:27Z
taillard/tai100_20_7,,100,20,IG,42,6497,13.56067306897603,0.24687548217867614,run-20260801-152541-56bb,2026-08-01T15:25:41Z
taillard/tai100_20_7,,100,20,IG,123,6518,13.86593095981516,0.5708995525381886,run-20260801-152555-0b67,2026-08-01T15:25:55Z
taillard/tai100_20_7,,100,20,IG,456,6510,13.586061242967844,0.4474618114488505,run-20260801-152608-6e96,2026-08-01T15:26:08Z
taillard/tai100_20_7,,100,20,IG,789,6508,14.29183437791653,0.41660237617651596,run-20260801-152622-8677,2026-08-01T15:26:22Z
taillard/tai100_20_7,,100,20,IG,2025,6525,14.053863294888288,0.6789075759913593,run-20260801-152637-b645,2026-08-01T15:26:37Z
taillard/tai100_20_8,,100,20,IG,42,6368,14.280908246990293,0.15728216420257943,run-20260801-152651-23a1,2026-08-01T15:26:51Z
taillard/tai100_20_8,,100,20,IG,123,6370,14.2925865650177,0.1887385970430953,run-20260801-152705-39c9,2026-08-01T15:27:05Z
taillard/tai100_20_8,,100,20,IG,456,6380,13.681676546810195,0.3460207612456747,run-20260801-152719-c1b9,2026-08-01T15:27:19Z
taillard/tai100_20_8,,100,20,IG,789,6401,13.699608521070331,0.6763133060710915,run-20260801-152732-cec8,2026-08-01T15:27:32Z
taillard/tai100_20_8,,100,20,IG,2025,6407,14.113467521034181,0.7706826045926392,run-20260801-152747-c47e,2026-08-01T15:27:47Z
taillard/tai100_20_9,,100,20,IG,42,6531,12.030713480897248,1.0208816705336428,run-20260801-152759-e74f,2026-08-01T15:27:59Z
taillard/tai100_20_9,,100,20,IG,123,6538,12.453185188118368,1.1291569992266048,run-20260801-152811-072d,2026-08-01T15:28:11Z
taillard/tai100_20_9,,100,20,IG,456,6514,11.992564987856895,0.7579273008507347,run-20260801-152823-22b5,2026-08-01T15:28:23Z
taillard/tai100_20_9,,100,20,IG,789,6542,12.672381880925968,1.191028615622583,run-20260801-152836-84d0,2026-08-01T15:28:36Z
taillard/tai100_20_9,,100,20,IG,2025,6531,12.580173507099971,1.0208816705336428,run-20260801-152848-fd07,2026-08-01T15:28:48Z
taillard/tai100_5_0,,100,5,IG,42,5493,2.513508363859728,0.0,run-20260801-152851-0a93,2026-08-01T15:28:51Z
taillard/tai100_5_0,,100,5,IG,123,5493,2.46912620193325,0.0,run-20260801-152853-34bc,2026-08-01T15:28:53Z
taillard/tai100_5_0,,100,5,IG,456,5493,2.4955693278461695,0.0,run-20260801-152856-9df4,2026-08-01T15:28:56Z
taillard/tai100_5_0,,100,5,IG,789,5493,2.5073871959466487,0.0,run-20260801-152858-6e6d,2026-08-01T15:28:58Z
taillard/tai100_5_0,,100,5,IG,2025,5493,2.480372545076534,0.0,run-20260801-152901-d25b,2026-08-01T15:29:01Z
taillard/tai100_5_1,,100,5,IG,42,5268,2.935164484893903,0.0,run-20260801-152904-85e2,2026-08-01T15:29:04Z
taillard/tai100_5_1,,100,5,IG,123,5268,2.933361581992358,0.0,run-20260801-152907-fe97,2026-08-01T15:29:07Z
taillard/tai100_5_1,,100,5,IG,456,5268,2.8874668390490115,0.0,run-20260801-152910-69f8,2026-08-01T15:29:10Z
taillard/tai100_5_1,,100,5,IG,789,5268,2.7787246429361403,0.0,run-20260801-152912-db7b,2026-08-01T15:29:12Z
taillard/tai100_5_1,,100,5,IG,2025,5268,2.8535910199861974,0.0,run-20260801-152915-1142,2026-08-01T15:29:15Z
taillard/tai100_5_2,,100,5,IG,42,5175,3.149784196866676,0.0,run-20260801-152918-3c86,2026-08-01T15:29:18Z
taillard/tai100_5_2,,100,5,IG,123,5175,3.1454585378523916,0.0,run-20260801-152921-7c9b,2026-08-01T15:29:21Z
taillard/tai100_5_2,,100,5,IG,456,5175,3.177494353847578,0.0,run-20260801-152925-ce6f,2026-08-01T15:29:25Z
taillard/tai100_5_2,,100,5,IG,789,5175,3.220038258936256,0.0,run-20260801-152928-e6a2,2026-08-01T15:29:28Z
taillard/tai100_5_2,,100,5,IG,2025,5175,3.2324728060048074,0.0,run-20260801-152931-c734,2026-08-01T15:29:31Z
taillard/tai100_5_3,,100,5,IG,42,5023,2.662362094037235,0.17949740725967292,run-20260801-152934-f011,2026-08-01T15:29:34Z
taillard/tai100_5_3,,100,5,IG,123,5018,2.87745103915222,0.07977662544874352,run-20260801-152937-f833,2026-08-01T15:29:37Z
taillard/tai100_5_3,,100,5,IG,456,5018,2.678184150950983,0.07977662544874352,run-20260801-152939-3495,2026-08-01T15:29:39Z
taillard/tai100_5_3,,100,5,IG,789,5018,2.6571376810315996,0.07977662544874352,run-20260801-152942-712e,2026-08-01T15:29:42Z
taillard/tai100_5_3,,100,5,IG,2025,5021,2.6497279989998788,0.13960909453530115,run-20260801-152945-86ef,2026-08-01T15:29:45Z
taillard/tai100_5_4,,100,5,IG,42,5250,2.8762498369906098,0.0,run-20260801-152948-4231,2026-08-01T15:29:48Z
taillard/tai100_5_4,,100,5,IG,123,5250,2.8519692439585924,0.0,run-20260801-152950-74e7,2026-08-01T15:29:50Z
taillard/tai100_5_4,,100,5,IG,456,5250,2.8965281911659986,0.0,run-20260801-152953-da86,2026-08-01T15:29:53Z
taillard/tai100_5_4,,100,5,IG,789,5250,2.835192001890391,0.0,run-20260801-152956-4f8d,2026-08-01T15:29:56Z
taillard/tai100_5_4,,100,5,IG,2025,5250,2.909864808898419,0.0,run-20260801-152959-3328,2026-08-01T15:29:59Z
taillard/tai100_5_5,,100,5,IG,42,5135,2.612548315897584,0.0,run-20260801-153002-bd22,2026-08-01T15:30:02Z
taillard/tai100_5_5,,100,5,IG,123,5135,2.7183476029895246,0.0,run-20260801-153004-f086,2026-08-01T15:30:04Z
taillard/tai100_5_5,,100,5,IG,456,5135,2.6041077480185777,0.0,run-20260801-153007-1296,2026-08-01T15:30:07Z
taillard/tai100_5_5,,100,5,IG,789,5135,2.601784862810746,0.0,run-20260801-153010-35db,2026-08-01T15:30:10Z
taillard/tai100_5_5,,100,5,IG,2025,5135,2.506453090813011,0.0,run-20260801-153012-44a5,2026-08-01T15:30:12Z
taillard/tai100_5_6,,100,5,IG,42,5246,3.166412488091737,0.0,run-20260801-153015-eedc,2026-08-01T15:30:15Z
taillard/tai100_5_6,,100,5,IG,123,5246,3.1674067159183323,0.0,run-20260801-153018-fb57,2026-08-01T15:30:18Z
taillard/tai100_5_6,,100,5,IG,456,5251,3.317074882099405,0.09531071292413268,run-20260801-153022-2d78,2026-08-01T15:30:22Z
taillard/tai100_5_6,,100,5,IG,789,5246,3.209714482072741,0.0,run-20260801-153025-4295,2026-08-01T15:30:25Z
taillard/tai100_5_6,,100,5,IG,2025,5246,3.289226237917319,0.0,run-20260801-153028-4108,2026-08-01T15:30:28Z
taillard/tai100_5_7,,100,5,IG,42,5094,3.3121715039014816,-0.23501762632197415,run-20260801-153032-662a,2026-08-01T15:30:32Z
taillard/tai100_5_7,,100,5,IG,123,5094,3.335160827031359,-0.23501762632197415,run-20260801-153035-6723,2026-08-01T15:30:35Z
taillard/tai100_5_7,,100,5,IG,456,5094,3.3547960070427507,-0.23501762632197415,run-20260801-153038-faaa,2026-08-01T15:30:38Z
taillard/tai100_5_7,,100,5,IG,789,5094,3.2695602499879897,-0.23501762632197415,run-20260801-153042-b487,2026-08-01T15:30:42Z
taillard/tai100_5_7,,100,5,IG,2025,5094,3.2527461741119623,-0.23501762632197415,run-20260801-153045-2547,2026-08-01T15:30:45Z
taillard/tai100_5_8,,100,5,IG,42,5448,2.86868814798072,-0.11001100110011001,run-20260801-153048-cf69,2026-08-01T15:30:48Z
taillard/tai100_5_8,,100,5,IG,123,5454,2.74913943791762,0.0,run-20260801-153050-f791,2026-08-01T15:30:50Z
taillard/tai100_5_8,,100,5,IG,456,5448,2.824068969115615,-0.11001100110011001,run-20260801-153053-9997,2026-08-01T15:30:53Z
taillard/tai100_5_8,,100,5,IG,789,5448,2.799734071828425,-0.11001100110011001,run-20260801-153056-bccf,2026-08-01T15:30:56Z
taillard/tai100_5_8,,100,5,IG,2025,5448,2.8125211438164115,-0.11001100110011001,run-20260801-153059-7d05,2026-08-01T15:30:59Z
taillard/tai100_5_9,,100,5,IG,42,5322,3.1026743398979306,-0.11261261261261261,run-20260801-153102-c513,2026-08-01T15:31:02Z
taillard/tai100_5_9,,100,5,IG,123,5322,3.0152873978950083,-0.11261261261261261,run-20260801-153105-1dd0,2026-08-01T15:31:05Z
taillard/tai100_5_9,,100,5,IG,456,5322,3.0047639480326325,-0.11261261261261261,run-20260801-153108-f991,2026-08-01T15:31:08Z
taillard/tai100_5_9,,100,5,IG,789,5322,2.985073476098478,-0.11261261261261261,run-20260801-153111-bc96,2026-08-01T15:31:11Z
taillard/tai100_5_9,,100,5,IG,2025,5322,3.026359787909314,-0.11261261261261261,run-20260801-153114-c4e1,2026-08-01T15:31:14Z
taillard/tai200_10_0,,200,10,IG,42,10872,12.728779066121206,0.0368052999631947,run-20260801-153127-e9c0,2026-08-01T15:31:27Z
taillard/tai200_10_0,,200,10,IG,123,10885,13.366005535935983,0.15642252484357747,run-20260801-153140-ba13,2026-08-01T15:31:40Z
taillard/tai200_10_0,,200,10,IG,456,10872,14.050812773173675,0.0368052999631947,run-20260801-153154-0ff2,2026-08-01T15:31:54Z
taillard/tai200_10_0,,200,10,IG,789,10885,12.880059622926638,0.15642252484357747,run-20260801-153207-5c5d,2026-08-01T15:32:07Z
taillard/tai200_10_0,,200,10,IG,2025,10885,13.682535679079592,0.15642252484357747,run-20260801-153221-3a01,2026-08-01T15:32:21Z
taillard/tai200_10_1,,200,10,IG,42,10518,17.371174067957327,0.22870211549456831,run-20260801-153238-6c52,2026-08-01T15:32:38Z
taillard/tai200_10_1,,200,10,IG,123,10497,18.089654071023688,0.02858776443682104,run-20260801-153256-0b81,2026-08-01T15:32:56Z
taillard/tai200_10_1,,200,10,IG,456,10510,17.274842410814017,0.15246807699637888,run-20260801-153313-34a2,2026-08-01T15:33:13Z
taillard/tai200_10_1,,200,10,IG,789,10510,17.508359609171748,0.15246807699637888,run-20260801-153331-080c,2026-08-01T15:33:31Z
taillard/tai200_10_1,,200,10,IG,2025,10514,17.362608562922105,0.1905850962454736,run-20260801-153348-9afb,2026-08-01T15:33:48Z
taillard/tai200_10_2,,200,10,IG,42,11017,13.605417974991724,0.8698040651895257,run-20260801-153402-34e6,2026-08-01T15:34:02Z
taillard/tai200_10_2,,200,10,IG,123,11017,13.095132186077535,0.8698040651895257,run-20260801-153415-3479,2026-08-01T15:34:15Z
taillard/tai200_10_2,,200,10,IG,456,11017,13.21426902897656,0.8698040651895257,run-20260801-153428-3376,2026-08-01T15:34:28Z
taillard/tai200_10_2,,200,10,IG,789,11017,13.550508405081928,0.8698040651895257,run-20260801-153442-1df7,2026-08-01T15:34:42Z
taillard/tai200_10_2,,200,10,IG,2025,11017,13.322610397124663,0.8698040651895257,run-20260801-153455-3ed8,2026-08-01T15:34:55Z
taillard/tai200_10_3,,200,10,IG,42,10893,12.278024544008076,0.03673431903756084,run-20260801-153507-90ed,2026-08-01T15:35:07Z
taillard/tai200_10_3,,200,10,IG,123,10893,11.959714821074158,0.03673431903756084,run-20260801-153519-f3e6,2026-08-01T15:35:19Z
taillard/tai200_10_3,,200,10,IG,456,10893,12.341448667924851,0.03673431903756084,run-20260801-153532-f188,2026-08-01T15:35:32Z
taillard/tai200_10_3,,200,10,IG,789,10889,11.955419990001246,0.0,run-20260801-153544-c475,2026-08-01T15:35:44Z
taillard/tai200_10_3,,200,10,IG,2025,10893,11.207952294964343,0.03673431903756084,run-20260801-153555-20c8,2026-08-01T15:35:55Z
taillard/tai200_10_4,,200,10,IG,42,10537,16.34671777486801,0.12352717597871532,run-20260801-153611-2557,2026-08-01T15:36:11Z
taillard/tai200_10_4,,200,10,IG,123,10537,16.04457520088181,0.12352717597871532,run-20260801-153627-e5f0,2026-08-01T15:36:27Z
taillard/tai200_10_4,,200,10,IG,456,10537,16.39091666811146,0.12352717597871532,run-20260801-153644-05bf,2026-08-01T15:36:44Z
taillard/tai200_10_4,,200,10,IG,789,10537,16.29860079404898,0.12352717597871532,run-20260801-153700-a99e,2026-08-01T15:37:00Z
taillard/tai200_10_4,,200,10,IG,2025,10527,16.248548740986735,0.028506271379703536,run-20260801-153716-acd9,2026-08-01T15:37:16Z
taillard/tai200_10_5,,200,10,IG,42,10375,15.200368049088866,0.42590262317297456,run-20260801-153731-5364,2026-08-01T15:37:31Z
taillard/tai200_10_5,,200,10,IG,123,10375,15.593615090940148,0.42590262317297456,run-20260801-153747-c8d5,2026-08-01T15:37:47Z
taillard/tai200_10_5,,200,10,IG,456,10334,16.091174721950665,0.029038815216339175,run-20260801-153803-c178,2026-08-01T15:38:03Z
taillard/tai200_10_5,,200,10,IG,789,10375,15.232715350808576,0.42590262317297456,run-20260801-153818-6637,2026-08-01T15:38:18Z
taillard/tai200_10_5,,200,10,IG,2025,10375,15.451164008118212,0.42590262317297456,run-20260801-153834-01f7,2026-08-01T15:38:34Z
taillard/tai200_10_6,,200,10,IG,42,10882,14.145126515999436,0.23026618771299623,run-20260801-153848-c789,2026-08-01T15:38:48Z
taillard/tai200_10_6,,200,10,IG,123,10880,14.3746257731691,0.21184489269595652,run-20260801-153902-92c1,2026-08-01T15:39:02Z
taillard/tai200_10_6,,200,10,IG,456,10882,13.999529227148741,0.23026618771299623,run-20260801-153916-8b96,2026-08-01T15:39:16Z
taillard/tai200_10_6,,200,10,IG,789,10861,14.514904641080648,0.036842590034079394,run-20260801-153931-9221,2026-08-01T15:39:31Z
taillard/tai200_10_6,,200,10,IG,2025,10882,14.413501143921167,0.23026618771299623,run-20260801-153945-82af,2026-08-01T15:39:45Z
taillard/tai200_10_7,,200,10,IG,42,10754,15.379416416864842,0.21433230826577207,run-20260801-154001-8565,2026-08-01T15:40:01Z
taillard/tai200_10_7,,200,10,IG,123,10753,15.278238977771252,0.20501351225421677,run-20260801-154016-1d88,2026-08-01T15:40:16Z
taillard/tai200_10_7,,200,10,IG,456,10798,14.701511606108397,0.6243593327742055,run-20260801-154031-ba6d,2026-08-01T15:40:31Z
taillard/tai200_10_7,,200,10,IG,789,10755,14.721228958107531,0.22365110427732737,run-20260801-154045-406c,2026-08-01T15:40:45Z
taillard/tai200_10_7,,200,10,IG,2025,10753,14.64772583101876,0.20501351225421677,run-20260801-154100-fe9e,2026-08-01T15:41:00Z
taillard/tai200_10_8,,200,10,IG,42,10465,15.349763035075739,0.25867024334163635,run-20260801-154115-396c,2026-08-01T15:41:15Z
taillard/tai200_10_8,,200,10,IG,123,10438,15.829054384957999,0.0,run-20260801-154131-680b,2026-08-01T15:41:31Z
taillard/tai200_10_8,,200,10,IG,456,10465,15.59995818301104,0.25867024334163635,run-20260801-154147-580f,2026-08-01T15:41:47Z
taillard/tai200_10_8,,200,10,IG,789,10465,15.28443707502447,0.25867024334163635,run-20260801-154202-e1f1,2026-08-01T15:42:02Z
taillard/tai200_10_8,,200,10,IG,2025,10465,15.054918387206271,0.25867024334163635,run-20260801-154217-8d58,2026-08-01T15:42:17Z
taillard/tai200_10_9,,200,10,IG,42,10685,15.49484231788665,0.08430123641813413,run-20260801-154233-b78d,2026-08-01T15:42:33Z
taillard/tai200_10_9,,200,10,IG,123,10727,14.769786996999756,0.47770700636942676,run-20260801-154247-8b17,2026-08-01T15:42:47Z
taillard/tai200_10_9,,200,10,IG,456,10676,15.9015149299521,0.0,run-20260801-154303-e0d7,2026-08-01T15:43:03Z
taillard/tai200_10_9,,200,10,IG,789,10727,14.844939409056678,0.47770700636942676,run-20260801-154318-8697,2026-08-01T15:43:18Z
taillard/tai200_10_9,,200,10,IG,2025,10685,15.607312690000981,0.08430123641813413,run-20260801-154334-30c5,2026-08-01T15:43:34Z
taillard/tai200_20_0,,200,20,IG,42,11370,32.37799125001766,0.6729236762882946,run-20260801-154406-01cb,2026-08-01T15:44:06Z
taillard/tai200_20_0,,200,20,IG,123,11375,33.28552394500002,0.7171949707809456,run-20260801-154439-7d61,2026-08-01T15:44:39Z
taillard/tai200_20_0,,200,20,IG,456,11370,33.674683255143464,0.6729236762882946,run-20260801-154513-6821,2026-08-01T15:45:13Z
taillard/tai200_20_0,,200,20,IG,789,11367,33.99287750897929,0.646360899592704,run-20260801-154547-1ae8,2026-08-01T15:45:47Z
taillard/tai200_20_0,,200,20,IG,2025,11324,32.728413219098,0.2656277669559058,run-20260801-154620-3cda,2026-08-01T15:46:20Z
taillard/tai200_20_1,,200,20,IG,42,11382,35.457097875885665,-0.3327495621716287,run-20260801-154655-815e,2026-08-01T15:46:55Z
taillard/tai200_20_1,,200,20,IG,123,11373,34.10634090914391,-0.4115586690017513,run-20260801-154729-b213,2026-08-01T15:47:29Z
taillard/tai200_20_1,,200,20,IG,456,11434,33.337047811131924,0.12259194395796848,run-20260801-154803-ab58,2026-08-01T15:48:03Z
taillard/tai200_20_1,,200,20,IG,789,11364,34.82212725398131,-0.4903677758318739,run-20260801-154838-9af3,2026-08-01T15:48:38Z
taillard/tai200_20_1,,200,20,IG,2025,11383,35.17211085092276,-0.3239929947460595,run-20260801-154913-c47b,2026-08-01T15:49:13Z
taillard/tai200_20_2,,200,20,IG,42,11511,35.82920910813846,0.5678839769351739,run-20260801-154949-4aa6,2026-08-01T15:49:49Z
taillard/tai200_20_2,,200,20,IG,123,11457,37.05838464200497,0.09610344225056788,run-20260801-155026-851d,2026-08-01T15:50:26Z
taillard/tai200_20_2,,200,20,IG,456,11485,36.40862364578061,0.3407303861611043,run-20260801-155102-9e33,2026-08-01T15:51:02Z
taillard/tai200_20_2,,200,20,IG,789,11482,34.67942322790623,0.31452035645640397,run-20260801-155137-abef,2026-08-01T15:51:37Z
taillard/tai200_20_2,,200,20,IG,2025,11504,36.59006304200739,0.5067272409575397,run-20260801-155213-d5dc,2026-08-01T15:52:13Z
taillard/tai200_20_3,,200,20,IG,42,11416,34.59909169911407,0.6080902441173879,run-20260801-155248-e017,2026-08-01T15:52:48Z
taillard/tai200_20_3,,200,20,IG,123,11441,34.756944824941456,0.8284127963338327,run-20260801-155323-8173,2026-08-01T15:53:23Z
taillard/tai200_20_3,,200,20,IG,456,11442,33.73532283399254,0.8372256984224905,run-20260801-155356-6369,2026-08-01T15:53:56Z
taillard/tai200_20_3,,200,20,IG,789,11408,35.48993670404889,0.5375870274081255,run-20260801-155432-7ca2,2026-08-01T15:54:32Z
taillard/tai200_20_3,,200,20,IG,2025,11389,35.70002063200809,0.3701418877236274,run-20260801-155508-f269,2026-08-01T15:55:08Z
taillard/tai200_20_4,,200,20,IG,42,11391,35.16642231098376,0.7072761029086729,run-20260801-155543-2a90,2026-08-01T15:55:43Z
taillard/tai200_20_4,,200,20,IG,123,11346,33.45820471202023,0.3094332950225444,run-20260801-155616-2d7d,2026-08-01T15:56:16Z
taillard/tai200_20_4,,200,20,IG,456,11371,34.28053357684985,0.5304570771815047,run-20260801-155650-88da,2026-08-01T15:56:50Z
taillard/tai200_20_4,,200,20,IG,789,11353,33.8558817000594,0.3713199540270533,run-20260801-155724-e93b,2026-08-01T15:57:24Z
taillard/tai200_20_4,,200,20,IG,2025,11388,33.01637224690057,0.6807532490495978,run-20260801-155757-d463,2026-08-01T15:57:57Z
taillard/tai200_20_5,,200,20,IG,42,11337,33.78720634384081,0.48750221591916326,run-20260801-155831-3975,2026-08-01T15:58:31Z
taillard/tai200_20_5,,200,20,IG,123,11304,35.883689149981365,0.1950008863676653,run-20260801-155907-bee5,2026-08-01T15:59:07Z
taillard/tai200_20_5,,200,20,IG,456,11307,35.075953885912895,0.2215919163268924,run-20260801-155942-f98e,2026-08-01T15:59:42Z
taillard/tai200_20_5,,200,20,IG,789,11360,32.90513707092032,0.6913667789399043,run-20260801-160015-620f,2026-08-01T16:00:15Z
taillard/tai200_20_5,,200,20,IG,2025,11370,33.744662016863,0.7800035454706612,run-20260801-160049-d97d,2026-08-01T16:00:49Z
taillard/tai200_20_6,,200,20,IG,42,11502,35.38048762502149,0.401536312849162,run-20260801-160124-57ab,2026-08-01T16:01:24Z
taillard/tai200_20_6,,200,20,IG,123,11474,34.41977577400394,0.15712290502793297,run-20260801-160159-7e3d,2026-08-01T16:01:59Z
taillard/tai200_20_6,,200,20,IG,456,11492,33.35041102091782,0.31424581005586594,run-20260801-160232-e1e3,2026-08-01T16:02:32Z
taillard/tai200_20_6,,200,20,IG,789,11521,35.003677263855934,0.5673882681564246,run-20260801-160307-105b,2026-08-01T16:03:07Z
taillard/tai200_20_6,,200,20,IG,2025,11464,34.137119776103646,0.06983240223463687,run-20260801-160341-234b,2026-08-01T16:03:41Z
taillard/tai200_20_7,,200,20,IG,42,11516,33.74456572509371,0.8848007008322383,run-20260801-160415-07bb,2026-08-01T16:04:15Z
taillard/tai200_20_7,,200,20,IG,123,11516,33.74740623985417,0.8848007008322383,run-20260801-160449-aae2,2026-08-01T16:04:49Z
taillard/tai200_20_7,,200,20,IG,456,11485,34.44026224990375,0.6132282084975909,run-20260801-160523-5118,2026-08-01T16:05:23Z
taillard/tai200_20_7,,200,20,IG,789,11516,32.612307065865025,0.8848007008322383,run-20260801-160556-f232,2026-08-01T16:05:56Z
taillard/tai200_20_7,,200,20,IG,2025,11518,34.82370896707289,0.9023215067893123,run-20260801-160630-7c29,2026-08-01T16:06:30Z
taillard/tai200_20_8,,200,20,IG,42,11441,33.46843338292092,0.8639689676452438,run-20260801-160704-cdf8,2026-08-01T16:07:04Z
taillard/tai200_20_8,,200,20,IG,123,11381,32.009006357053295,0.33500837520938026,run-20260801-160736-ba76,2026-08-01T16:07:36Z
taillard/tai200_20_8,,200,20,IG,456,11372,33.00150630506687,0.2556642863440007,run-20260801-160809-1797,2026-08-01T16:08:09Z
taillard/tai200_20_8,,200,20,IG,789,11348,33.68036049394868,0.044080049369655296,run-20260801-160843-418e,2026-08-01T16:08:43Z
taillard/tai200_20_8,,200,20,IG,2025,11372,33.94016880099662,0.2556642863440007,run-20260801-160917-513b,2026-08-01T16:09:17Z
taillard/tai200_20_9,,200,20,IG,42,11470,34.89338122308254,0.42024163894239186,run-20260801-160951-0148,2026-08-01T16:09:51Z
taillard/tai200_20_9,,200,20,IG,123,11447,36.1642775000073,0.2188758536158291,run-20260801-161028-f1c4,2026-08-01T16:10:28Z
taillard/tai200_20_9,,200,20,IG,456,11436,36.35332257300615,0.1225704780248643,run-20260801-161104-43b7,2026-08-01T16:11:04Z
taillard/tai200_20_9,,200,20,IG,789,11487,35.27139667887241,0.5690772194011556,run-20260801-161139-90cf,2026-08-01T16:11:39Z
taillard/tai200_20_9,,200,20,IG,2025,11454,35.43139605806209,0.2801610926282613,run-20260801-161215-a3c5,2026-08-01T16:12:15Z
taillard/tai20_10_0,,20,10,IG,42,1582,1.0791699178516865,0.0,run-20260801-161216-691c,2026-08-01T16:12:16Z
taillard/tai20_10_0,,20,10,IG,123,1582,1.084018686087802,0.0,run-20260801-161217-9de4,2026-08-01T16:12:17Z
taillard/tai20_10_0,,20,10,IG,456,1583,1.085942932171747,0.0632111251580278,run-20260801-161218-cbb3,2026-08-01T16:12:18Z
taillard/tai20_10_0,,20,10,IG,789,1583,1.0601421939209104,0.0632111251580278,run-20260801-161219-a030,2026-08-01T16:12:19Z
taillard/tai20_10_0,,20,10,IG,2025,1588,1.1011120430193841,0.37926675094816686,run-20260801-161220-2200,2026-08-01T16:12:20Z
taillard/tai20_10_1,,20,10,IG,42,1660,1.1624436748679727,0.06027727546714889,run-20260801-161221-ee00,2026-08-01T16:12:21Z
taillard/tai20_10_1,,20,10,IG,123,1659,1.055308418115601,0.0,run-20260801-161222-d03f,2026-08-01T16:12:22Z
taillard/tai20_10_1,,20,10,IG,456,1660,1.171884685056284,0.06027727546714889,run-20260801-161223-8174,2026-08-01T16:12:23Z
taillard/tai20_10_1,,20,10,IG,789,1660,1.155829002149403,0.06027727546714889,run-20260801-161225-03da,2026-08-01T16:12:25Z
taillard/tai20_10_1,,20,10,IG,2025,1659,1.0855243678670377,0.0,run-20260801-161226-30c8,2026-08-01T16:12:26Z
taillard/tai20_10_2,,20,10,IG,42,1500,1.142449505859986,0.26737967914438504,run-20260801-161227-9309,2026-08-01T16:12:27Z
taillard/tai20_10_2,,20,10,IG,123,1507,1.2511441388633102,0.7352941176470589,run-20260801-161228-efdf,2026-08-01T16:12:28Z
taillard/tai20_10_2,,20,10,IG,456,1500,1.1700061440933496,0.26737967914438504,run-20260801-161229-8d26,2026-08-01T16:12:29Z
taillard/tai20_10_2,,20,10,IG,789,1500,1.1894583271350712,0.26737967914438504,run-20260801-161230-b477,2026-08-01T16:12:30Z
taillard/tai20_10_2,,20,10,IG,2025,1501,1.1627221351955086,0.3342245989304813,run-20260801-161232-39d5,2026-08-01T16:12:32Z
taillard/tai20_10_3,,20,10,IG,42,1381,1.0849692630581558,0.21770682148040638,run-20260801-161233-2a87,2026-08-01T16:12:33Z
taillard/tai20_10_3,,20,10,IG,123,1378,1.128520990954712,0.0,run-20260801-161234-089c,2026-08-01T16:12:34Z
taillard/tai20_10_3,,20,10,IG,456,1388,1.1032824299763888,0.7256894049346879,run-20260801-161235-4a3d,2026-08-01T16:12:35Z
taillard/tai20_10_3,,20,10,IG,789,1384,1.0629810139071196,0.43541364296081275,run-20260801-161236-d5c7,2026-08-01T16:12:36Z
taillard/tai20_10_3,,20,10,IG,2025,1378,1.1657697788905352,0.0,run-20260801-161237-917a,2026-08-01T16:12:37Z
taillard/tai20_10_4,,20,10,IG,42,1419,1.137250809930265,0.0,run-20260801-161238-c369,2026-08-01T16:12:38Z
taillard/tai20_10_4,,20,10,IG,123,1433,1.091508453944698,0.9866102889358703,run-20260801-161239-48f3,2026-08-01T16:12:39Z
taillard/tai20_10_4,,20,10,IG,456,1419,1.118319767061621,0.0,run-20260801-161241-b12e,2026-08-01T16:12:41Z
taillard/tai20_10_4,,20,10,IG,789,1419,1.1935559480916709,0.0,run-20260801-161242-dae6,2026-08-01T16:12:42Z
taillard/tai20_10_4,,20,10,IG,2025,1419,1.215323352953419,0.0,run-20260801-161243-35e2,2026-08-01T16:12:43Z
taillard/tai20_10_5,,20,10,IG,42,1402,1.1834112061187625,0.35790980672870437,run-20260801-161244-9a8e,2026-08-01T16:12:44Z
taillard/tai20_10_5,,20,10,IG,123,1397,1.2048334940336645,0.0,run-20260801-161245-565a,2026-08-01T16:12:45Z
taillard/tai20_10_5,,20,10,IG,456,1400,1.2150362110696733,0.2147458840372226,run-20260801-161247-447c,2026-08-01T16:12:47Z
taillard/tai20_10_5,,20,10,IG,789,1397,1.1685953480191529,0.0,run-20260801-161248-9ef2,2026-08-01T16:12:48Z
taillard/tai20_10_5,,20,10,IG,2025,1397,1.1830096819903702,0.0,run-20260801-161249-4078,2026-08-01T16:12:49Z
taillard/tai20_10_6,,20,10,IG,42,1484,1.105800106888637,0.0,run-20260801-161250-c1ac,2026-08-01T16:12:50Z
taillard/tai20_10_6,,20,10,IG,123,1484,1.1160852299071848,0.0,run-20260801-161251-0d05,2026-08-01T16:12:51Z
taillard/tai20_10_6,,20,10,IG,456,1484,1.091886200942099,0.0,run-20260801-161252-74ad,2026-08-01T16:12:52Z
taillard/tai20_10_6,,20,10,IG,789,1484,1.106307176174596,0.0,run-20260801-161253-021b,2026-08-01T16:12:53Z
taillard/tai20_10_6,,20,10,IG,2025,1484,1.1070931719150394,0.0,run-20260801-161254-b660,2026-08-01T16:12:54Z
taillard/tai20_10_7,,20,10,IG,42,1550,1.0843430969398469,0.7802340702210663,run-20260801-161256-a0e0,2026-08-01T16:12:56Z
taillard/tai20_10_7,,20,10,IG,123,1550,1.1354788879398257,0.7802340702210663,run-20260801-161257-249d,2026-08-01T16:12:57Z
taillard/tai20_10_7,,20,10,IG,456,1550,1.1485089310444891,0.7802340702210663,run-20260801-161258-1934,2026-08-01T16:12:58Z
taillard/tai20_10_7,,20,10,IG,789,1538,1.1021402368787676,0.0,run-20260801-161259-b628,2026-08-01T16:12:59Z
taillard/tai20_10_7,,20,10,IG,2025,1544,1.1508246699813753,0.39011703511053314,run-20260801-161300-35b6,2026-08-01T16:13:00Z
taillard/tai20_10_8,,20,10,IG,42,1593,1.1461929909419268,0.0,run-20260801-161301-ff5a,2026-08-01T16:13:01Z
taillard/tai20_10_8,,20,10,IG,123,1593,1.1744444260839373,0.0,run-20260801-161302-7ff6,2026-08-01T16:13:02Z
taillard/tai20_10_8,,20,10,IG,456,1593,1.0977822639979422,0.0,run-20260801-161304-bcac,2026-08-01T16:13:04Z
taillard/tai20_10_8,,20,10,IG,789,1593,1.1490583640988916,0.0,run-20260801-161305-13f2,2026-08-01T16:13:05Z
taillard/tai20_10_8,,20,10,IG,2025,1593,1.1410423228517175,0.0,run-20260801-161306-646e,2026-08-01T16:13:06Z
taillard/tai20_10_9,,20,10,IG,42,1599,1.1732486290857196,0.502828409805154,run-20260801-161307-bfcd,2026-08-01T16:13:07Z
taillard/tai20_10_9,,20,10,IG,123,1591,1.1227483998518437,0.0,run-20260801-161308-c5ef,2026-08-01T16:13:08Z
taillard/tai20_10_9,,20,10,IG,456,1597,1.1575789311900735,0.3771213073538655,run-20260801-161309-04a8,2026-08-01T16:13:09Z
taillard/tai20_10_9,,20,10,IG,789,1591,1.1414608801715076,0.0,run-20260801-161310-df78,2026-08-01T16:13:10Z
taillard/tai20_10_9,,20,10,IG,2025,1606,1.1223216368816793,0.9428032683846638,run-20260801-161312-237a,2026-08-01T16:13:12Z
taillard/tai20_20_0,,20,20,IG,42,2297,2.129643616033718,0.0,run-20260801-161314-cd37,2026-08-01T16:13:14Z
taillard/tai20_20_0,,20,20,IG,123,2304,2.224367192015052,0.30474531998258597,run-20260801-161316-1f1c,2026-08-01T16:13:16Z
taillard/tai20_20_0,,20,20,IG,456,2301,2.134567162953317,0.174140182847192,run-20260801-161318-178c,2026-08-01T16:13:18Z
taillard/tai20_20_0,,20,20,IG,789,2298,2.091253833146766,0.043535045711798,run-20260801-161320-74d4,2026-08-01T16:13:20Z
taillard/tai20_20_0,,20,20,IG,2025,2300,2.042960851220414,0.13060513713539398,run-20260801-161322-b245,2026-08-01T16:13:22Z
taillard/tai20_20_1,,20,20,IG,42,2105,2.1424449658952653,0.23809523809523808,run-20260801-161324-571d,2026-08-01T16:13:24Z
taillard/tai20_20_1,,20,20,IG,123,2101,2.0069694228004664,0.047619047619047616,run-20260801-161326-0a53,2026-08-01T16:13:26Z
taillard/tai20_20_1,,20,20,IG,456,2101,1.8988609169609845,0.047619047619047616,run-20260801-161328-9fa8,2026-08-01T16:13:28Z
taillard/tai20_20_1,,20,20,IG,789,2101,1.9468924079556018,0.047619047619047616,run-20260801-161330-dd98,2026-08-01T16:13:30Z
taillard/tai20_20_1,,20,20,IG,2025,2099,1.9183378769084811,-0.047619047619047616,run-20260801-161332-66ad,2026-08-01T16:13:32Z
taillard/tai20_20_2,,20,20,IG,42,2328,2.149598326999694,0.08598452278589853,run-20260801-161334-57c0,2026-08-01T16:13:34Z
taillard/tai20_20_2,,20,20,IG,123,2328,2.25347265903838,0.08598452278589853,run-20260801-161336-c585,2026-08-01T16:13:36Z
taillard/tai20_20_2,,20,20,IG,456,2332,2.1689478910993785,0.2579535683576956,run-20260801-161339-b536,2026-08-01T16:13:39Z
taillard/tai20_20_2,,20,20,IG,789,2335,2.418704008916393,0.3869303525365434,run-20260801-161341-7be3,2026-08-01T16:13:41Z
taillard/tai20_20_2,,20,20,IG,2025,2339,2.3007699160370976,0.5588993981083406,run-20260801-161343-5c52,2026-08-01T16:13:43Z
taillard/tai20_20_3,,20,20,IG,42,2225,2.0191409459803253,0.0899685110211426,run-20260801-161345-9aae,2026-08-01T16:13:45Z
taillard/tai20_20_3,,20,20,IG,123,2234,2.113556578056887,0.4948268106162843,run-20260801-161348-c589,2026-08-01T16:13:48Z
taillard/tai20_20_3,,20,20,IG,456,2225,1.956047766841948,0.0899685110211426,run-20260801-161349-9601,2026-08-01T16:13:49Z
taillard/tai20_20_3,,20,20,IG,789,2223,2.012190636014566,0.0,run-20260801-161351-958f,2026-08-01T16:13:51Z
taillard/tai20_20_3,,20,20,IG,2025,2225,1.9799656530376524,0.0899685110211426,run-20260801-161353-4c80,2026-08-01T16:13:53Z
taillard/tai20_20_4,,20,20,IG,42,2296,2.128457523882389,0.21824530772588388,run-20260801-161356-5bb9,2026-08-01T16:13:56Z
taillard/tai20_20_4,,20,20,IG,123,2304,2.089290624950081,0.5674378000872982,run-20260801-161358-5b79,2026-08-01T16:13:58Z
taillard/tai20_20_4,,20,20,IG,456,2296,1.9644919449929148,0.21824530772588388,run-20260801-161400-4b26,2026-08-01T16:14:00Z
taillard/tai20_20_4,,20,20,IG,789,2301,1.9864644028712064,0.43649061545176776,run-20260801-161402-1c13,2026-08-01T16:14:02Z
taillard/tai20_20_4,,20,20,IG,2025,2296,2.065405872184783,0.21824530772588388,run-20260801-161404-e2a1,2026-08-01T16:14:04Z
taillard/tai20_20_5,,20,20,IG,42,2229,2.0898979320190847,0.1347708894878706,run-20260801-161406-bed0,2026-08-01T16:14:06Z
taillard/tai20_20_5,,20,20,IG,123,2237,2.059024600777775,0.4941599281221923,run-20260801-161408-3d3f,2026-08-01T16:14:08Z
taillard/tai20_20_5,,20,20,IG,456,2230,2.2108941560145468,0.17969451931716082,run-20260801-161410-7145,2026-08-01T16:14:10Z
taillard/tai20_20_5,,20,20,IG,789,2232,2.261442792136222,0.2695417789757412,run-20260801-161412-7618,2026-08-01T16:14:12Z
taillard/tai20_20_5,,20,20,IG,2025,2233,2.1423703159671277,0.31446540880503143,run-20260801-161414-db0a,2026-08-01T16:14:14Z
taillard/tai20_20_6,,20,20,IG,42,2278,2.0194667940959334,0.21997360316761988,run-20260801-161417-3bba,2026-08-01T16:14:17Z
taillard/tai20_20_6,,20,20,IG,123,2273,2.0309426630847156,0.0,run-20260801-161419-7f3a,2026-08-01T16:14:19Z
taillard/tai20_20_6,,20,20,IG,456,2278,2.0543552038725466,0.21997360316761988,run-20260801-161421-816f,2026-08-01T16:14:21Z
taillard/tai20_20_6,,20,20,IG,789,2278,2.0195995680987835,0.21997360316761988,run-20260801-161423-0650,2026-08-01T16:14:23Z
taillard/tai20_20_6,,20,20,IG,2025,2278,2.029802073026076,0.21997360316761988,run-20260801-161425-00cd,2026-08-01T16:14:25Z
taillard/tai20_20_7,,20,20,IG,42,2210,1.9880096621345729,0.45454545454545453,run-20260801-161427-371b,2026-08-01T16:14:27Z
taillard/tai20_20_7,,20,20,IG,123,2212,1.9290719151031226,0.5454545454545454,run-20260801-161429-2c60,2026-08-01T16:14:29Z
taillard/tai20_20_7,,20,20,IG,456,2200,1.9746225769631565,0.0,run-20260801-161431-2d31,2026-08-01T16:14:31Z
taillard/tai20_20_7,,20,20,IG,789,2204,1.9805135650094599,0.18181818181818182,run-20260801-161433-ac0a,2026-08-01T16:14:33Z
taillard/tai20_20_7,,20,20,IG,2025,2209,2.165314902085811,0.4090909090909091,run-20260801-161435-a2bb,2026-08-01T16:14:35Z
taillard/tai20_20_8,,20,20,IG,42,2237,2.0867549940012395,0.0,run-20260801-161437-1dcf,2026-08-01T16:14:37Z
taillard/tai20_20_8,,20,20,IG,123,2242,2.168053864967078,0.22351363433169424,run-20260801-161439-6a76,2026-08-01T16:14:39Z
taillard/tai20_20_8,,20,20,IG,456,2242,2.202310451073572,0.22351363433169424,run-20260801-161441-0819,2026-08-01T16:14:41Z
taillard/tai20_20_8,,20,20,IG,789,2242,2.1641989899799228,0.22351363433169424,run-20260801-161443-6a58,2026-08-01T16:14:43Z
taillard/tai20_20_8,,20,20,IG,2025,2237,2.0623871609568596,0.0,run-20260801-161445-5893,2026-08-01T16:14:45Z
taillard/tai20_20_9,,20,20,IG,42,2180,1.992952053900808,0.09182736455463728,run-20260801-161447-fd72,2026-08-01T16:14:47Z
taillard/tai20_20_9,,20,20,IG,123,2185,2.130317477043718,0.3213957759412305,run-20260801-161450-b7a4,2026-08-01T16:14:50Z
taillard/tai20_20_9,,20,20,IG,456,2191,2.089327143970877,0.5968778696051423,run-20260801-161452-d3f8,2026-08-01T16:14:52Z
taillard/tai20_20_9,,20,20,IG,789,2180,1.9623507200740278,0.09182736455463728,run-20260801-161454-fe8c,2026-08-01T16:14:54Z
taillard/tai20_20_9,,20,20,IG,2025,2180,1.9438163849990815,0.09182736455463728,run-20260801-161456-eb35,2026-08-01T16:14:56Z
taillard/tai20_5_0,,20,5,IG,42,1278,0.5659046331420541,0.0,run-20260801-161456-a65b,2026-08-01T16:14:56Z
taillard/tai20_5_0,,20,5,IG,123,1278,0.5593036108184606,0.0,run-20260801-161457-d9cf,2026-08-01T16:14:57Z
taillard/tai20_5_0,,20,5,IG,456,1278,0.5576001261360943,0.0,run-20260801-161457-9f05,2026-08-01T16:14:57Z
taillard/tai20_5_0,,20,5,IG,789,1278,0.5586080050561577,0.0,run-20260801-161458-ae91,2026-08-01T16:14:58Z
taillard/tai20_5_0,,20,5,IG,2025,1278,0.5733603099361062,0.0,run-20260801-161458-abe4,2026-08-01T16:14:58Z
taillard/tai20_5_1,,20,5,IG,42,1359,0.5403270509559661,0.0,run-20260801-161459-57e2,2026-08-01T16:14:59Z
taillard/tai20_5_1,,20,5,IG,123,1359,0.5193849508650601,0.0,run-20260801-161459-1957,2026-08-01T16:14:59Z
taillard/tai20_5_1,,20,5,IG,456,1359,0.5228034970350564,0.0,run-20260801-161500-097b,2026-08-01T16:15:00Z
taillard/tai20_5_1,,20,5,IG,789,1359,0.5147662721574306,0.0,run-20260801-161500-f25c,2026-08-01T16:15:00Z
taillard/tai20_5_1,,20,5,IG,2025,1359,0.5287226978689432,0.0,run-20260801-161501-11b3,2026-08-01T16:15:01Z
taillard/tai20_5_2,,20,5,IG,42,1081,0.6340363589115441,0.0,run-20260801-161502-bd76,2026-08-01T16:15:02Z
taillard/tai20_5_2,,20,5,IG,123,1081,0.6179874890949577,0.0,run-20260801-161502-1516,2026-08-01T16:15:02Z
taillard/tai20_5_2,,20,5,IG,456,1081,0.6399968189653009,0.0,run-20260801-161503-4e3a,2026-08-01T16:15:03Z
taillard/tai20_5_2,,20,5,IG,789,1081,0.6518720688764006,0.0,run-20260801-161504-7839,2026-08-01T16:15:04Z
taillard/tai20_5_2,,20,5,IG,2025,1081,0.6320168559905142,0.0,run-20260801-161504-c2e0,2026-08-01T16:15:04Z
taillard/tai20_5_3,,20,5,IG,42,1293,0.6453906979877502,0.0,run-20260801-161505-629a,2026-08-01T16:15:05Z
taillard/tai20_5_3,,20,5,IG,123,1293,0.632131045917049,0.0,run-20260801-161505-d6db,2026-08-01T16:15:05Z
taillard/tai20_5_3,,20,5,IG,456,1293,0.6562632110435516,0.0,run-20260801-161506-2fc0,2026-08-01T16:15:06Z
taillard/tai20_5_3,,20,5,IG,789,1293,0.6599581190384924,0.0,run-20260801-161507-383e,2026-08-01T16:15:07Z
taillard/tai20_5_3,,20,5,IG,2025,1293,0.6340179750695825,0.0,run-20260801-161507-841f,2026-08-01T16:15:07Z
taillard/tai20_5_4,,20,5,IG,42,1235,0.5329016791656613,-0.08090614886731391,run-20260801-161508-4b3f,2026-08-01T16:15:08Z
taillard/tai20_5_4,,20,5,IG,123,1235,0.5428002390544862,-0.08090614886731391,run-20260801-161508-0130,2026-08-01T16:15:08Z
taillard/tai20_5_4,,20,5,IG,456,1235,0.5295236648526043,-0.08090614886731391,run-20260801-161509-01ac,2026-08-01T16:15:09Z
taillard/tai20_5_4,,20,5,IG,789,1235,0.5544481039978564,-0.08090614886731391,run-20260801-161510-0aa3,2026-08-01T16:15:10Z
taillard/tai20_5_4,,20,5,IG,2025,1235,0.5505058330018073,-0.08090614886731391,run-20260801-161510-88c4,2026-08-01T16:15:10Z
taillard/tai20_5_5,,20,5,IG,42,1195,0.6622081650421023,0.0,run-20260801-161511-7c46,2026-08-01T16:15:11Z
taillard/tai20_5_5,,20,5,IG,123,1195,0.6824236400425434,0.0,run-20260801-161511-b2ea,2026-08-01T16:15:11Z
taillard/tai20_5_5,,20,5,IG,456,1195,0.6529428099747747,0.0,run-20260801-161512-73d0,2026-08-01T16:15:12Z
taillard/tai20_5_5,,20,5,IG,789,1195,0.6311328569427133,0.0,run-20260801-161513-baed,2026-08-01T16:15:13Z
taillard/tai20_5_5,,20,5,IG,2025,1195,0.6584686608985066,0.0,run-20260801-161513-c4c5,2026-08-01T16:15:13Z
taillard/tai20_5_6,,20,5,IG,42,1239,0.5524862171150744,0.0,run-20260801-161514-b4e3,2026-08-01T16:15:14Z
taillard/tai20_5_6,,20,5,IG,123,1251,0.5236871070228517,0.9685230024213075,run-20260801-161514-a944,2026-08-01T16:15:14Z
taillard/tai20_5_6,,20,5,IG,456,1249,0.5107246071565896,0.8071025020177562,run-20260801-161515-6867,2026-08-01T16:15:15Z
taillard/tai20_5_6,,20,5,IG,789,1251,0.5034733240026981,0.9685230024213075,run-20260801-161515-e704,2026-08-01T16:15:15Z
taillard/tai20_5_6,,20,5,IG,2025,1251,0.49975236086174846,0.9685230024213075,run-20260801-161516-13e1,2026-08-01T16:15:16Z
taillard/tai20_5_7,,20,5,IG,42,1206,0.604377212934196,0.0,run-20260801-161517-6769,2026-08-01T16:15:17Z
taillard/tai20_5_7,,20,5,IG,123,1206,0.6067544959951192,0.0,run-20260801-161517-c72d,2026-08-01T16:15:17Z
taillard/tai20_5_7,,20,5,IG,456,1206,0.6351285560522228,0.0,run-20260801-161518-f425,2026-08-01T16:15:18Z
taillard/tai20_5_7,,20,5,IG,789,1206,0.6349311089143157,0.0,run-20260801-161518-e68f,2026-08-01T16:15:18Z
taillard/tai20_5_7,,20,5,IG,2025,1206,0.6285674599930644,0.0,run-20260801-161519-59dd,2026-08-01T16:15:19Z
taillard/tai20_5_8,,20,5,IG,42,1230,0.695069425040856,0.0,run-20260801-161520-40cf,2026-08-01T16:15:20Z
taillard/tai20_5_8,,20,5,IG,123,1230,0.6921259451191872,0.0,run-20260801-161520-5366,2026-08-01T16:15:20Z
taillard/tai20_5_8,,20,5,IG,456,1230,0.6846808008849621,0.0,run-20260801-161521-ce98,2026-08-01T16:15:21Z
taillard/tai20_5_8,,20,5,IG,789,1230,0.6828620659653097,0.0,run-20260801-161522-fbaf,2026-08-01T16:15:22Z
taillard/tai20_5_8,,20,5,IG,2025,1230,0.7070599580183625,0.0,run-20260801-161523-edc1,2026-08-01T16:15:23Z
taillard/tai20_5_9,,20,5,IG,42,1108,0.6099578719586134,0.0,run-20260801-161523-eaa1,2026-08-01T16:15:23Z
taillard/tai20_5_9,,20,5,IG,123,1108,0.5893696208950132,0.0,run-20260801-161524-5b56,2026-08-01T16:15:24Z
taillard/tai20_5_9,,20,5,IG,456,1108,0.6188306352123618,0.0,run-20260801-161524-e275,2026-08-01T16:15:24Z
taillard/tai20_5_9,,20,5,IG,789,1108,0.6252435299102217,0.0,run-20260801-161525-0730,2026-08-01T16:15:25Z
taillard/tai20_5_9,,20,5,IG,2025,1108,0.6165015008300543,0.0,run-20260801-161526-9255,2026-08-01T16:15:26Z
taillard/tai500_20_0,,500,20,IG,42,26198,153.14168997202069,0.034365573332315096,run-20260801-161759-cc17,2026-08-01T16:17:59Z
taillard/tai500_20_0,,500,20,IG,123,26240,156.64308008179069,0.19473824888311886,run-20260801-162035-26db,2026-08-01T16:20:35Z
taillard/tai500_20_0,,500,20,IG,456,26204,157.42336151213385,0.05727595555385849,run-20260801-162313-66fa,2026-08-01T16:23:13Z
taillard/tai500_20_0,,500,20,IG,789,26223,158.6465419230517,0.1298254992554126,run-20260801-162552-627f,2026-08-01T16:25:52Z
taillard/tai500_20_0,,500,20,IG,2025,26231,160.4161573590245,0.16037267555080378,run-20260801-162832-f8ee,2026-08-01T16:28:32Z
taillard/tai500_20_1,,500,20,IG,42,26771,148.48003219487146,0.5332532201734951,run-20260801-163100-0700,2026-08-01T16:31:00Z
taillard/tai500_20_1,,500,20,IG,123,26715,147.72774500702508,0.32295617559803225,run-20260801-163328-c867,2026-08-01T16:33:28Z
taillard/tai500_20_1,,500,20,IG,456,26745,147.2789993120823,0.4356153066206016,run-20260801-163555-05df,2026-08-01T16:35:55Z
taillard/tai500_20_1,,500,20,IG,789,26740,156.75604780600406,0.4168387847835067,run-20260801-163832-46cb,2026-08-01T16:38:32Z
taillard/tai500_20_1,,500,20,IG,2025,26737,160.2923246899154,0.4055728716812498,run-20260801-164112-113c,2026-08-01T16:41:12Z
taillard/tai500_20_2,,500,20,IG,42,26601,146.19945159205236,0.5404792501322851,run-20260801-164339-3c5b,2026-08-01T16:43:39Z
taillard/tai500_20_2,,500,20,IG,123,26600,145.80464579211548,0.5366996749565349,run-20260801-164604-a7f6,2026-08-01T16:46:04Z
taillard/tai500_20_2,,500,20,IG,456,26488,149.28504433808848,0.11338725527250737,run-20260801-164834-b973,2026-08-01T16:48:34Z
taillard/tai500_20_2,,500,20,IG,789,26607,145.69730089278892,0.5631567011867866,run-20260801-165059-5c22,2026-08-01T16:50:59Z
taillard/tai500_20_2,,500,20,IG,2025,26600,150.03712084400468,0.5366996749565349,run-20260801-165330-9c7a,2026-08-01T16:53:30Z
taillard/tai500_20_3,,500,20,IG,42,26639,147.48073603608645,0.338995819051565,run-20260801-165557-2308,2026-08-01T16:55:57Z
taillard/tai500_20_3,,500,20,IG,123,26654,141.42607841501012,0.39549512222682587,run-20260801-165818-dce9,2026-08-01T16:58:18Z
taillard/tai500_20_3,,500,20,IG,456,26664,144.52885635290295,0.43316132434366644,run-20260801-170043-41ff,2026-08-01T17:00:43Z
taillard/tai500_20_3,,500,20,IG,789,26549,147.36758350487798,0.0,run-20260801-170310-060b,2026-08-01T17:03:10Z
taillard/tai500_20_3,,500,20,IG,2025,26616,145.09042530111037,0.25236355418283174,run-20260801-170535-3103,2026-08-01T17:05:35Z
taillard/tai500_20_4,,500,20,IG,42,26443,153.59895164798945,0.14770489319800031,run-20260801-170809-611b,2026-08-01T17:08:09Z
taillard/tai500_20_4,,500,20,IG,123,26416,154.26885185507126,0.04544765944553855,run-20260801-171043-786a,2026-08-01T17:10:43Z
taillard/tai500_20_4,,500,20,IG,456,26454,151.58684509899467,0.18936524768974397,run-20260801-171315-a2aa,2026-08-01T17:13:15Z
taillard/tai500_20_4,,500,20,IG,789,26447,154.69881608197466,0.1628541130131798,run-20260801-171550-55a7,2026-08-01T17:15:50Z
taillard/tai500_20_4,,500,20,IG,2025,26412,152.08312528883107,0.030298439630359036,run-20260801-171822-cb60,2026-08-01T17:18:22Z
taillard/tai500_20_5,,500,20,IG,42,26594,157.51665886095725,0.04890711410405929,run-20260801-172059-b03b,2026-08-01T17:20:59Z
taillard/tai500_20_5,,500,20,IG,123,26554,158.32845132006332,-0.10157631390843083,run-20260801-172338-623f,2026-08-01T17:23:38Z
taillard/tai500_20_5,,500,20,IG,456,26598,153.19208494387567,0.06395545690530831,run-20260801-172611-ede0,2026-08-01T17:26:11Z
taillard/tai500_20_5,,500,20,IG,789,26602,150.83566556987353,0.07900379970655731,run-20260801-172842-9bca,2026-08-01T17:28:42Z
taillard/tai500_20_5,,500,20,IG,2025,26599,153.3565758478362,0.06771754260562056,run-20260801-173115-82a2,2026-08-01T17:31:15Z
taillard/tai500_20_6,,500,20,IG,42,26513,146.84540895698592,0.196515626771475,run-20260801-173342-e929,2026-08-01T17:33:42Z
taillard/tai500_20_6,,500,20,IG,123,26508,143.0698601268232,0.17761989342806395,run-20260801-173605-5e62,2026-08-01T17:36:05Z
taillard/tai500_20_6,,500,20,IG,456,26503,145.11690617818385,0.1587241600846529,run-20260801-173830-475f,2026-08-01T17:38:30Z
taillard/tai500_20_6,,500,20,IG,789,26518,145.7888154340908,0.21541136011488607,run-20260801-174056-7c76,2026-08-01T17:40:56Z
taillard/tai500_20_6,,500,20,IG,2025,26508,146.74582856101915,0.17761989342806395,run-20260801-174322-f7bc,2026-08-01T17:43:22Z
taillard/tai500_20_7,,500,20,IG,42,26749,153.47186292288825,0.5034754837497651,run-20260801-174556-3620,2026-08-01T17:45:56Z
taillard/tai500_20_7,,500,20,IG,123,26705,153.0796062250156,0.3381551756528274,run-20260801-174829-0e2b,2026-08-01T17:48:29Z
taillard/tai500_20_7,,500,20,IG,456,26705,151.65614396799356,0.3381551756528274,run-20260801-175101-84bd,2026-08-01T17:51:01Z
taillard/tai500_20_7,,500,20,IG,789,26729,151.82406091084704,0.428329889160248,run-20260801-175333-a0f5,2026-08-01T17:53:33Z
taillard/tai500_20_7,,500,20,IG,2025,26729,150.91320788813755,0.428329889160248,run-20260801-175603-55b7,2026-08-01T17:56:03Z
taillard/tai500_20_8,,500,20,IG,42,26219,154.78019664809108,0.5214124142161561,run-20260801-175838-5fbd,2026-08-01T17:58:38Z
taillard/tai500_20_8,,500,20,IG,123,26207,156.23916153097525,0.47540543649120115,run-20260801-180114-b96a,2026-08-01T18:01:14Z
taillard/tai500_20_8,,500,20,IG,456,26194,155.98243577987887,0.4255645439558333,run-20260801-180350-d090,2026-08-01T18:03:50Z
taillard/tai500_20_8,,500,20,IG,789,26245,151.18721112399362,0.6210941992868918,run-20260801-180622-8051,2026-08-01T18:06:22Z
taillard/tai500_20_8,,500,20,IG,2025,26227,153.0233618619386,0.5520837326994594,run-20260801-180855-e323,2026-08-01T18:08:55Z
taillard/tai500_20_9,,500,20,IG,42,26637,160.93178224703297,0.4146718437818072,run-20260801-181136-ab1d,2026-08-01T18:11:36Z
taillard/tai500_20_9,,500,20,IG,123,26621,153.5677363050636,0.35435593923172615,run-20260801-181409-6cb9,2026-08-01T18:14:09Z
taillard/tai500_20_9,,500,20,IG,456,26618,161.04262804891914,0.343046707128586,run-20260801-181650-f92a,2026-08-01T18:16:50Z
taillard/tai500_20_9,,500,20,IG,789,26625,154.6738939988427,0.36943491536924644,run-20260801-181925-bdfd,2026-08-01T18:19:25Z
taillard/tai500_20_9,,500,20,IG,2025,26579,152.03896801988594,0.19602668978776341,run-20260801-182157-e618,2026-08-01T18:21:57Z
taillard/tai50_10_0,,50,10,IG,42,3025,3.1540754600428045,0.0,run-20260801-182200-142f,2026-08-01T18:22:00Z
taillard/tai50_10_0,,50,10,IG,123,3025,3.3579131870064884,0.0,run-20260801-182203-3f33,2026-08-01T18:22:03Z
taillard/tai50_10_0,,50,10,IG,456,3025,3.110199857968837,0.0,run-20260801-182207-e476,2026-08-01T18:22:07Z
taillard/tai50_10_0,,50,10,IG,789,3025,3.1474600119981915,0.0,run-20260801-182210-5c5b,2026-08-01T18:22:10Z
taillard/tai50_10_0,,50,10,IG,2025,3025,3.2051053179893643,0.0,run-20260801-182213-d8c7,2026-08-01T18:22:13Z
taillard/tai50_10_1,,50,10,IG,42,2911,3.1989081848878413,0.656984785615491,run-20260801-182216-1b00,2026-08-01T18:22:16Z
taillard/tai50_10_1,,50,10,IG,123,2890,3.261983165051788,-0.06915629322268327,run-20260801-182219-6278,2026-08-01T18:22:19Z
taillard/tai50_10_1,,50,10,IG,456,2910,3.251049855025485,0.6224066390041494,run-20260801-182223-6f14,2026-08-01T18:22:23Z
taillard/tai50_10_1,,50,10,IG,789,2911,3.1953317502047867,0.656984785615491,run-20260801-182226-f1ef,2026-08-01T18:22:26Z
taillard/tai50_10_1,,50,10,IG,2025,2911,3.2030065041035414,0.656984785615491,run-20260801-182229-4058,2026-08-01T18:22:29Z
taillard/tai50_10_2,,50,10,IG,42,2871,3.2786336820572615,0.24441340782122906,run-20260801-182232-7202,2026-08-01T18:22:32Z
taillard/tai50_10_2,,50,10,IG,123,2871,3.346102572977543,0.24441340782122906,run-20260801-182236-b82d,2026-08-01T18:22:36Z
taillard/tai50_10_2,,50,10,IG,456,2862,3.4456713509280235,-0.06983240223463687,run-20260801-182239-365a,2026-08-01T18:22:39Z
taillard/tai50_10_2,,50,10,IG,789,2871,3.38115094602108,0.24441340782122906,run-20260801-182242-a6dc,2026-08-01T18:22:42Z
taillard/tai50_10_2,,50,10,IG,2025,2871,3.295312491012737,0.24441340782122906,run-20260801-182246-177a,2026-08-01T18:22:46Z
taillard/tai50_10_3,,50,10,IG,42,3067,3.0981524251401424,0.097911227154047,run-20260801-182249-69b8,2026-08-01T18:22:49Z
taillard/tai50_10_3,,50,10,IG,123,3071,3.1128649599850178,0.22845953002610966,run-20260801-182252-e364,2026-08-01T18:22:52Z
taillard/tai50_10_3,,50,10,IG,456,3071,3.1328228609636426,0.22845953002610966,run-20260801-182255-053f,2026-08-01T18:22:55Z
taillard/tai50_10_3,,50,10,IG,789,3071,2.9465024350211024,0.22845953002610966,run-20260801-182258-4975,2026-08-01T18:22:58Z
taillard/tai50_10_3,,50,10,IG,2025,3071,3.000976770883426,0.22845953002610966,run-20260801-182301-66ee,2026-08-01T18:23:01Z
taillard/tai50_10_4,,50,10,IG,42,3009,3.302552781999111,0.7702612190221031,run-20260801-182304-18c1,2026-08-01T18:23:04Z
taillard/tai50_10_4,,50,10,IG,123,3006,3.3598978121299297,0.6697923643670463,run-20260801-182308-9196,2026-08-01T18:23:08Z
taillard/tai50_10_4,,50,10,IG,456,3012,3.3784320349805057,0.87073007367716,run-20260801-182311-871f,2026-08-01T18:23:11Z
taillard/tai50_10_4,,50,10,IG,789,2991,3.241034818114713,0.16744809109176156,run-20260801-182314-20ab,2026-08-01T18:23:14Z
taillard/tai50_10_4,,50,10,IG,2025,3018,3.254610629985109,1.071667782987274,run-20260801-182318-5ea8,2026-08-01T18:23:18Z
taillard/tai50_10_5,,50,10,IG,42,3066,2.8510041881818324,1.996007984031936,run-20260801-182320-a737,2026-08-01T18:23:20Z
taillard/tai50_10_5,,50,10,IG,123,3025,3.2036633188836277,0.6320691949434465,run-20260801-182324-8740,2026-08-01T18:23:24Z
taillard/tai50_10_5,,50,10,IG,456,3006,3.0470930950250477,0.0,run-20260801-182327-7088,2026-08-01T18:23:27Z
taillard/tai50_10_5,,50,10,IG,789,3031,3.105941480025649,0.83166999334664,run-20260801-182330-4393,2026-08-01T18:23:30Z
taillard/tai50_10_5,,50,10,IG,2025,3006,3.130655171815306,0.0,run-20260801-182333-b821,2026-08-01T18:23:33Z
taillard/tai50_10_6,,50,10,IG,42,3133,2.832763941027224,0.8368200836820083,run-20260801-182336-149a,2026-08-01T18:23:36Z
taillard/tai50_10_6,,50,10,IG,123,3118,2.8159532679710537,0.3540392661731574,run-20260801-182339-08a8,2026-08-01T18:23:39Z
taillard/tai50_10_6,,50,10,IG,456,3133,2.660163559950888,0.8368200836820083,run-20260801-182341-d398,2026-08-01T18:23:41Z
taillard/tai50_10_6,,50,10,IG,789,3132,2.8152085449546576,0.804634695848085,run-20260801-182344-2b24,2026-08-01T18:23:44Z
taillard/tai50_10_6,,50,10,IG,2025,3127,2.6636885539628565,0.643707756678468,run-20260801-182347-084f,2026-08-01T18:23:47Z
taillard/tai50_10_7,,50,10,IG,42,3042,3.132841889979318,0.09871668311944719,run-20260801-182350-ca16,2026-08-01T18:23:50Z
taillard/tai50_10_7,,50,10,IG,123,3048,3.1099129640497267,0.29615004935834155,run-20260801-182353-79e0,2026-08-01T18:23:53Z
taillard/tai50_10_7,,50,10,IG,456,3042,3.2162244629580528,0.09871668311944719,run-20260801-182356-dfd2,2026-08-01T18:23:56Z
taillard/tai50_10_7,,50,10,IG,789,3042,3.2377692700829357,0.09871668311944719,run-20260801-182359-df1f,2026-08-01T18:23:59Z
taillard/tai50_10_7,,50,10,IG,2025,3042,3.4041611480060965,0.09871668311944719,run-20260801-182403-3214,2026-08-01T18:24:03Z
taillard/tai50_10_8,,50,10,IG,42,2906,3.2913770489394665,0.13783597518952448,run-20260801-182406-fd59,2026-08-01T18:24:06Z
taillard/tai50_10_8,,50,10,IG,123,2905,3.227738820016384,0.10337698139214335,run-20260801-182409-f95e,2026-08-01T18:24:09Z
taillard/tai50_10_8,,50,10,IG,456,2902,3.2475827250164,0.0,run-20260801-182413-5db8,2026-08-01T18:24:13Z
taillard/tai50_10_8,,50,10,IG,789,2902,3.3038397817872465,0.0,run-20260801-182416-1041,2026-08-01T18:24:16Z
taillard/tai50_10_8,,50,10,IG,2025,2910,3.3724997211247683,0.27567195037904896,run-20260801-182419-9263,2026-08-01T18:24:19Z
taillard/tai50_10_9,,50,10,IG,42,3099,3.17751437285915,0.2588159171789065,run-20260801-182423-c2fd,2026-08-01T18:24:23Z
taillard/tai50_10_9,,50,10,IG,123,3091,3.242027532076463,0.0,run-20260801-182426-4ce2,2026-08-01T18:24:26Z
taillard/tai50_10_9,,50,10,IG,456,3099,3.09878502599895,0.2588159171789065,run-20260801-182429-cbd2,2026-08-01T18:24:29Z
taillard/tai50_10_9,,50,10,IG,789,3091,3.0418752040714025,0.0,run-20260801-182432-21de,2026-08-01T18:24:32Z
taillard/tai50_10_9,,50,10,IG,2025,3091,3.085694838082418,0.0,run-20260801-182435-e886,2026-08-01T18:24:35Z
taillard/tai50_20_0,,50,20,IG,42,3905,6.1640271751675755,0.7741935483870968,run-20260801-182441-579b,2026-08-01T18:24:41Z
taillard/tai50_20_0,,50,20,IG,123,3905,6.382189170923084,0.7741935483870968,run-20260801-182448-4b45,2026-08-01T18:24:48Z
taillard/tai50_20_0,,50,20,IG,456,3893,6.057498218957335,0.4645161290322581,run-20260801-182454-eae5,2026-08-01T18:24:54Z
taillard/tai50_20_0,,50,20,IG,789,3920,6.223177616018802,1.1612903225806452,run-20260801-182500-79a1,2026-08-01T18:25:00Z
taillard/tai50_20_0,,50,20,IG,2025,3898,5.875956282019615,0.5935483870967742,run-20260801-182506-64e9,2026-08-01T18:25:06Z
taillard/tai50_20_1,,50,20,IG,42,3728,6.038355358876288,0.34993270524899056,run-20260801-182512-4173,2026-08-01T18:25:12Z
taillard/tai50_20_1,,50,20,IG,123,3747,5.513840395025909,0.8613728129205922,run-20260801-182517-8c00,2026-08-01T18:25:17Z
taillard/tai50_20_1,,50,20,IG,456,3762,5.686608664924279,1.2651413189771197,run-20260801-182523-49d9,2026-08-01T18:25:23Z
taillard/tai50_20_1,,50,20,IG,789,3744,5.6641268520615995,0.7806191117092867,run-20260801-182529-0ad1,2026-08-01T18:25:29Z
taillard/tai50_20_1,,50,20,IG,2025,3753,5.483205185038969,1.0228802153432033,run-20260801-182534-4e65,2026-08-01T18:25:34Z
taillard/tai50_20_2,,50,20,IG,42,3697,5.495013000909239,0.7906215921483097,run-20260801-182540-ebae,2026-08-01T18:25:40Z
taillard/tai50_20_2,,50,20,IG,123,3719,5.746669763932005,1.390403489640131,run-20260801-182545-89a8,2026-08-01T18:25:45Z
taillard/tai50_20_2,,50,20,IG,456,3710,5.843039177823812,1.1450381679389312,run-20260801-182551-8b58,2026-08-01T18:25:51Z
taillard/tai50_20_2,,50,20,IG,789,3717,6.038982304977253,1.3358778625954197,run-20260801-182557-df4a,2026-08-01T18:25:57Z
taillard/tai50_20_2,,50,20,IG,2025,3708,5.992888371925801,1.0905125408942202,run-20260801-182603-3438,2026-08-01T18:26:03Z
taillard/tai50_20_3,,50,20,IG,42,3782,6.168735814047977,0.7995735607675906,run-20260801-182609-494e,2026-08-01T18:26:09Z
taillard/tai50_20_3,,50,20,IG,123,3760,5.7398763538803905,0.21321961620469082,run-20260801-182615-cc97,2026-08-01T18:26:15Z
taillard/tai50_20_3,,50,20,IG,456,3759,5.9339296580292284,0.1865671641791045,run-20260801-182621-42a4,2026-08-01T18:26:21Z
taillard/tai50_20_3,,50,20,IG,789,3765,5.860850053140894,0.3464818763326226,run-20260801-182627-9dbd,2026-08-01T18:26:27Z
taillard/tai50_20_3,,50,20,IG,2025,3774,5.854666854022071,0.5863539445628998,run-20260801-182633-0fcb,2026-08-01T18:26:33Z
taillard/tai50_20_4,,50,20,IG,42,3640,6.016862579155713,0.1375515818431912,run-20260801-182639-5c83,2026-08-01T18:26:39Z
taillard/tai50_20_4,,50,20,IG,123,3660,5.760960346087813,0.687757909215956,run-20260801-182645-d149,2026-08-01T18:26:45Z
taillard/tai50_20_4,,50,20,IG,456,3658,5.624355972977355,0.6327372764786795,run-20260801-182650-7ce4,2026-08-01T18:26:50Z
taillard/tai50_20_4,,50,20,IG,789,3646,5.399568116059527,0.30261348005502064,run-20260801-182656-2b04,2026-08-01T18:26:56Z
taillard/tai50_20_4,,50,20,IG,2025,3655,5.61024593305774,0.5502063273727648,run-20260801-182701-5431,2026-08-01T18:27:01Z
taillard/tai50_20_5,,50,20,IG,42,3734,5.635440411046147,0.9734991887506761,run-20260801-182707-9d90,2026-08-01T18:27:07Z
taillard/tai50_20_5,,50,20,IG,123,3757,6.078744680853561,1.5954570037858302,run-20260801-182713-4f00,2026-08-01T18:27:13Z
taillard/tai50_20_5,,50,20,IG,456,3762,5.867581245023757,1.7306652244456462,run-20260801-182719-c958,2026-08-01T18:27:19Z
taillard/tai50_20_5,,50,20,IG,789,3722,5.8739728780929,0.6489994591671173,run-20260801-182725-e3b9,2026-08-01T18:27:25Z
taillard/tai50_20_5,,50,20,IG,2025,3760,6.082434593932703,1.6765819361817198,run-20260801-182731-eb5d,2026-08-01T18:27:31Z
taillard/tai50_20_6,,50,20,IG,42,3752,5.661479488946497,0.9687836383207751,run-20260801-182736-149d,2026-08-01T18:27:36Z
taillard/tai50_20_6,,50,20,IG,123,3779,6.120148921152577,1.6953713670613564,run-20260801-182743-5c45,2026-08-01T18:27:43Z
taillard/tai50_20_6,,50,20,IG,456,3755,6.123092103051022,1.0495156081808397,run-20260801-182749-c53d,2026-08-01T18:27:49Z
taillard/tai50_20_6,,50,20,IG,789,3754,5.506456864997745,1.022604951560818,run-20260801-182754-87c6,2026-08-01T18:27:54Z
taillard/tai50_20_6,,50,20,IG,2025,3753,5.675897198962048,0.9956942949407965,run-20260801-182800-190c,2026-08-01T18:28:00Z
taillard/tai50_20_7,,50,20,IG,42,3775,5.919078954961151,1.779455378808304,run-20260801-182806-efde,2026-08-01T18:28:06Z
taillard/tai50_20_7,,50,20,IG,123,3761,5.858129801927134,1.401995146939876,run-20260801-182812-39d5,2026-08-01T18:28:12Z
taillard/tai50_20_7,,50,20,IG,456,3769,5.96868979698047,1.6176867080075492,run-20260801-182818-178a,2026-08-01T18:28:18Z
taillard/tai50_20_7,,50,20,IG,789,3757,6.410336215980351,1.2941493664060393,run-20260801-182824-2e1a,2026-08-01T18:28:24Z
taillard/tai50_20_7,,50,20,IG,2025,3770,5.994189101038501,1.6446481531410084,run-20260801-182830-4bce,2026-08-01T18:28:30Z
taillard/tai50_20_8,,50,20,IG,42,3772,5.766452945070341,0.18592297476759628,run-20260801-182836-1f6c,2026-08-01T18:28:36Z
taillard/tai50_20_8,,50,20,IG,123,3791,6.014356896979734,0.6905710491367862,run-20260801-182842-8355,2026-08-01T18:28:42Z
taillard/tai50_20_8,,50,20,IG,456,3801,5.244048963999376,0.9561752988047809,run-20260801-182847-06a2,2026-08-01T18:28:47Z
taillard/tai50_20_8,,50,20,IG,789,3797,5.5885396539233625,0.849933598937583,run-20260801-182853-58a2,2026-08-01T18:28:53Z
taillard/tai50_20_8,,50,20,IG,2025,3784,5.612190916202962,0.5046480743691899,run-20260801-182858-31a6,2026-08-01T18:28:58Z
taillard/tai50_20_9,,50,20,IG,42,3795,5.911968503147364,0.4765687053216839,run-20260801-182904-4396,2026-08-01T18:29:04Z
taillard/tai50_20_9,,50,20,IG,123,3784,5.802157294005156,0.18533227429176596,run-20260801-182910-f32a,2026-08-01T18:29:10Z
taillard/tai50_20_9,,50,20,IG,456,3800,6.041579905897379,0.6089489012443738,run-20260801-182916-6b72,2026-08-01T18:29:16Z
taillard/tai50_20_9,,50,20,IG,789,3805,5.904263141099364,0.7413290971670639,run-20260801-182922-bee8,2026-08-01T18:29:22Z
taillard/tai50_20_9,,50,20,IG,2025,3802,6.142398221883923,0.6619009796134498,run-20260801-182928-64f8,2026-08-01T18:29:28Z
taillard/tai50_5_0,,50,5,IG,42,2724,1.2195382840000093,0.0,run-20260801-182929-11fe,2026-08-01T18:29:29Z
taillard/tai50_5_0,,50,5,IG,123,2724,1.2770728149916977,0.0,run-20260801-182931-349b,2026-08-01T18:29:31Z
taillard/tai50_5_0,,50,5,IG,456,2724,1.2493074019439518,0.0,run-20260801-182932-9bbf,2026-08-01T18:29:32Z
taillard/tai50_5_0,,50,5,IG,789,2724,1.2844818951562047,0.0,run-20260801-182933-d6df,2026-08-01T18:29:33Z
taillard/tai50_5_0,,50,5,IG,2025,2724,1.299491861835122,0.0,run-20260801-182934-3350,2026-08-01T18:29:34Z
taillard/tai50_5_1,,50,5,IG,42,2836,1.4300134028308094,0.07057163020465773,run-20260801-182936-f8b9,2026-08-01T18:29:36Z
taillard/tai50_5_1,,50,5,IG,123,2836,1.4150959700345993,0.07057163020465773,run-20260801-182937-2043,2026-08-01T18:29:37Z
taillard/tai50_5_1,,50,5,IG,456,2836,1.3930990560911596,0.07057163020465773,run-20260801-182939-8dda,2026-08-01T18:29:39Z
taillard/tai50_5_1,,50,5,IG,789,2834,1.3979460140690207,0.0,run-20260801-182940-8526,2026-08-01T18:29:40Z
taillard/tai50_5_1,,50,5,IG,2025,2834,1.402519962983206,0.0,run-20260801-182941-11ee,2026-08-01T18:29:41Z
taillard/tai50_5_2,,50,5,IG,42,2621,1.4427125479560345,0.0,run-20260801-182943-2416,2026-08-01T18:29:43Z
taillard/tai50_5_2,,50,5,IG,123,2621,1.5027524640318006,0.0,run-20260801-182944-d159,2026-08-01T18:29:44Z
taillard/tai50_5_2,,50,5,IG,456,2621,1.459357017884031,0.0,run-20260801-182946-93ca,2026-08-01T18:29:46Z
taillard/tai50_5_2,,50,5,IG,789,2621,1.4523901690263301,0.0,run-20260801-182947-ccac,2026-08-01T18:29:47Z
taillard/tai50_5_2,,50,5,IG,2025,2621,1.4583990981336683,0.0,run-20260801-182949-b611,2026-08-01T18:29:49Z
taillard/tai50_5_3,,50,5,IG,42,2751,1.4849096140824258,0.0,run-20260801-182950-a2cf,2026-08-01T18:29:50Z
taillard/tai50_5_3,,50,5,IG,123,2751,1.4977612080983818,0.0,run-20260801-182952-0601,2026-08-01T18:29:52Z
taillard/tai50_5_3,,50,5,IG,456,2751,1.5117461290210485,0.0,run-20260801-182953-15b8,2026-08-01T18:29:53Z
taillard/tai50_5_3,,50,5,IG,789,2751,1.5029810080304742,0.0,run-20260801-182955-dd99,2026-08-01T18:29:55Z
taillard/tai50_5_3,,50,5,IG,2025,2751,1.4777391040697694,0.0,run-20260801-182956-2adc,2026-08-01T18:29:56Z
taillard/tai50_5_4,,50,5,IG,42,2863,1.143849056912586,0.0,run-20260801-182957-cdce,2026-08-01T18:29:57Z
taillard/tai50_5_4,,50,5,IG,123,2863,1.2135464588645846,0.0,run-20260801-182959-508f,2026-08-01T18:29:59Z
taillard/tai50_5_4,,50,5,IG,456,2863,1.1742899590171874,0.0,run-20260801-183000-be36,2026-08-01T18:30:00Z
taillard/tai50_5_4,,50,5,IG,789,2863,1.1735635881777853,0.0,run-20260801-183001-e623,2026-08-01T18:30:01Z
taillard/tai50_5_4,,50,5,IG,2025,2863,1.2051211569923908,0.0,run-20260801-183002-6f08,2026-08-01T18:30:02Z
taillard/tai50_5_5,,50,5,IG,42,2829,1.4884077468886971,0.0,run-20260801-183004-637f,2026-08-01T18:30:04Z
taillard/tai50_5_5,,50,5,IG,123,2829,1.444969800999388,0.0,run-20260801-183005-26c5,2026-08-01T18:30:05Z
taillard/tai50_5_5,,50,5,IG,456,2829,1.460432724095881,0.0,run-20260801-183007-6992,2026-08-01T18:30:07Z
taillard/tai50_5_5,,50,5,IG,789,2829,1.4710183918941766,0.0,run-20260801-183008-4e56,2026-08-01T18:30:08Z
taillard/tai50_5_5,,50,5,IG,2025,2829,1.4563553149346262,0.0,run-20260801-183009-430c,2026-08-01T18:30:09Z
taillard/tai50_5_6,,50,5,IG,42,2725,1.5056915278546512,0.0,run-20260801-183011-680d,2026-08-01T18:30:11Z
taillard/tai50_5_6,,50,5,IG,123,2725,1.4955745958723128,0.0,run-20260801-183012-3e6f,2026-08-01T18:30:12Z
taillard/tai50_5_6,,50,5,IG,456,2725,1.5281888451427221,0.0,run-20260801-183014-4368,2026-08-01T18:30:14Z
taillard/tai50_5_6,,50,5,IG,789,2725,1.4975430199410766,0.0,run-20260801-183016-5e1e,2026-08-01T18:30:16Z
taillard/tai50_5_6,,50,5,IG,2025,2725,1.4771847710944712,0.0,run-20260801-183017-55cb,2026-08-01T18:30:17Z
taillard/tai50_5_7,,50,5,IG,42,2683,1.447615777142346,0.0,run-20260801-183018-e110,2026-08-01T18:30:18Z
taillard/tai50_5_7,,50,5,IG,123,2683,1.41631782008335,0.0,run-20260801-183020-8e21,2026-08-01T18:30:20Z
taillard/tai50_5_7,,50,5,IG,456,2683,1.4503594778943807,0.0,run-20260801-183021-3032,2026-08-01T18:30:21Z
taillard/tai50_5_7,,50,5,IG,789,2683,1.420367191080004,0.0,run-20260801-183023-3a93,2026-08-01T18:30:23Z
taillard/tai50_5_7,,50,5,IG,2025,2683,1.430491441162303,0.0,run-20260801-183024-f95e,2026-08-01T18:30:24Z
taillard/tai50_5_8,,50,5,IG,42,2554,1.4757403789553791,0.07836990595611286,run-20260801-183026-f66d,2026-08-01T18:30:26Z
taillard/tai50_5_8,,50,5,IG,123,2561,1.4294772760476917,0.35266457680250785,run-20260801-183027-999d,2026-08-01T18:30:27Z
taillard/tai50_5_8,,50,5,IG,456,2552,1.5281071469653398,0.0,run-20260801-183029-5e79,2026-08-01T18:30:29Z
taillard/tai50_5_8,,50,5,IG,789,2553,1.4697802469599992,0.03918495297805643,run-20260801-183030-70bd,2026-08-01T18:30:30Z
taillard/tai50_5_8,,50,5,IG,2025,2554,1.4664503580424935,0.07836990595611286,run-20260801-183032-1f8f,2026-08-01T18:30:32Z
taillard/tai50_5_9,,50,5,IG,42,2782,1.278934686910361,0.0,run-20260801-183033-1d2e,2026-08-01T18:30:33Z
taillard/tai50_5_9,,50,5,IG,123,2782,1.2767844509799033,0.0,run-20260801-183034-bde2,2026-08-01T18:30:34Z
taillard/tai50_5_9,,50,5,IG,456,2782,1.2775701158680022,0.0,run-20260801-183035-372c,2026-08-01T18:30:35Z
taillard/tai50_5_9,,50,5,IG,789,2782,1.2700403151102364,0.0,run-20260801-183037-27a4,2026-08-01T18:30:37Z
taillard/tai50_5_9,,50,5,IG,2025,2782,1.260111042065546,0.0,run-20260801-183038-341e,2026-08-01T18:30:38Z
vrf/VFR10_10_10_Gap,Small,10,10,IG,42,1099,0.5604366010520607,0.0,run-20260801-183039-f2a4,2026-08-01T18:30:39Z
vrf/VFR10_10_10_Gap,Small,10,10,IG,123,1099,0.5822768618818372,0.0,run-20260801-183039-b312,2026-08-01T18:30:39Z
vrf/VFR10_10_10_Gap,Small,10,10,IG,456,1099,0.5612909060437232,0.0,run-20260801-183040-a43d,2026-08-01T18:30:40Z
vrf/VFR10_10_10_Gap,Small,10,10,IG,789,1099,0.5533073740079999,0.0,run-20260801-183040-51b5,2026-08-01T18:30:40Z
vrf/VFR10_10_10_Gap,Small,10,10,IG,2025,1099,0.5706501479726285,0.0,run-20260801-183041-5ecc,2026-08-01T18:30:41Z
vrf/VFR10_10_1_Gap,Small,10,10,IG,42,1097,0.5937836489174515,0.0,run-20260801-183041-1b19,2026-08-01T18:30:41Z
vrf/VFR10_10_1_Gap,Small,10,10,IG,123,1097,0.5952216268051416,0.0,run-20260801-183042-64b4,2026-08-01T18:30:42Z
vrf/VFR10_10_1_Gap,Small,10,10,IG,456,1097,0.5912730318959802,0.0,run-20260801-183043-61cb,2026-08-01T18:30:43Z
vrf/VFR10_10_1_Gap,Small,10,10,IG,789,1097,0.59256233391352,0.0,run-20260801-183043-7709,2026-08-01T18:30:43Z
vrf/VFR10_10_1_Gap,Small,10,10,IG,2025,1097,0.5827461201697588,0.0,run-20260801-183044-e718,2026-08-01T18:30:44Z
vrf/VFR10_10_2_Gap,Small,10,10,IG,42,1146,0.49267492396757007,0.0,run-20260801-183044-316a,2026-08-01T18:30:44Z
vrf/VFR10_10_2_Gap,Small,10,10,IG,123,1146,0.48486636904999614,0.0,run-20260801-183045-7252,2026-08-01T18:30:45Z
vrf/VFR10_10_2_Gap,Small,10,10,IG,456,1146,0.4914192771539092,0.0,run-20260801-183045-d59a,2026-08-01T18:30:45Z
vrf/VFR10_10_2_Gap,Small,10,10,IG,789,1146,0.496485929004848,0.0,run-20260801-183046-68a3,2026-08-01T18:30:46Z
vrf/VFR10_10_2_Gap,Small,10,10,IG,2025,1146,0.4786975830793381,0.0,run-20260801-183046-3a14,2026-08-01T18:30:46Z
vrf/VFR10_10_3_Gap,Small,10,10,IG,42,1124,0.5799779070075601,0.0,run-20260801-183047-7cec,2026-08-01T18:30:47Z
vrf/VFR10_10_3_Gap,Small,10,10,IG,123,1124,0.5871223860885948,0.0,run-20260801-183047-dd23,2026-08-01T18:30:47Z
vrf/VFR10_10_3_Gap,Small,10,10,IG,456,1124,0.5774377682246268,0.0,run-20260801-183048-03a1,2026-08-01T18:30:48Z
vrf/VFR10_10_3_Gap,Small,10,10,IG,789,1124,0.570661204867065,0.0,run-20260801-183049-28fb,2026-08-01T18:30:49Z
vrf/VFR10_10_3_Gap,Small,10,10,IG,2025,1124,0.5856043389067054,0.0,run-20260801-183049-a201,2026-08-01T18:30:49Z
vrf/VFR10_10_4_Gap,Small,10,10,IG,42,1038,0.5592085691168904,0.0,run-20260801-183050-9681,2026-08-01T18:30:50Z
vrf/VFR10_10_4_Gap,Small,10,10,IG,123,1038,0.5273026321083307,0.0,run-20260801-183050-03c0,2026-08-01T18:30:50Z
vrf/VFR10_10_4_Gap,Small,10,10,IG,456,1038,0.5261858308222145,0.0,run-20260801-183051-509d,2026-08-01T18:30:51Z
vrf/VFR10_10_4_Gap,Small,10,10,IG,789,1038,0.5161605849862099,0.0,run-20260801-183051-4ad8,2026-08-01T18:30:51Z
vrf/VFR10_10_4_Gap,Small,10,10,IG,2025,1038,0.5173751758411527,0.0,run-20260801-183052-3015,2026-08-01T18:30:52Z
vrf/VFR10_10_5_Gap,Small,10,10,IG,42,1093,0.555677492171526,0.0,run-20260801-183052-34c5,2026-08-01T18:30:52Z
vrf/VFR10_10_5_Gap,Small,10,10,IG,123,1093,0.5293576959520578,0.0,run-20260801-183053-635f,2026-08-01T18:30:53Z
vrf/VFR10_10_5_Gap,Small,10,10,IG,456,1093,0.5524144649971277,0.0,run-20260801-183053-a48a,2026-08-01T18:30:53Z
vrf/VFR10_10_5_Gap,Small,10,10,IG,789,1093,0.5600702869705856,0.0,run-20260801-183054-6acb,2026-08-01T18:30:54Z
vrf/VFR10_10_5_Gap,Small,10,10,IG,2025,1093,0.5456130588427186,0.0,run-20260801-183055-020e,2026-08-01T18:30:55Z
vrf/VFR10_10_6_Gap,Small,10,10,IG,42,1085,0.5388943909201771,0.0,run-20260801-183055-5f5d,2026-08-01T18:30:55Z
vrf/VFR10_10_6_Gap,Small,10,10,IG,123,1085,0.5365386840421706,0.0,run-20260801-183056-73bc,2026-08-01T18:30:56Z
vrf/VFR10_10_6_Gap,Small,10,10,IG,456,1085,0.5493119261227548,0.0,run-20260801-183056-2501,2026-08-01T18:30:56Z
vrf/VFR10_10_6_Gap,Small,10,10,IG,789,1085,0.5373810839373618,0.0,run-20260801-183057-4f0c,2026-08-01T18:30:57Z
vrf/VFR10_10_6_Gap,Small,10,10,IG,2025,1085,0.5602128070313483,0.0,run-20260801-183057-f1cc,2026-08-01T18:30:57Z
vrf/VFR10_10_7_Gap,Small,10,10,IG,42,1115,0.5435773958452046,0.0,run-20260801-183058-48cb,2026-08-01T18:30:58Z
vrf/VFR10_10_7_Gap,Small,10,10,IG,123,1115,0.5402691478375345,0.0,run-20260801-183058-a6d4,2026-08-01T18:30:58Z
vrf/VFR10_10_7_Gap,Small,10,10,IG,456,1115,0.5387284730095416,0.0,run-20260801-183059-b1fb,2026-08-01T18:30:59Z
vrf/VFR10_10_7_Gap,Small,10,10,IG,789,1115,0.5453774558845907,0.0,run-20260801-183059-326b,2026-08-01T18:30:59Z
vrf/VFR10_10_7_Gap,Small,10,10,IG,2025,1115,0.5221435441635549,0.0,run-20260801-183100-8a7e,2026-08-01T18:31:00Z
vrf/VFR10_10_8_Gap,Small,10,10,IG,42,1113,0.5021510468795896,0.0,run-20260801-183101-a778,2026-08-01T18:31:01Z
vrf/VFR10_10_8_Gap,Small,10,10,IG,123,1113,0.5086095600854605,0.0,run-20260801-183101-b0b2,2026-08-01T18:31:01Z
vrf/VFR10_10_8_Gap,Small,10,10,IG,456,1113,0.49294460099190474,0.0,run-20260801-183102-2908,2026-08-01T18:31:02Z
vrf/VFR10_10_8_Gap,Small,10,10,IG,789,1113,0.5027849038597196,0.0,run-20260801-183102-eb1e,2026-08-01T18:31:02Z
vrf/VFR10_10_8_Gap,Small,10,10,IG,2025,1113,0.5118118380196393,0.0,run-20260801-183103-f9f9,2026-08-01T18:31:03Z
vrf/VFR10_10_9_Gap,Small,10,10,IG,42,1045,0.6162174721248448,0.0,run-20260801-183103-8aae,2026-08-01T18:31:03Z
vrf/VFR10_10_9_Gap,Small,10,10,IG,123,1045,0.628835563082248,0.0,run-20260801-183104-2769,2026-08-01T18:31:04Z
vrf/VFR10_10_9_Gap,Small,10,10,IG,456,1045,0.6395739298313856,0.0,run-20260801-183104-9810,2026-08-01T18:31:04Z
vrf/VFR10_10_9_Gap,Small,10,10,IG,789,1045,0.6052572410553694,0.0,run-20260801-183105-d7f7,2026-08-01T18:31:05Z
vrf/VFR10_10_9_Gap,Small,10,10,IG,2025,1045,0.6339783270377666,0.0,run-20260801-183106-3997,2026-08-01T18:31:06Z
vrf/VFR10_15_10_Gap,Small,10,15,IG,42,1461,0.8910894088912755,0.0,run-20260801-183107-8586,2026-08-01T18:31:07Z
vrf/VFR10_15_10_Gap,Small,10,15,IG,123,1461,0.8977545248344541,0.0,run-20260801-183107-f335,2026-08-01T18:31:07Z
vrf/VFR10_15_10_Gap,Small,10,15,IG,456,1461,0.8760612320620567,0.0,run-20260801-183108-3799,2026-08-01T18:31:08Z
vrf/VFR10_15_10_Gap,Small,10,15,IG,789,1461,0.8940841238945723,0.0,run-20260801-183109-6750,2026-08-01T18:31:09Z
vrf/VFR10_15_10_Gap,Small,10,15,IG,2025,1461,0.8847996219992638,0.0,run-20260801-183110-a870,2026-08-01T18:31:10Z
vrf/VFR10_15_1_Gap,Small,10,15,IG,42,1307,0.7966608160641044,0.0,run-20260801-183111-cce0,2026-08-01T18:31:11Z
vrf/VFR10_15_1_Gap,Small,10,15,IG,123,1307,0.7965876269154251,0.0,run-20260801-183112-832e,2026-08-01T18:31:12Z
vrf/VFR10_15_1_Gap,Small,10,15,IG,456,1307,0.7931128558702767,0.0,run-20260801-183113-a01e,2026-08-01T18:31:13Z
vrf/VFR10_15_1_Gap,Small,10,15,IG,789,1307,0.7871425640769303,0.0,run-20260801-183113-0f5b,2026-08-01T18:31:13Z
vrf/VFR10_15_1_Gap,Small,10,15,IG,2025,1307,0.7984030221123248,0.0,run-20260801-183114-66a4,2026-08-01T18:31:14Z
vrf/VFR10_15_2_Gap,Small,10,15,IG,42,1399,0.8052717309910804,0.0,run-20260801-183115-d6c2,2026-08-01T18:31:15Z
vrf/VFR10_15_2_Gap,Small,10,15,IG,123,1399,0.8140523659531027,0.0,run-20260801-183116-caa5,2026-08-01T18:31:16Z
vrf/VFR10_15_2_Gap,Small,10,15,IG,456,1399,0.8155895608942956,0.0,run-20260801-183117-b32c,2026-08-01T18:31:17Z
vrf/VFR10_15_2_Gap,Small,10,15,IG,789,1399,0.8122483359184116,0.0,run-20260801-183117-832a,2026-08-01T18:31:17Z
vrf/VFR10_15_2_Gap,Small,10,15,IG,2025,1399,0.7996340810786933,0.0,run-20260801-183118-c6ec,2026-08-01T18:31:18Z
vrf/VFR10_15_3_Gap,Small,10,15,IG,42,1398,0.9035837000701576,0.0,run-20260801-183119-0822,2026-08-01T18:31:19Z
vrf/VFR10_15_3_Gap,Small,10,15,IG,123,1398,0.8987117728684098,0.0,run-20260801-183120-e65f,2026-08-01T18:31:20Z
vrf/VFR10_15_3_Gap,Small,10,15,IG,456,1398,0.8989317258819938,0.0,run-20260801-183121-a462,2026-08-01T18:31:21Z
vrf/VFR10_15_3_Gap,Small,10,15,IG,789,1398,0.9123319732025266,0.0,run-20260801-183122-2b83,2026-08-01T18:31:22Z
vrf/VFR10_15_3_Gap,Small,10,15,IG,2025,1398,0.9202550069894642,0.0,run-20260801-183123-0130,2026-08-01T18:31:23Z
vrf/VFR10_15_4_Gap,Small,10,15,IG,42,1452,0.8403128101490438,0.0,run-20260801-183124-7033,2026-08-01T18:31:24Z
vrf/VFR10_15_4_Gap,Small,10,15,IG,123,1452,0.8376783488783985,0.0,run-20260801-183124-5331,2026-08-01T18:31:24Z
vrf/VFR10_15_4_Gap,Small,10,15,IG,456,1452,0.8346027629449964,0.0,run-20260801-183125-98df,2026-08-01T18:31:25Z
vrf/VFR10_15_4_Gap,Small,10,15,IG,789,1452,0.8261100030504167,0.0,run-20260801-183126-9ead,2026-08-01T18:31:26Z
vrf/VFR10_15_4_Gap,Small,10,15,IG,2025,1452,0.8371485488023609,0.0,run-20260801-183127-2334,2026-08-01T18:31:27Z
vrf/VFR10_15_5_Gap,Small,10,15,IG,42,1373,0.831800953950733,0.0,run-20260801-183128-a5b6,2026-08-01T18:31:28Z
vrf/VFR10_15_5_Gap,Small,10,15,IG,123,1373,0.8253309780266136,0.0,run-20260801-183129-4339,2026-08-01T18:31:29Z
vrf/VFR10_15_5_Gap,Small,10,15,IG,456,1373,0.8431775139179081,0.0,run-20260801-183129-e0d0,2026-08-01T18:31:29Z
vrf/VFR10_15_5_Gap,Small,10,15,IG,789,1373,0.8481611639726907,0.0,run-20260801-183130-90de,2026-08-01T18:31:30Z
vrf/VFR10_15_5_Gap,Small,10,15,IG,2025,1373,0.8313595098443329,0.0,run-20260801-183131-9cc0,2026-08-01T18:31:31Z
vrf/VFR10_15_6_Gap,Small,10,15,IG,42,1329,0.7536740321666002,0.0,run-20260801-183132-0961,2026-08-01T18:31:32Z
vrf/VFR10_15_6_Gap,Small,10,15,IG,123,1329,0.748462573159486,0.0,run-20260801-183133-59d6,2026-08-01T18:31:33Z
vrf/VFR10_15_6_Gap,Small,10,15,IG,456,1329,0.743515478912741,0.0,run-20260801-183133-7f0a,2026-08-01T18:31:33Z
vrf/VFR10_15_6_Gap,Small,10,15,IG,789,1329,0.7585750059224665,0.0,run-20260801-183134-8705,2026-08-01T18:31:34Z
vrf/VFR10_15_6_Gap,Small,10,15,IG,2025,1329,0.7540285559371114,0.0,run-20260801-183135-eabb,2026-08-01T18:31:35Z
vrf/VFR10_15_7_Gap,Small,10,15,IG,42,1445,0.7053242458496243,0.0,run-20260801-183136-0542,2026-08-01T18:31:36Z
vrf/VFR10_15_7_Gap,Small,10,15,IG,123,1445,0.6789979699533433,0.0,run-20260801-183136-7f5c,2026-08-01T18:31:36Z
vrf/VFR10_15_7_Gap,Small,10,15,IG,456,1445,0.7023443060461432,0.0,run-20260801-183137-cad5,2026-08-01T18:31:37Z
vrf/VFR10_15_7_Gap,Small,10,15,IG,789,1445,0.6861969348974526,0.0,run-20260801-183138-7db8,2026-08-01T18:31:38Z
vrf/VFR10_15_7_Gap,Small,10,15,IG,2025,1445,0.6906548719853163,0.0,run-20260801-183138-183a,2026-08-01T18:31:38Z
vrf/VFR10_15_8_Gap,Small,10,15,IG,42,1443,0.8617959748953581,0.0,run-20260801-183139-67fc,2026-08-01T18:31:39Z
vrf/VFR10_15_8_Gap,Small,10,15,IG,123,1443,0.8895820630714297,0.0,run-20260801-183140-6969,2026-08-01T18:31:40Z
vrf/VFR10_15_8_Gap,Small,10,15,IG,456,1443,0.8387683441396803,0.0,run-20260801-183141-55c0,2026-08-01T18:31:41Z
vrf/VFR10_15_8_Gap,Small,10,15,IG,789,1443,0.9031343031674623,0.0,run-20260801-183142-1e3b,2026-08-01T18:31:42Z
vrf/VFR10_15_8_Gap,Small,10,15,IG,2025,1443,0.8721428029239178,0.0,run-20260801-183143-7744,2026-08-01T18:31:43Z
vrf/VFR10_15_9_Gap,Small,10,15,IG,42,1428,0.9638955700211227,0.0,run-20260801-183144-5cad,2026-08-01T18:31:44Z
vrf/VFR10_15_9_Gap,Small,10,15,IG,123,1428,0.9578875019215047,0.0,run-20260801-183145-f2da,2026-08-01T18:31:45Z
vrf/VFR10_15_9_Gap,Small,10,15,IG,456,1428,0.9653466900344938,0.0,run-20260801-183146-1bca,2026-08-01T18:31:46Z
vrf/VFR10_15_9_Gap,Small,10,15,IG,789,1428,0.9649154930375516,0.0,run-20260801-183147-cbf5,2026-08-01T18:31:47Z
vrf/VFR10_15_9_Gap,Small,10,15,IG,2025,1428,0.9458848279900849,0.0,run-20260801-183147-a8f7,2026-08-01T18:31:47Z
vrf/VFR10_20_10_Gap,Small,10,20,IG,42,1663,1.0772721599787474,0.0,run-20260801-183149-9dd7,2026-08-01T18:31:49Z
vrf/VFR10_20_10_Gap,Small,10,20,IG,123,1663,1.0954174250364304,0.0,run-20260801-183150-8ac1,2026-08-01T18:31:50Z
vrf/VFR10_20_10_Gap,Small,10,20,IG,456,1663,1.0987221621908247,0.0,run-20260801-183151-8a77,2026-08-01T18:31:51Z
vrf/VFR10_20_10_Gap,Small,10,20,IG,789,1663,1.1141809818800539,0.0,run-20260801-183152-ff27,2026-08-01T18:31:52Z
vrf/VFR10_20_10_Gap,Small,10,20,IG,2025,1663,1.084489154163748,0.0,run-20260801-183153-32c7,2026-08-01T18:31:53Z
vrf/VFR10_20_1_Gap,Small,10,20,IG,42,1652,1.1186522929929197,0.0,run-20260801-183154-a40c,2026-08-01T18:31:54Z
vrf/VFR10_20_1_Gap,Small,10,20,IG,123,1652,1.1499143480323255,0.0,run-20260801-183155-ed7d,2026-08-01T18:31:55Z
vrf/VFR10_20_1_Gap,Small,10,20,IG,456,1652,1.1415531099773943,0.0,run-20260801-183156-3b79,2026-08-01T18:31:56Z
vrf/VFR10_20_1_Gap,Small,10,20,IG,789,1652,1.1296979519538581,0.0,run-20260801-183158-2149,2026-08-01T18:31:58Z
vrf/VFR10_20_1_Gap,Small,10,20,IG,2025,1652,1.1115550200920552,0.0,run-20260801-183159-173a,2026-08-01T18:31:59Z
vrf/VFR10_20_2_Gap,Small,10,20,IG,42,1759,1.0769772080238909,0.0,run-20260801-183200-90a7,2026-08-01T18:32:00Z
vrf/VFR10_20_2_Gap,Small,10,20,IG,123,1759,1.1713765850290656,0.0,run-20260801-183201-d2c2,2026-08-01T18:32:01Z
vrf/VFR10_20_2_Gap,Small,10,20,IG,456,1759,1.150266710901633,0.0,run-20260801-183202-50e7,2026-08-01T18:32:02Z
vrf/VFR10_20_2_Gap,Small,10,20,IG,789,1759,1.1510442229919136,0.0,run-20260801-183203-3e1a,2026-08-01T18:32:03Z
vrf/VFR10_20_2_Gap,Small,10,20,IG,2025,1759,1.1007736579049379,0.0,run-20260801-183204-fd7b,2026-08-01T18:32:04Z
vrf/VFR10_20_3_Gap,Small,10,20,IG,42,1726,1.106027086963877,0.0,run-20260801-183205-b3c6,2026-08-01T18:32:05Z
vrf/VFR10_20_3_Gap,Small,10,20,IG,123,1726,1.1107572421897203,0.0,run-20260801-183207-e366,2026-08-01T18:32:07Z
vrf/VFR10_20_3_Gap,Small,10,20,IG,456,1726,1.0896951609756798,0.0,run-20260801-183208-d15d,2026-08-01T18:32:08Z
vrf/VFR10_20_3_Gap,Small,10,20,IG,789,1726,1.0934617698658258,0.0,run-20260801-183209-e35e,2026-08-01T18:32:09Z
vrf/VFR10_20_3_Gap,Small,10,20,IG,2025,1726,1.0932167989667505,0.0,run-20260801-183210-dd73,2026-08-01T18:32:10Z
vrf/VFR10_20_4_Gap,Small,10,20,IG,42,1678,1.0102441268973053,0.0,run-20260801-183211-e621,2026-08-01T18:32:11Z
vrf/VFR10_20_4_Gap,Small,10,20,IG,123,1678,1.0096323271282017,0.0,run-20260801-183212-0e17,2026-08-01T18:32:12Z
vrf/VFR10_20_4_Gap,Small,10,20,IG,456,1678,1.0423258510418236,0.0,run-20260801-183213-340c,2026-08-01T18:32:13Z
vrf/VFR10_20_4_Gap,Small,10,20,IG,789,1678,1.0487810929771513,0.0,run-20260801-183214-55ac,2026-08-01T18:32:14Z
vrf/VFR10_20_4_Gap,Small,10,20,IG,2025,1678,1.0716963720042259,0.0,run-20260801-183215-a929,2026-08-01T18:32:15Z
vrf/VFR10_20_5_Gap,Small,10,20,IG,42,1700,0.9672285709530115,0.0,run-20260801-183216-2bc2,2026-08-01T18:32:16Z
vrf/VFR10_20_5_Gap,Small,10,20,IG,123,1700,0.9386943790595978,0.0,run-20260801-183217-d00c,2026-08-01T18:32:17Z
vrf/VFR10_20_5_Gap,Small,10,20,IG,456,1700,0.9373737771529704,0.0,run-20260801-183218-bcd6,2026-08-01T18:32:18Z
vrf/VFR10_20_5_Gap,Small,10,20,IG,789,1700,0.9372717251535505,0.0,run-20260801-183219-c764,2026-08-01T18:32:19Z
vrf/VFR10_20_5_Gap,Small,10,20,IG,2025,1700,0.9678360589314252,0.0,run-20260801-183220-27f9,2026-08-01T18:32:20Z
vrf/VFR10_20_6_Gap,Small,10,20,IG,42,1889,0.961501563899219,0.0,run-20260801-183221-44be,2026-08-01T18:32:21Z
vrf/VFR10_20_6_Gap,Small,10,20,IG,123,1889,0.9484131191857159,0.0,run-20260801-183222-99ae,2026-08-01T18:32:22Z
vrf/VFR10_20_6_Gap,Small,10,20,IG,456,1889,0.9864157370757312,0.0,run-20260801-183223-b0ed,2026-08-01T18:32:23Z
vrf/VFR10_20_6_Gap,Small,10,20,IG,789,1889,0.9735753790009767,0.0,run-20260801-183224-ee59,2026-08-01T18:32:24Z
vrf/VFR10_20_6_Gap,Small,10,20,IG,2025,1889,0.9747035710606724,0.0,run-20260801-183225-448a,2026-08-01T18:32:25Z
vrf/VFR10_20_7_Gap,Small,10,20,IG,42,1678,0.9487940839026123,0.0,run-20260801-183226-3725,2026-08-01T18:32:26Z
vrf/VFR10_20_7_Gap,Small,10,20,IG,123,1683,0.9289812610950321,0.29797377830750893,run-20260801-183226-85c9,2026-08-01T18:32:26Z
vrf/VFR10_20_7_Gap,Small,10,20,IG,456,1678,0.9286856839898974,0.0,run-20260801-183227-99e1,2026-08-01T18:32:27Z
vrf/VFR10_20_7_Gap,Small,10,20,IG,789,1678,0.9232237411197275,0.0,run-20260801-183228-f573,2026-08-01T18:32:28Z
vrf/VFR10_20_7_Gap,Small,10,20,IG,2025,1678,0.9376658250112087,0.0,run-20260801-183229-0f92,2026-08-01T18:32:29Z
vrf/VFR10_20_8_Gap,Small,10,20,IG,42,1655,1.221649216953665,0.0,run-20260801-183230-f551,2026-08-01T18:32:30Z
vrf/VFR10_20_8_Gap,Small,10,20,IG,123,1655,1.2425484510604292,0.0,run-20260801-183232-bd9e,2026-08-01T18:32:32Z
vrf/VFR10_20_8_Gap,Small,10,20,IG,456,1655,1.247176978038624,0.0,run-20260801-183233-3c54,2026-08-01T18:32:33Z
vrf/VFR10_20_8_Gap,Small,10,20,IG,789,1655,1.225478065898642,0.0,run-20260801-183234-600a,2026-08-01T18:32:34Z
vrf/VFR10_20_8_Gap,Small,10,20,IG,2025,1655,1.2386451759375632,0.0,run-20260801-183235-09de,2026-08-01T18:32:35Z
vrf/VFR10_20_9_Gap,Small,10,20,IG,42,1706,0.9601197829470038,0.0,run-20260801-183236-c8f0,2026-08-01T18:32:36Z
vrf/VFR10_20_9_Gap,Small,10,20,IG,123,1706,0.97198591590859,0.0,run-20260801-183237-162d,2026-08-01T18:32:37Z
vrf/VFR10_20_9_Gap,Small,10,20,IG,456,1706,1.016592366853729,0.0,run-20260801-183238-4653,2026-08-01T18:32:38Z
vrf/VFR10_20_9_Gap,Small,10,20,IG,789,1706,0.9662071799393743,0.0,run-20260801-183239-31b2,2026-08-01T18:32:39Z
vrf/VFR10_20_9_Gap,Small,10,20,IG,2025,1706,0.9666124801151454,0.0,run-20260801-183240-3069,2026-08-01T18:32:40Z
vrf/VFR10_5_10_Gap,Small,10,5,IG,42,664,0.28092894493602216,0.0,run-20260801-183241-16fe,2026-08-01T18:32:41Z
vrf/VFR10_5_10_Gap,Small,10,5,IG,123,664,0.2824132600799203,0.0,run-20260801-183241-982b,2026-08-01T18:32:41Z
vrf/VFR10_5_10_Gap,Small,10,5,IG,456,664,0.27552602416835725,0.0,run-20260801-183241-f956,2026-08-01T18:32:41Z
vrf/VFR10_5_10_Gap,Small,10,5,IG,789,664,0.2740799530874938,0.0,run-20260801-183241-df37,2026-08-01T18:32:41Z
vrf/VFR10_5_10_Gap,Small,10,5,IG,2025,664,0.26734528387896717,0.0,run-20260801-183242-5d7f,2026-08-01T18:32:42Z
vrf/VFR10_5_1_Gap,Small,10,5,IG,42,695,0.24084589001722634,0.0,run-20260801-183242-8750,2026-08-01T18:32:42Z
vrf/VFR10_5_1_Gap,Small,10,5,IG,123,695,0.24121644394472241,0.0,run-20260801-183242-629c,2026-08-01T18:32:42Z
vrf/VFR10_5_1_Gap,Small,10,5,IG,456,695,0.2415336340200156,0.0,run-20260801-183242-3868,2026-08-01T18:32:42Z
vrf/VFR10_5_1_Gap,Small,10,5,IG,789,695,0.2429312609601766,0.0,run-20260801-183243-397a,2026-08-01T18:32:43Z
vrf/VFR10_5_1_Gap,Small,10,5,IG,2025,695,0.24200865509919822,0.0,run-20260801-183243-72bc,2026-08-01T18:32:43Z
vrf/VFR10_5_2_Gap,Small,10,5,IG,42,698,0.30719131603837013,0.0,run-20260801-183243-5b93,2026-08-01T18:32:43Z
vrf/VFR10_5_2_Gap,Small,10,5,IG,123,698,0.3071217108517885,0.0,run-20260801-183244-f05a,2026-08-01T18:32:44Z
vrf/VFR10_5_2_Gap,Small,10,5,IG,456,698,0.3044791279826313,0.0,run-20260801-183244-8a3a,2026-08-01T18:32:44Z
vrf/VFR10_5_2_Gap,Small,10,5,IG,789,698,0.3250061140861362,0.0,run-20260801-183244-4624,2026-08-01T18:32:44Z
vrf/VFR10_5_2_Gap,Small,10,5,IG,2025,698,0.30267597385682166,0.0,run-20260801-183244-3a1e,2026-08-01T18:32:44Z
vrf/VFR10_5_3_Gap,Small,10,5,IG,42,728,0.29993656603619456,0.0,run-20260801-183245-95ad,2026-08-01T18:32:45Z
vrf/VFR10_5_3_Gap,Small,10,5,IG,123,728,0.2930816630832851,0.0,run-20260801-183245-b73b,2026-08-01T18:32:45Z
vrf/VFR10_5_3_Gap,Small,10,5,IG,456,728,0.304270378081128,0.0,run-20260801-183245-9e9c,2026-08-01T18:32:45Z
vrf/VFR10_5_3_Gap,Small,10,5,IG,789,728,0.2928807148709893,0.0,run-20260801-183246-ca92,2026-08-01T18:32:46Z
vrf/VFR10_5_3_Gap,Small,10,5,IG,2025,728,0.2966577769257128,0.0,run-20260801-183246-4042,2026-08-01T18:32:46Z
vrf/VFR10_5_4_Gap,Small,10,5,IG,42,697,0.26963950390927494,0.0,run-20260801-183246-5b88,2026-08-01T18:32:46Z
vrf/VFR10_5_4_Gap,Small,10,5,IG,123,697,0.26981090498156846,0.0,run-20260801-183247-94e7,2026-08-01T18:32:47Z
vrf/VFR10_5_4_Gap,Small,10,5,IG,456,697,0.262079686159268,0.0,run-20260801-183247-7c99,2026-08-01T18:32:47Z
vrf/VFR10_5_4_Gap,Small,10,5,IG,789,697,0.26897350908257067,0.0,run-20260801-183247-ae94,2026-08-01T18:32:47Z
vrf/VFR10_5_4_Gap,Small,10,5,IG,2025,697,0.2612278468441218,0.0,run-20260801-183247-6b9a,2026-08-01T18:32:47Z
vrf/VFR10_5_5_Gap,Small,10,5,IG,42,713,0.3336551471147686,0.0,run-20260801-183248-0547,2026-08-01T18:32:48Z
vrf/VFR10_5_5_Gap,Small,10,5,IG,123,713,0.33267157315276563,0.0,run-20260801-183248-d439,2026-08-01T18:32:48Z
vrf/VFR10_5_5_Gap,Small,10,5,IG,456,713,0.3385627381503582,0.0,run-20260801-183248-3f81,2026-08-01T18:32:48Z
vrf/VFR10_5_5_Gap,Small,10,5,IG,789,713,0.33538049506023526,0.0,run-20260801-183249-43ad,2026-08-01T18:32:49Z
vrf/VFR10_5_5_Gap,Small,10,5,IG,2025,713,0.3461471078917384,0.0,run-20260801-183249-857c,2026-08-01T18:32:49Z
vrf/VFR10_5_6_Gap,Small,10,5,IG,42,748,0.304552503162995,0.0,run-20260801-183249-128f,2026-08-01T18:32:49Z
vrf/VFR10_5_6_Gap,Small,10,5,IG,123,748,0.29994787997566164,0.0,run-20260801-183250-f11f,2026-08-01T18:32:50Z
vrf/VFR10_5_6_Gap,Small,10,5,IG,456,748,0.2904838139656931,0.0,run-20260801-183250-bccd,2026-08-01T18:32:50Z
vrf/VFR10_5_6_Gap,Small,10,5,IG,789,748,0.2897479310631752,0.0,run-20260801-183250-db4b,2026-08-01T18:32:50Z
vrf/VFR10_5_6_Gap,Small,10,5,IG,2025,748,0.30352311697788537,0.0,run-20260801-183251-33e9,2026-08-01T18:32:51Z
vrf/VFR10_5_7_Gap,Small,10,5,IG,42,728,0.2712748940102756,0.0,run-20260801-183251-6c84,2026-08-01T18:32:51Z
vrf/VFR10_5_7_Gap,Small,10,5,IG,123,728,0.27166352211497724,0.0,run-20260801-183251-eee2,2026-08-01T18:32:51Z
vrf/VFR10_5_7_Gap,Small,10,5,IG,456,728,0.27043501613661647,0.0,run-20260801-183251-c2da,2026-08-01T18:32:51Z
vrf/VFR10_5_7_Gap,Small,10,5,IG,789,728,0.2705602359492332,0.0,run-20260801-183252-ef88,2026-08-01T18:32:52Z
vrf/VFR10_5_7_Gap,Small,10,5,IG,2025,728,0.27628635289147496,0.0,run-20260801-183252-423c,2026-08-01T18:32:52Z
vrf/VFR10_5_8_Gap,Small,10,5,IG,42,683,0.28246819297783077,0.0,run-20260801-183252-8821,2026-08-01T18:32:52Z
vrf/VFR10_5_8_Gap,Small,10,5,IG,123,683,0.2782831259537488,0.0,run-20260801-183252-8848,2026-08-01T18:32:52Z
vrf/VFR10_5_8_Gap,Small,10,5,IG,456,683,0.2800899390131235,0.0,run-20260801-183253-f1b8,2026-08-01T18:32:53Z
vrf/VFR10_5_8_Gap,Small,10,5,IG,789,683,0.2708836591336876,0.0,run-20260801-183253-b363,2026-08-01T18:32:53Z
vrf/VFR10_5_8_Gap,Small,10,5,IG,2025,683,0.2822035199496895,0.0,run-20260801-183253-82b8,2026-08-01T18:32:53Z
vrf/VFR10_5_9_Gap,Small,10,5,IG,42,761,0.2859732089564204,0.0,run-20260801-183254-04e2,2026-08-01T18:32:54Z
vrf/VFR10_5_9_Gap,Small,10,5,IG,123,761,0.2851563699077815,0.0,run-20260801-183254-943c,2026-08-01T18:32:54Z
vrf/VFR10_5_9_Gap,Small,10,5,IG,456,761,0.2895489379297942,0.0,run-20260801-183254-d3a8,2026-08-01T18:32:54Z
vrf/VFR10_5_9_Gap,Small,10,5,IG,789,761,0.2841752851381898,0.0,run-20260801-183254-56ab,2026-08-01T18:32:54Z
vrf/VFR10_5_9_Gap,Small,10,5,IG,2025,761,0.2882221140898764,0.0,run-20260801-183255-bbed,2026-08-01T18:32:55Z
vrf/VFR20_10_10_Gap,Small,20,10,IG,42,1489,1.038254673127085,0.0,run-20260801-183256-30cd,2026-08-01T18:32:56Z
vrf/VFR20_10_10_Gap,Small,20,10,IG,123,1490,1.0675578720401973,0.0671591672263264,run-20260801-183257-3470,2026-08-01T18:32:57Z
vrf/VFR20_10_10_Gap,Small,20,10,IG,456,1490,1.0843731900677085,0.0671591672263264,run-20260801-183258-3f39,2026-08-01T18:32:58Z
vrf/VFR20_10_10_Gap,Small,20,10,IG,789,1489,1.001491597853601,0.0,run-20260801-183259-78ed,2026-08-01T18:32:59Z
vrf/VFR20_10_10_Gap,Small,20,10,IG,2025,1489,1.096908045001328,0.0,run-20260801-183300-74fa,2026-08-01T18:33:00Z
vrf/VFR20_10_1_Gap,Small,20,10,IG,42,1537,1.1064943068195134,0.3263707571801567,run-20260801-183301-3248,2026-08-01T18:33:01Z
vrf/VFR20_10_1_Gap,Small,20,10,IG,123,1536,1.1231518930289894,0.26109660574412535,run-20260801-183302-b31e,2026-08-01T18:33:02Z
vrf/VFR20_10_1_Gap,Small,20,10,IG,456,1536,1.1167490459047258,0.26109660574412535,run-20260801-183303-1747,2026-08-01T18:33:03Z
vrf/VFR20_10_1_Gap,Small,20,10,IG,789,1535,1.1327868369407952,0.195822454308094,run-20260801-183304-333c,2026-08-01T18:33:04Z
vrf/VFR20_10_1_Gap,Small,20,10,IG,2025,1537,1.0704126481432468,0.3263707571801567,run-20260801-183306-b13c,2026-08-01T18:33:06Z
vrf/VFR20_10_2_Gap,Small,20,10,IG,42,1525,1.0741616890300065,0.0,run-20260801-183307-fb55,2026-08-01T18:33:07Z
vrf/VFR20_10_2_Gap,Small,20,10,IG,123,1526,1.0754473560955375,0.06557377049180328,run-20260801-183308-ac62,2026-08-01T18:33:08Z
vrf/VFR20_10_2_Gap,Small,20,10,IG,456,1525,1.1136955278925598,0.0,run-20260801-183309-50b0,2026-08-01T18:33:09Z
vrf/VFR20_10_2_Gap,Small,20,10,IG,789,1525,1.0828540970105678,0.0,run-20260801-183310-30b8,2026-08-01T18:33:10Z
vrf/VFR20_10_2_Gap,Small,20,10,IG,2025,1525,1.1038956749252975,0.0,run-20260801-183311-a919,2026-08-01T18:33:11Z
vrf/VFR20_10_3_Gap,Small,20,10,IG,42,1592,1.1975862849503756,0.0,run-20260801-183312-24a4,2026-08-01T18:33:12Z
vrf/VFR20_10_3_Gap,Small,20,10,IG,123,1593,1.1477549108676612,0.06281407035175879,run-20260801-183313-7144,2026-08-01T18:33:13Z
vrf/VFR20_10_3_Gap,Small,20,10,IG,456,1592,1.1624213221948594,0.0,run-20260801-183315-1c52,2026-08-01T18:33:15Z
vrf/VFR20_10_3_Gap,Small,20,10,IG,789,1592,1.158304045908153,0.0,run-20260801-183316-dc21,2026-08-01T18:33:16Z
vrf/VFR20_10_3_Gap,Small,20,10,IG,2025,1592,1.209246332058683,0.0,run-20260801-183317-7b10,2026-08-01T18:33:17Z
vrf/VFR20_10_4_Gap,Small,20,10,IG,42,1449,1.0282049421221018,0.4854368932038835,run-20260801-183318-79c2,2026-08-01T18:33:18Z
vrf/VFR20_10_4_Gap,Small,20,10,IG,123,1451,1.1060116849839687,0.624133148404993,run-20260801-183319-74f5,2026-08-01T18:33:19Z
vrf/VFR20_10_4_Gap,Small,20,10,IG,456,1442,1.103073339909315,0.0,run-20260801-183320-e697,2026-08-01T18:33:20Z
vrf/VFR20_10_4_Gap,Small,20,10,IG,789,1454,1.1181084958370775,0.8321775312066574,run-20260801-183321-0596,2026-08-01T18:33:21Z
vrf/VFR20_10_4_Gap,Small,20,10,IG,2025,1454,1.0613434279803187,0.8321775312066574,run-20260801-183322-4bad,2026-08-01T18:33:22Z
vrf/VFR20_10_5_Gap,Small,20,10,IG,42,1604,1.0901365398894995,0.0,run-20260801-183323-0408,2026-08-01T18:33:23Z
vrf/VFR20_10_5_Gap,Small,20,10,IG,123,1614,1.1189028739463538,0.6234413965087282,run-20260801-183325-765a,2026-08-01T18:33:25Z
vrf/VFR20_10_5_Gap,Small,20,10,IG,456,1606,1.0761521318927407,0.12468827930174564,run-20260801-183326-aef6,2026-08-01T18:33:26Z
vrf/VFR20_10_5_Gap,Small,20,10,IG,789,1604,1.1242268620990217,0.0,run-20260801-183327-8664,2026-08-01T18:33:27Z
vrf/VFR20_10_5_Gap,Small,20,10,IG,2025,1609,1.1381736588664353,0.3117206982543641,run-20260801-183328-01bc,2026-08-01T18:33:28Z
vrf/VFR20_10_6_Gap,Small,20,10,IG,42,1584,1.2550669680349529,0.5076142131979695,run-20260801-183329-b08c,2026-08-01T18:33:29Z
vrf/VFR20_10_6_Gap,Small,20,10,IG,123,1583,1.1962771110702306,0.44416243654822335,run-20260801-183330-8529,2026-08-01T18:33:30Z
vrf/VFR20_10_6_Gap,Small,20,10,IG,456,1582,1.213216313160956,0.38071065989847713,run-20260801-183332-be7a,2026-08-01T18:33:32Z
vrf/VFR20_10_6_Gap,Small,20,10,IG,789,1584,1.1998427640646696,0.5076142131979695,run-20260801-183333-f505,2026-08-01T18:33:33Z
vrf/VFR20_10_6_Gap,Small,20,10,IG,2025,1585,1.2682472369633615,0.5710659898477157,run-20260801-183334-dbe4,2026-08-01T18:33:34Z
vrf/VFR20_10_7_Gap,Small,20,10,IG,42,1596,1.139478744007647,0.3142677561282212,run-20260801-183335-df68,2026-08-01T18:33:35Z
vrf/VFR20_10_7_Gap,Small,20,10,IG,123,1596,1.1752998819574714,0.3142677561282212,run-20260801-183336-ebfa,2026-08-01T18:33:36Z
vrf/VFR20_10_7_Gap,Small,20,10,IG,456,1592,1.0741494710091501,0.06285355122564425,run-20260801-183337-6281,2026-08-01T18:33:37Z
vrf/VFR20_10_7_Gap,Small,20,10,IG,789,1592,1.1255432069301605,0.06285355122564425,run-20260801-183339-f5ee,2026-08-01T18:33:39Z
vrf/VFR20_10_7_Gap,Small,20,10,IG,2025,1596,1.0947460420429707,0.3142677561282212,run-20260801-183340-f8d1,2026-08-01T18:33:40Z
vrf/VFR20_10_8_Gap,Small,20,10,IG,42,1580,1.1213985839858651,0.3811944091486658,run-20260801-183341-ca34,2026-08-01T18:33:41Z
vrf/VFR20_10_8_Gap,Small,20,10,IG,123,1578,1.1349721029400826,0.25412960609911056,run-20260801-183342-4b01,2026-08-01T18:33:42Z
vrf/VFR20_10_8_Gap,Small,20,10,IG,456,1580,1.1439942000433803,0.3811944091486658,run-20260801-183343-0b7e,2026-08-01T18:33:43Z
vrf/VFR20_10_8_Gap,Small,20,10,IG,789,1580,1.1219145529903471,0.3811944091486658,run-20260801-183344-b53c,2026-08-01T18:33:44Z
vrf/VFR20_10_8_Gap,Small,20,10,IG,2025,1580,1.1279136431403458,0.3811944091486658,run-20260801-183345-dd7d,2026-08-01T18:33:45Z
vrf/VFR20_10_9_Gap,Small,20,10,IG,42,1536,1.2006680758204311,0.39215686274509803,run-20260801-183347-02c4,2026-08-01T18:33:47Z
vrf/VFR20_10_9_Gap,Small,20,10,IG,123,1536,1.2888210150413215,0.39215686274509803,run-20260801-183348-4b4c,2026-08-01T18:33:48Z
vrf/VFR20_10_9_Gap,Small,20,10,IG,456,1530,1.2081818350125104,0.0,run-20260801-183349-4752,2026-08-01T18:33:49Z
vrf/VFR20_10_9_Gap,Small,20,10,IG,789,1536,1.2017954280599952,0.39215686274509803,run-20260801-183350-5d6a,2026-08-01T18:33:50Z
vrf/VFR20_10_9_Gap,Small,20,10,IG,2025,1530,1.1644094130024314,0.0,run-20260801-183351-d8ce,2026-08-01T18:33:51Z
vrf/VFR20_15_10_Gap,Small,20,15,IG,42,1871,1.6411218321882188,0.537345513164965,run-20260801-183353-de7a,2026-08-01T18:33:53Z
vrf/VFR20_15_10_Gap,Small,20,15,IG,123,1861,1.5713013981003314,0.0,run-20260801-183355-ec4e,2026-08-01T18:33:55Z
vrf/VFR20_15_10_Gap,Small,20,15,IG,456,1869,1.6352668278850615,0.42987641053197206,run-20260801-183356-1e2b,2026-08-01T18:33:56Z
vrf/VFR20_15_10_Gap,Small,20,15,IG,789,1861,1.5845592799596488,0.0,run-20260801-183358-a833,2026-08-01T18:33:58Z
vrf/VFR20_15_10_Gap,Small,20,15,IG,2025,1861,1.5916021598968655,0.0,run-20260801-183359-41c6,2026-08-01T18:33:59Z
vrf/VFR20_15_1_Gap,Small,20,15,IG,42,1936,1.6193385508377105,0.0,run-20260801-183401-c35c,2026-08-01T18:34:01Z
vrf/VFR20_15_1_Gap,Small,20,15,IG,123,1936,1.6715275219175965,0.0,run-20260801-183403-7fcd,2026-08-01T18:34:03Z
vrf/VFR20_15_1_Gap,Small,20,15,IG,456,1941,1.6133766861166805,0.25826446280991733,run-20260801-183404-e903,2026-08-01T18:34:04Z
vrf/VFR20_15_1_Gap,Small,20,15,IG,789,1941,1.5757670260500163,0.25826446280991733,run-20260801-183406-def2,2026-08-01T18:34:06Z
vrf/VFR20_15_1_Gap,Small,20,15,IG,2025,1940,1.640686348080635,0.2066115702479339,run-20260801-183408-11f0,2026-08-01T18:34:08Z
vrf/VFR20_15_2_Gap,Small,20,15,IG,42,1909,1.6877378451172262,0.2099737532808399,run-20260801-183409-6908,2026-08-01T18:34:09Z
vrf/VFR20_15_2_Gap,Small,20,15,IG,123,1905,1.6592629770748317,0.0,run-20260801-183411-998a,2026-08-01T18:34:11Z
vrf/VFR20_15_2_Gap,Small,20,15,IG,456,1906,1.573116285027936,0.05249343832020997,run-20260801-183412-6a3c,2026-08-01T18:34:12Z
vrf/VFR20_15_2_Gap,Small,20,15,IG,789,1905,1.5982081680558622,0.0,run-20260801-183414-0ffa,2026-08-01T18:34:14Z
vrf/VFR20_15_2_Gap,Small,20,15,IG,2025,1906,1.6593407501932234,0.05249343832020997,run-20260801-183416-e94a,2026-08-01T18:34:16Z
vrf/VFR20_15_3_Gap,Small,20,15,IG,42,1808,1.4958574119955301,0.5561735261401557,run-20260801-183417-3762,2026-08-01T18:34:17Z
vrf/VFR20_15_3_Gap,Small,20,15,IG,123,1798,1.44050695002079,0.0,run-20260801-183419-3a53,2026-08-01T18:34:19Z
vrf/VFR20_15_3_Gap,Small,20,15,IG,456,1807,1.5242058639414608,0.5005561735261401,run-20260801-183420-ffbd,2026-08-01T18:34:20Z
vrf/VFR20_15_3_Gap,Small,20,15,IG,789,1798,1.4857584999408573,0.0,run-20260801-183422-0705,2026-08-01T18:34:22Z
vrf/VFR20_15_3_Gap,Small,20,15,IG,2025,1798,1.4517293709795922,0.0,run-20260801-183423-e8d1,2026-08-01T18:34:23Z
vrf/VFR20_15_4_Gap,Small,20,15,IG,42,1817,1.5949018029496074,0.2206287920573635,run-20260801-183425-2206,2026-08-01T18:34:25Z
vrf/VFR20_15_4_Gap,Small,20,15,IG,123,1828,1.6998232491314411,0.827357970215113,run-20260801-183426-c445,2026-08-01T18:34:26Z
vrf/VFR20_15_4_Gap,Small,20,15,IG,456,1819,1.6416564527899027,0.3309431880860452,run-20260801-183428-bd39,2026-08-01T18:34:28Z
vrf/VFR20_15_4_Gap,Small,20,15,IG,789,1823,1.6730797770433128,0.5515719801434087,run-20260801-183430-093d,2026-08-01T18:34:30Z
vrf/VFR20_15_4_Gap,Small,20,15,IG,2025,1819,1.670792903052643,0.3309431880860452,run-20260801-183431-3223,2026-08-01T18:34:31Z
vrf/VFR20_15_5_Gap,Small,20,15,IG,42,1875,1.6131705231964588,0.0,run-20260801-183433-6d7d,2026-08-01T18:34:33Z
vrf/VFR20_15_5_Gap,Small,20,15,IG,123,1875,1.618280002148822,0.0,run-20260801-183435-1327,2026-08-01T18:34:35Z
vrf/VFR20_15_5_Gap,Small,20,15,IG,456,1888,1.5269212168641388,0.6933333333333334,run-20260801-183436-10f4,2026-08-01T18:34:36Z
vrf/VFR20_15_5_Gap,Small,20,15,IG,789,1888,1.5626583960838616,0.6933333333333334,run-20260801-183438-a3f4,2026-08-01T18:34:38Z
vrf/VFR20_15_5_Gap,Small,20,15,IG,2025,1875,1.6208291109651327,0.0,run-20260801-183439-ba20,2026-08-01T18:34:39Z
vrf/VFR20_15_6_Gap,Small,20,15,IG,42,1968,1.6971746990457177,0.40816326530612246,run-20260801-183441-c72e,2026-08-01T18:34:41Z
vrf/VFR20_15_6_Gap,Small,20,15,IG,123,1962,1.6331869589630514,0.10204081632653061,run-20260801-183443-ec52,2026-08-01T18:34:43Z
vrf/VFR20_15_6_Gap,Small,20,15,IG,456,1962,1.6527462131343782,0.10204081632653061,run-20260801-183444-a5ac,2026-08-01T18:34:44Z
vrf/VFR20_15_6_Gap,Small,20,15,IG,789,1962,1.6326418831013143,0.10204081632653061,run-20260801-183446-a558,2026-08-01T18:34:46Z
vrf/VFR20_15_6_Gap,Small,20,15,IG,2025,1962,1.6661176169291139,0.10204081632653061,run-20260801-183448-8df8,2026-08-01T18:34:48Z
vrf/VFR20_15_7_Gap,Small,20,15,IG,42,1933,1.7928574581164867,0.0,run-20260801-183449-d0d0,2026-08-01T18:34:49Z
vrf/VFR20_15_7_Gap,Small,20,15,IG,123,1933,1.797705083154142,0.0,run-20260801-183451-a4f6,2026-08-01T18:34:51Z
vrf/VFR20_15_7_Gap,Small,20,15,IG,456,1933,1.8086980860680342,0.0,run-20260801-183453-e3b3,2026-08-01T18:34:53Z
vrf/VFR20_15_7_Gap,Small,20,15,IG,789,1933,1.803372769849375,0.0,run-20260801-183455-a39b,2026-08-01T18:34:55Z
vrf/VFR20_15_7_Gap,Small,20,15,IG,2025,1933,1.865199432009831,0.0,run-20260801-183457-d922,2026-08-01T18:34:57Z
vrf/VFR20_15_8_Gap,Small,20,15,IG,42,1822,1.6451217120047659,0.0,run-20260801-183458-2b81,2026-08-01T18:34:58Z
vrf/VFR20_15_8_Gap,Small,20,15,IG,123,1822,1.603572139982134,0.0,run-20260801-183500-2dca,2026-08-01T18:35:00Z
vrf/VFR20_15_8_Gap,Small,20,15,IG,456,1822,1.5631029619835317,0.0,run-20260801-183502-d9bc,2026-08-01T18:35:02Z
vrf/VFR20_15_8_Gap,Small,20,15,IG,789,1822,1.6362419419456273,0.0,run-20260801-183503-38f2,2026-08-01T18:35:03Z
vrf/VFR20_15_8_Gap,Small,20,15,IG,2025,1822,1.5197318100836128,0.0,run-20260801-183505-5d9e,2026-08-01T18:35:05Z
vrf/VFR20_15_9_Gap,Small,20,15,IG,42,1940,1.6456161469686776,0.0,run-20260801-183506-97b9,2026-08-01T18:35:06Z
vrf/VFR20_15_9_Gap,Small,20,15,IG,123,1940,1.6273009369615465,0.0,run-20260801-183508-711e,2026-08-01T18:35:08Z
vrf/VFR20_15_9_Gap,Small,20,15,IG,456,1940,1.648218110902235,0.0,run-20260801-183510-0565,2026-08-01T18:35:10Z
vrf/VFR20_15_9_Gap,Small,20,15,IG,789,1940,1.6535131770651788,0.0,run-20260801-183511-e6b9,2026-08-01T18:35:11Z
vrf/VFR20_15_9_Gap,Small,20,15,IG,2025,1940,1.6819962300360203,0.0,run-20260801-183513-3f12,2026-08-01T18:35:13Z
vrf/VFR20_20_10_Gap,Small,20,20,IG,42,2199,2.255266715073958,0.0,run-20260801-183515-dcbf,2026-08-01T18:35:15Z
vrf/VFR20_20_10_Gap,Small,20,20,IG,123,2199,2.192938560852781,0.0,run-20260801-183517-76de,2026-08-01T18:35:17Z
vrf/VFR20_20_10_Gap,Small,20,20,IG,456,2199,2.1915982188656926,0.0,run-20260801-183520-2299,2026-08-01T18:35:20Z
vrf/VFR20_20_10_Gap,Small,20,20,IG,789,2199,2.194511699024588,0.0,run-20260801-183522-be53,2026-08-01T18:35:22Z
vrf/VFR20_20_10_Gap,Small,20,20,IG,2025,2199,2.18593634897843,0.0,run-20260801-183524-c93b,2026-08-01T18:35:24Z
vrf/VFR20_20_1_Gap,Small,20,20,IG,42,2270,2.1197079240810126,0.0,run-20260801-183526-470d,2026-08-01T18:35:26Z
vrf/VFR20_20_1_Gap,Small,20,20,IG,123,2270,2.1690089320763946,0.0,run-20260801-183528-564d,2026-08-01T18:35:28Z
vrf/VFR20_20_1_Gap,Small,20,20,IG,456,2272,2.0903491121716797,0.0881057268722467,run-20260801-183530-7220,2026-08-01T18:35:30Z
vrf/VFR20_20_1_Gap,Small,20,20,IG,789,2283,2.195698677096516,0.5726872246696035,run-20260801-183533-86f4,2026-08-01T18:35:33Z
vrf/VFR20_20_1_Gap,Small,20,20,IG,2025,2275,2.0684752608649433,0.22026431718061673,run-20260801-183535-e89d,2026-08-01T18:35:35Z
vrf/VFR20_20_2_Gap,Small,20,20,IG,42,2175,2.1567883980460465,0.2304147465437788,run-20260801-183537-6a2a,2026-08-01T18:35:37Z
vrf/VFR20_20_2_Gap,Small,20,20,IG,123,2175,2.1935942829586565,0.2304147465437788,run-20260801-183539-5d7b,2026-08-01T18:35:39Z
vrf/VFR20_20_2_Gap,Small,20,20,IG,456,2175,2.1402938140090555,0.2304147465437788,run-20260801-183541-8bab,2026-08-01T18:35:41Z
vrf/VFR20_20_2_Gap,Small,20,20,IG,789,2179,2.2058570629451424,0.4147465437788018,run-20260801-183543-ed79,2026-08-01T18:35:43Z
vrf/VFR20_20_2_Gap,Small,20,20,IG,2025,2170,2.060671888059005,0.0,run-20260801-183545-3beb,2026-08-01T18:35:45Z
vrf/VFR20_20_3_Gap,Small,20,20,IG,42,2284,2.162742138840258,0.30742204655248134,run-20260801-183548-91f6,2026-08-01T18:35:48Z
vrf/VFR20_20_3_Gap,Small,20,20,IG,123,2277,2.149770200951025,0.0,run-20260801-183550-b1a3,2026-08-01T18:35:50Z
vrf/VFR20_20_3_Gap,Small,20,20,IG,456,2288,2.0510737688746303,0.4830917874396135,run-20260801-183552-f398,2026-08-01T18:35:52Z
vrf/VFR20_20_3_Gap,Small,20,20,IG,789,2291,2.2153359670192003,0.6148440931049627,run-20260801-183554-9482,2026-08-01T18:35:54Z
vrf/VFR20_20_3_Gap,Small,20,20,IG,2025,2291,2.0689386860467494,0.6148440931049627,run-20260801-183556-1553,2026-08-01T18:35:56Z
vrf/VFR20_20_4_Gap,Small,20,20,IG,42,2176,2.0985688839573413,0.5080831408775982,run-20260801-183558-8349,2026-08-01T18:35:58Z
vrf/VFR20_20_4_Gap,Small,20,20,IG,123,2165,2.060305877123028,0.0,run-20260801-183600-4c4c,2026-08-01T18:36:00Z
vrf/VFR20_20_4_Gap,Small,20,20,IG,456,2177,2.236242088023573,0.5542725173210161,run-20260801-183602-4505,2026-08-01T18:36:02Z
vrf/VFR20_20_4_Gap,Small,20,20,IG,789,2172,2.1614017779938877,0.3233256351039261,run-20260801-183605-4d6c,2026-08-01T18:36:05Z
vrf/VFR20_20_4_Gap,Small,20,20,IG,2025,2177,2.1111935500521213,0.5542725173210161,run-20260801-183607-605b,2026-08-01T18:36:07Z
vrf/VFR20_20_5_Gap,Small,20,20,IG,42,2225,2.202687868848443,0.0,run-20260801-183609-1d65,2026-08-01T18:36:09Z
vrf/VFR20_20_5_Gap,Small,20,20,IG,123,2229,2.1582235319074243,0.1797752808988764,run-20260801-183611-f75a,2026-08-01T18:36:11Z
vrf/VFR20_20_5_Gap,Small,20,20,IG,456,2225,2.168087644968182,0.0,run-20260801-183613-8894,2026-08-01T18:36:13Z
vrf/VFR20_20_5_Gap,Small,20,20,IG,789,2225,2.1800721099134535,0.0,run-20260801-183615-916e,2026-08-01T18:36:15Z
vrf/VFR20_20_5_Gap,Small,20,20,IG,2025,2225,2.1958143489900976,0.0,run-20260801-183618-32b7,2026-08-01T18:36:18Z
vrf/VFR20_20_6_Gap,Small,20,20,IG,42,2298,2.1120684270281345,0.30554343081623747,run-20260801-183620-bf8c,2026-08-01T18:36:20Z
vrf/VFR20_20_6_Gap,Small,20,20,IG,123,2293,2.1627593061421067,0.08729812309035356,run-20260801-183622-3b73,2026-08-01T18:36:22Z
vrf/VFR20_20_6_Gap,Small,20,20,IG,456,2291,2.049261945998296,0.0,run-20260801-183624-f860,2026-08-01T18:36:24Z
vrf/VFR20_20_6_Gap,Small,20,20,IG,789,2291,1.9827286179643124,0.0,run-20260801-183626-92dc,2026-08-01T18:36:26Z
vrf/VFR20_20_6_Gap,Small,20,20,IG,2025,2291,2.0513375801965594,0.0,run-20260801-183628-4b42,2026-08-01T18:36:28Z
vrf/VFR20_20_7_Gap,Small,20,20,IG,42,2288,2.084146928973496,0.26292725679228746,run-20260801-183630-60b2,2026-08-01T18:36:30Z
vrf/VFR20_20_7_Gap,Small,20,20,IG,123,2288,2.0142027409747243,0.26292725679228746,run-20260801-183632-9be0,2026-08-01T18:36:32Z
vrf/VFR20_20_7_Gap,Small,20,20,IG,456,2288,2.2739129329565912,0.26292725679228746,run-20260801-183634-aa23,2026-08-01T18:36:34Z
vrf/VFR20_20_7_Gap,Small,20,20,IG,789,2288,2.154136731987819,0.26292725679228746,run-20260801-183637-b7be,2026-08-01T18:36:37Z
vrf/VFR20_20_7_Gap,Small,20,20,IG,2025,2288,2.2576257379259914,0.26292725679228746,run-20260801-183639-4a24,2026-08-01T18:36:39Z
vrf/VFR20_20_8_Gap,Small,20,20,IG,42,2187,2.042949611088261,0.4132231404958678,run-20260801-183641-eb3e,2026-08-01T18:36:41Z
vrf/VFR20_20_8_Gap,Small,20,20,IG,123,2182,1.9607632299885154,0.18365472910927455,run-20260801-183643-066f,2026-08-01T18:36:43Z
vrf/VFR20_20_8_Gap,Small,20,20,IG,456,2183,2.0760067491792142,0.2295684113865932,run-20260801-183645-1220,2026-08-01T18:36:45Z
vrf/VFR20_20_8_Gap,Small,20,20,IG,789,2178,2.0759415531065315,0.0,run-20260801-183647-98fc,2026-08-01T18:36:47Z
vrf/VFR20_20_8_Gap,Small,20,20,IG,2025,2182,1.972022749017924,0.18365472910927455,run-20260801-183649-9ad9,2026-08-01T18:36:49Z
vrf/VFR20_20_9_Gap,Small,20,20,IG,42,2358,2.0383321889676154,0.16992353440951571,run-20260801-183651-7b2f,2026-08-01T18:36:51Z
vrf/VFR20_20_9_Gap,Small,20,20,IG,123,2355,2.1531998510472476,0.04248088360237893,run-20260801-183653-9bee,2026-08-01T18:36:53Z
vrf/VFR20_20_9_Gap,Small,20,20,IG,456,2357,2.1096582950558513,0.1274426508071368,run-20260801-183655-1e05,2026-08-01T18:36:55Z
vrf/VFR20_20_9_Gap,Small,20,20,IG,789,2358,2.0514892649371177,0.16992353440951571,run-20260801-183657-a37c,2026-08-01T18:36:57Z
vrf/VFR20_20_9_Gap,Small,20,20,IG,2025,2358,2.09627197496593,0.16992353440951571,run-20260801-183659-9f26,2026-08-01T18:36:59Z
vrf/VFR20_5_10_Gap,Small,20,5,IG,42,1243,0.6654525708872825,0.0,run-20260801-183700-a756,2026-08-01T18:37:00Z
vrf/VFR20_5_10_Gap,Small,20,5,IG,123,1243,0.6492943451739848,0.0,run-20260801-183701-eb35,2026-08-01T18:37:01Z
vrf/VFR20_5_10_Gap,Small,20,5,IG,456,1243,0.6455577882006764,0.0,run-20260801-183701-f6a8,2026-08-01T18:37:01Z
vrf/VFR20_5_10_Gap,Small,20,5,IG,789,1243,0.650756617076695,0.0,run-20260801-183702-349d,2026-08-01T18:37:02Z
vrf/VFR20_5_10_Gap,Small,20,5,IG,2025,1243,0.6737046861089766,0.0,run-20260801-183703-21ac,2026-08-01T18:37:03Z
vrf/VFR20_5_1_Gap,Small,20,5,IG,42,1196,0.6570820261258632,0.33557046979865773,run-20260801-183703-9d69,2026-08-01T18:37:03Z
vrf/VFR20_5_1_Gap,Small,20,5,IG,123,1195,0.6328936950303614,0.2516778523489933,run-20260801-183704-0447,2026-08-01T18:37:04Z
vrf/VFR20_5_1_Gap,Small,20,5,IG,456,1193,0.6424915690440685,0.08389261744966443,run-20260801-183705-9250,2026-08-01T18:37:05Z
vrf/VFR20_5_1_Gap,Small,20,5,IG,789,1193,0.644174762070179,0.08389261744966443,run-20260801-183705-97cf,2026-08-01T18:37:05Z
vrf/VFR20_5_1_Gap,Small,20,5,IG,2025,1195,0.6384534270036966,0.2516778523489933,run-20260801-183706-f310,2026-08-01T18:37:06Z
vrf/VFR20_5_2_Gap,Small,20,5,IG,42,1275,0.5445824051275849,0.0,run-20260801-183706-4c9c,2026-08-01T18:37:06Z
vrf/VFR20_5_2_Gap,Small,20,5,IG,123,1275,0.5302132770884782,0.0,run-20260801-183707-9c76,2026-08-01T18:37:07Z
vrf/VFR20_5_2_Gap,Small,20,5,IG,456,1275,0.5245241830125451,0.0,run-20260801-183708-1ed7,2026-08-01T18:37:08Z
vrf/VFR20_5_2_Gap,Small,20,5,IG,789,1275,0.5264275190420449,0.0,run-20260801-183708-6eca,2026-08-01T18:37:08Z
vrf/VFR20_5_2_Gap,Small,20,5,IG,2025,1275,0.5088655690196902,0.0,run-20260801-183709-8b5e,2026-08-01T18:37:09Z
vrf/VFR20_5_3_Gap,Small,20,5,IG,42,1325,0.599077160935849,0.15117157974300832,run-20260801-183709-eeb6,2026-08-01T18:37:09Z
vrf/VFR20_5_3_Gap,Small,20,5,IG,123,1325,0.6174277949612588,0.15117157974300832,run-20260801-183710-fd8f,2026-08-01T18:37:10Z
vrf/VFR20_5_3_Gap,Small,20,5,IG,456,1325,0.6231017098762095,0.15117157974300832,run-20260801-183710-4f27,2026-08-01T18:37:10Z
vrf/VFR20_5_3_Gap,Small,20,5,IG,789,1323,0.6446319587994367,0.0,run-20260801-183711-6b72,2026-08-01T18:37:11Z
vrf/VFR20_5_3_Gap,Small,20,5,IG,2025,1325,0.6169172017835081,0.15117157974300832,run-20260801-183712-a829,2026-08-01T18:37:12Z
vrf/VFR20_5_4_Gap,Small,20,5,IG,42,1127,0.6079298302065581,0.0,run-20260801-183712-fa2b,2026-08-01T18:37:12Z
vrf/VFR20_5_4_Gap,Small,20,5,IG,123,1128,0.6127045478206128,0.08873114463176575,run-20260801-183713-0d86,2026-08-01T18:37:13Z
vrf/VFR20_5_4_Gap,Small,20,5,IG,456,1128,0.6185302380472422,0.08873114463176575,run-20260801-183714-fc10,2026-08-01T18:37:14Z
vrf/VFR20_5_4_Gap,Small,20,5,IG,789,1128,0.6079214799683541,0.08873114463176575,run-20260801-183714-e02b,2026-08-01T18:37:14Z
vrf/VFR20_5_4_Gap,Small,20,5,IG,2025,1128,0.6200935151427984,0.08873114463176575,run-20260801-183715-a072,2026-08-01T18:37:15Z
vrf/VFR20_5_5_Gap,Small,20,5,IG,42,1339,0.5513199442066252,0.0,run-20260801-183715-0072,2026-08-01T18:37:15Z
vrf/VFR20_5_5_Gap,Small,20,5,IG,123,1339,0.5509405871853232,0.0,run-20260801-183716-a4f0,2026-08-01T18:37:16Z
vrf/VFR20_5_5_Gap,Small,20,5,IG,456,1339,0.556793614057824,0.0,run-20260801-183716-e836,2026-08-01T18:37:16Z
vrf/VFR20_5_5_Gap,Small,20,5,IG,789,1339,0.5555891690310091,0.0,run-20260801-183717-49af,2026-08-01T18:37:17Z
vrf/VFR20_5_5_Gap,Small,20,5,IG,2025,1339,0.5628281410317868,0.0,run-20260801-183718-a7d7,2026-08-01T18:37:18Z
vrf/VFR20_5_6_Gap,Small,20,5,IG,42,1066,0.6651572659611702,0.0,run-20260801-183718-beac,2026-08-01T18:37:18Z
vrf/VFR20_5_6_Gap,Small,20,5,IG,123,1066,0.6344119710847735,0.0,run-20260801-183719-5f6c,2026-08-01T18:37:19Z
vrf/VFR20_5_6_Gap,Small,20,5,IG,456,1066,0.6541622541844845,0.0,run-20260801-183719-4e14,2026-08-01T18:37:19Z
vrf/VFR20_5_6_Gap,Small,20,5,IG,789,1066,0.6508239379618317,0.0,run-20260801-183720-747a,2026-08-01T18:37:20Z
vrf/VFR20_5_6_Gap,Small,20,5,IG,2025,1066,0.6411089980974793,0.0,run-20260801-183721-489c,2026-08-01T18:37:21Z
vrf/VFR20_5_7_Gap,Small,20,5,IG,42,1154,0.5768141888547689,0.0,run-20260801-183721-dc39,2026-08-01T18:37:21Z
vrf/VFR20_5_7_Gap,Small,20,5,IG,123,1154,0.5940189650282264,0.0,run-20260801-183722-c86c,2026-08-01T18:37:22Z
vrf/VFR20_5_7_Gap,Small,20,5,IG,456,1154,0.5995379220694304,0.0,run-20260801-183723-1c9a,2026-08-01T18:37:23Z
vrf/VFR20_5_7_Gap,Small,20,5,IG,789,1154,0.593824366107583,0.0,run-20260801-183723-fe5a,2026-08-01T18:37:23Z
vrf/VFR20_5_7_Gap,Small,20,5,IG,2025,1154,0.6089448540005833,0.0,run-20260801-183724-1d23,2026-08-01T18:37:24Z
vrf/VFR20_5_8_Gap,Small,20,5,IG,42,1102,0.6361083721276373,0.0,run-20260801-183724-57cb,2026-08-01T18:37:24Z
vrf/VFR20_5_8_Gap,Small,20,5,IG,123,1102,0.6221702820621431,0.0,run-20260801-183725-99f0,2026-08-01T18:37:25Z
vrf/VFR20_5_8_Gap,Small,20,5,IG,456,1102,0.5907796151004732,0.0,run-20260801-183726-fcaa,2026-08-01T18:37:26Z
vrf/VFR20_5_8_Gap,Small,20,5,IG,789,1102,0.6144196658860892,0.0,run-20260801-183726-0f6f,2026-08-01T18:37:26Z
vrf/VFR20_5_8_Gap,Small,20,5,IG,2025,1102,0.6328341821208596,0.0,run-20260801-183727-7f1e,2026-08-01T18:37:27Z
vrf/VFR20_5_9_Gap,Small,20,5,IG,42,1317,0.5166377830319107,0.0,run-20260801-183727-d9f1,2026-08-01T18:37:27Z
vrf/VFR20_5_9_Gap,Small,20,5,IG,123,1317,0.5273954630829394,0.0,run-20260801-183728-9038,2026-08-01T18:37:28Z
vrf/VFR20_5_9_Gap,Small,20,5,IG,456,1317,0.514922337140888,0.0,run-20260801-183728-0b31,2026-08-01T18:37:28Z
vrf/VFR20_5_9_Gap,Small,20,5,IG,789,1317,0.522478342987597,0.0,run-20260801-183729-9f65,2026-08-01T18:37:29Z
vrf/VFR20_5_9_Gap,Small,20,5,IG,2025,1317,0.5020885430276394,0.0,run-20260801-183729-03db,2026-08-01T18:37:29Z
vrf/VFR30_10_10_Gap,Small,30,10,IG,42,1927,1.7910321380477399,0.6266318537859008,run-20260801-183731-28a1,2026-08-01T18:37:31Z
vrf/VFR30_10_10_Gap,Small,30,10,IG,123,1926,1.7839803509414196,0.5744125326370757,run-20260801-183733-c108,2026-08-01T18:37:33Z
vrf/VFR30_10_10_Gap,Small,30,10,IG,456,1926,1.84847666695714,0.5744125326370757,run-20260801-183735-fdeb,2026-08-01T18:37:35Z
vrf/VFR30_10_10_Gap,Small,30,10,IG,789,1915,1.9031804958358407,0.0,run-20260801-183737-b58f,2026-08-01T18:37:37Z
vrf/VFR30_10_10_Gap,Small,30,10,IG,2025,1927,1.8228905641008168,0.6266318537859008,run-20260801-183739-6b48,2026-08-01T18:37:39Z
vrf/VFR30_10_1_Gap,Small,30,10,IG,42,1954,1.893231893191114,0.51440329218107,run-20260801-183741-840d,2026-08-01T18:37:41Z
vrf/VFR30_10_1_Gap,Small,30,10,IG,123,1951,1.9025774539913982,0.360082304526749,run-20260801-183742-a1f4,2026-08-01T18:37:42Z
vrf/VFR30_10_1_Gap,Small,30,10,IG,456,1968,1.9012881559319794,1.2345679012345678,run-20260801-183744-3fc7,2026-08-01T18:37:44Z
vrf/VFR30_10_1_Gap,Small,30,10,IG,789,1956,1.9256787889171392,0.6172839506172839,run-20260801-183746-7638,2026-08-01T18:37:46Z
vrf/VFR30_10_1_Gap,Small,30,10,IG,2025,1951,1.8654128229245543,0.360082304526749,run-20260801-183748-810f,2026-08-01T18:37:48Z
vrf/VFR30_10_2_Gap,Small,30,10,IG,42,2111,1.8099302880000323,0.6196377502383222,run-20260801-183750-21d6,2026-08-01T18:37:50Z
vrf/VFR30_10_2_Gap,Small,30,10,IG,123,2108,1.7770744250155985,0.47664442326024786,run-20260801-183752-c275,2026-08-01T18:37:52Z
vrf/VFR30_10_2_Gap,Small,30,10,IG,456,2116,1.8350325399078429,0.8579599618684461,run-20260801-183754-8c40,2026-08-01T18:37:54Z
vrf/VFR30_10_2_Gap,Small,30,10,IG,789,2102,1.7819941670168191,0.19065776930409914,run-20260801-183755-8af9,2026-08-01T18:37:55Z
vrf/VFR30_10_2_Gap,Small,30,10,IG,2025,2108,1.766079805092886,0.47664442326024786,run-20260801-183757-de94,2026-08-01T18:37:57Z
vrf/VFR30_10_3_Gap,Small,30,10,IG,42,2085,1.77696467586793,0.38517091959557054,run-20260801-183759-b7b6,2026-08-01T18:37:59Z
vrf/VFR30_10_3_Gap,Small,30,10,IG,123,2084,1.8734379699453712,0.33702455464612424,run-20260801-183801-16a7,2026-08-01T18:38:01Z
vrf/VFR30_10_3_Gap,Small,30,10,IG,456,2090,1.7627599718980491,0.6259027443428021,run-20260801-183803-0760,2026-08-01T18:38:03Z
vrf/VFR30_10_3_Gap,Small,30,10,IG,789,2089,1.854357938049361,0.5777563793933558,run-20260801-183804-514a,2026-08-01T18:38:04Z
vrf/VFR30_10_3_Gap,Small,30,10,IG,2025,2092,1.8173968871124089,0.7221954742416947,run-20260801-183806-6d42,2026-08-01T18:38:06Z
vrf/VFR30_10_4_Gap,Small,30,10,IG,42,1971,1.671314125182107,1.3367609254498716,run-20260801-183808-4a96,2026-08-01T18:38:08Z
vrf/VFR30_10_4_Gap,Small,30,10,IG,123,1970,1.6973610951099545,1.2853470437017995,run-20260801-183810-bb1c,2026-08-01T18:38:10Z
vrf/VFR30_10_4_Gap,Small,30,10,IG,456,1970,1.8556107960175723,1.2853470437017995,run-20260801-183811-415a,2026-08-01T18:38:11Z
vrf/VFR30_10_4_Gap,Small,30,10,IG,789,1968,1.8087443029507995,1.1825192802056554,run-20260801-183813-48ea,2026-08-01T18:38:13Z
vrf/VFR30_10_4_Gap,Small,30,10,IG,2025,1960,1.6789486811030656,0.7712082262210797,run-20260801-183815-b7bc,2026-08-01T18:38:15Z
vrf/VFR30_10_5_Gap,Small,30,10,IG,42,2043,1.7525317419786006,0.9886307464162135,run-20260801-183817-2d36,2026-08-01T18:38:17Z
vrf/VFR30_10_5_Gap,Small,30,10,IG,123,2052,1.7469009337946773,1.4335145823035096,run-20260801-183818-f098,2026-08-01T18:38:18Z
vrf/VFR30_10_5_Gap,Small,30,10,IG,456,2046,1.7811850330326706,1.1369253583786456,run-20260801-183820-50c2,2026-08-01T18:38:20Z
vrf/VFR30_10_5_Gap,Small,30,10,IG,789,2046,1.8014551859814674,1.1369253583786456,run-20260801-183822-7ccc,2026-08-01T18:38:22Z
vrf/VFR30_10_5_Gap,Small,30,10,IG,2025,2040,1.74020317196846,0.8403361344537815,run-20260801-183824-72d9,2026-08-01T18:38:24Z
vrf/VFR30_10_6_Gap,Small,30,10,IG,42,2045,1.7601412369403988,0.09789525208027411,run-20260801-183826-2fc4,2026-08-01T18:38:26Z
vrf/VFR30_10_6_Gap,Small,30,10,IG,123,2065,1.7829346349462867,1.0768477728830153,run-20260801-183827-2bfe,2026-08-01T18:38:27Z
vrf/VFR30_10_6_Gap,Small,30,10,IG,456,2057,1.74745586887002,0.6852667645619187,run-20260801-183829-839a,2026-08-01T18:38:29Z
vrf/VFR30_10_6_Gap,Small,30,10,IG,789,2065,1.824498320929706,1.0768477728830153,run-20260801-183831-495c,2026-08-01T18:38:31Z
vrf/VFR30_10_6_Gap,Small,30,10,IG,2025,2045,1.7731525809504092,0.09789525208027411,run-20260801-183833-5b95,2026-08-01T18:38:33Z
vrf/VFR30_10_7_Gap,Small,30,10,IG,42,1983,1.7850941570941359,0.813421453990849,run-20260801-183834-0ec8,2026-08-01T18:38:34Z
vrf/VFR30_10_7_Gap,Small,30,10,IG,123,1983,1.808123029069975,0.813421453990849,run-20260801-183836-3b51,2026-08-01T18:38:36Z
vrf/VFR30_10_7_Gap,Small,30,10,IG,456,1989,1.8176613780669868,1.1184544992374175,run-20260801-183838-e455,2026-08-01T18:38:38Z
vrf/VFR30_10_7_Gap,Small,30,10,IG,789,1981,1.8579988880082965,0.7117437722419929,run-20260801-183840-01b9,2026-08-01T18:38:40Z
vrf/VFR30_10_7_Gap,Small,30,10,IG,2025,1985,1.7650489199440926,0.9150991357397051,run-20260801-183842-26bc,2026-08-01T18:38:42Z
vrf/VFR30_10_8_Gap,Small,30,10,IG,42,1908,1.787024529883638,0.6329113924050633,run-20260801-183843-6373,2026-08-01T18:38:43Z
vrf/VFR30_10_8_Gap,Small,30,10,IG,123,1902,1.8755932739004493,0.31645569620253167,run-20260801-183845-6937,2026-08-01T18:38:45Z
vrf/VFR30_10_8_Gap,Small,30,10,IG,456,1910,1.849599706940353,0.7383966244725738,run-20260801-183847-25e5,2026-08-01T18:38:47Z
vrf/VFR30_10_8_Gap,Small,30,10,IG,789,1905,1.946233012015,0.47468354430379744,run-20260801-183849-44dd,2026-08-01T18:38:49Z
vrf/VFR30_10_8_Gap,Small,30,10,IG,2025,1898,1.8342460040003061,0.10548523206751055,run-20260801-183851-4279,2026-08-01T18:38:51Z
vrf/VFR30_10_9_Gap,Small,30,10,IG,42,1914,1.8757319590076804,0.31446540880503143,run-20260801-183853-6a2c,2026-08-01T18:38:53Z
vrf/VFR30_10_9_Gap,Small,30,10,IG,123,1931,1.9345348940696567,1.2054507337526206,run-20260801-183855-04e4,2026-08-01T18:38:55Z
vrf/VFR30_10_9_Gap,Small,30,10,IG,456,1931,1.8546836939640343,1.2054507337526206,run-20260801-183857-c851,2026-08-01T18:38:57Z
vrf/VFR30_10_9_Gap,Small,30,10,IG,789,1931,1.906602337025106,1.2054507337526206,run-20260801-183859-a028,2026-08-01T18:38:59Z
vrf/VFR30_10_9_Gap,Small,30,10,IG,2025,1931,1.898325928952545,1.2054507337526206,run-20260801-183900-b717,2026-08-01T18:39:00Z
vrf/VFR30_15_10_Gap,Small,30,15,IG,42,2404,2.4633481840137392,0.7966457023060797,run-20260801-183903-eced,2026-08-01T18:39:03Z
vrf/VFR30_15_10_Gap,Small,30,15,IG,123,2409,2.5214761949609965,1.0062893081761006,run-20260801-183905-611f,2026-08-01T18:39:05Z
vrf/VFR30_15_10_Gap,Small,30,15,IG,456,2396,2.4326562080532312,0.4612159329140461,run-20260801-183908-92f2,2026-08-01T18:39:08Z
vrf/VFR30_15_10_Gap,Small,30,15,IG,789,2412,2.4756811899133027,1.1320754716981132,run-20260801-183910-0e78,2026-08-01T18:39:10Z
vrf/VFR30_15_10_Gap,Small,30,15,IG,2025,2417,2.6825608401559293,1.3417190775681342,run-20260801-183913-54eb,2026-08-01T18:39:13Z
vrf/VFR30_15_1_Gap,Small,30,15,IG,42,2403,2.3912574080750346,0.9239815203695926,run-20260801-183915-c1ef,2026-08-01T18:39:15Z
vrf/VFR30_15_1_Gap,Small,30,15,IG,123,2421,2.5395720237866044,1.6799664006719865,run-20260801-183918-88ce,2026-08-01T18:39:18Z
vrf/VFR30_15_1_Gap,Small,30,15,IG,456,2412,2.7130967979319394,1.3019739605207896,run-20260801-183921-b6a6,2026-08-01T18:39:21Z
vrf/VFR30_15_1_Gap,Small,30,15,IG,789,2419,2.603890538914129,1.5959680806383871,run-20260801-183923-cc73,2026-08-01T18:39:23Z
vrf/VFR30_15_1_Gap,Small,30,15,IG,2025,2420,2.606279149884358,1.6379672406551868,run-20260801-183926-5b6e,2026-08-01T18:39:26Z
vrf/VFR30_15_2_Gap,Small,30,15,IG,42,2340,2.471685101976618,0.9490940465918896,run-20260801-183928-777d,2026-08-01T18:39:28Z
vrf/VFR30_15_2_Gap,Small,30,15,IG,123,2348,2.382565651088953,1.2942191544434858,run-20260801-183931-7ed3,2026-08-01T18:39:31Z
vrf/VFR30_15_2_Gap,Small,30,15,IG,456,2347,2.5696349770296365,1.2510785159620363,run-20260801-183933-560a,2026-08-01T18:39:33Z
vrf/VFR30_15_2_Gap,Small,30,15,IG,789,2329,2.632728872122243,0.4745470232959448,run-20260801-183936-0d11,2026-08-01T18:39:36Z
vrf/VFR30_15_2_Gap,Small,30,15,IG,2025,2347,2.3819677089340985,1.2510785159620363,run-20260801-183938-d946,2026-08-01T18:39:38Z
vrf/VFR30_15_3_Gap,Small,30,15,IG,42,2322,2.342134655918926,0.78125,run-20260801-183941-f2cf,2026-08-01T18:39:41Z
vrf/VFR30_15_3_Gap,Small,30,15,IG,123,2315,2.4274480040185153,0.4774305555555556,run-20260801-183943-0f44,2026-08-01T18:39:43Z
vrf/VFR30_15_3_Gap,Small,30,15,IG,456,2361,2.404735069954768,2.4739583333333335,run-20260801-183946-debd,2026-08-01T18:39:46Z
vrf/VFR30_15_3_Gap,Small,30,15,IG,789,2319,2.335146120050922,0.6510416666666666,run-20260801-183948-afa7,2026-08-01T18:39:48Z
vrf/VFR30_15_3_Gap,Small,30,15,IG,2025,2317,2.288080557016656,0.5642361111111112,run-20260801-183950-ba4c,2026-08-01T18:39:50Z
vrf/VFR30_15_4_Gap,Small,30,15,IG,42,2462,2.493324611103162,0.7364975450081833,run-20260801-183953-0bff,2026-08-01T18:39:53Z
vrf/VFR30_15_4_Gap,Small,30,15,IG,123,2469,2.58839099900797,1.0229132569558101,run-20260801-183955-96ce,2026-08-01T18:39:55Z
vrf/VFR30_15_4_Gap,Small,30,15,IG,456,2469,2.6635426010470837,1.0229132569558101,run-20260801-183958-c387,2026-08-01T18:39:58Z
vrf/VFR30_15_4_Gap,Small,30,15,IG,789,2464,2.65677853487432,0.8183306055646481,run-20260801-184001-6499,2026-08-01T18:40:01Z
vrf/VFR30_15_4_Gap,Small,30,15,IG,2025,2481,2.7081502829678357,1.513911620294599,run-20260801-184003-29b0,2026-08-01T18:40:03Z
vrf/VFR30_15_5_Gap,Small,30,15,IG,42,2449,2.5671701012179255,1.0730499380932728,run-20260801-184006-b2a6,2026-08-01T18:40:06Z
vrf/VFR30_15_5_Gap,Small,30,15,IG,123,2440,2.5368308208417147,0.7016095749071399,run-20260801-184008-4df5,2026-08-01T18:40:08Z
vrf/VFR30_15_5_Gap,Small,30,15,IG,456,2429,2.4203712260350585,0.24762690879075527,run-20260801-184011-770e,2026-08-01T18:40:11Z
vrf/VFR30_15_5_Gap,Small,30,15,IG,789,2447,2.571318803122267,0.9905076351630211,run-20260801-184013-87ef,2026-08-01T18:40:13Z
vrf/VFR30_15_5_Gap,Small,30,15,IG,2025,2441,2.506302000954747,0.7428807263722658,run-20260801-184016-2dc1,2026-08-01T18:40:16Z
vrf/VFR30_15_6_Gap,Small,30,15,IG,42,2329,2.6472925620619208,0.997398091934085,run-20260801-184019-9a2b,2026-08-01T18:40:19Z
vrf/VFR30_15_6_Gap,Small,30,15,IG,123,2322,2.5013769681099802,0.6938421509106678,run-20260801-184021-33e5,2026-08-01T18:40:21Z
vrf/VFR30_15_6_Gap,Small,30,15,IG,456,2315,2.3795342470984906,0.39028620988725066,run-20260801-184023-7335,2026-08-01T18:40:23Z
vrf/VFR30_15_6_Gap,Small,30,15,IG,789,2328,2.5234748360235244,0.9540329575021682,run-20260801-184026-f613,2026-08-01T18:40:26Z
vrf/VFR30_15_6_Gap,Small,30,15,IG,2025,2331,2.489179688040167,1.0841283607979184,run-20260801-184028-d0fa,2026-08-01T18:40:28Z
vrf/VFR30_15_7_Gap,Small,30,15,IG,42,2339,2.376908485079184,0.9930915371329879,run-20260801-184031-816d,2026-08-01T18:40:31Z
vrf/VFR30_15_7_Gap,Small,30,15,IG,123,2334,2.4050720310769975,0.7772020725388601,run-20260801-184033-3c2c,2026-08-01T18:40:33Z
vrf/VFR30_15_7_Gap,Small,30,15,IG,456,2341,2.4520669411867857,1.079447322970639,run-20260801-184036-3a0c,2026-08-01T18:40:36Z
vrf/VFR30_15_7_Gap,Small,30,15,IG,789,2338,2.3441661819815636,0.9499136442141624,run-20260801-184038-7bd7,2026-08-01T18:40:38Z
vrf/VFR30_15_7_Gap,Small,30,15,IG,2025,2338,2.431046336190775,0.9499136442141624,run-20260801-184040-12dc,2026-08-01T18:40:40Z
vrf/VFR30_15_8_Gap,Small,30,15,IG,42,2366,2.4808226809836924,0.0,run-20260801-184043-0b2b,2026-08-01T18:40:43Z
vrf/VFR30_15_8_Gap,Small,30,15,IG,123,2392,2.4267695408780128,1.098901098901099,run-20260801-184045-90ad,2026-08-01T18:40:45Z
vrf/VFR30_15_8_Gap,Small,30,15,IG,456,2380,2.649617407936603,0.591715976331361,run-20260801-184048-4575,2026-08-01T18:40:48Z
vrf/VFR30_15_8_Gap,Small,30,15,IG,789,2388,2.5908158468082547,0.9298393913778529,run-20260801-184051-4b43,2026-08-01T18:40:51Z
vrf/VFR30_15_8_Gap,Small,30,15,IG,2025,2366,2.5441503019537777,0.0,run-20260801-184053-faee,2026-08-01T18:40:53Z
vrf/VFR30_15_9_Gap,Small,30,15,IG,42,2267,2.4647481970023364,0.35413899955732625,run-20260801-184056-800a,2026-08-01T18:40:56Z
vrf/VFR30_15_9_Gap,Small,30,15,IG,123,2267,2.402689087903127,0.35413899955732625,run-20260801-184058-7c44,2026-08-01T18:40:58Z
vrf/VFR30_15_9_Gap,Small,30,15,IG,456,2281,2.2809034648817033,0.9738822487826472,run-20260801-184100-47bd,2026-08-01T18:41:00Z
vrf/VFR30_15_9_Gap,Small,30,15,IG,789,2260,2.4400487060192972,0.04426737494466578,run-20260801-184103-5509,2026-08-01T18:41:03Z
vrf/VFR30_15_9_Gap,Small,30,15,IG,2025,2282,2.365548671223223,1.0181496237273129,run-20260801-184105-9c6d,2026-08-01T18:41:05Z
vrf/VFR30_20_10_Gap,Small,30,20,IG,42,2831,3.203145032050088,0.9269162210338681,run-20260801-184108-b677,2026-08-01T18:41:08Z
vrf/VFR30_20_10_Gap,Small,30,20,IG,123,2834,3.115648757200688,1.0338680926916222,run-20260801-184111-a7e4,2026-08-01T18:41:11Z
vrf/VFR30_20_10_Gap,Small,30,20,IG,456,2820,3.2200627049896866,0.5347593582887701,run-20260801-184115-f67a,2026-08-01T18:41:15Z
vrf/VFR30_20_10_Gap,Small,30,20,IG,789,2826,3.20913866488263,0.7486631016042781,run-20260801-184118-87f7,2026-08-01T18:41:18Z
vrf/VFR30_20_10_Gap,Small,30,20,IG,2025,2819,3.219592690002173,0.49910873440285203,run-20260801-184121-a387,2026-08-01T18:41:21Z
vrf/VFR30_20_1_Gap,Small,30,20,IG,42,2672,3.211875804932788,1.0972379871358304,run-20260801-184124-dded,2026-08-01T18:41:24Z
vrf/VFR30_20_1_Gap,Small,30,20,IG,123,2663,3.162386600859463,0.7567158531971245,run-20260801-184127-5417,2026-08-01T18:41:27Z
vrf/VFR30_20_1_Gap,Small,30,20,IG,456,2645,3.127188921906054,0.07567158531971245,run-20260801-184131-ebab,2026-08-01T18:41:31Z
vrf/VFR30_20_1_Gap,Small,30,20,IG,789,2660,3.371875236975029,0.6432084752175558,run-20260801-184134-851c,2026-08-01T18:41:34Z
vrf/VFR30_20_1_Gap,Small,30,20,IG,2025,2661,3.2376844878308475,0.681044267877412,run-20260801-184137-1367,2026-08-01T18:41:37Z
vrf/VFR30_20_2_Gap,Small,30,20,IG,42,2844,3.22721492103301,0.31746031746031744,run-20260801-184140-e24f,2026-08-01T18:41:40Z
vrf/VFR30_20_2_Gap,Small,30,20,IG,123,2835,3.0786108099855483,0.0,run-20260801-184144-8155,2026-08-01T18:41:44Z
vrf/VFR30_20_2_Gap,Small,30,20,IG,456,2849,3.1517088680993766,0.49382716049382713,run-20260801-184147-8376,2026-08-01T18:41:47Z
vrf/VFR30_20_2_Gap,Small,30,20,IG,789,2835,3.3409054579678923,0.0,run-20260801-184150-28f5,2026-08-01T18:41:50Z
vrf/VFR30_20_2_Gap,Small,30,20,IG,2025,2844,2.9416927138809115,0.31746031746031744,run-20260801-184153-0e3a,2026-08-01T18:41:53Z
vrf/VFR30_20_3_Gap,Small,30,20,IG,42,2793,3.3603963111527264,0.35932446999640677,run-20260801-184156-13d4,2026-08-01T18:41:56Z
vrf/VFR30_20_3_Gap,Small,30,20,IG,123,2805,3.2676315549761057,0.7905138339920948,run-20260801-184200-0e69,2026-08-01T18:42:00Z
vrf/VFR30_20_3_Gap,Small,30,20,IG,456,2801,3.183913189917803,0.6467840459935321,run-20260801-184203-8ad3,2026-08-01T18:42:03Z
vrf/VFR30_20_3_Gap,Small,30,20,IG,789,2802,3.29612801107578,0.6827164929931728,run-20260801-184206-7c7a,2026-08-01T18:42:06Z
vrf/VFR30_20_3_Gap,Small,30,20,IG,2025,2807,3.3397021719720215,0.8623787279913762,run-20260801-184209-ecd8,2026-08-01T18:42:09Z
vrf/VFR30_20_4_Gap,Small,30,20,IG,42,2712,3.144174918998033,1.1940298507462686,run-20260801-184213-7dde,2026-08-01T18:42:13Z
vrf/VFR30_20_4_Gap,Small,30,20,IG,123,2702,3.367871259804815,0.8208955223880597,run-20260801-184216-207a,2026-08-01T18:42:16Z
vrf/VFR30_20_4_Gap,Small,30,20,IG,456,2710,3.3396319118328393,1.1194029850746268,run-20260801-184219-564a,2026-08-01T18:42:19Z
vrf/VFR30_20_4_Gap,Small,30,20,IG,789,2711,3.313529581995681,1.1567164179104477,run-20260801-184223-1724,2026-08-01T18:42:23Z
vrf/VFR30_20_4_Gap,Small,30,20,IG,2025,2716,3.198567752027884,1.3432835820895523,run-20260801-184226-719f,2026-08-01T18:42:26Z
vrf/VFR30_20_5_Gap,Small,30,20,IG,42,2689,3.5274994000792503,0.6362275449101796,run-20260801-184229-9544,2026-08-01T18:42:29Z
vrf/VFR30_20_5_Gap,Small,30,20,IG,123,2685,3.1868689490947872,0.4865269461077844,run-20260801-184232-2ba0,2026-08-01T18:42:32Z
vrf/VFR30_20_5_Gap,Small,30,20,IG,456,2698,3.2184224938973784,0.9730538922155688,run-20260801-184236-cde5,2026-08-01T18:42:36Z
vrf/VFR30_20_5_Gap,Small,30,20,IG,789,2683,3.431970168137923,0.4116766467065868,run-20260801-184239-d324,2026-08-01T18:42:39Z
vrf/VFR30_20_5_Gap,Small,30,20,IG,2025,2691,3.488331259926781,0.7110778443113772,run-20260801-184243-7af2,2026-08-01T18:42:43Z
vrf/VFR30_20_6_Gap,Small,30,20,IG,42,2731,3.2790156439878047,0.5893186003683242,run-20260801-184246-c309,2026-08-01T18:42:46Z
vrf/VFR30_20_6_Gap,Small,30,20,IG,123,2730,3.3771659389603883,0.5524861878453039,run-20260801-184249-64fe,2026-08-01T18:42:49Z
vrf/VFR30_20_6_Gap,Small,30,20,IG,456,2746,3.3114186448510736,1.141804788213628,run-20260801-184253-8d46,2026-08-01T18:42:53Z
vrf/VFR30_20_6_Gap,Small,30,20,IG,789,2732,3.1776343809906393,0.6261510128913443,run-20260801-184256-d25e,2026-08-01T18:42:56Z
vrf/VFR30_20_6_Gap,Small,30,20,IG,2025,2721,3.252679420867935,0.22099447513812154,run-20260801-184259-ba0d,2026-08-01T18:42:59Z
vrf/VFR30_20_7_Gap,Small,30,20,IG,42,2727,3.335644042119384,0.5530973451327433,run-20260801-184302-3a5d,2026-08-01T18:43:02Z
vrf/VFR30_20_7_Gap,Small,30,20,IG,123,2724,3.2503574599977583,0.4424778761061947,run-20260801-184306-43ed,2026-08-01T18:43:06Z
vrf/VFR30_20_7_Gap,Small,30,20,IG,456,2751,3.6145734121091664,1.4380530973451326,run-20260801-184309-f91d,2026-08-01T18:43:09Z
vrf/VFR30_20_7_Gap,Small,30,20,IG,789,2736,3.1230784859508276,0.8849557522123894,run-20260801-184312-c55d,2026-08-01T18:43:12Z
vrf/VFR30_20_7_Gap,Small,30,20,IG,2025,2722,3.1985404761508107,0.3687315634218289,run-20260801-184316-96b6,2026-08-01T18:43:16Z
vrf/VFR30_20_8_Gap,Small,30,20,IG,42,2842,3.310968514997512,1.0668563300142246,run-20260801-184319-95fe,2026-08-01T18:43:19Z
vrf/VFR30_20_8_Gap,Small,30,20,IG,123,2813,3.187374545028433,0.03556187766714083,run-20260801-184322-105b,2026-08-01T18:43:22Z
vrf/VFR30_20_8_Gap,Small,30,20,IG,456,2852,3.1437660129740834,1.422475106685633,run-20260801-184325-59e2,2026-08-01T18:43:25Z
vrf/VFR30_20_8_Gap,Small,30,20,IG,789,2816,3.14436522196047,0.1422475106685633,run-20260801-184328-9240,2026-08-01T18:43:28Z
vrf/VFR30_20_8_Gap,Small,30,20,IG,2025,2827,3.137927846983075,0.5334281650071123,run-20260801-184332-4036,2026-08-01T18:43:32Z
vrf/VFR30_20_9_Gap,Small,30,20,IG,42,2826,3.40599043504335,1.10912343470483,run-20260801-184335-5cef,2026-08-01T18:43:35Z
vrf/VFR30_20_9_Gap,Small,30,20,IG,123,2829,3.239170531043783,1.2164579606440071,run-20260801-184338-a6ba,2026-08-01T18:43:38Z
vrf/VFR30_20_9_Gap,Small,30,20,IG,456,2815,3.336743734078482,0.7155635062611807,run-20260801-184341-c221,2026-08-01T18:43:41Z
vrf/VFR30_20_9_Gap,Small,30,20,IG,789,2819,3.266560415038839,0.8586762075134168,run-20260801-184345-9cc3,2026-08-01T18:43:45Z
vrf/VFR30_20_9_Gap,Small,30,20,IG,2025,2834,3.355401469161734,1.3953488372093024,run-20260801-184348-5e80,2026-08-01T18:43:48Z
vrf/VFR30_5_10_Gap,Small,30,5,IG,42,1637,0.915108853019774,0.0,run-20260801-184349-7553,2026-08-01T18:43:49Z
vrf/VFR30_5_10_Gap,Small,30,5,IG,123,1637,0.8988814409822226,0.0,run-20260801-184350-f319,2026-08-01T18:43:50Z
vrf/VFR30_5_10_Gap,Small,30,5,IG,456,1637,0.9100209730677307,0.0,run-20260801-184351-de3d,2026-08-01T18:43:51Z
vrf/VFR30_5_10_Gap,Small,30,5,IG,789,1637,0.9001909440848976,0.0,run-20260801-184352-d17c,2026-08-01T18:43:52Z
vrf/VFR30_5_10_Gap,Small,30,5,IG,2025,1637,0.9121166050899774,0.0,run-20260801-184353-4be3,2026-08-01T18:43:53Z
vrf/VFR30_5_1_Gap,Small,30,5,IG,42,1805,0.8366550719365478,0.0,run-20260801-184354-74d2,2026-08-01T18:43:54Z
vrf/VFR30_5_1_Gap,Small,30,5,IG,123,1805,0.8415210291277617,0.0,run-20260801-184354-1862,2026-08-01T18:43:54Z
vrf/VFR30_5_1_Gap,Small,30,5,IG,456,1805,0.8308691850397736,0.0,run-20260801-184355-0dbd,2026-08-01T18:43:55Z
vrf/VFR30_5_1_Gap,Small,30,5,IG,789,1805,0.8262147190980613,0.0,run-20260801-184356-ee7a,2026-08-01T18:43:56Z
vrf/VFR30_5_1_Gap,Small,30,5,IG,2025,1805,0.8236317441333085,0.0,run-20260801-184357-376b,2026-08-01T18:43:57Z
vrf/VFR30_5_2_Gap,Small,30,5,IG,42,1575,0.9451020401902497,0.0,run-20260801-184358-d968,2026-08-01T18:43:58Z
vrf/VFR30_5_2_Gap,Small,30,5,IG,123,1575,0.9465263478923589,0.0,run-20260801-184359-97c9,2026-08-01T18:43:59Z
vrf/VFR30_5_2_Gap,Small,30,5,IG,456,1575,0.9389505889266729,0.0,run-20260801-184400-5c37,2026-08-01T18:44:00Z
vrf/VFR30_5_2_Gap,Small,30,5,IG,789,1575,0.9601890949998051,0.0,run-20260801-184401-b9b7,2026-08-01T18:44:01Z
vrf/VFR30_5_2_Gap,Small,30,5,IG,2025,1575,0.9359055878594518,0.0,run-20260801-184402-0605,2026-08-01T18:44:02Z
vrf/VFR30_5_3_Gap,Small,30,5,IG,42,1673,0.8542174841277301,0.0,run-20260801-184402-976a,2026-08-01T18:44:02Z
vrf/VFR30_5_3_Gap,Small,30,5,IG,123,1687,0.8437658320181072,0.8368200836820083,run-20260801-184403-ee3f,2026-08-01T18:44:03Z
vrf/VFR30_5_3_Gap,Small,30,5,IG,456,1673,0.8638819018378854,0.0,run-20260801-184404-f41a,2026-08-01T18:44:04Z
vrf/VFR30_5_3_Gap,Small,30,5,IG,789,1673,0.8536302950233221,0.0,run-20260801-184405-5b2b,2026-08-01T18:44:05Z
vrf/VFR30_5_3_Gap,Small,30,5,IG,2025,1673,0.8469921739306301,0.0,run-20260801-184406-6b8a,2026-08-01T18:44:06Z
vrf/VFR30_5_4_Gap,Small,30,5,IG,42,1781,0.7263443069532514,0.0,run-20260801-184407-5450,2026-08-01T18:44:07Z
vrf/VFR30_5_4_Gap,Small,30,5,IG,123,1781,0.7335793839301914,0.0,run-20260801-184407-3275,2026-08-01T18:44:07Z
vrf/VFR30_5_4_Gap,Small,30,5,IG,456,1781,0.71962805185467,0.0,run-20260801-184408-2b9b,2026-08-01T18:44:08Z
vrf/VFR30_5_4_Gap,Small,30,5,IG,789,1781,0.7299362849444151,0.0,run-20260801-184409-aa7c,2026-08-01T18:44:09Z
vrf/VFR30_5_4_Gap,Small,30,5,IG,2025,1781,0.7345901869703084,0.0,run-20260801-184409-3ff2,2026-08-01T18:44:09Z
vrf/VFR30_5_5_Gap,Small,30,5,IG,42,1715,0.6573740050662309,0.46865846514352666,run-20260801-184410-4cc2,2026-08-01T18:44:10Z
vrf/VFR30_5_5_Gap,Small,30,5,IG,123,1715,0.6807297291234136,0.46865846514352666,run-20260801-184411-66e3,2026-08-01T18:44:11Z
vrf/VFR30_5_5_Gap,Small,30,5,IG,456,1715,0.6874934299848974,0.46865846514352666,run-20260801-184412-747c,2026-08-01T18:44:12Z
vrf/VFR30_5_5_Gap,Small,30,5,IG,789,1715,0.6811676230281591,0.46865846514352666,run-20260801-184412-4335,2026-08-01T18:44:12Z
vrf/VFR30_5_5_Gap,Small,30,5,IG,2025,1715,0.6948575440328568,0.46865846514352666,run-20260801-184413-5eee,2026-08-01T18:44:13Z
vrf/VFR30_5_6_Gap,Small,30,5,IG,42,1875,0.6569560398347676,0.0,run-20260801-184414-d7ee,2026-08-01T18:44:14Z
vrf/VFR30_5_6_Gap,Small,30,5,IG,123,1875,0.6421200789045542,0.0,run-20260801-184414-3b82,2026-08-01T18:44:14Z
vrf/VFR30_5_6_Gap,Small,30,5,IG,456,1875,0.6493867449462414,0.0,run-20260801-184415-d6d3,2026-08-01T18:44:15Z
vrf/VFR30_5_6_Gap,Small,30,5,IG,789,1875,0.6489665037952363,0.0,run-20260801-184416-8e6a,2026-08-01T18:44:16Z
vrf/VFR30_5_6_Gap,Small,30,5,IG,2025,1875,0.6524492499884218,0.0,run-20260801-184416-b1e2,2026-08-01T18:44:16Z
vrf/VFR30_5_7_Gap,Small,30,5,IG,42,1749,0.582916981074959,0.0,run-20260801-184417-4983,2026-08-01T18:44:17Z
vrf/VFR30_5_7_Gap,Small,30,5,IG,123,1749,0.5990550089627504,0.0,run-20260801-184417-e176,2026-08-01T18:44:17Z
vrf/VFR30_5_7_Gap,Small,30,5,IG,456,1749,0.5970600610598922,0.0,run-20260801-184418-0bba,2026-08-01T18:44:18Z
vrf/VFR30_5_7_Gap,Small,30,5,IG,789,1749,0.5925144641660154,0.0,run-20260801-184419-ca55,2026-08-01T18:44:19Z
vrf/VFR30_5_7_Gap,Small,30,5,IG,2025,1749,0.6001179229933769,0.0,run-20260801-184419-0fe2,2026-08-01T18:44:19Z
vrf/VFR30_5_8_Gap,Small,30,5,IG,42,1708,0.9838877920992672,0.11723329425556858,run-20260801-184420-5b56,2026-08-01T18:44:20Z
vrf/VFR30_5_8_Gap,Small,30,5,IG,123,1711,0.9477908271364868,0.29308323563892147,run-20260801-184421-fb0b,2026-08-01T18:44:21Z
vrf/VFR30_5_8_Gap,Small,30,5,IG,456,1708,0.9871157538145781,0.11723329425556858,run-20260801-184422-92c2,2026-08-01T18:44:22Z
vrf/VFR30_5_8_Gap,Small,30,5,IG,789,1708,0.9969598851166666,0.11723329425556858,run-20260801-184423-98b5,2026-08-01T18:44:23Z
vrf/VFR30_5_8_Gap,Small,30,5,IG,2025,1711,0.9537607519887388,0.29308323563892147,run-20260801-184424-6ee7,2026-08-01T18:44:24Z
vrf/VFR30_5_9_Gap,Small,30,5,IG,42,1735,0.7322208709083498,0.0,run-20260801-184425-8738,2026-08-01T18:44:25Z
vrf/VFR30_5_9_Gap,Small,30,5,IG,123,1735,0.6935393980238587,0.0,run-20260801-184425-8d3b,2026-08-01T18:44:25Z
vrf/VFR30_5_9_Gap,Small,30,5,IG,456,1735,0.7171923820860684,0.0,run-20260801-184426-23e7,2026-08-01T18:44:26Z
vrf/VFR30_5_9_Gap,Small,30,5,IG,789,1735,0.6961047921795398,0.0,run-20260801-184427-4fd5,2026-08-01T18:44:27Z
vrf/VFR30_5_9_Gap,Small,30,5,IG,2025,1735,0.7160498760640621,0.0,run-20260801-184428-72ba,2026-08-01T18:44:28Z
vrf/VFR40_10_10_Gap,Small,40,10,IG,42,2500,2.5475258780643344,0.8878127522195319,run-20260801-184430-e984,2026-08-01T18:44:30Z
vrf/VFR40_10_10_Gap,Small,40,10,IG,123,2503,2.5165505139157176,1.0088781275221954,run-20260801-184433-8f5c,2026-08-01T18:44:33Z
vrf/VFR40_10_10_Gap,Small,40,10,IG,456,2503,2.4679224831052125,1.0088781275221954,run-20260801-184435-3cbb,2026-08-01T18:44:35Z
vrf/VFR40_10_10_Gap,Small,40,10,IG,789,2493,2.6310816870536655,0.6053268765133172,run-20260801-184438-64b0,2026-08-01T18:44:38Z
vrf/VFR40_10_10_Gap,Small,40,10,IG,2025,2500,2.593369451118633,0.8878127522195319,run-20260801-184440-2f3e,2026-08-01T18:44:40Z
vrf/VFR40_10_1_Gap,Small,40,10,IG,42,2507,2.4532550889998674,1.0887096774193548,run-20260801-184443-ffda,2026-08-01T18:44:43Z
vrf/VFR40_10_1_Gap,Small,40,10,IG,123,2510,2.2418409381061792,1.2096774193548387,run-20260801-184445-e480,2026-08-01T18:44:45Z
vrf/VFR40_10_1_Gap,Small,40,10,IG,456,2492,2.2837745000142604,0.4838709677419355,run-20260801-184447-83e5,2026-08-01T18:44:47Z
vrf/VFR40_10_1_Gap,Small,40,10,IG,789,2515,2.316125312121585,1.4112903225806452,run-20260801-184450-63cb,2026-08-01T18:44:50Z
vrf/VFR40_10_1_Gap,Small,40,10,IG,2025,2510,2.4182104219216853,1.2096774193548387,run-20260801-184452-b48a,2026-08-01T18:44:52Z
vrf/VFR40_10_2_Gap,Small,40,10,IG,42,2446,2.4298028321936727,0.08183306055646482,run-20260801-184454-9e0c,2026-08-01T18:44:54Z
vrf/VFR40_10_2_Gap,Small,40,10,IG,123,2446,2.5457937768660486,0.08183306055646482,run-20260801-184457-a944,2026-08-01T18:44:57Z
vrf/VFR40_10_2_Gap,Small,40,10,IG,456,2446,2.530837794067338,0.08183306055646482,run-20260801-184500-be00,2026-08-01T18:45:00Z
vrf/VFR40_10_2_Gap,Small,40,10,IG,789,2446,2.4012027389835566,0.08183306055646482,run-20260801-184502-3b53,2026-08-01T18:45:02Z
vrf/VFR40_10_2_Gap,Small,40,10,IG,2025,2446,2.4678577322047204,0.08183306055646482,run-20260801-184504-2bcd,2026-08-01T18:45:04Z
vrf/VFR40_10_3_Gap,Small,40,10,IG,42,2424,2.5374996119644493,0.4975124378109453,run-20260801-184507-e011,2026-08-01T18:45:07Z
vrf/VFR40_10_3_Gap,Small,40,10,IG,123,2412,2.542173100169748,0.0,run-20260801-184510-8bf3,2026-08-01T18:45:10Z
vrf/VFR40_10_3_Gap,Small,40,10,IG,456,2424,2.5257841909769922,0.4975124378109453,run-20260801-184512-f792,2026-08-01T18:45:12Z
vrf/VFR40_10_3_Gap,Small,40,10,IG,789,2424,2.561113668140024,0.4975124378109453,run-20260801-184515-0bbc,2026-08-01T18:45:15Z
vrf/VFR40_10_3_Gap,Small,40,10,IG,2025,2424,2.45003630197607,0.4975124378109453,run-20260801-184517-6f07,2026-08-01T18:45:17Z
vrf/VFR40_10_4_Gap,Small,40,10,IG,42,2500,2.4744539530947804,1.132686084142395,run-20260801-184520-2b0f,2026-08-01T18:45:20Z
vrf/VFR40_10_4_Gap,Small,40,10,IG,123,2480,2.385159309953451,0.32362459546925565,run-20260801-184522-b239,2026-08-01T18:45:22Z
vrf/VFR40_10_4_Gap,Small,40,10,IG,456,2506,2.554355808068067,1.3754045307443366,run-20260801-184524-34ca,2026-08-01T18:45:24Z
vrf/VFR40_10_4_Gap,Small,40,10,IG,789,2507,2.485097018070519,1.4158576051779934,run-20260801-184527-3fa6,2026-08-01T18:45:27Z
vrf/VFR40_10_4_Gap,Small,40,10,IG,2025,2505,2.504947690060362,1.3349514563106797,run-20260801-184529-137e,2026-08-01T18:45:29Z
vrf/VFR40_10_5_Gap,Small,40,10,IG,42,2444,2.5375790761318058,0.7835051546391752,run-20260801-184532-4e57,2026-08-01T18:45:32Z
vrf/VFR40_10_5_Gap,Small,40,10,IG,123,2443,2.6110692331567407,0.7422680412371134,run-20260801-184535-b4a4,2026-08-01T18:45:35Z
vrf/VFR40_10_5_Gap,Small,40,10,IG,456,2444,2.5682051819749177,0.7835051546391752,run-20260801-184537-27da,2026-08-01T18:45:37Z
vrf/VFR40_10_5_Gap,Small,40,10,IG,789,2446,2.6213402568828315,0.865979381443299,run-20260801-184540-1bfa,2026-08-01T18:45:40Z
vrf/VFR40_10_5_Gap,Small,40,10,IG,2025,2443,2.5477259180042893,0.7422680412371134,run-20260801-184542-2a24,2026-08-01T18:45:42Z
vrf/VFR40_10_6_Gap,Small,40,10,IG,42,2566,2.1894978859927505,0.745975657636435,run-20260801-184545-12ea,2026-08-01T18:45:45Z
vrf/VFR40_10_6_Gap,Small,40,10,IG,123,2565,2.3181712210644037,0.7067137809187279,run-20260801-184547-b065,2026-08-01T18:45:47Z
vrf/VFR40_10_6_Gap,Small,40,10,IG,456,2571,2.102193891070783,0.9422850412249706,run-20260801-184549-9d2e,2026-08-01T18:45:49Z
vrf/VFR40_10_6_Gap,Small,40,10,IG,789,2572,2.1450088671408594,0.9815469179426777,run-20260801-184551-b898,2026-08-01T18:45:51Z
vrf/VFR40_10_6_Gap,Small,40,10,IG,2025,2590,2.1410353400278836,1.6882606988614055,run-20260801-184553-6bf2,2026-08-01T18:45:53Z
vrf/VFR40_10_7_Gap,Small,40,10,IG,42,2595,1.9904179382137954,3.758496601359456,run-20260801-184555-3e84,2026-08-01T18:45:55Z
vrf/VFR40_10_7_Gap,Small,40,10,IG,123,2522,2.184207431972027,0.8396641343462615,run-20260801-184557-77a8,2026-08-01T18:45:57Z
vrf/VFR40_10_7_Gap,Small,40,10,IG,456,2520,2.2609615279361606,0.7596961215513794,run-20260801-184600-3ef0,2026-08-01T18:46:00Z
vrf/VFR40_10_7_Gap,Small,40,10,IG,789,2526,2.3423130149021745,0.9996001599360256,run-20260801-184602-d449,2026-08-01T18:46:02Z
vrf/VFR40_10_7_Gap,Small,40,10,IG,2025,2533,2.3982158419676125,1.2794882047181129,run-20260801-184604-00fc,2026-08-01T18:46:04Z
vrf/VFR40_10_8_Gap,Small,40,10,IG,42,2502,2.5038647800683975,0.44158972300281013,run-20260801-184607-7658,2026-08-01T18:46:07Z
vrf/VFR40_10_8_Gap,Small,40,10,IG,123,2500,2.426367615815252,0.36130068245684466,run-20260801-184609-cbfb,2026-08-01T18:46:09Z
vrf/VFR40_10_8_Gap,Small,40,10,IG,456,2520,2.4971075979992747,1.1641910879164994,run-20260801-184612-ff9c,2026-08-01T18:46:12Z
vrf/VFR40_10_8_Gap,Small,40,10,IG,789,2500,2.617999511072412,0.36130068245684466,run-20260801-184615-db8c,2026-08-01T18:46:15Z
vrf/VFR40_10_8_Gap,Small,40,10,IG,2025,2504,2.4778061287943274,0.5218787635487756,run-20260801-184617-e9cf,2026-08-01T18:46:17Z
vrf/VFR40_10_9_Gap,Small,40,10,IG,42,2456,2.452105555916205,1.8664454583160515,run-20260801-184619-b6ee,2026-08-01T18:46:19Z
vrf/VFR40_10_9_Gap,Small,40,10,IG,123,2451,2.3774746782146394,1.6590626296142679,run-20260801-184622-c450,2026-08-01T18:46:22Z
vrf/VFR40_10_9_Gap,Small,40,10,IG,456,2465,2.415174197172746,2.2397345499792616,run-20260801-184624-9292,2026-08-01T18:46:24Z
vrf/VFR40_10_9_Gap,Small,40,10,IG,789,2457,2.444204594939947,1.907922024056408,run-20260801-184627-a718,2026-08-01T18:46:27Z
vrf/VFR40_10_9_Gap,Small,40,10,IG,2025,2459,2.3706301788333803,1.9908751555371216,run-20260801-184629-2cd5,2026-08-01T18:46:29Z
vrf/VFR40_15_10_Gap,Small,40,15,IG,42,2963,3.534268009942025,0.6112054329371817,run-20260801-184633-340d,2026-08-01T18:46:33Z
vrf/VFR40_15_10_Gap,Small,40,15,IG,123,2978,3.5605808419641107,1.1205432937181663,run-20260801-184636-f879,2026-08-01T18:46:36Z
vrf/VFR40_15_10_Gap,Small,40,15,IG,456,2994,3.401078969007358,1.66383701188455,run-20260801-184640-2036,2026-08-01T18:46:40Z
vrf/VFR40_15_10_Gap,Small,40,15,IG,789,2969,3.4075903829652816,0.8149405772495756,run-20260801-184643-7ae3,2026-08-01T18:46:43Z
vrf/VFR40_15_10_Gap,Small,40,15,IG,2025,2991,3.567482786020264,1.5619694397283532,run-20260801-184647-fbcc,2026-08-01T18:46:47Z
vrf/VFR40_15_1_Gap,Small,40,15,IG,42,3023,3.589515586849302,0.39853869146462967,run-20260801-184650-427b,2026-08-01T18:46:50Z
vrf/VFR40_15_1_Gap,Small,40,15,IG,123,3052,3.7042200011201203,1.3616738625041513,run-20260801-184654-cf4e,2026-08-01T18:46:54Z
vrf/VFR40_15_1_Gap,Small,40,15,IG,456,3054,3.3580611280631274,1.4280969777482564,run-20260801-184657-589e,2026-08-01T18:46:57Z
vrf/VFR40_15_1_Gap,Small,40,15,IG,789,3050,3.5592700408305973,1.2952507472600465,run-20260801-184701-499d,2026-08-01T18:47:01Z
vrf/VFR40_15_1_Gap,Small,40,15,IG,2025,3055,3.582389349117875,1.4613085353703088,run-20260801-184704-487c,2026-08-01T18:47:04Z
vrf/VFR40_15_2_Gap,Small,40,15,IG,42,2837,3.5465303189121187,0.5671747607231479,run-20260801-184708-429b,2026-08-01T18:47:08Z
vrf/VFR40_15_2_Gap,Small,40,15,IG,123,2843,3.728499569930136,0.7798652959943283,run-20260801-184712-5962,2026-08-01T18:47:12Z
vrf/VFR40_15_2_Gap,Small,40,15,IG,456,2851,3.6694115148857236,1.0634526763559022,run-20260801-184715-2e4b,2026-08-01T18:47:15Z
vrf/VFR40_15_2_Gap,Small,40,15,IG,789,2856,3.6793460259214044,1.2406947890818858,run-20260801-184719-6695,2026-08-01T18:47:19Z
vrf/VFR40_15_2_Gap,Small,40,15,IG,2025,2842,3.6092884689569473,0.7444168734491315,run-20260801-184723-9de4,2026-08-01T18:47:23Z
vrf/VFR40_15_3_Gap,Small,40,15,IG,42,2937,3.5790843730792403,1.0667584308327598,run-20260801-184726-9b63,2026-08-01T18:47:26Z
vrf/VFR40_15_3_Gap,Small,40,15,IG,123,2960,3.460889128036797,1.8582243633860978,run-20260801-184730-0f92,2026-08-01T18:47:30Z
vrf/VFR40_15_3_Gap,Small,40,15,IG,456,2946,3.4691712867934257,1.3764624913971095,run-20260801-184733-d0a8,2026-08-01T18:47:33Z
vrf/VFR40_15_3_Gap,Small,40,15,IG,789,2946,3.469699732027948,1.3764624913971095,run-20260801-184737-09b1,2026-08-01T18:47:37Z
vrf/VFR40_15_3_Gap,Small,40,15,IG,2025,2934,3.557635079836473,0.9635237439779766,run-20260801-184740-23ad,2026-08-01T18:47:40Z
vrf/VFR40_15_4_Gap,Small,40,15,IG,42,2959,3.3731439989060163,1.3703323055841041,run-20260801-184744-506d,2026-08-01T18:47:44Z
vrf/VFR40_15_4_Gap,Small,40,15,IG,123,2963,3.490762412082404,1.5073655361425145,run-20260801-184747-dec8,2026-08-01T18:47:47Z
vrf/VFR40_15_4_Gap,Small,40,15,IG,456,2971,3.6049411438871175,1.7814319972593353,run-20260801-184751-9459,2026-08-01T18:47:51Z
vrf/VFR40_15_4_Gap,Small,40,15,IG,789,2951,3.4556652561295778,1.0962658444672833,run-20260801-184754-c11e,2026-08-01T18:47:54Z
vrf/VFR40_15_4_Gap,Small,40,15,IG,2025,2941,3.545501070097089,0.7536827680712572,run-20260801-184758-3be3,2026-08-01T18:47:58Z
vrf/VFR40_15_5_Gap,Small,40,15,IG,42,2960,3.242161279078573,0.5093378607809848,run-20260801-184801-0eff,2026-08-01T18:48:01Z
vrf/VFR40_15_5_Gap,Small,40,15,IG,123,2962,3.6436948699411005,0.5772495755517827,run-20260801-184804-4c3a,2026-08-01T18:48:04Z
vrf/VFR40_15_5_Gap,Small,40,15,IG,456,2980,3.483200310030952,1.1884550084889642,run-20260801-184808-6ebc,2026-08-01T18:48:08Z
vrf/VFR40_15_5_Gap,Small,40,15,IG,789,2977,3.6894746120087802,1.0865874363327674,run-20260801-184812-d33a,2026-08-01T18:48:12Z
vrf/VFR40_15_5_Gap,Small,40,15,IG,2025,2968,3.477665324928239,0.7809847198641766,run-20260801-184815-f681,2026-08-01T18:48:15Z
vrf/VFR40_15_6_Gap,Small,40,15,IG,42,2832,3.349044108064845,0.9625668449197861,run-20260801-184819-4d8b,2026-08-01T18:48:19Z
vrf/VFR40_15_6_Gap,Small,40,15,IG,123,2843,3.551974899834022,1.3547237076648841,run-20260801-184822-3617,2026-08-01T18:48:22Z
vrf/VFR40_15_6_Gap,Small,40,15,IG,456,2837,3.5646373839117587,1.1408199643493762,run-20260801-184826-fb21,2026-08-01T18:48:26Z
vrf/VFR40_15_6_Gap,Small,40,15,IG,789,2843,3.302607171004638,1.3547237076648841,run-20260801-184829-3f84,2026-08-01T18:48:29Z
vrf/VFR40_15_6_Gap,Small,40,15,IG,2025,2832,3.597318198066205,0.9625668449197861,run-20260801-184833-cdd0,2026-08-01T18:48:33Z
vrf/VFR40_15_7_Gap,Small,40,15,IG,42,2905,3.5910916680004448,1.290097629009763,run-20260801-184836-70d4,2026-08-01T18:48:36Z
vrf/VFR40_15_7_Gap,Small,40,15,IG,123,2900,3.7048470079898834,1.1157601115760112,run-20260801-184840-51b6,2026-08-01T18:48:40Z
vrf/VFR40_15_7_Gap,Small,40,15,IG,456,2882,3.427045405842364,0.4881450488145049,run-20260801-184843-1a40,2026-08-01T18:48:43Z
vrf/VFR40_15_7_Gap,Small,40,15,IG,789,2929,3.725285256979987,2.126917712691771,run-20260801-184847-46cd,2026-08-01T18:48:47Z
vrf/VFR40_15_7_Gap,Small,40,15,IG,2025,2894,3.356490829028189,0.9065550906555091,run-20260801-184850-03f1,2026-08-01T18:48:50Z
vrf/VFR40_15_8_Gap,Small,40,15,IG,42,2927,3.5464362979400903,0.9310344827586207,run-20260801-184854-87f2,2026-08-01T18:48:54Z
vrf/VFR40_15_8_Gap,Small,40,15,IG,123,2943,3.6290676470380276,1.4827586206896552,run-20260801-184858-8189,2026-08-01T18:48:58Z
vrf/VFR40_15_8_Gap,Small,40,15,IG,456,2941,3.659552579978481,1.4137931034482758,run-20260801-184901-680f,2026-08-01T18:49:01Z
vrf/VFR40_15_8_Gap,Small,40,15,IG,789,2932,3.807031942065805,1.103448275862069,run-20260801-184905-232c,2026-08-01T18:49:05Z
vrf/VFR40_15_8_Gap,Small,40,15,IG,2025,2941,3.680386328836903,1.4137931034482758,run-20260801-184909-b111,2026-08-01T18:49:09Z
vrf/VFR40_15_9_Gap,Small,40,15,IG,42,2730,3.8828451961744577,0.8124076809453471,run-20260801-184913-fa55,2026-08-01T18:49:13Z
vrf/VFR40_15_9_Gap,Small,40,15,IG,123,2741,3.670519275125116,1.2186115214180206,run-20260801-184916-7b9b,2026-08-01T18:49:16Z
vrf/VFR40_15_9_Gap,Small,40,15,IG,456,2735,3.3129388380330056,0.9970457902511078,run-20260801-184920-7b58,2026-08-01T18:49:20Z
vrf/VFR40_15_9_Gap,Small,40,15,IG,789,2711,3.5218136301264167,0.11078286558345643,run-20260801-184923-d1b8,2026-08-01T18:49:23Z
vrf/VFR40_15_9_Gap,Small,40,15,IG,2025,2743,3.356095091905445,1.292466765140325,run-20260801-184926-ae71,2026-08-01T18:49:26Z
vrf/VFR40_20_10_Gap,Small,40,20,IG,42,3162,4.067595818080008,1.2812299807815504,run-20260801-184930-df18,2026-08-01T18:49:30Z
vrf/VFR40_20_10_Gap,Small,40,20,IG,123,3162,4.20270505012013,1.2812299807815504,run-20260801-184935-fd5c,2026-08-01T18:49:35Z
vrf/VFR40_20_10_Gap,Small,40,20,IG,456,3148,4.619532727170736,0.8327994875080077,run-20260801-184939-02dd,2026-08-01T18:49:39Z
vrf/VFR40_20_10_Gap,Small,40,20,IG,789,3179,4.284600452054292,1.8257527226137091,run-20260801-184944-f761,2026-08-01T18:49:44Z
vrf/VFR40_20_10_Gap,Small,40,20,IG,2025,3165,4.59155072690919,1.3773222293401666,run-20260801-184948-05f5,2026-08-01T18:49:48Z
vrf/VFR40_20_1_Gap,Small,40,20,IG,42,3342,4.815760466037318,0.4810583283223091,run-20260801-184953-1ba0,2026-08-01T18:49:53Z
vrf/VFR40_20_1_Gap,Small,40,20,IG,123,3344,4.5014088451862335,0.5411906193625977,run-20260801-184958-8490,2026-08-01T18:49:58Z
vrf/VFR40_20_1_Gap,Small,40,20,IG,456,3333,4.6174004739150405,0.21046301864101022,run-20260801-185002-e869,2026-08-01T18:50:02Z
vrf/VFR40_20_1_Gap,Small,40,20,IG,789,3333,4.32879296480678,0.21046301864101022,run-20260801-185006-1e94,2026-08-01T18:50:06Z
vrf/VFR40_20_1_Gap,Small,40,20,IG,2025,3345,4.641445051878691,0.571256764882742,run-20260801-185011-fae7,2026-08-01T18:50:11Z
vrf/VFR40_20_2_Gap,Small,40,20,IG,42,3278,4.266784586012363,1.611903285802852,run-20260801-185015-6d9d,2026-08-01T18:50:15Z
vrf/VFR40_20_2_Gap,Small,40,20,IG,123,3267,4.595885351067409,1.2709237445753254,run-20260801-185020-ecb3,2026-08-01T18:50:20Z
vrf/VFR40_20_2_Gap,Small,40,20,IG,456,3280,4.689491933910176,1.6738995660260385,run-20260801-185025-64f4,2026-08-01T18:50:25Z
vrf/VFR40_20_2_Gap,Small,40,20,IG,789,3277,4.638313659932464,1.5809051456912586,run-20260801-185029-d37c,2026-08-01T18:50:29Z
vrf/VFR40_20_2_Gap,Small,40,20,IG,2025,3269,4.25693301204592,1.332920024798512,run-20260801-185034-8c1f,2026-08-01T18:50:34Z
vrf/VFR40_20_3_Gap,Small,40,20,IG,42,3268,4.442392067052424,1.0825858335910918,run-20260801-185038-ca5d,2026-08-01T18:50:38Z
vrf/VFR40_20_3_Gap,Small,40,20,IG,123,3280,4.2781600940506905,1.4537581193937519,run-20260801-185042-7d84,2026-08-01T18:50:42Z
vrf/VFR40_20_3_Gap,Small,40,20,IG,456,3278,4.19594687409699,1.3918960717599753,run-20260801-185046-c07b,2026-08-01T18:50:46Z
vrf/VFR40_20_3_Gap,Small,40,20,IG,789,3250,4.215806573163718,0.5258274048871018,run-20260801-185051-0e55,2026-08-01T18:50:51Z
vrf/VFR40_20_3_Gap,Small,40,20,IG,2025,3280,4.337136206915602,1.4537581193937519,run-20260801-185055-03ef,2026-08-01T18:50:55Z
vrf/VFR40_20_4_Gap,Small,40,20,IG,42,3260,4.314896436873823,0.8351376430559851,run-20260801-185059-2676,2026-08-01T18:50:59Z
vrf/VFR40_20_4_Gap,Small,40,20,IG,123,3253,4.484545665094629,0.6186204763377667,run-20260801-185104-4d14,2026-08-01T18:51:04Z
vrf/VFR40_20_4_Gap,Small,40,20,IG,456,3276,4.560400987975299,1.3300340241261985,run-20260801-185108-cef7,2026-08-01T18:51:08Z
vrf/VFR40_20_4_Gap,Small,40,20,IG,789,3273,4.4746611481532454,1.2372409526755335,run-20260801-185113-0a4e,2026-08-01T18:51:13Z
vrf/VFR40_20_4_Gap,Small,40,20,IG,2025,3269,4.438842253992334,1.1135168574079801,run-20260801-185117-6863,2026-08-01T18:51:17Z
vrf/VFR40_20_5_Gap,Small,40,20,IG,42,3083,4.281622311100364,0.9165302782324058,run-20260801-185122-ab5f,2026-08-01T18:51:22Z
vrf/VFR40_20_5_Gap,Small,40,20,IG,123,3083,4.434325946960598,0.9165302782324058,run-20260801-185126-3e8e,2026-08-01T18:51:26Z
vrf/VFR40_20_5_Gap,Small,40,20,IG,456,3083,4.300494872033596,0.9165302782324058,run-20260801-185130-0e95,2026-08-01T18:51:30Z
vrf/VFR40_20_5_Gap,Small,40,20,IG,789,3096,4.10758630791679,1.3420621931260228,run-20260801-185134-7ba1,2026-08-01T18:51:34Z
vrf/VFR40_20_5_Gap,Small,40,20,IG,2025,3085,4.3065423630177975,0.9819967266775778,run-20260801-185139-100f,2026-08-01T18:51:39Z
vrf/VFR40_20_6_Gap,Small,40,20,IG,42,3244,4.585191298974678,1.6290726817042607,run-20260801-185143-9655,2026-08-01T18:51:43Z
vrf/VFR40_20_6_Gap,Small,40,20,IG,123,3235,4.701377803925425,1.3471177944862156,run-20260801-185148-c806,2026-08-01T18:51:48Z
vrf/VFR40_20_6_Gap,Small,40,20,IG,456,3220,4.654348293086514,0.8771929824561403,run-20260801-185153-3331,2026-08-01T18:51:53Z
vrf/VFR40_20_6_Gap,Small,40,20,IG,789,3225,4.5747549519874156,1.0338345864661653,run-20260801-185157-f902,2026-08-01T18:51:57Z
vrf/VFR40_20_6_Gap,Small,40,20,IG,2025,3207,4.2110218200832605,0.4699248120300752,run-20260801-185201-d72c,2026-08-01T18:52:01Z
vrf/VFR40_20_7_Gap,Small,40,20,IG,42,3288,4.0177037329413,1.3563501849568433,run-20260801-185206-2b3c,2026-08-01T18:52:06Z
vrf/VFR40_20_7_Gap,Small,40,20,IG,123,3282,4.327786470064893,1.1713933415536375,run-20260801-185210-b6fc,2026-08-01T18:52:10Z
vrf/VFR40_20_7_Gap,Small,40,20,IG,456,3276,4.04453599313274,0.9864364981504316,run-20260801-185214-e148,2026-08-01T18:52:14Z
vrf/VFR40_20_7_Gap,Small,40,20,IG,789,3268,4.025993499904871,0.7398273736128237,run-20260801-185218-299b,2026-08-01T18:52:18Z
vrf/VFR40_20_7_Gap,Small,40,20,IG,2025,3292,4.23392003797926,1.4796547472256474,run-20260801-185222-27f7,2026-08-01T18:52:22Z
vrf/VFR40_20_8_Gap,Small,40,20,IG,42,3320,4.411149476887658,1.653398652786283,run-20260801-185227-450e,2026-08-01T18:52:27Z
vrf/VFR40_20_8_Gap,Small,40,20,IG,123,3309,4.499025695025921,1.3165952235150031,run-20260801-185231-84f0,2026-08-01T18:52:31Z
vrf/VFR40_20_8_Gap,Small,40,20,IG,456,3313,4.173001124989241,1.4390691977954684,run-20260801-185235-f31c,2026-08-01T18:52:35Z
vrf/VFR40_20_8_Gap,Small,40,20,IG,789,3320,4.2948528120759875,1.653398652786283,run-20260801-185240-ce05,2026-08-01T18:52:40Z
vrf/VFR40_20_8_Gap,Small,40,20,IG,2025,3322,4.226981791900471,1.7146356399265157,run-20260801-185244-1e03,2026-08-01T18:52:44Z
vrf/VFR40_20_9_Gap,Small,40,20,IG,42,3374,4.65500178700313,1.169415292353823,run-20260801-185248-746c,2026-08-01T18:52:48Z
vrf/VFR40_20_9_Gap,Small,40,20,IG,123,3371,4.542076630983502,1.0794602698650675,run-20260801-185253-121b,2026-08-01T18:52:53Z
vrf/VFR40_20_9_Gap,Small,40,20,IG,456,3363,4.415934898890555,0.8395802098950524,run-20260801-185257-6f1f,2026-08-01T18:52:57Z
vrf/VFR40_20_9_Gap,Small,40,20,IG,789,3387,4.572012688033283,1.5592203898050974,run-20260801-185302-aa9a,2026-08-01T18:53:02Z
vrf/VFR40_20_9_Gap,Small,40,20,IG,2025,3372,4.434935784898698,1.1094452773613193,run-20260801-185306-8f2e,2026-08-01T18:53:06Z
vrf/VFR40_5_10_Gap,Small,40,5,IG,42,2348,0.9686094019562006,0.0,run-20260801-185307-b822,2026-08-01T18:53:07Z
vrf/VFR40_5_10_Gap,Small,40,5,IG,123,2348,0.9971578170079738,0.0,run-20260801-185308-3c4d,2026-08-01T18:53:08Z
vrf/VFR40_5_10_Gap,Small,40,5,IG,456,2348,0.988497052108869,0.0,run-20260801-185309-6d84,2026-08-01T18:53:09Z
vrf/VFR40_5_10_Gap,Small,40,5,IG,789,2348,0.9701725440099835,0.0,run-20260801-185310-d37e,2026-08-01T18:53:10Z
vrf/VFR40_5_10_Gap,Small,40,5,IG,2025,2348,0.9650465261656791,0.0,run-20260801-185311-ba59,2026-08-01T18:53:11Z
vrf/VFR40_5_1_Gap,Small,40,5,IG,42,2396,0.816483385162428,0.0,run-20260801-185312-ff1d,2026-08-01T18:53:12Z
vrf/VFR40_5_1_Gap,Small,40,5,IG,123,2396,0.816553293960169,0.0,run-20260801-185313-e023,2026-08-01T18:53:13Z
vrf/VFR40_5_1_Gap,Small,40,5,IG,456,2396,0.8416117271408439,0.0,run-20260801-185314-20b6,2026-08-01T18:53:14Z
vrf/VFR40_5_1_Gap,Small,40,5,IG,789,2396,0.820842872839421,0.0,run-20260801-185315-deaa,2026-08-01T18:53:15Z
vrf/VFR40_5_1_Gap,Small,40,5,IG,2025,2396,0.8319390958640724,0.0,run-20260801-185315-5f64,2026-08-01T18:53:15Z
vrf/VFR40_5_2_Gap,Small,40,5,IG,42,2442,1.1564971539191902,0.0,run-20260801-185317-f25f,2026-08-01T18:53:17Z
vrf/VFR40_5_2_Gap,Small,40,5,IG,123,2442,1.1997968018986285,0.0,run-20260801-185318-3bd0,2026-08-01T18:53:18Z
vrf/VFR40_5_2_Gap,Small,40,5,IG,456,2442,1.1753079588524997,0.0,run-20260801-185319-d3ec,2026-08-01T18:53:19Z
vrf/VFR40_5_2_Gap,Small,40,5,IG,789,2442,1.1796880231704563,0.0,run-20260801-185320-379f,2026-08-01T18:53:20Z
vrf/VFR40_5_2_Gap,Small,40,5,IG,2025,2442,1.1843559460248798,0.0,run-20260801-185321-7583,2026-08-01T18:53:21Z
vrf/VFR40_5_3_Gap,Small,40,5,IG,42,2174,1.0476571631152183,0.0,run-20260801-185322-642a,2026-08-01T18:53:22Z
vrf/VFR40_5_3_Gap,Small,40,5,IG,123,2174,1.0613339350093156,0.0,run-20260801-185323-43d7,2026-08-01T18:53:23Z
vrf/VFR40_5_3_Gap,Small,40,5,IG,456,2174,1.0689603101927787,0.0,run-20260801-185325-75ea,2026-08-01T18:53:25Z
vrf/VFR40_5_3_Gap,Small,40,5,IG,789,2174,1.0526677921880037,0.0,run-20260801-185326-b266,2026-08-01T18:53:26Z
vrf/VFR40_5_3_Gap,Small,40,5,IG,2025,2174,1.0710782711394131,0.0,run-20260801-185327-cf76,2026-08-01T18:53:27Z
vrf/VFR40_5_4_Gap,Small,40,5,IG,42,2149,1.0504695270210505,0.0,run-20260801-185328-9ad3,2026-08-01T18:53:28Z
vrf/VFR40_5_4_Gap,Small,40,5,IG,123,2149,1.0167044107802212,0.0,run-20260801-185329-ca68,2026-08-01T18:53:29Z
vrf/VFR40_5_4_Gap,Small,40,5,IG,456,2149,1.0307178390212357,0.0,run-20260801-185330-0926,2026-08-01T18:53:30Z
vrf/VFR40_5_4_Gap,Small,40,5,IG,789,2149,1.0409978609532118,0.0,run-20260801-185331-1150,2026-08-01T18:53:31Z
vrf/VFR40_5_4_Gap,Small,40,5,IG,2025,2149,1.0335046469699591,0.0,run-20260801-185332-216c,2026-08-01T18:53:32Z
vrf/VFR40_5_5_Gap,Small,40,5,IG,42,2251,1.141077047912404,0.1780151312861593,run-20260801-185333-764a,2026-08-01T18:53:33Z
vrf/VFR40_5_5_Gap,Small,40,5,IG,123,2251,1.1616451060399413,0.1780151312861593,run-20260801-185334-96d2,2026-08-01T18:53:34Z
vrf/VFR40_5_5_Gap,Small,40,5,IG,456,2251,1.1470593300182372,0.1780151312861593,run-20260801-185335-6b18,2026-08-01T18:53:35Z
vrf/VFR40_5_5_Gap,Small,40,5,IG,789,2251,1.20798712503165,0.1780151312861593,run-20260801-185336-93a9,2026-08-01T18:53:36Z
vrf/VFR40_5_5_Gap,Small,40,5,IG,2025,2251,1.1895232158713043,0.1780151312861593,run-20260801-185338-1ddd,2026-08-01T18:53:38Z
vrf/VFR40_5_6_Gap,Small,40,5,IG,42,2154,0.9946463510859758,0.0,run-20260801-185339-5668,2026-08-01T18:53:39Z
vrf/VFR40_5_6_Gap,Small,40,5,IG,123,2154,0.9504464650526643,0.0,run-20260801-185340-8f3f,2026-08-01T18:53:40Z
vrf/VFR40_5_6_Gap,Small,40,5,IG,456,2154,0.9570621058810502,0.0,run-20260801-185341-f19f,2026-08-01T18:53:41Z
vrf/VFR40_5_6_Gap,Small,40,5,IG,789,2154,0.9653189659584314,0.0,run-20260801-185342-bdfd,2026-08-01T18:53:42Z
vrf/VFR40_5_6_Gap,Small,40,5,IG,2025,2154,0.9626885510515422,0.0,run-20260801-185343-18ec,2026-08-01T18:53:43Z
vrf/VFR40_5_7_Gap,Small,40,5,IG,42,2211,1.181571331107989,0.18124150430448574,run-20260801-185344-282d,2026-08-01T18:53:44Z
vrf/VFR40_5_7_Gap,Small,40,5,IG,123,2211,1.209258281160146,0.18124150430448574,run-20260801-185345-c6cc,2026-08-01T18:53:45Z
vrf/VFR40_5_7_Gap,Small,40,5,IG,456,2211,1.176067491993308,0.18124150430448574,run-20260801-185346-18b6,2026-08-01T18:53:46Z
vrf/VFR40_5_7_Gap,Small,40,5,IG,789,2211,1.2408063111361116,0.18124150430448574,run-20260801-185347-f0b3,2026-08-01T18:53:47Z
vrf/VFR40_5_7_Gap,Small,40,5,IG,2025,2211,1.1898847960401326,0.18124150430448574,run-20260801-185349-03ab,2026-08-01T18:53:49Z
vrf/VFR40_5_8_Gap,Small,40,5,IG,42,2414,0.9199508130550385,0.0,run-20260801-185349-757b,2026-08-01T18:53:49Z
vrf/VFR40_5_8_Gap,Small,40,5,IG,123,2414,0.8952325978316367,0.0,run-20260801-185350-e926,2026-08-01T18:53:50Z
vrf/VFR40_5_8_Gap,Small,40,5,IG,456,2414,0.8995957120787352,0.0,run-20260801-185351-9851,2026-08-01T18:53:51Z
vrf/VFR40_5_8_Gap,Small,40,5,IG,789,2414,0.8946848490741104,0.0,run-20260801-185352-c57b,2026-08-01T18:53:52Z
vrf/VFR40_5_8_Gap,Small,40,5,IG,2025,2414,0.9093246860429645,0.0,run-20260801-185353-9c91,2026-08-01T18:53:53Z
vrf/VFR40_5_9_Gap,Small,40,5,IG,42,2305,1.1184128099121153,0.0,run-20260801-185354-40c6,2026-08-01T18:53:54Z
vrf/VFR40_5_9_Gap,Small,40,5,IG,123,2305,1.1129061279352754,0.0,run-20260801-185355-21ba,2026-08-01T18:53:55Z
vrf/VFR40_5_9_Gap,Small,40,5,IG,456,2305,1.1687717579770833,0.0,run-20260801-185356-5e22,2026-08-01T18:53:56Z
vrf/VFR40_5_9_Gap,Small,40,5,IG,789,2305,1.145017139846459,0.0,run-20260801-185358-af1c,2026-08-01T18:53:58Z
vrf/VFR40_5_9_Gap,Small,40,5,IG,2025,2305,1.1286860241089016,0.0,run-20260801-185359-8481,2026-08-01T18:53:59Z
vrf/VFR50_10_10_Gap,Small,50,10,IG,42,3091,2.897690940881148,1.1452879581151831,run-20260801-185402-438d,2026-08-01T18:54:02Z
vrf/VFR50_10_10_Gap,Small,50,10,IG,123,3083,2.9790610768832266,0.8835078534031413,run-20260801-185405-9438,2026-08-01T18:54:05Z
vrf/VFR50_10_10_Gap,Small,50,10,IG,456,3091,3.019990239990875,1.1452879581151831,run-20260801-185408-afae,2026-08-01T18:54:08Z
vrf/VFR50_10_10_Gap,Small,50,10,IG,789,3091,3.0838109580799937,1.1452879581151831,run-20260801-185411-4e8e,2026-08-01T18:54:11Z
vrf/VFR50_10_10_Gap,Small,50,10,IG,2025,3078,3.191457388922572,0.7198952879581152,run-20260801-185414-f473,2026-08-01T18:54:14Z
vrf/VFR50_10_1_Gap,Small,50,10,IG,42,2966,3.1436607169453055,1.367053998632946,run-20260801-185417-6dd5,2026-08-01T18:54:17Z
vrf/VFR50_10_1_Gap,Small,50,10,IG,123,2949,3.283275895053521,0.7860560492139439,run-20260801-185420-d815,2026-08-01T18:54:20Z
vrf/VFR50_10_1_Gap,Small,50,10,IG,456,2937,3.3488369579426944,0.37593984962406013,run-20260801-185424-1288,2026-08-01T18:54:24Z
vrf/VFR50_10_1_Gap,Small,50,10,IG,789,2940,3.1490124959964305,0.4784688995215311,run-20260801-185427-f326,2026-08-01T18:54:27Z
vrf/VFR50_10_1_Gap,Small,50,10,IG,2025,2946,3.276849542045966,0.683526999316473,run-20260801-185430-80a2,2026-08-01T18:54:30Z
vrf/VFR50_10_2_Gap,Small,50,10,IG,42,3040,2.9756939839571714,0.16474464579901152,run-20260801-185433-d2a7,2026-08-01T18:54:33Z
vrf/VFR50_10_2_Gap,Small,50,10,IG,123,3040,2.933010549051687,0.16474464579901152,run-20260801-185436-dc8e,2026-08-01T18:54:36Z
vrf/VFR50_10_2_Gap,Small,50,10,IG,456,3040,2.8364508759696037,0.16474464579901152,run-20260801-185439-9e72,2026-08-01T18:54:39Z
vrf/VFR50_10_2_Gap,Small,50,10,IG,789,3040,2.956589447101578,0.16474464579901152,run-20260801-185442-8378,2026-08-01T18:54:42Z
vrf/VFR50_10_2_Gap,Small,50,10,IG,2025,3040,2.9913657628931105,0.16474464579901152,run-20260801-185445-c9d6,2026-08-01T18:54:45Z
vrf/VFR50_10_3_Gap,Small,50,10,IG,42,3050,3.3298055299092084,1.0268300761841669,run-20260801-185448-236e,2026-08-01T18:54:48Z
vrf/VFR50_10_3_Gap,Small,50,10,IG,123,3024,3.422700210940093,0.16561775422325273,run-20260801-185452-4627,2026-08-01T18:54:52Z
vrf/VFR50_10_3_Gap,Small,50,10,IG,456,3031,3.2484659331385046,0.39748261013580655,run-20260801-185455-130d,2026-08-01T18:54:55Z
vrf/VFR50_10_3_Gap,Small,50,10,IG,789,3038,3.231349712004885,0.6293474660483603,run-20260801-185458-8dc8,2026-08-01T18:54:58Z
vrf/VFR50_10_3_Gap,Small,50,10,IG,2025,3050,3.2381687390152365,1.0268300761841669,run-20260801-185501-de93,2026-08-01T18:55:01Z
vrf/VFR50_10_4_Gap,Small,50,10,IG,42,3035,3.1124522569589317,1.0656010656010657,run-20260801-185504-cd63,2026-08-01T18:55:04Z
vrf/VFR50_10_4_Gap,Small,50,10,IG,123,3034,3.1285548391751945,1.0323010323010322,run-20260801-185508-5c00,2026-08-01T18:55:08Z
vrf/VFR50_10_4_Gap,Small,50,10,IG,456,3034,3.005576927913353,1.0323010323010322,run-20260801-185511-1a52,2026-08-01T18:55:11Z
vrf/VFR50_10_4_Gap,Small,50,10,IG,789,3034,3.169706722954288,1.0323010323010322,run-20260801-185514-7d09,2026-08-01T18:55:14Z
vrf/VFR50_10_4_Gap,Small,50,10,IG,2025,3033,3.17529927007854,0.999000999000999,run-20260801-185517-467c,2026-08-01T18:55:17Z
vrf/VFR50_10_5_Gap,Small,50,10,IG,42,3268,2.7697493168525398,0.4920049200492005,run-20260801-185520-cd51,2026-08-01T18:55:20Z
vrf/VFR50_10_5_Gap,Small,50,10,IG,123,3263,2.695246275048703,0.33825338253382536,run-20260801-185522-4501,2026-08-01T18:55:22Z
vrf/VFR50_10_5_Gap,Small,50,10,IG,456,3268,2.7272591199725866,0.4920049200492005,run-20260801-185525-dca0,2026-08-01T18:55:25Z
vrf/VFR50_10_5_Gap,Small,50,10,IG,789,3268,2.7913665380328894,0.4920049200492005,run-20260801-185528-e6e2,2026-08-01T18:55:28Z
vrf/VFR50_10_5_Gap,Small,50,10,IG,2025,3268,2.846148382173851,0.4920049200492005,run-20260801-185531-9520,2026-08-01T18:55:31Z
vrf/VFR50_10_6_Gap,Small,50,10,IG,42,3149,2.54986813897267,0.0,run-20260801-185533-d70f,2026-08-01T18:55:33Z
vrf/VFR50_10_6_Gap,Small,50,10,IG,123,3149,2.5702869091182947,0.0,run-20260801-185536-6247,2026-08-01T18:55:36Z
vrf/VFR50_10_6_Gap,Small,50,10,IG,456,3149,2.4313454758375883,0.0,run-20260801-185538-6f37,2026-08-01T18:55:38Z
vrf/VFR50_10_6_Gap,Small,50,10,IG,789,3149,2.6232692948542535,0.0,run-20260801-185541-ce90,2026-08-01T18:55:41Z
vrf/VFR50_10_6_Gap,Small,50,10,IG,2025,3149,2.543505426030606,0.0,run-20260801-185543-0b44,2026-08-01T18:55:43Z
vrf/VFR50_10_7_Gap,Small,50,10,IG,42,2885,3.074007292976603,1.5130190007037299,run-20260801-185547-32d1,2026-08-01T18:55:47Z
vrf/VFR50_10_7_Gap,Small,50,10,IG,123,2869,3.2626235568895936,0.9500351864883885,run-20260801-185550-4be2,2026-08-01T18:55:50Z
vrf/VFR50_10_7_Gap,Small,50,10,IG,456,2885,3.021538807079196,1.5130190007037299,run-20260801-185553-70c5,2026-08-01T18:55:53Z
vrf/VFR50_10_7_Gap,Small,50,10,IG,789,2885,3.298891220940277,1.5130190007037299,run-20260801-185556-373e,2026-08-01T18:55:56Z
vrf/VFR50_10_7_Gap,Small,50,10,IG,2025,2885,3.1402732289861888,1.5130190007037299,run-20260801-185559-5579,2026-08-01T18:55:59Z
vrf/VFR50_10_8_Gap,Small,50,10,IG,42,3101,3.188926799921319,0.9440104166666666,run-20260801-185602-8cb7,2026-08-01T18:56:02Z
vrf/VFR50_10_8_Gap,Small,50,10,IG,123,3106,3.25998791703023,1.1067708333333333,run-20260801-185606-6f3a,2026-08-01T18:56:06Z
vrf/VFR50_10_8_Gap,Small,50,10,IG,456,3102,3.1636503599584103,0.9765625,run-20260801-185609-e79f,2026-08-01T18:56:09Z
vrf/VFR50_10_8_Gap,Small,50,10,IG,789,3107,3.313656470971182,1.1393229166666667,run-20260801-185612-3358,2026-08-01T18:56:12Z
vrf/VFR50_10_8_Gap,Small,50,10,IG,2025,3108,3.3645929240155965,1.171875,run-20260801-185616-9621,2026-08-01T18:56:16Z
vrf/VFR50_10_9_Gap,Small,50,10,IG,42,3022,2.7825371820945293,0.0,run-20260801-185618-2fd4,2026-08-01T18:56:18Z
vrf/VFR50_10_9_Gap,Small,50,10,IG,123,3022,2.833539177896455,0.0,run-20260801-185621-e31a,2026-08-01T18:56:21Z
vrf/VFR50_10_9_Gap,Small,50,10,IG,456,3022,2.843398087192327,0.0,run-20260801-185624-b057,2026-08-01T18:56:24Z
vrf/VFR50_10_9_Gap,Small,50,10,IG,789,3022,2.8602109029889107,0.0,run-20260801-185627-ed0a,2026-08-01T18:56:27Z
vrf/VFR50_10_9_Gap,Small,50,10,IG,2025,3022,2.8549201698042452,0.0,run-20260801-185630-8d12,2026-08-01T18:56:30Z
vrf/VFR50_15_10_Gap,Small,50,15,IG,42,3441,4.456968450918794,1.235657546337158,run-20260801-185634-3811,2026-08-01T18:56:34Z
vrf/VFR50_15_10_Gap,Small,50,15,IG,123,3424,4.528492745012045,0.7355104442483084,run-20260801-185639-cbc2,2026-08-01T18:56:39Z
vrf/VFR50_15_10_Gap,Small,50,15,IG,456,3457,4.431897443020716,1.7063842306560753,run-20260801-185643-feb9,2026-08-01T18:56:43Z
vrf/VFR50_15_10_Gap,Small,50,15,IG,789,3453,4.607701641973108,1.588702559576346,run-20260801-185648-c5f8,2026-08-01T18:56:48Z
vrf/VFR50_15_10_Gap,Small,50,15,IG,2025,3443,4.768361591966823,1.2944983818770226,run-20260801-185653-a800,2026-08-01T18:56:53Z
vrf/VFR50_15_1_Gap,Small,50,15,IG,42,3367,4.589453890919685,1.5379975874547647,run-20260801-185657-1e1d,2026-08-01T18:56:57Z
vrf/VFR50_15_1_Gap,Small,50,15,IG,123,3352,4.668966588098556,1.0856453558504222,run-20260801-185702-8fc2,2026-08-01T18:57:02Z
vrf/VFR50_15_1_Gap,Small,50,15,IG,456,3371,4.387156192911789,1.6586248492159228,run-20260801-185706-0ffc,2026-08-01T18:57:06Z
vrf/VFR50_15_1_Gap,Small,50,15,IG,789,3356,4.078284613089636,1.2062726176115801,run-20260801-185710-876d,2026-08-01T18:57:10Z
vrf/VFR50_15_1_Gap,Small,50,15,IG,2025,3352,4.712539460044354,1.0856453558504222,run-20260801-185715-514b,2026-08-01T18:57:15Z
vrf/VFR50_15_2_Gap,Small,50,15,IG,42,3419,4.493331645149738,2.151180161338512,run-20260801-185719-299c,2026-08-01T18:57:19Z
vrf/VFR50_15_2_Gap,Small,50,15,IG,123,3391,4.514196417992935,1.3146100985957574,run-20260801-185724-eca7,2026-08-01T18:57:24Z
vrf/VFR50_15_2_Gap,Small,50,15,IG,456,3419,4.577757271938026,2.151180161338512,run-20260801-185729-2b61,2026-08-01T18:57:29Z
vrf/VFR50_15_2_Gap,Small,50,15,IG,789,3418,4.541628679027781,2.1213026590976996,run-20260801-185733-b458,2026-08-01T18:57:33Z
vrf/VFR50_15_2_Gap,Small,50,15,IG,2025,3414,4.563232606975362,2.001792650134449,run-20260801-185738-025e,2026-08-01T18:57:38Z
vrf/VFR50_15_3_Gap,Small,50,15,IG,42,3349,4.459507110994309,1.4541048167222055,run-20260801-185742-5fc1,2026-08-01T18:57:42Z
vrf/VFR50_15_3_Gap,Small,50,15,IG,123,3351,4.695089023094624,1.514692517418964,run-20260801-185747-53f2,2026-08-01T18:57:47Z
vrf/VFR50_15_3_Gap,Small,50,15,IG,456,3348,4.769886906025931,1.423810966373826,run-20260801-185752-cc49,2026-08-01T18:57:52Z
vrf/VFR50_15_3_Gap,Small,50,15,IG,789,3358,4.409990710904822,1.726749469857619,run-20260801-185756-cb9c,2026-08-01T18:57:56Z
vrf/VFR50_15_3_Gap,Small,50,15,IG,2025,3354,4.647347335005179,1.6055740684641018,run-20260801-185801-2282,2026-08-01T18:58:01Z
vrf/VFR50_15_4_Gap,Small,50,15,IG,42,3539,4.424836860969663,0.511218403862539,run-20260801-185805-3911,2026-08-01T18:58:05Z
vrf/VFR50_15_4_Gap,Small,50,15,IG,123,3552,4.383412517840043,0.8804316955410395,run-20260801-185809-38eb,2026-08-01T18:58:09Z
vrf/VFR50_15_4_Gap,Small,50,15,IG,456,3570,4.562697400106117,1.3916500994035785,run-20260801-185814-1908,2026-08-01T18:58:14Z
vrf/VFR50_15_4_Gap,Small,50,15,IG,789,3548,4.390814703190699,0.7668276057938086,run-20260801-185818-96e5,2026-08-01T18:58:18Z
vrf/VFR50_15_4_Gap,Small,50,15,IG,2025,3557,4.714723896002397,1.022436807725078,run-20260801-185823-094c,2026-08-01T18:58:23Z
vrf/VFR50_15_5_Gap,Small,50,15,IG,42,3370,4.722210175124928,1.0797840431913617,run-20260801-185828-2bed,2026-08-01T18:58:28Z
vrf/VFR50_15_5_Gap,Small,50,15,IG,123,3383,4.448339574038982,1.4697060587882425,run-20260801-185832-3724,2026-08-01T18:58:32Z
vrf/VFR50_15_5_Gap,Small,50,15,IG,456,3370,4.513214624952525,1.0797840431913617,run-20260801-185837-6ffd,2026-08-01T18:58:37Z
vrf/VFR50_15_5_Gap,Small,50,15,IG,789,3383,4.444944328162819,1.4697060587882425,run-20260801-185841-b7fc,2026-08-01T18:58:41Z
vrf/VFR50_15_5_Gap,Small,50,15,IG,2025,3386,4.728431641124189,1.5596880623875224,run-20260801-185846-eb99,2026-08-01T18:58:46Z
vrf/VFR50_15_6_Gap,Small,50,15,IG,42,3385,4.570437278132886,1.1655708308427974,run-20260801-185851-6fd2,2026-08-01T18:58:51Z
vrf/VFR50_15_6_Gap,Small,50,15,IG,123,3402,4.785270460881293,1.6736401673640167,run-20260801-185855-39ec,2026-08-01T18:58:55Z
vrf/VFR50_15_6_Gap,Small,50,15,IG,456,3401,4.287903557065874,1.643753735803945,run-20260801-185900-34d7,2026-08-01T18:59:00Z
vrf/VFR50_15_6_Gap,Small,50,15,IG,789,3387,4.62502868194133,1.2253436939629407,run-20260801-185904-6cd5,2026-08-01T18:59:04Z
vrf/VFR50_15_6_Gap,Small,50,15,IG,2025,3393,4.676533731864765,1.4046622833233713,run-20260801-185909-2a70,2026-08-01T18:59:09Z
vrf/VFR50_15_7_Gap,Small,50,15,IG,42,3513,4.406877787783742,0.6590257879656161,run-20260801-185913-bae8,2026-08-01T18:59:13Z
vrf/VFR50_15_7_Gap,Small,50,15,IG,123,3535,4.412329601123929,1.2893982808022924,run-20260801-185918-39c1,2026-08-01T18:59:18Z
vrf/VFR50_15_7_Gap,Small,50,15,IG,456,3542,4.213169937953353,1.489971346704871,run-20260801-185922-8db7,2026-08-01T18:59:22Z
vrf/VFR50_15_7_Gap,Small,50,15,IG,789,3542,4.465113828890026,1.489971346704871,run-20260801-185926-eb9a,2026-08-01T18:59:26Z
vrf/VFR50_15_7_Gap,Small,50,15,IG,2025,3504,4.370015856809914,0.40114613180515757,run-20260801-185931-e950,2026-08-01T18:59:31Z
vrf/VFR50_15_8_Gap,Small,50,15,IG,42,3485,4.815122833941132,1.6034985422740524,run-20260801-185936-d57f,2026-08-01T18:59:36Z
vrf/VFR50_15_8_Gap,Small,50,15,IG,123,3468,4.6004863968119025,1.1078717201166182,run-20260801-185940-9923,2026-08-01T18:59:40Z
vrf/VFR50_15_8_Gap,Small,50,15,IG,456,3460,4.715763820102438,0.8746355685131195,run-20260801-185945-7a54,2026-08-01T18:59:45Z
vrf/VFR50_15_8_Gap,Small,50,15,IG,789,3458,4.625824474962428,0.8163265306122449,run-20260801-185950-572c,2026-08-01T18:59:50Z
vrf/VFR50_15_8_Gap,Small,50,15,IG,2025,3509,4.893828383879736,2.303206997084548,run-20260801-185955-da68,2026-08-01T18:59:55Z
vrf/VFR50_15_9_Gap,Small,50,15,IG,42,3236,4.41444531083107,0.9672386895475819,run-20260801-185959-fa86,2026-08-01T18:59:59Z
vrf/VFR50_15_9_Gap,Small,50,15,IG,123,3238,4.434424368897453,1.029641185647426,run-20260801-190003-4a2e,2026-08-01T19:00:03Z
vrf/VFR50_15_9_Gap,Small,50,15,IG,456,3239,4.4630119011271745,1.0608424336973479,run-20260801-190008-802b,2026-08-01T19:00:08Z
vrf/VFR50_15_9_Gap,Small,50,15,IG,789,3245,4.591776750981808,1.24804992199688,run-20260801-190012-2220,2026-08-01T19:00:12Z
vrf/VFR50_15_9_Gap,Small,50,15,IG,2025,3227,4.562919566873461,0.6864274570982839,run-20260801-190017-83e9,2026-08-01T19:00:17Z
vrf/VFR50_20_10_Gap,Small,50,20,IG,42,3817,5.900270199868828,1.2735473600424516,run-20260801-190023-d1af,2026-08-01T19:00:23Z
vrf/VFR50_20_10_Gap,Small,50,20,IG,123,3834,5.850494160084054,1.7245953833908199,run-20260801-190029-6d77,2026-08-01T19:00:29Z
vrf/VFR50_20_10_Gap,Small,50,20,IG,456,3813,5.842785430839285,1.1674184133722474,run-20260801-190035-ffba,2026-08-01T19:00:35Z
vrf/VFR50_20_10_Gap,Small,50,20,IG,789,3812,5.815066878916696,1.1408861767046963,run-20260801-190040-c1b9,2026-08-01T19:00:40Z
vrf/VFR50_20_10_Gap,Small,50,20,IG,2025,3803,6.1077658659778535,0.9020960466967365,run-20260801-190047-4239,2026-08-01T19:00:47Z
vrf/VFR50_20_1_Gap,Small,50,20,IG,42,3774,5.482302112039179,2.1933387489845653,run-20260801-190052-3f53,2026-08-01T19:00:52Z
vrf/VFR50_20_1_Gap,Small,50,20,IG,123,3773,5.914946676930413,2.166260492824262,run-20260801-190058-a223,2026-08-01T19:00:58Z
vrf/VFR50_20_1_Gap,Small,50,20,IG,456,3744,5.7117151690181345,1.380991064175467,run-20260801-190104-4393,2026-08-01T19:01:04Z
vrf/VFR50_20_1_Gap,Small,50,20,IG,789,3745,5.876566604943946,1.4080693203357704,run-20260801-190109-c3e6,2026-08-01T19:01:09Z
vrf/VFR50_20_1_Gap,Small,50,20,IG,2025,3742,5.5913623759988695,1.3268345518548605,run-20260801-190115-8ac8,2026-08-01T19:01:15Z
vrf/VFR50_20_2_Gap,Small,50,20,IG,42,3758,6.216980932047591,1.0486689970422156,run-20260801-190121-bda8,2026-08-01T19:01:21Z
vrf/VFR50_20_2_Gap,Small,50,20,IG,123,3758,5.761420032009482,1.0486689970422156,run-20260801-190127-2b35,2026-08-01T19:01:27Z
vrf/VFR50_20_2_Gap,Small,50,20,IG,456,3781,5.843744366895407,1.6671148158107019,run-20260801-190133-42e7,2026-08-01T19:01:33Z
vrf/VFR50_20_2_Gap,Small,50,20,IG,789,3770,5.784344066865742,1.3713363807475127,run-20260801-190139-afb4,2026-08-01T19:01:39Z
vrf/VFR50_20_2_Gap,Small,50,20,IG,2025,3765,5.787693300051615,1.2368916375369723,run-20260801-190144-3685,2026-08-01T19:01:44Z
vrf/VFR50_20_3_Gap,Small,50,20,IG,42,3813,5.668738787062466,0.766384778012685,run-20260801-190150-05e4,2026-08-01T19:01:50Z
vrf/VFR50_20_3_Gap,Small,50,20,IG,123,3826,5.724163067061454,1.109936575052854,run-20260801-190156-d48b,2026-08-01T19:01:56Z
vrf/VFR50_20_3_Gap,Small,50,20,IG,456,3811,5.794872576836497,0.7135306553911205,run-20260801-190202-841b,2026-08-01T19:02:02Z
vrf/VFR50_20_3_Gap,Small,50,20,IG,789,3823,5.804263935890049,1.0306553911205074,run-20260801-190207-7b4d,2026-08-01T19:02:07Z
vrf/VFR50_20_3_Gap,Small,50,20,IG,2025,3835,5.90425301506184,1.3477801268498943,run-20260801-190213-0eda,2026-08-01T19:02:13Z
vrf/VFR50_20_4_Gap,Small,50,20,IG,42,3773,5.914547146996483,1.7255324885413859,run-20260801-190219-8303,2026-08-01T19:02:19Z
vrf/VFR50_20_4_Gap,Small,50,20,IG,123,3750,5.666121777147055,1.1054192504718252,run-20260801-190225-ad06,2026-08-01T19:02:25Z
vrf/VFR50_20_4_Gap,Small,50,20,IG,456,3723,5.60473994910717,0.37746023186842814,run-20260801-190231-8637,2026-08-01T19:02:31Z
vrf/VFR50_20_4_Gap,Small,50,20,IG,789,3764,5.52412209706381,1.4828794823402534,run-20260801-190236-0fad,2026-08-01T19:02:36Z
vrf/VFR50_20_4_Gap,Small,50,20,IG,2025,3759,5.877423858968541,1.3480722566729577,run-20260801-190242-611a,2026-08-01T19:02:42Z
vrf/VFR50_20_5_Gap,Small,50,20,IG,42,3673,5.937112763989717,1.1288546255506609,run-20260801-190248-0d52,2026-08-01T19:02:48Z
vrf/VFR50_20_5_Gap,Small,50,20,IG,123,3681,5.891291726147756,1.3491189427312775,run-20260801-190254-6665,2026-08-01T19:02:54Z
vrf/VFR50_20_5_Gap,Small,50,20,IG,456,3711,5.456399512011558,2.1751101321585904,run-20260801-190259-f7de,2026-08-01T19:02:59Z
vrf/VFR50_20_5_Gap,Small,50,20,IG,789,3670,5.702766256174073,1.0462555066079295,run-20260801-190305-6158,2026-08-01T19:03:05Z
vrf/VFR50_20_5_Gap,Small,50,20,IG,2025,3679,5.820905330823734,1.2940528634361232,run-20260801-190311-b4ce,2026-08-01T19:03:11Z
vrf/VFR50_20_6_Gap,Small,50,20,IG,42,3835,5.927252864930779,1.0540184453227932,run-20260801-190317-255d,2026-08-01T19:03:17Z
vrf/VFR50_20_6_Gap,Small,50,20,IG,123,3842,6.030303745996207,1.238471673254282,run-20260801-190323-a5b7,2026-08-01T19:03:23Z
vrf/VFR50_20_6_Gap,Small,50,20,IG,456,3858,5.992922669975087,1.6600790513833992,run-20260801-190329-099d,2026-08-01T19:03:29Z
vrf/VFR50_20_6_Gap,Small,50,20,IG,789,3875,5.989235120126978,2.1080368906455864,run-20260801-190335-4b17,2026-08-01T19:03:35Z
vrf/VFR50_20_6_Gap,Small,50,20,IG,2025,3871,5.701805094955489,2.002635046113307,run-20260801-190340-6b0a,2026-08-01T19:03:40Z
vrf/VFR50_20_7_Gap,Small,50,20,IG,42,3789,5.756348411086947,2.5162337662337664,run-20260801-190346-ef43,2026-08-01T19:03:46Z
vrf/VFR50_20_7_Gap,Small,50,20,IG,123,3771,6.23828557995148,2.029220779220779,run-20260801-190352-a38e,2026-08-01T19:03:52Z
vrf/VFR50_20_7_Gap,Small,50,20,IG,456,3764,5.971877765841782,1.8398268398268398,run-20260801-190358-eb9f,2026-08-01T19:03:58Z
vrf/VFR50_20_7_Gap,Small,50,20,IG,789,3774,6.275380383944139,2.1103896103896105,run-20260801-190405-c6e5,2026-08-01T19:04:05Z
vrf/VFR50_20_7_Gap,Small,50,20,IG,2025,3786,5.738042922923341,2.435064935064935,run-20260801-190410-b1bc,2026-08-01T19:04:10Z
vrf/VFR50_20_8_Gap,Small,50,20,IG,42,3848,5.9106958610937,1.7182130584192439,run-20260801-190416-2466,2026-08-01T19:04:16Z
vrf/VFR50_20_8_Gap,Small,50,20,IG,123,3840,5.84583402518183,1.506740681998414,run-20260801-190422-83ea,2026-08-01T19:04:22Z
vrf/VFR50_20_8_Gap,Small,50,20,IG,456,3817,5.804901641095057,0.8987575997885277,run-20260801-190428-0053,2026-08-01T19:04:28Z
vrf/VFR50_20_8_Gap,Small,50,20,IG,789,3832,6.012727791909128,1.295268305577584,run-20260801-190434-a609,2026-08-01T19:04:34Z
vrf/VFR50_20_8_Gap,Small,50,20,IG,2025,3823,6.4010190789122134,1.0573618821041502,run-20260801-190440-8527,2026-08-01T19:04:40Z
vrf/VFR50_20_9_Gap,Small,50,20,IG,42,3876,6.030963982921094,1.5723270440251573,run-20260801-190446-d1d9,2026-08-01T19:04:46Z
vrf/VFR50_20_9_Gap,Small,50,20,IG,123,3862,6.177194029092789,1.2054507337526206,run-20260801-190453-c97d,2026-08-01T19:04:53Z
vrf/VFR50_20_9_Gap,Small,50,20,IG,456,3868,5.93148949299939,1.3626834381551363,run-20260801-190459-ab42,2026-08-01T19:04:59Z
vrf/VFR50_20_9_Gap,Small,50,20,IG,789,3853,6.322168540908024,0.9696016771488469,run-20260801-190505-94e9,2026-08-01T19:05:05Z
vrf/VFR50_20_9_Gap,Small,50,20,IG,2025,3862,6.15046699391678,1.2054507337526206,run-20260801-190511-d5d7,2026-08-01T19:05:11Z
vrf/VFR50_5_10_Gap,Small,50,5,IG,42,2834,1.30048061395064,0.0,run-20260801-190512-cd52,2026-08-01T19:05:12Z
vrf/VFR50_5_10_Gap,Small,50,5,IG,123,2834,1.293403411982581,0.0,run-20260801-190514-fbe2,2026-08-01T19:05:14Z
vrf/VFR50_5_10_Gap,Small,50,5,IG,456,2834,1.3087650800589472,0.0,run-20260801-190515-1e1b,2026-08-01T19:05:15Z
vrf/VFR50_5_10_Gap,Small,50,5,IG,789,2834,1.2898150640539825,0.0,run-20260801-190516-1741,2026-08-01T19:05:16Z
vrf/VFR50_5_10_Gap,Small,50,5,IG,2025,2834,1.2733925639186054,0.0,run-20260801-190518-870a,2026-08-01T19:05:18Z
vrf/VFR50_5_1_Gap,Small,50,5,IG,42,3055,1.0354009929578751,0.0,run-20260801-190519-c7a5,2026-08-01T19:05:19Z
vrf/VFR50_5_1_Gap,Small,50,5,IG,123,3055,1.0366806539241225,0.0,run-20260801-190520-c864,2026-08-01T19:05:20Z
vrf/VFR50_5_1_Gap,Small,50,5,IG,456,3055,1.0240992298349738,0.0,run-20260801-190521-cce3,2026-08-01T19:05:21Z
vrf/VFR50_5_1_Gap,Small,50,5,IG,789,3055,1.029309670906514,0.0,run-20260801-190522-aa0b,2026-08-01T19:05:22Z
vrf/VFR50_5_1_Gap,Small,50,5,IG,2025,3055,1.024141747970134,0.0,run-20260801-190523-72dd,2026-08-01T19:05:23Z
vrf/VFR50_5_2_Gap,Small,50,5,IG,42,2853,0.9358382800128311,0.0,run-20260801-190524-4c94,2026-08-01T19:05:24Z
vrf/VFR50_5_2_Gap,Small,50,5,IG,123,2853,0.9339228849858046,0.0,run-20260801-190525-e94a,2026-08-01T19:05:25Z
vrf/VFR50_5_2_Gap,Small,50,5,IG,456,2853,0.9435131431091577,0.0,run-20260801-190526-aba3,2026-08-01T19:05:26Z
vrf/VFR50_5_2_Gap,Small,50,5,IG,789,2853,0.9423396529164165,0.0,run-20260801-190526-4503,2026-08-01T19:05:26Z
vrf/VFR50_5_2_Gap,Small,50,5,IG,2025,2853,0.9514914809260517,0.0,run-20260801-190527-b46c,2026-08-01T19:05:27Z
vrf/VFR50_5_3_Gap,Small,50,5,IG,42,2746,1.2018379278015345,0.0,run-20260801-190529-b895,2026-08-01T19:05:29Z
vrf/VFR50_5_3_Gap,Small,50,5,IG,123,2746,1.2105024019256234,0.0,run-20260801-190530-16fd,2026-08-01T19:05:30Z
vrf/VFR50_5_3_Gap,Small,50,5,IG,456,2746,1.2112898109480739,0.0,run-20260801-190531-2208,2026-08-01T19:05:31Z
vrf/VFR50_5_3_Gap,Small,50,5,IG,789,2746,1.2267872530501336,0.0,run-20260801-190532-e511,2026-08-01T19:05:32Z
vrf/VFR50_5_3_Gap,Small,50,5,IG,2025,2746,1.2252912109252065,0.0,run-20260801-190533-e86f,2026-08-01T19:05:33Z
vrf/VFR50_5_4_Gap,Small,50,5,IG,42,2836,1.2762113979551941,0.0,run-20260801-190535-2c9b,2026-08-01T19:05:35Z
vrf/VFR50_5_4_Gap,Small,50,5,IG,123,2836,1.2385926961433142,0.0,run-20260801-190536-2980,2026-08-01T19:05:36Z
vrf/VFR50_5_4_Gap,Small,50,5,IG,456,2837,1.2633211170323193,0.03526093088857546,run-20260801-190537-b2ac,2026-08-01T19:05:37Z
vrf/VFR50_5_4_Gap,Small,50,5,IG,789,2836,1.3237296910956502,0.0,run-20260801-190539-dfe7,2026-08-01T19:05:39Z
vrf/VFR50_5_4_Gap,Small,50,5,IG,2025,2836,1.2256319329608232,0.0,run-20260801-190540-fc53,2026-08-01T19:05:40Z
vrf/VFR50_5_5_Gap,Small,50,5,IG,42,2866,1.1752576669678092,0.0,run-20260801-190541-16cf,2026-08-01T19:05:41Z
vrf/VFR50_5_5_Gap,Small,50,5,IG,123,2866,1.1743408679030836,0.0,run-20260801-190542-78a6,2026-08-01T19:05:42Z
vrf/VFR50_5_5_Gap,Small,50,5,IG,456,2866,1.214653291972354,0.0,run-20260801-190543-c4ed,2026-08-01T19:05:43Z
vrf/VFR50_5_5_Gap,Small,50,5,IG,789,2866,1.1688654508907348,0.0,run-20260801-190545-9ebd,2026-08-01T19:05:45Z
vrf/VFR50_5_5_Gap,Small,50,5,IG,2025,2866,1.1995880322065204,0.0,run-20260801-190546-0380,2026-08-01T19:05:46Z
vrf/VFR50_5_6_Gap,Small,50,5,IG,42,2841,1.1074364071246237,0.0,run-20260801-190547-0efe,2026-08-01T19:05:47Z
vrf/VFR50_5_6_Gap,Small,50,5,IG,123,2841,1.044551698025316,0.0,run-20260801-190548-1639,2026-08-01T19:05:48Z
vrf/VFR50_5_6_Gap,Small,50,5,IG,456,2841,1.0929102269001305,0.0,run-20260801-190549-0535,2026-08-01T19:05:49Z
vrf/VFR50_5_6_Gap,Small,50,5,IG,789,2841,1.1423316239379346,0.0,run-20260801-190550-7bda,2026-08-01T19:05:50Z
vrf/VFR50_5_6_Gap,Small,50,5,IG,2025,2841,1.117670828010887,0.0,run-20260801-190551-e6d3,2026-08-01T19:05:51Z
vrf/VFR50_5_7_Gap,Small,50,5,IG,42,2600,1.167015410028398,0.0,run-20260801-190552-8d25,2026-08-01T19:05:52Z
vrf/VFR50_5_7_Gap,Small,50,5,IG,123,2600,1.1746115940622985,0.0,run-20260801-190554-d62e,2026-08-01T19:05:54Z
vrf/VFR50_5_7_Gap,Small,50,5,IG,456,2600,1.1669045069720596,0.0,run-20260801-190555-5926,2026-08-01T19:05:55Z
vrf/VFR50_5_7_Gap,Small,50,5,IG,789,2600,1.1663738749921322,0.0,run-20260801-190556-5134,2026-08-01T19:05:56Z
vrf/VFR50_5_7_Gap,Small,50,5,IG,2025,2600,1.1612162301316857,0.0,run-20260801-190557-af37,2026-08-01T19:05:57Z
vrf/VFR50_5_8_Gap,Small,50,5,IG,42,2684,1.1661023220513016,0.0,run-20260801-190558-076a,2026-08-01T19:05:58Z
vrf/VFR50_5_8_Gap,Small,50,5,IG,123,2684,1.1665629239287227,0.0,run-20260801-190559-c748,2026-08-01T19:05:59Z
vrf/VFR50_5_8_Gap,Small,50,5,IG,456,2684,1.1668120629619807,0.0,run-20260801-190601-75ac,2026-08-01T19:06:01Z
vrf/VFR50_5_8_Gap,Small,50,5,IG,789,2684,1.1619716389104724,0.0,run-20260801-190602-c23a,2026-08-01T19:06:02Z
vrf/VFR50_5_8_Gap,Small,50,5,IG,2025,2684,1.1924995591398329,0.0,run-20260801-190603-e056,2026-08-01T19:06:03Z
vrf/VFR50_5_9_Gap,Small,50,5,IG,42,2621,1.4538422499317676,0.0,run-20260801-190604-ca24,2026-08-01T19:06:04Z
vrf/VFR50_5_9_Gap,Small,50,5,IG,123,2621,1.44672173098661,0.0,run-20260801-190606-aa74,2026-08-01T19:06:06Z
vrf/VFR50_5_9_Gap,Small,50,5,IG,456,2621,1.445814301026985,0.0,run-20260801-190607-2577,2026-08-01T19:06:07Z
vrf/VFR50_5_9_Gap,Small,50,5,IG,789,2621,1.447706158971414,0.0,run-20260801-190609-0738,2026-08-01T19:06:09Z
vrf/VFR50_5_9_Gap,Small,50,5,IG,2025,2621,1.4312004940584302,0.0,run-20260801-190610-6e37,2026-08-01T19:06:10Z
vrf/VFR60_10_10_Gap,Small,60,10,IG,42,3526,3.925758105935529,0.9736540664375716,run-20260801-190614-e682,2026-08-01T19:06:14Z
vrf/VFR60_10_10_Gap,Small,60,10,IG,123,3526,3.9780461229383945,0.9736540664375716,run-20260801-190618-2125,2026-08-01T19:06:18Z
vrf/VFR60_10_10_Gap,Small,60,10,IG,456,3506,4.001374876126647,0.4009163802978236,run-20260801-190622-8513,2026-08-01T19:06:22Z
vrf/VFR60_10_10_Gap,Small,60,10,IG,789,3524,4.264879268826917,0.9163802978235968,run-20260801-190626-2ef9,2026-08-01T19:06:26Z
vrf/VFR60_10_10_Gap,Small,60,10,IG,2025,3533,3.9423409590963274,1.1741122565864834,run-20260801-190630-6975,2026-08-01T19:06:30Z
vrf/VFR60_10_1_Gap,Small,60,10,IG,42,3447,4.0149979600682855,0.34934497816593885,run-20260801-190634-bb8e,2026-08-01T19:06:34Z
vrf/VFR60_10_1_Gap,Small,60,10,IG,123,3447,3.8659357400611043,0.34934497816593885,run-20260801-190638-8ac7,2026-08-01T19:06:38Z
vrf/VFR60_10_1_Gap,Small,60,10,IG,456,3447,4.047245193971321,0.34934497816593885,run-20260801-190642-945b,2026-08-01T19:06:42Z
vrf/VFR60_10_1_Gap,Small,60,10,IG,789,3454,3.9913134679663926,0.5531295487627366,run-20260801-190646-cf12,2026-08-01T19:06:46Z
vrf/VFR60_10_1_Gap,Small,60,10,IG,2025,3450,4.030918564880267,0.4366812227074236,run-20260801-190650-70ef,2026-08-01T19:06:50Z
vrf/VFR60_10_2_Gap,Small,60,10,IG,42,3672,3.567052809987217,0.46511627906976744,run-20260801-190654-23d9,2026-08-01T19:06:54Z
vrf/VFR60_10_2_Gap,Small,60,10,IG,123,3682,3.588530945824459,0.7387140902872777,run-20260801-190657-a7d2,2026-08-01T19:06:57Z
vrf/VFR60_10_2_Gap,Small,60,10,IG,456,3676,3.4114316310733557,0.5745554035567716,run-20260801-190701-66bb,2026-08-01T19:07:01Z
vrf/VFR60_10_2_Gap,Small,60,10,IG,789,3672,3.55693651502952,0.46511627906976744,run-20260801-190704-d962,2026-08-01T19:07:04Z
vrf/VFR60_10_2_Gap,Small,60,10,IG,2025,3682,3.495109344832599,0.7387140902872777,run-20260801-190708-23f1,2026-08-01T19:07:08Z
vrf/VFR60_10_3_Gap,Small,60,10,IG,42,3431,3.83880653209053,0.23371311714869997,run-20260801-190712-1b94,2026-08-01T19:07:12Z
vrf/VFR60_10_3_Gap,Small,60,10,IG,123,3431,3.8700621370226145,0.23371311714869997,run-20260801-190716-d73b,2026-08-01T19:07:16Z
vrf/VFR60_10_3_Gap,Small,60,10,IG,456,3431,3.889396771090105,0.23371311714869997,run-20260801-190720-d127,2026-08-01T19:07:20Z
vrf/VFR60_10_3_Gap,Small,60,10,IG,789,3431,3.957657135091722,0.23371311714869997,run-20260801-190723-3366,2026-08-01T19:07:23Z
vrf/VFR60_10_3_Gap,Small,60,10,IG,2025,3431,4.033661115914583,0.23371311714869997,run-20260801-190728-f262,2026-08-01T19:07:28Z
vrf/VFR60_10_4_Gap,Small,60,10,IG,42,3471,4.137474718037993,0.4630969609261939,run-20260801-190732-c189,2026-08-01T19:07:32Z
vrf/VFR60_10_4_Gap,Small,60,10,IG,123,3487,3.9436605048831552,0.9261939218523878,run-20260801-190736-234f,2026-08-01T19:07:36Z
vrf/VFR60_10_4_Gap,Small,60,10,IG,456,3471,4.08613376901485,0.4630969609261939,run-20260801-190740-b22c,2026-08-01T19:07:40Z
vrf/VFR60_10_4_Gap,Small,60,10,IG,789,3479,4.087097457144409,0.6946454413892909,run-20260801-190744-06ca,2026-08-01T19:07:44Z
vrf/VFR60_10_4_Gap,Small,60,10,IG,2025,3487,4.07808154518716,0.9261939218523878,run-20260801-190748-0ade,2026-08-01T19:07:48Z
vrf/VFR60_10_5_Gap,Small,60,10,IG,42,3557,4.0855867438949645,1.4835948644793153,run-20260801-190752-4823,2026-08-01T19:07:52Z
vrf/VFR60_10_5_Gap,Small,60,10,IG,123,3541,4.036094653885812,1.0271041369472182,run-20260801-190756-595d,2026-08-01T19:07:56Z
vrf/VFR60_10_5_Gap,Small,60,10,IG,456,3551,4.204823500942439,1.3124108416547788,run-20260801-190800-1efd,2026-08-01T19:08:00Z
vrf/VFR60_10_5_Gap,Small,60,10,IG,789,3549,4.089777805143967,1.2553495007132667,run-20260801-190804-1147,2026-08-01T19:08:04Z
vrf/VFR60_10_5_Gap,Small,60,10,IG,2025,3557,4.027554906904697,1.4835948644793153,run-20260801-190808-e743,2026-08-01T19:08:08Z
vrf/VFR60_10_6_Gap,Small,60,10,IG,42,3617,4.144890167051926,0.6399554813578185,run-20260801-190812-4ed2,2026-08-01T19:08:12Z
vrf/VFR60_10_6_Gap,Small,60,10,IG,123,3615,4.0254337198566645,0.5843071786310517,run-20260801-190816-6f49,2026-08-01T19:08:16Z
vrf/VFR60_10_6_Gap,Small,60,10,IG,456,3618,4.322287602117285,0.667779632721202,run-20260801-190821-f283,2026-08-01T19:08:21Z
vrf/VFR60_10_6_Gap,Small,60,10,IG,789,3630,4.261987026082352,1.001669449081803,run-20260801-190825-a1c3,2026-08-01T19:08:25Z
vrf/VFR60_10_6_Gap,Small,60,10,IG,2025,3628,4.073313099099323,0.9460211463550362,run-20260801-190829-70b4,2026-08-01T19:08:29Z
vrf/VFR60_10_7_Gap,Small,60,10,IG,42,3664,4.134235678007826,0.27367268746579093,run-20260801-190833-0880,2026-08-01T19:08:33Z
vrf/VFR60_10_7_Gap,Small,60,10,IG,123,3686,4.057195340050384,0.8757525998905309,run-20260801-190837-6d7b,2026-08-01T19:08:37Z
vrf/VFR60_10_7_Gap,Small,60,10,IG,456,3666,3.9491824451833963,0.3284072249589491,run-20260801-190841-c615,2026-08-01T19:08:41Z
vrf/VFR60_10_7_Gap,Small,60,10,IG,789,3690,4.138059742050245,0.9852216748768473,run-20260801-190845-b49f,2026-08-01T19:08:45Z
vrf/VFR60_10_7_Gap,Small,60,10,IG,2025,3684,4.00510443514213,0.8210180623973727,run-20260801-190849-acca,2026-08-01T19:08:49Z
vrf/VFR60_10_8_Gap,Small,60,10,IG,42,3564,3.01937920297496,0.33783783783783783,run-20260801-190852-b8cb,2026-08-01T19:08:52Z
vrf/VFR60_10_8_Gap,Small,60,10,IG,123,3556,3.019998441915959,0.11261261261261261,run-20260801-190855-4f74,2026-08-01T19:08:55Z
vrf/VFR60_10_8_Gap,Small,60,10,IG,456,3556,2.9965044038835913,0.11261261261261261,run-20260801-190858-8674,2026-08-01T19:08:58Z
vrf/VFR60_10_8_Gap,Small,60,10,IG,789,3564,2.9243266449775547,0.33783783783783783,run-20260801-190901-99fe,2026-08-01T19:09:01Z
vrf/VFR60_10_8_Gap,Small,60,10,IG,2025,3554,3.2858293901663274,0.05630630630630631,run-20260801-190905-598d,2026-08-01T19:09:05Z
vrf/VFR60_10_9_Gap,Small,60,10,IG,42,3691,3.2837047569919378,0.1628222523744912,run-20260801-190908-d939,2026-08-01T19:09:08Z
vrf/VFR60_10_9_Gap,Small,60,10,IG,123,3691,3.2336208128836006,0.1628222523744912,run-20260801-190911-cf53,2026-08-01T19:09:11Z
vrf/VFR60_10_9_Gap,Small,60,10,IG,456,3691,3.264878215966746,0.1628222523744912,run-20260801-190914-36ec,2026-08-01T19:09:14Z
vrf/VFR60_10_9_Gap,Small,60,10,IG,789,3691,3.340126099064946,0.1628222523744912,run-20260801-190918-b408,2026-08-01T19:09:18Z
vrf/VFR60_10_9_Gap,Small,60,10,IG,2025,3691,3.2834950098767877,0.1628222523744912,run-20260801-190921-4eef,2026-08-01T19:09:21Z
vrf/VFR60_15_10_Gap,Small,60,15,IG,42,3945,5.654044039081782,1.1019989748846746,run-20260801-190927-dad7,2026-08-01T19:09:27Z
vrf/VFR60_15_10_Gap,Small,60,15,IG,123,3969,5.6123499339446425,1.717068170169144,run-20260801-190932-b6c4,2026-08-01T19:09:32Z
vrf/VFR60_15_10_Gap,Small,60,15,IG,456,3945,5.666082987794653,1.1019989748846746,run-20260801-190938-54f7,2026-08-01T19:09:38Z
vrf/VFR60_15_10_Gap,Small,60,15,IG,789,3916,5.599202585173771,0.35879036391594055,run-20260801-190944-6e43,2026-08-01T19:09:44Z
vrf/VFR60_15_10_Gap,Small,60,15,IG,2025,3964,5.544872401980683,1.5889287544848796,run-20260801-190949-f240,2026-08-01T19:09:49Z
vrf/VFR60_15_1_Gap,Small,60,15,IG,42,4003,5.981923685176298,1.598984771573604,run-20260801-190955-68b7,2026-08-01T19:09:55Z
vrf/VFR60_15_1_Gap,Small,60,15,IG,123,4003,5.708095598034561,1.598984771573604,run-20260801-191001-d868,2026-08-01T19:10:01Z
vrf/VFR60_15_1_Gap,Small,60,15,IG,456,3967,5.760998234152794,0.6852791878172588,run-20260801-191007-805e,2026-08-01T19:10:07Z
vrf/VFR60_15_1_Gap,Small,60,15,IG,789,3970,5.943729053018615,0.7614213197969543,run-20260801-191013-de09,2026-08-01T19:10:13Z
vrf/VFR60_15_1_Gap,Small,60,15,IG,2025,4003,5.957287532044575,1.598984771573604,run-20260801-191019-b41e,2026-08-01T19:10:19Z
vrf/VFR60_15_2_Gap,Small,60,15,IG,42,3938,5.748317230958492,1.286008230452675,run-20260801-191024-1957,2026-08-01T19:10:24Z
vrf/VFR60_15_2_Gap,Small,60,15,IG,123,3942,5.728579404996708,1.3888888888888888,run-20260801-191030-7959,2026-08-01T19:10:30Z
vrf/VFR60_15_2_Gap,Small,60,15,IG,456,3936,5.300204372964799,1.2345679012345678,run-20260801-191035-5b04,2026-08-01T19:10:35Z
vrf/VFR60_15_2_Gap,Small,60,15,IG,789,3946,5.502410514978692,1.491769547325103,run-20260801-191041-2b54,2026-08-01T19:10:41Z
vrf/VFR60_15_2_Gap,Small,60,15,IG,2025,3942,5.603964890120551,1.3888888888888888,run-20260801-191046-9398,2026-08-01T19:10:46Z
vrf/VFR60_15_3_Gap,Small,60,15,IG,42,3950,5.928429743042216,1.8041237113402062,run-20260801-191052-34ad,2026-08-01T19:10:52Z
vrf/VFR60_15_3_Gap,Small,60,15,IG,123,3919,5.430160728981718,1.0051546391752577,run-20260801-191058-1f8b,2026-08-01T19:10:58Z
vrf/VFR60_15_3_Gap,Small,60,15,IG,456,3947,5.812415781896561,1.7268041237113403,run-20260801-191104-ed93,2026-08-01T19:11:04Z
vrf/VFR60_15_3_Gap,Small,60,15,IG,789,3964,5.626729818060994,2.1649484536082473,run-20260801-191109-28c5,2026-08-01T19:11:09Z
vrf/VFR60_15_3_Gap,Small,60,15,IG,2025,3920,5.834528584033251,1.0309278350515463,run-20260801-191115-16e6,2026-08-01T19:11:15Z
vrf/VFR60_15_4_Gap,Small,60,15,IG,42,3736,5.639925920870155,0.5382131324004306,run-20260801-191121-e2f3,2026-08-01T19:11:21Z
vrf/VFR60_15_4_Gap,Small,60,15,IG,123,3767,5.479724765988067,1.372443487621098,run-20260801-191126-dfeb,2026-08-01T19:11:26Z
vrf/VFR60_15_4_Gap,Small,60,15,IG,456,3759,5.701024684123695,1.1571582346609257,run-20260801-191132-49e9,2026-08-01T19:11:32Z
vrf/VFR60_15_4_Gap,Small,60,15,IG,789,3745,5.31702941399999,0.7804090419806243,run-20260801-191137-c167,2026-08-01T19:11:37Z
vrf/VFR60_15_4_Gap,Small,60,15,IG,2025,3744,5.691362035926431,0.7534983853606028,run-20260801-191143-51c6,2026-08-01T19:11:43Z
vrf/VFR60_15_5_Gap,Small,60,15,IG,42,3931,5.990715987049043,1.2883277505797475,run-20260801-191149-6288,2026-08-01T19:11:49Z
vrf/VFR60_15_5_Gap,Small,60,15,IG,123,3931,5.776608059881255,1.2883277505797475,run-20260801-191155-0e97,2026-08-01T19:11:55Z
vrf/VFR60_15_5_Gap,Small,60,15,IG,456,3931,5.479739750968292,1.2883277505797475,run-20260801-191200-3bb4,2026-08-01T19:12:00Z
vrf/VFR60_15_5_Gap,Small,60,15,IG,789,3931,5.537576677044854,1.2883277505797475,run-20260801-191206-23bd,2026-08-01T19:12:06Z
vrf/VFR60_15_5_Gap,Small,60,15,IG,2025,3937,5.874908943893388,1.4429270806493173,run-20260801-191212-7fad,2026-08-01T19:12:12Z
vrf/VFR60_15_6_Gap,Small,60,15,IG,42,3946,5.910897278925404,1.3614179296172617,run-20260801-191217-66a0,2026-08-01T19:12:17Z
vrf/VFR60_15_6_Gap,Small,60,15,IG,123,3935,5.449184590019286,1.0788594913948113,run-20260801-191223-6036,2026-08-01T19:12:23Z
vrf/VFR60_15_6_Gap,Small,60,15,IG,456,3931,5.770918929949403,0.9761109684048291,run-20260801-191229-489b,2026-08-01T19:12:29Z
vrf/VFR60_15_6_Gap,Small,60,15,IG,789,3957,6.052052284125239,1.6439763678397123,run-20260801-191235-33e0,2026-08-01T19:12:35Z
vrf/VFR60_15_6_Gap,Small,60,15,IG,2025,3922,5.6412282411474735,0.7449267916773696,run-20260801-191240-c933,2026-08-01T19:12:40Z
vrf/VFR60_15_7_Gap,Small,60,15,IG,42,3856,5.569537909002975,1.2339196639537937,run-20260801-191246-4e0c,2026-08-01T19:12:46Z
vrf/VFR60_15_7_Gap,Small,60,15,IG,123,3865,5.664457036182284,1.4702021527960094,run-20260801-191252-1b24,2026-08-01T19:12:52Z
vrf/VFR60_15_7_Gap,Small,60,15,IG,456,3860,5.811384479049593,1.3389341034392228,run-20260801-191257-4e57,2026-08-01T19:12:57Z
vrf/VFR60_15_7_Gap,Small,60,15,IG,789,3857,5.748720001894981,1.260173273825151,run-20260801-191303-0c91,2026-08-01T19:13:03Z
vrf/VFR60_15_7_Gap,Small,60,15,IG,2025,3854,5.088038647081703,1.181412444211079,run-20260801-191308-233c,2026-08-01T19:13:08Z
vrf/VFR60_15_8_Gap,Small,60,15,IG,42,3788,5.836641441099346,1.0402774073086156,run-20260801-191314-356b,2026-08-01T19:13:14Z
vrf/VFR60_15_8_Gap,Small,60,15,IG,123,3807,5.9734567638952285,1.5470792211256335,run-20260801-191320-cf8e,2026-08-01T19:13:20Z
vrf/VFR60_15_8_Gap,Small,60,15,IG,456,3771,5.396773496875539,0.5868231528407576,run-20260801-191326-73a7,2026-08-01T19:13:26Z
vrf/VFR60_15_8_Gap,Small,60,15,IG,789,3807,5.945230088895187,1.5470792211256335,run-20260801-191331-6da8,2026-08-01T19:13:31Z
vrf/VFR60_15_8_Gap,Small,60,15,IG,2025,3808,5.726549136918038,1.5737530008002134,run-20260801-191337-26d0,2026-08-01T19:13:37Z
vrf/VFR60_15_9_Gap,Small,60,15,IG,42,3861,5.4539256079588085,1.605263157894737,run-20260801-191343-2b6b,2026-08-01T19:13:43Z
vrf/VFR60_15_9_Gap,Small,60,15,IG,123,3837,5.550483444007114,0.9736842105263158,run-20260801-191348-a0dd,2026-08-01T19:13:48Z
vrf/VFR60_15_9_Gap,Small,60,15,IG,456,3851,5.674028114182875,1.3421052631578947,run-20260801-191354-e4eb,2026-08-01T19:13:54Z
vrf/VFR60_15_9_Gap,Small,60,15,IG,789,3850,5.822766774799675,1.3157894736842106,run-20260801-191400-53a1,2026-08-01T19:14:00Z
vrf/VFR60_15_9_Gap,Small,60,15,IG,2025,3850,5.7432449699845165,1.3157894736842106,run-20260801-191405-e573,2026-08-01T19:14:05Z
vrf/VFR60_20_10_Gap,Small,60,20,IG,42,4287,7.105225689010695,2.02284626368396,run-20260801-191413-318d,2026-08-01T19:14:13Z
vrf/VFR60_20_10_Gap,Small,60,20,IG,123,4306,6.916048258077353,2.475011899095669,run-20260801-191419-66cd,2026-08-01T19:14:19Z
vrf/VFR60_20_10_Gap,Small,60,20,IG,456,4297,6.816411956911907,2.2608281770585434,run-20260801-191426-88d6,2026-08-01T19:14:26Z
vrf/VFR60_20_10_Gap,Small,60,20,IG,789,4288,7.414476750185713,2.0466444550214185,run-20260801-191434-36d6,2026-08-01T19:14:34Z
vrf/VFR60_20_10_Gap,Small,60,20,IG,2025,4287,7.47094985912554,2.02284626368396,run-20260801-191441-2aa3,2026-08-01T19:14:41Z
vrf/VFR60_20_1_Gap,Small,60,20,IG,42,4243,7.35134720406495,1.9216910881575786,run-20260801-191449-88f2,2026-08-01T19:14:49Z
vrf/VFR60_20_1_Gap,Small,60,20,IG,123,4264,7.032858791993931,2.426134998798943,run-20260801-191456-7b55,2026-08-01T19:14:56Z
vrf/VFR60_20_1_Gap,Small,60,20,IG,456,4218,7.312829916132614,1.3211626231083353,run-20260801-191503-7423,2026-08-01T19:15:03Z
vrf/VFR60_20_1_Gap,Small,60,20,IG,789,4215,7.16810938809067,1.249099207302426,run-20260801-191510-276a,2026-08-01T19:15:10Z
vrf/VFR60_20_1_Gap,Small,60,20,IG,2025,4233,7.404764382867143,1.6814797021378813,run-20260801-191517-5356,2026-08-01T19:15:17Z
vrf/VFR60_20_2_Gap,Small,60,20,IG,42,4338,7.266897959169,1.118881118881119,run-20260801-191525-3edd,2026-08-01T19:15:25Z
vrf/VFR60_20_2_Gap,Small,60,20,IG,123,4349,7.3410978119354695,1.3752913752913754,run-20260801-191532-0efd,2026-08-01T19:15:32Z
vrf/VFR60_20_2_Gap,Small,60,20,IG,456,4340,7.368460602127016,1.1655011655011656,run-20260801-191539-3b64,2026-08-01T19:15:39Z
vrf/VFR60_20_2_Gap,Small,60,20,IG,789,4347,7.455849406076595,1.3286713286713288,run-20260801-191547-aa28,2026-08-01T19:15:47Z
vrf/VFR60_20_2_Gap,Small,60,20,IG,2025,4355,7.088669306132942,1.5151515151515151,run-20260801-191554-6194,2026-08-01T19:15:54Z
vrf/VFR60_20_3_Gap,Small,60,20,IG,42,4427,7.533689161995426,1.420389461626575,run-20260801-191602-066a,2026-08-01T19:16:02Z
vrf/VFR60_20_3_Gap,Small,60,20,IG,123,4431,7.6692032450810075,1.5120274914089347,run-20260801-191609-dbdc,2026-08-01T19:16:09Z
vrf/VFR60_20_3_Gap,Small,60,20,IG,456,4435,7.170402298914269,1.6036655211912945,run-20260801-191616-0090,2026-08-01T19:16:16Z
vrf/VFR60_20_3_Gap,Small,60,20,IG,789,4442,7.206723992945626,1.7640320733104238,run-20260801-191624-d30c,2026-08-01T19:16:24Z
vrf/VFR60_20_3_Gap,Small,60,20,IG,2025,4445,7.57783151906915,1.8327605956471935,run-20260801-191631-391c,2026-08-01T19:16:31Z
vrf/VFR60_20_4_Gap,Small,60,20,IG,42,4240,7.382581789046526,1.1209158120677318,run-20260801-191639-fbbb,2026-08-01T19:16:39Z
vrf/VFR60_20_4_Gap,Small,60,20,IG,123,4244,7.599116624100134,1.2163129024564752,run-20260801-191646-ee1d,2026-08-01T19:16:46Z
vrf/VFR60_20_4_Gap,Small,60,20,IG,456,4231,7.521371942013502,0.9062723586930599,run-20260801-191654-d808,2026-08-01T19:16:54Z
vrf/VFR60_20_4_Gap,Small,60,20,IG,789,4248,7.015462351031601,1.3117099928452183,run-20260801-191701-6e9a,2026-08-01T19:17:01Z
vrf/VFR60_20_4_Gap,Small,60,20,IG,2025,4237,7.472876327112317,1.0493679942761747,run-20260801-191708-bd7a,2026-08-01T19:17:08Z
vrf/VFR60_20_5_Gap,Small,60,20,IG,42,4243,7.608618921134621,1.1201143946615824,run-20260801-191716-b2b4,2026-08-01T19:17:16Z
vrf/VFR60_20_5_Gap,Small,60,20,IG,123,4259,7.337782140122727,1.5014299332697807,run-20260801-191723-c086,2026-08-01T19:17:23Z
vrf/VFR60_20_5_Gap,Small,60,20,IG,456,4262,7.427461555926129,1.572926596758818,run-20260801-191731-4288,2026-08-01T19:17:31Z
vrf/VFR60_20_5_Gap,Small,60,20,IG,789,4244,7.608676942996681,1.1439466158245948,run-20260801-191738-dfd5,2026-08-01T19:17:38Z
vrf/VFR60_20_5_Gap,Small,60,20,IG,2025,4268,7.123653437010944,1.7159199237368923,run-20260801-191745-65da,2026-08-01T19:17:45Z
vrf/VFR60_20_6_Gap,Small,60,20,IG,42,4251,7.028616117080674,1.1661113755354593,run-20260801-191752-7f0f,2026-08-01T19:17:52Z
vrf/VFR60_20_6_Gap,Small,60,20,IG,123,4267,7.450145803857595,1.5468824369347929,run-20260801-191800-083c,2026-08-01T19:18:00Z
vrf/VFR60_20_6_Gap,Small,60,20,IG,456,4262,7.116602533031255,1.4278914802475011,run-20260801-191807-6fbb,2026-08-01T19:18:07Z
vrf/VFR60_20_6_Gap,Small,60,20,IG,789,4259,7.479871653020382,1.3564969062351262,run-20260801-191814-9399,2026-08-01T19:18:14Z
vrf/VFR60_20_6_Gap,Small,60,20,IG,2025,4248,7.505196193931624,1.0947168015230841,run-20260801-191822-8305,2026-08-01T19:18:22Z
vrf/VFR60_20_7_Gap,Small,60,20,IG,42,4339,7.48984639486298,1.7827820783485808,run-20260801-191829-86ab,2026-08-01T19:18:29Z
vrf/VFR60_20_7_Gap,Small,60,20,IG,123,4342,7.043117203982547,1.8531550551254985,run-20260801-191836-8157,2026-08-01T19:18:36Z
vrf/VFR60_20_7_Gap,Small,60,20,IG,456,4343,8.002848302945495,1.8766127140511377,run-20260801-191844-51c6,2026-08-01T19:18:44Z
vrf/VFR60_20_7_Gap,Small,60,20,IG,789,4350,7.162181220948696,2.0408163265306123,run-20260801-191852-59e1,2026-08-01T19:18:52Z
vrf/VFR60_20_7_Gap,Small,60,20,IG,2025,4337,7.216190272010863,1.7358667604973024,run-20260801-191859-4220,2026-08-01T19:18:59Z
vrf/VFR60_20_8_Gap,Small,60,20,IG,42,4269,7.214357259916142,2.1291866028708135,run-20260801-191906-7870,2026-08-01T19:19:06Z
vrf/VFR60_20_8_Gap,Small,60,20,IG,123,4239,7.093787522986531,1.4114832535885167,run-20260801-191913-d8cb,2026-08-01T19:19:13Z
vrf/VFR60_20_8_Gap,Small,60,20,IG,456,4244,7.349369840929285,1.5311004784688995,run-20260801-191920-6a62,2026-08-01T19:19:20Z
vrf/VFR60_20_8_Gap,Small,60,20,IG,789,4253,7.171229667961597,1.7464114832535884,run-20260801-191928-2776,2026-08-01T19:19:28Z
vrf/VFR60_20_8_Gap,Small,60,20,IG,2025,4272,7.161172401858494,2.200956937799043,run-20260801-191935-f800,2026-08-01T19:19:35Z
vrf/VFR60_20_9_Gap,Small,60,20,IG,42,4276,7.389910474885255,1.3030087656953329,run-20260801-191942-070c,2026-08-01T19:19:42Z
vrf/VFR60_20_9_Gap,Small,60,20,IG,123,4276,6.872314758133143,1.3030087656953329,run-20260801-191949-6302,2026-08-01T19:19:49Z
vrf/VFR60_20_9_Gap,Small,60,20,IG,456,4293,7.4344474009703845,1.7057569296375266,run-20260801-191956-ad4c,2026-08-01T19:19:56Z
vrf/VFR60_20_9_Gap,Small,60,20,IG,789,4278,7.208394150948152,1.3503909026297085,run-20260801-192004-756c,2026-08-01T19:20:04Z
vrf/VFR60_20_9_Gap,Small,60,20,IG,2025,4276,7.15117222792469,1.3030087656953329,run-20260801-192011-6f5b,2026-08-01T19:20:11Z
vrf/VFR60_5_10_Gap,Small,60,5,IG,42,3663,1.0975569980219007,0.0,run-20260801-192012-3611,2026-08-01T19:20:12Z
vrf/VFR60_5_10_Gap,Small,60,5,IG,123,3663,1.0961040251422673,0.0,run-20260801-192013-f0cb,2026-08-01T19:20:13Z
vrf/VFR60_5_10_Gap,Small,60,5,IG,456,3663,1.1002576251048595,0.0,run-20260801-192014-0a0c,2026-08-01T19:20:14Z
vrf/VFR60_5_10_Gap,Small,60,5,IG,789,3663,1.0898815440014005,0.0,run-20260801-192015-4299,2026-08-01T19:20:15Z
vrf/VFR60_5_10_Gap,Small,60,5,IG,2025,3663,1.1028059220407158,0.0,run-20260801-192016-a1d9,2026-08-01T19:20:16Z
vrf/VFR60_5_1_Gap,Small,60,5,IG,42,3350,1.488482022890821,0.0,run-20260801-192018-28d3,2026-08-01T19:20:18Z
vrf/VFR60_5_1_Gap,Small,60,5,IG,123,3350,1.4669442120939493,0.0,run-20260801-192019-1294,2026-08-01T19:20:19Z
vrf/VFR60_5_1_Gap,Small,60,5,IG,456,3350,1.4768361849710345,0.0,run-20260801-192021-bab8,2026-08-01T19:20:21Z
vrf/VFR60_5_1_Gap,Small,60,5,IG,789,3350,1.4458272061310709,0.0,run-20260801-192022-0010,2026-08-01T19:20:22Z
vrf/VFR60_5_1_Gap,Small,60,5,IG,2025,3350,1.4603372542187572,0.0,run-20260801-192024-661c,2026-08-01T19:20:24Z
vrf/VFR60_5_2_Gap,Small,60,5,IG,42,3054,1.5511409651953727,0.0,run-20260801-192025-d579,2026-08-01T19:20:25Z
vrf/VFR60_5_2_Gap,Small,60,5,IG,123,3054,1.5422574109397829,0.0,run-20260801-192027-4b29,2026-08-01T19:20:27Z
vrf/VFR60_5_2_Gap,Small,60,5,IG,456,3054,1.4901313511654735,0.0,run-20260801-192028-a35b,2026-08-01T19:20:28Z
vrf/VFR60_5_2_Gap,Small,60,5,IG,789,3054,1.4635660818312317,0.0,run-20260801-192030-da3d,2026-08-01T19:20:30Z
vrf/VFR60_5_2_Gap,Small,60,5,IG,2025,3054,1.5061494810506701,0.0,run-20260801-192031-3e50,2026-08-01T19:20:31Z
vrf/VFR60_5_3_Gap,Small,60,5,IG,42,3214,1.6471961617935449,0.0,run-20260801-192033-9119,2026-08-01T19:20:33Z
vrf/VFR60_5_3_Gap,Small,60,5,IG,123,3214,1.6566423480398953,0.0,run-20260801-192035-5d91,2026-08-01T19:20:35Z
vrf/VFR60_5_3_Gap,Small,60,5,IG,456,3214,1.6551728500053287,0.0,run-20260801-192036-cedd,2026-08-01T19:20:36Z
vrf/VFR60_5_3_Gap,Small,60,5,IG,789,3214,1.6803190149366856,0.0,run-20260801-192038-fd56,2026-08-01T19:20:38Z
vrf/VFR60_5_3_Gap,Small,60,5,IG,2025,3214,1.7139868799131364,0.0,run-20260801-192040-57c1,2026-08-01T19:20:40Z
vrf/VFR60_5_4_Gap,Small,60,5,IG,42,3266,1.6517258600797504,0.0,run-20260801-192041-5a7a,2026-08-01T19:20:41Z
vrf/VFR60_5_4_Gap,Small,60,5,IG,123,3266,1.7965889410115778,0.0,run-20260801-192043-7a11,2026-08-01T19:20:43Z
vrf/VFR60_5_4_Gap,Small,60,5,IG,456,3266,1.7322864909656346,0.0,run-20260801-192045-275f,2026-08-01T19:20:45Z
vrf/VFR60_5_4_Gap,Small,60,5,IG,789,3266,1.7280845381319523,0.0,run-20260801-192047-4df0,2026-08-01T19:20:47Z
vrf/VFR60_5_4_Gap,Small,60,5,IG,2025,3266,1.692001290153712,0.0,run-20260801-192048-bb2d,2026-08-01T19:20:48Z
vrf/VFR60_5_5_Gap,Small,60,5,IG,42,3197,1.6331384049262851,0.0,run-20260801-192050-a827,2026-08-01T19:20:50Z
vrf/VFR60_5_5_Gap,Small,60,5,IG,123,3197,1.6118475180119276,0.0,run-20260801-192051-258d,2026-08-01T19:20:51Z
vrf/VFR60_5_5_Gap,Small,60,5,IG,456,3197,1.6235900109168142,0.0,run-20260801-192053-0e86,2026-08-01T19:20:53Z
vrf/VFR60_5_5_Gap,Small,60,5,IG,789,3197,1.6265584188513458,0.0,run-20260801-192055-c7fb,2026-08-01T19:20:55Z
vrf/VFR60_5_5_Gap,Small,60,5,IG,2025,3197,1.6641907012090087,0.0,run-20260801-192056-58c8,2026-08-01T19:20:56Z
vrf/VFR60_5_6_Gap,Small,60,5,IG,42,3107,1.656923244940117,0.0,run-20260801-192058-27c7,2026-08-01T19:20:58Z
vrf/VFR60_5_6_Gap,Small,60,5,IG,123,3107,1.7353163128718734,0.0,run-20260801-192100-6093,2026-08-01T19:21:00Z
vrf/VFR60_5_6_Gap,Small,60,5,IG,456,3107,1.6824370110407472,0.0,run-20260801-192101-adee,2026-08-01T19:21:01Z
vrf/VFR60_5_6_Gap,Small,60,5,IG,789,3107,1.733884554123506,0.0,run-20260801-192103-af6a,2026-08-01T19:21:03Z
vrf/VFR60_5_6_Gap,Small,60,5,IG,2025,3107,1.7254741480574012,0.0,run-20260801-192105-462a,2026-08-01T19:21:05Z
vrf/VFR60_5_7_Gap,Small,60,5,IG,42,3315,1.552018835907802,0.0,run-20260801-192106-e56e,2026-08-01T19:21:06Z
vrf/VFR60_5_7_Gap,Small,60,5,IG,123,3315,1.4897557250224054,0.0,run-20260801-192108-5383,2026-08-01T19:21:08Z
vrf/VFR60_5_7_Gap,Small,60,5,IG,456,3315,1.5813828620593995,0.0,run-20260801-192110-1e46,2026-08-01T19:21:10Z
vrf/VFR60_5_7_Gap,Small,60,5,IG,789,3315,1.5556850449647754,0.0,run-20260801-192111-9fd0,2026-08-01T19:21:11Z
vrf/VFR60_5_7_Gap,Small,60,5,IG,2025,3315,1.5342858820222318,0.0,run-20260801-192113-a160,2026-08-01T19:21:13Z
vrf/VFR60_5_8_Gap,Small,60,5,IG,42,3438,1.7912618990521878,0.0,run-20260801-192114-7811,2026-08-01T19:21:14Z
vrf/VFR60_5_8_Gap,Small,60,5,IG,123,3438,1.7332936010789126,0.0,run-20260801-192116-f7b9,2026-08-01T19:21:16Z
vrf/VFR60_5_8_Gap,Small,60,5,IG,456,3438,1.7381856180727482,0.0,run-20260801-192118-2863,2026-08-01T19:21:18Z
vrf/VFR60_5_8_Gap,Small,60,5,IG,789,3438,1.7870238670147955,0.0,run-20260801-192120-44f2,2026-08-01T19:21:20Z
vrf/VFR60_5_8_Gap,Small,60,5,IG,2025,3438,1.7699567379895598,0.0,run-20260801-192121-3a62,2026-08-01T19:21:21Z
vrf/VFR60_5_9_Gap,Small,60,5,IG,42,3121,1.6916840008925647,0.0,run-20260801-192123-1727,2026-08-01T19:21:23Z
vrf/VFR60_5_9_Gap,Small,60,5,IG,123,3121,1.6841178848408163,0.0,run-20260801-192125-3514,2026-08-01T19:21:25Z
vrf/VFR60_5_9_Gap,Small,60,5,IG,456,3121,1.6518182950094342,0.0,run-20260801-192127-b39c,2026-08-01T19:21:27Z
vrf/VFR60_5_9_Gap,Small,60,5,IG,789,3121,1.6187315040733665,0.0,run-20260801-192128-bb77,2026-08-01T19:21:28Z
vrf/VFR60_5_9_Gap,Small,60,5,IG,2025,3121,1.645183881977573,0.0,run-20260801-192130-68b4,2026-08-01T19:21:30Z
vrf/VFR100_20_10_Gap,Large,100,20,IG,42,6202,13.788904977962375,0.9275834011391375,run-20260801-192144-c79e,2026-08-01T19:21:44Z
vrf/VFR100_20_10_Gap,Large,100,20,IG,123,6247,14.391761043807492,1.6598860862489828,run-20260801-192158-5385,2026-08-01T19:21:58Z
vrf/VFR100_20_10_Gap,Large,100,20,IG,456,6225,14.268081594025716,1.3018714401952807,run-20260801-192212-b987,2026-08-01T19:22:12Z
vrf/VFR100_20_10_Gap,Large,100,20,IG,789,6207,13.021070035174489,1.0089503661513426,run-20260801-192225-e71f,2026-08-01T19:22:25Z
vrf/VFR100_20_10_Gap,Large,100,20,IG,2025,6288,13.61918146093376,2.3270951993490643,run-20260801-192239-637f,2026-08-01T19:22:39Z
vrf/VFR100_20_1_Gap,Large,100,20,IG,42,6303,14.496309821028262,1.6940948693126816,run-20260801-192253-0290,2026-08-01T19:22:53Z
vrf/VFR100_20_1_Gap,Large,100,20,IG,123,6303,14.10055888700299,1.6940948693126816,run-20260801-192308-61e5,2026-08-01T19:23:08Z
vrf/VFR100_20_1_Gap,Large,100,20,IG,456,6314,13.757074819877744,1.8715714746692482,run-20260801-192321-4c6d,2026-08-01T19:23:21Z
vrf/VFR100_20_1_Gap,Large,100,20,IG,789,6252,13.749595796922222,0.8712487899322362,run-20260801-192335-3814,2026-08-01T19:23:35Z
vrf/VFR100_20_1_Gap,Large,100,20,IG,2025,6293,14.325750377960503,1.5327525008067118,run-20260801-192349-c815,2026-08-01T19:23:49Z
vrf/VFR100_20_2_Gap,Large,100,20,IG,42,6384,13.800804944010451,1.236917221693625,run-20260801-192403-3ae0,2026-08-01T19:24:03Z
vrf/VFR100_20_2_Gap,Large,100,20,IG,123,6440,13.279662711080164,2.1249603552172536,run-20260801-192417-116c,2026-08-01T19:24:17Z
vrf/VFR100_20_2_Gap,Large,100,20,IG,456,6408,13.653665243182331,1.6175071360608944,run-20260801-192430-53c9,2026-08-01T19:24:30Z
vrf/VFR100_20_2_Gap,Large,100,20,IG,789,6348,14.466884062858298,0.6660323501427212,run-20260801-192445-0cff,2026-08-01T19:24:45Z
vrf/VFR100_20_2_Gap,Large,100,20,IG,2025,6372,13.55068046390079,1.0466222645099905,run-20260801-192458-160a,2026-08-01T19:24:58Z
vrf/VFR100_20_3_Gap,Large,100,20,IG,42,6293,13.933498832164332,0.8816928502725232,run-20260801-192512-05f9,2026-08-01T19:25:12Z
vrf/VFR100_20_3_Gap,Large,100,20,IG,123,6298,13.468161820899695,0.9618467457518436,run-20260801-192526-e3ff,2026-08-01T19:25:26Z
vrf/VFR100_20_3_Gap,Large,100,20,IG,456,6304,13.766598450019956,1.0580314203270278,run-20260801-192539-2888,2026-08-01T19:25:39Z
vrf/VFR100_20_3_Gap,Large,100,20,IG,789,6299,13.809346759924665,0.9778775248477076,run-20260801-192553-3a05,2026-08-01T19:25:53Z
vrf/VFR100_20_3_Gap,Large,100,20,IG,2025,6293,13.579386346973479,0.8816928502725232,run-20260801-192607-3c80,2026-08-01T19:26:07Z
vrf/VFR100_20_4_Gap,Large,100,20,IG,42,6347,14.269574685953557,1.633306645316253,run-20260801-192621-7518,2026-08-01T19:26:21Z
vrf/VFR100_20_4_Gap,Large,100,20,IG,123,6352,13.998716168804094,1.7133706965572457,run-20260801-192635-53c4,2026-08-01T19:26:35Z
vrf/VFR100_20_4_Gap,Large,100,20,IG,456,6322,14.19272549287416,1.232986389111289,run-20260801-192649-f707,2026-08-01T19:26:49Z
vrf/VFR100_20_4_Gap,Large,100,20,IG,789,6313,14.305189431179315,1.088871096877502,run-20260801-192704-e868,2026-08-01T19:27:04Z
vrf/VFR100_20_4_Gap,Large,100,20,IG,2025,6317,13.656251437030733,1.1529223378702962,run-20260801-192717-f31d,2026-08-01T19:27:17Z
vrf/VFR100_20_5_Gap,Large,100,20,IG,42,6382,13.773169124033302,1.3659466327827192,run-20260801-192731-8cc1,2026-08-01T19:27:31Z
vrf/VFR100_20_5_Gap,Large,100,20,IG,123,6379,14.107117919949815,1.318297331639136,run-20260801-192745-4818,2026-08-01T19:27:45Z
vrf/VFR100_20_5_Gap,Large,100,20,IG,456,6379,13.873896893113852,1.318297331639136,run-20260801-192759-354b,2026-08-01T19:27:59Z
vrf/VFR100_20_5_Gap,Large,100,20,IG,789,6369,14.046082662884146,1.159466327827192,run-20260801-192813-99a6,2026-08-01T19:28:13Z
vrf/VFR100_20_5_Gap,Large,100,20,IG,2025,6355,14.154422099003568,0.9371029224904701,run-20260801-192827-91de,2026-08-01T19:28:27Z
vrf/VFR100_20_6_Gap,Large,100,20,IG,42,6411,13.877327799098566,1.4238253440911248,run-20260801-192841-5540,2026-08-01T19:28:41Z
vrf/VFR100_20_6_Gap,Large,100,20,IG,123,6399,14.604877420002595,1.233981964878975,run-20260801-192856-bd0a,2026-08-01T19:28:56Z
vrf/VFR100_20_6_Gap,Large,100,20,IG,456,6402,13.706880670972168,1.2814428096820123,run-20260801-192909-9b5f,2026-08-01T19:29:09Z
vrf/VFR100_20_6_Gap,Large,100,20,IG,789,6384,14.397067453013733,0.9966777408637874,run-20260801-192924-0943,2026-08-01T19:29:24Z
vrf/VFR100_20_6_Gap,Large,100,20,IG,2025,6384,14.995342768961564,0.9966777408637874,run-20260801-192939-79fc,2026-08-01T19:29:39Z
vrf/VFR100_20_7_Gap,Large,100,20,IG,42,6532,14.09719389793463,1.5231582219459123,run-20260801-192953-399e,2026-08-01T19:29:53Z
vrf/VFR100_20_7_Gap,Large,100,20,IG,123,6527,14.520973186008632,1.4454460677649985,run-20260801-193007-bc5f,2026-08-01T19:30:07Z
vrf/VFR100_20_7_Gap,Large,100,20,IG,456,6550,13.928719448158517,1.8029219769972025,run-20260801-193021-59ea,2026-08-01T19:30:21Z
vrf/VFR100_20_7_Gap,Large,100,20,IG,789,6521,14.037409238051623,1.3521914827479018,run-20260801-193035-1c0d,2026-08-01T19:30:35Z
vrf/VFR100_20_7_Gap,Large,100,20,IG,2025,6499,14.307141214841977,1.0102580043518807,run-20260801-193050-bd99,2026-08-01T19:30:50Z
vrf/VFR100_20_8_Gap,Large,100,20,IG,42,6187,14.045044366037473,1.3597640891218872,run-20260801-193104-1323,2026-08-01T19:31:04Z
vrf/VFR100_20_8_Gap,Large,100,20,IG,123,6177,14.245365062961355,1.1959370904325033,run-20260801-193118-f587,2026-08-01T19:31:18Z
vrf/VFR100_20_8_Gap,Large,100,20,IG,456,6170,14.332819717936218,1.0812581913499344,run-20260801-193132-2ab6,2026-08-01T19:31:32Z
vrf/VFR100_20_8_Gap,Large,100,20,IG,789,6146,13.565014790045097,0.6880733944954128,run-20260801-193146-9ff8,2026-08-01T19:31:46Z
vrf/VFR100_20_8_Gap,Large,100,20,IG,2025,6179,14.065388187998906,1.22870249017038,run-20260801-193200-775e,2026-08-01T19:32:00Z
vrf/VFR100_20_9_Gap,Large,100,20,IG,42,6431,14.152215944137424,1.2118350645262828,run-20260801-193214-89c4,2026-08-01T19:32:14Z
vrf/VFR100_20_9_Gap,Large,100,20,IG,123,6435,14.126266485080123,1.274787535410765,run-20260801-193228-fdfa,2026-08-01T19:32:28Z
vrf/VFR100_20_9_Gap,Large,100,20,IG,456,6451,13.665595556143671,1.5265974189486937,run-20260801-193242-5829,2026-08-01T19:32:42Z
vrf/VFR100_20_9_Gap,Large,100,20,IG,789,6472,13.352439895039424,1.8570978910922253,run-20260801-193255-a1ca,2026-08-01T19:32:55Z
vrf/VFR100_20_9_Gap,Large,100,20,IG,2025,6416,13.735494069987908,0.9757632987094743,run-20260801-193309-fdb4,2026-08-01T19:33:09Z
vrf/VFR100_40_10_Gap,Large,100,40,IG,42,8099,23.914445696864277,1.8485915492957747,run-20260801-193333-84ca,2026-08-01T19:33:33Z
vrf/VFR100_40_10_Gap,Large,100,40,IG,123,8059,24.44891676516272,1.345573440643863,run-20260801-193357-e7f1,2026-08-01T19:33:57Z
vrf/VFR100_40_10_Gap,Large,100,40,IG,456,8108,25.465979895787314,1.9617706237424548,run-20260801-193423-ea56,2026-08-01T19:34:23Z
vrf/VFR100_40_10_Gap,Large,100,40,IG,789,8077,24.893108684103936,1.5719315895372235,run-20260801-193448-610c,2026-08-01T19:34:48Z
vrf/VFR100_40_10_Gap,Large,100,40,IG,2025,8017,24.821326937992126,0.8174044265593562,run-20260801-193512-00a1,2026-08-01T19:35:12Z
vrf/VFR100_40_1_Gap,Large,100,40,IG,42,8013,23.580140497069806,1.674914350970689,run-20260801-193536-cc64,2026-08-01T19:35:36Z
vrf/VFR100_40_1_Gap,Large,100,40,IG,123,7957,24.50459483405575,0.9643446263164573,run-20260801-193601-280f,2026-08-01T19:36:01Z
vrf/VFR100_40_1_Gap,Large,100,40,IG,456,7971,23.85675197117962,1.1419870574800153,run-20260801-193624-303c,2026-08-01T19:36:24Z
vrf/VFR100_40_1_Gap,Large,100,40,IG,789,8013,24.719385779928416,1.674914350970689,run-20260801-193649-a380,2026-08-01T19:36:49Z
vrf/VFR100_40_1_Gap,Large,100,40,IG,2025,7939,25.05966714490205,0.7359472148204542,run-20260801-193714-1f3a,2026-08-01T19:37:14Z
vrf/VFR100_40_2_Gap,Large,100,40,IG,42,8120,26.18493733787909,1.411265142999875,run-20260801-193740-2990,2026-08-01T19:37:40Z
vrf/VFR100_40_2_Gap,Large,100,40,IG,123,8121,24.769767643185332,1.423754215061821,run-20260801-193805-fcdd,2026-08-01T19:38:05Z
vrf/VFR100_40_2_Gap,Large,100,40,IG,456,8129,24.48786068195477,1.5236667915573874,run-20260801-193830-3943,2026-08-01T19:38:30Z
vrf/VFR100_40_2_Gap,Large,100,40,IG,789,8117,26.784584902925417,1.3737979268140377,run-20260801-193856-3f60,2026-08-01T19:38:56Z
vrf/VFR100_40_2_Gap,Large,100,40,IG,2025,8112,25.17632548394613,1.3113525665043086,run-20260801-193922-3eed,2026-08-01T19:39:22Z
vrf/VFR100_40_3_Gap,Large,100,40,IG,42,8025,25.326337157050148,1.1342155009451795,run-20260801-193947-25ae,2026-08-01T19:39:47Z
vrf/VFR100_40_3_Gap,Large,100,40,IG,123,8033,23.470099627040327,1.2350346565847512,run-20260801-194010-7275,2026-08-01T19:40:10Z
vrf/VFR100_40_3_Gap,Large,100,40,IG,456,8030,24.958160248119384,1.1972274732199117,run-20260801-194035-78bc,2026-08-01T19:40:35Z
vrf/VFR100_40_3_Gap,Large,100,40,IG,789,8030,24.47634543897584,1.1972274732199117,run-20260801-194100-ad9a,2026-08-01T19:41:00Z
vrf/VFR100_40_3_Gap,Large,100,40,IG,2025,8021,24.759338577045128,1.0838059231253938,run-20260801-194125-df95,2026-08-01T19:41:25Z
vrf/VFR100_40_4_Gap,Large,100,40,IG,42,8059,26.080783151090145,1.601109430156329,run-20260801-194151-6be3,2026-08-01T19:41:51Z
vrf/VFR100_40_4_Gap,Large,100,40,IG,123,8056,24.763321212027222,1.5632879475542107,run-20260801-194215-6273,2026-08-01T19:42:15Z
vrf/VFR100_40_4_Gap,Large,100,40,IG,456,8047,26.526374865090474,1.4498234997478567,run-20260801-194242-63fc,2026-08-01T19:42:42Z
vrf/VFR100_40_4_Gap,Large,100,40,IG,789,8070,23.954316191142425,1.739788199697428,run-20260801-194306-15a7,2026-08-01T19:43:06Z
vrf/VFR100_40_4_Gap,Large,100,40,IG,2025,8063,25.286170583916828,1.6515380736258194,run-20260801-194331-8d28,2026-08-01T19:43:31Z
vrf/VFR100_40_5_Gap,Large,100,40,IG,42,8123,26.53640702087432,1.3980776432405442,run-20260801-194358-748e,2026-08-01T19:43:58Z
vrf/VFR100_40_5_Gap,Large,100,40,IG,123,8128,25.343892775010318,1.4604918237423543,run-20260801-194423-01a0,2026-08-01T19:44:23Z
vrf/VFR100_40_5_Gap,Large,100,40,IG,456,8100,25.692110118921846,1.1109724129322183,run-20260801-194449-3796,2026-08-01T19:44:49Z
vrf/VFR100_40_5_Gap,Large,100,40,IG,789,8139,26.520880572963506,1.5978030208463363,run-20260801-194515-7892,2026-08-01T19:45:15Z
vrf/VFR100_40_5_Gap,Large,100,40,IG,2025,8147,24.90766034810804,1.6976657096492322,run-20260801-194540-4848,2026-08-01T19:45:40Z
vrf/VFR100_40_6_Gap,Large,100,40,IG,42,8168,25.499825082952157,1.8073040009971333,run-20260801-194606-25f5,2026-08-01T19:46:06Z
vrf/VFR100_40_6_Gap,Large,100,40,IG,123,8156,26.582523158052936,1.6577340147077153,run-20260801-194632-e6bf,2026-08-01T19:46:32Z
vrf/VFR100_40_6_Gap,Large,100,40,IG,456,8126,25.816208836156875,1.2838090489841705,run-20260801-194658-0dd7,2026-08-01T19:46:58Z
vrf/VFR100_40_6_Gap,Large,100,40,IG,789,8131,24.89077400509268,1.3461298766047614,run-20260801-194723-99e6,2026-08-01T19:47:23Z
vrf/VFR100_40_6_Gap,Large,100,40,IG,2025,8138,26.1960269541014,1.4333790352735885,run-20260801-194749-02ed,2026-08-01T19:47:49Z
vrf/VFR100_40_7_Gap,Large,100,40,IG,42,8100,25.630406879121438,1.1741194104421684,run-20260801-194815-469e,2026-08-01T19:48:15Z
vrf/VFR100_40_7_Gap,Large,100,40,IG,123,8104,25.809802592964843,1.2240819385460904,run-20260801-194841-7337,2026-08-01T19:48:41Z
vrf/VFR100_40_7_Gap,Large,100,40,IG,456,8114,25.203864641021937,1.3489882588058957,run-20260801-194906-06db,2026-08-01T19:49:06Z
vrf/VFR100_40_7_Gap,Large,100,40,IG,789,8154,25.419698442099616,1.8486135398451162,run-20260801-194931-379d,2026-08-01T19:49:31Z
vrf/VFR100_40_7_Gap,Large,100,40,IG,2025,8088,27.06132626486942,1.0242318261304022,run-20260801-194958-bff6,2026-08-01T19:49:58Z
vrf/VFR100_40_8_Gap,Large,100,40,IG,42,8072,27.631618989864364,1.165559593934077,run-20260801-195026-ab89,2026-08-01T19:50:26Z
vrf/VFR100_40_8_Gap,Large,100,40,IG,123,8091,25.04456447903067,1.4036846722646947,run-20260801-195051-12ec,2026-08-01T19:50:51Z
vrf/VFR100_40_8_Gap,Large,100,40,IG,456,8101,26.99801516206935,1.5290136608597569,run-20260801-195118-5ec4,2026-08-01T19:51:18Z
vrf/VFR100_40_8_Gap,Large,100,40,IG,789,8108,25.170728515135124,1.6167439528763003,run-20260801-195143-b42c,2026-08-01T19:51:43Z
vrf/VFR100_40_8_Gap,Large,100,40,IG,2025,8105,26.30720578203909,1.5791452562977817,run-20260801-195210-61c9,2026-08-01T19:52:10Z
vrf/VFR100_40_9_Gap,Large,100,40,IG,42,8014,25.230241735931486,1.0465262892447358,run-20260801-195235-7fad,2026-08-01T19:52:35Z
vrf/VFR100_40_9_Gap,Large,100,40,IG,123,8036,23.907290432834998,1.323918799646955,run-20260801-195259-1106,2026-08-01T19:52:59Z
vrf/VFR100_40_9_Gap,Large,100,40,IG,456,8035,25.680472943000495,1.3113100491741267,run-20260801-195324-dde9,2026-08-01T19:53:24Z
vrf/VFR100_40_9_Gap,Large,100,40,IG,789,8053,25.747543751029298,1.5382675576850333,run-20260801-195350-1f23,2026-08-01T19:53:50Z
vrf/VFR100_40_9_Gap,Large,100,40,IG,2025,8094,27.23464232101105,2.0552263270709874,run-20260801-195417-3ee8,2026-08-01T19:54:17Z
vrf/VFR100_60_10_Gap,Large,100,60,IG,42,9731,36.8410813100636,1.3857053552823504,run-20260801-195454-1a86,2026-08-01T19:54:54Z
vrf/VFR100_60_10_Gap,Large,100,60,IG,123,9740,34.85350522608496,1.4794748906022088,run-20260801-195529-f778,2026-08-01T19:55:29Z
vrf/VFR100_60_10_Gap,Large,100,60,IG,456,9727,36.10366773791611,1.3440300062513024,run-20260801-195605-c438,2026-08-01T19:56:05Z
vrf/VFR100_60_10_Gap,Large,100,60,IG,789,9714,36.40026464196853,1.208585121900396,run-20260801-195642-1d88,2026-08-01T19:56:42Z
vrf/VFR100_60_10_Gap,Large,100,60,IG,2025,9738,35.93649881798774,1.4586372160866847,run-20260801-195718-f758,2026-08-01T19:57:18Z
vrf/VFR100_60_1_Gap,Large,100,60,IG,42,9506,36.71606522286311,1.1814795103778606,run-20260801-195754-6ff1,2026-08-01T19:57:54Z
vrf/VFR100_60_1_Gap,Large,100,60,IG,123,9475,35.71964429412037,0.8515167642362959,run-20260801-195830-d3c2,2026-08-01T19:58:30Z
vrf/VFR100_60_1_Gap,Large,100,60,IG,456,9501,35.083521788939834,1.128259712613092,run-20260801-195905-eae7,2026-08-01T19:59:05Z
vrf/VFR100_60_1_Gap,Large,100,60,IG,789,9518,36.4340616480913,1.309207025013305,run-20260801-195941-3e5f,2026-08-01T19:59:41Z
vrf/VFR100_60_1_Gap,Large,100,60,IG,2025,9536,35.13131394400261,1.5007982969664715,run-20260801-200017-684b,2026-08-01T20:00:17Z
vrf/VFR100_60_2_Gap,Large,100,60,IG,42,9713,34.315652281977236,1.2192580241767403,run-20260801-200051-051c,2026-08-01T20:00:51Z
vrf/VFR100_60_2_Gap,Large,100,60,IG,123,9684,35.5869893070776,0.9170487703209671,run-20260801-200127-b035,2026-08-01T20:01:27Z
vrf/VFR100_60_2_Gap,Large,100,60,IG,456,9718,37.11335395905189,1.271363067944977,run-20260801-200204-c726,2026-08-01T20:02:04Z
vrf/VFR100_60_2_Gap,Large,100,60,IG,789,9690,33.41519950912334,0.9795748228428511,run-20260801-200237-4e86,2026-08-01T20:02:37Z
vrf/VFR100_60_2_Gap,Large,100,60,IG,2025,9693,38.04944327799603,1.0108378491037933,run-20260801-200315-d923,2026-08-01T20:03:15Z
vrf/VFR100_60_3_Gap,Large,100,60,IG,42,9465,37.073587247869,1.240774414375869,run-20260801-200352-9780,2026-08-01T20:03:52Z
vrf/VFR100_60_3_Gap,Large,100,60,IG,123,9523,34.54887567902915,1.8611616215638036,run-20260801-200427-01d2,2026-08-01T20:04:27Z
vrf/VFR100_60_3_Gap,Large,100,60,IG,456,9529,36.02624684199691,1.9253396085142795,run-20260801-200503-ac53,2026-08-01T20:05:03Z
vrf/VFR100_60_3_Gap,Large,100,60,IG,789,9496,36.458157228073105,1.5723606802866616,run-20260801-200539-d15c,2026-08-01T20:05:39Z
vrf/VFR100_60_3_Gap,Large,100,60,IG,2025,9443,36.35667018103413,1.0054551288907905,run-20260801-200616-b417,2026-08-01T20:06:16Z
vrf/VFR100_60_4_Gap,Large,100,60,IG,42,9524,35.81215209397487,1.039677487799703,run-20260801-200651-5b80,2026-08-01T20:06:51Z
vrf/VFR100_60_4_Gap,Large,100,60,IG,123,9551,36.67809689580463,1.3261192446424783,run-20260801-200728-a16f,2026-08-01T20:07:28Z
vrf/VFR100_60_4_Gap,Large,100,60,IG,456,9544,35.742892044829205,1.2518565669424995,run-20260801-200804-2c2d,2026-08-01T20:08:04Z
vrf/VFR100_60_4_Gap,Large,100,60,IG,789,9519,36.60284419008531,0.9866327180140039,run-20260801-200840-f54d,2026-08-01T20:08:40Z
vrf/VFR100_60_4_Gap,Large,100,60,IG,2025,9487,36.45404093898833,0.6471461913855294,run-20260801-200917-2e59,2026-08-01T20:09:17Z
vrf/VFR100_60_5_Gap,Large,100,60,IG,42,9575,36.39400450582616,1.1621764395139988,run-20260801-200953-822d,2026-08-01T20:09:53Z
vrf/VFR100_60_5_Gap,Large,100,60,IG,123,9578,37.13412195700221,1.1938721605916534,run-20260801-201030-a30e,2026-08-01T20:10:30Z
vrf/VFR100_60_5_Gap,Large,100,60,IG,456,9547,35.56678089895286,0.8663497094558901,run-20260801-201106-d984,2026-08-01T20:11:06Z
vrf/VFR100_60_5_Gap,Large,100,60,IG,789,9558,36.18196025094949,0.9825673534072901,run-20260801-201142-b140,2026-08-01T20:11:42Z
vrf/VFR100_60_5_Gap,Large,100,60,IG,2025,9552,36.060545896179974,0.919175911251981,run-20260801-201218-1716,2026-08-01T20:12:18Z
vrf/VFR100_60_6_Gap,Large,100,60,IG,42,9777,37.13302639196627,1.1378917968345919,run-20260801-201255-8cd4,2026-08-01T20:12:55Z
vrf/VFR100_60_6_Gap,Large,100,60,IG,123,9814,37.0053538128268,1.5206372194062274,run-20260801-201332-13fe,2026-08-01T20:13:32Z
vrf/VFR100_60_6_Gap,Large,100,60,IG,456,9771,37.04291311302222,1.075824971552705,run-20260801-201409-6eed,2026-08-01T20:14:09Z
vrf/VFR100_60_6_Gap,Large,100,60,IG,789,9800,36.126615952001885,1.3758146270818248,run-20260801-201446-e0c1,2026-08-01T20:14:46Z
vrf/VFR100_60_6_Gap,Large,100,60,IG,2025,9800,35.55428415094502,1.3758146270818248,run-20260801-201521-7424,2026-08-01T20:15:21Z
vrf/VFR100_60_7_Gap,Large,100,60,IG,42,9474,34.4699069049675,0.8838249387711639,run-20260801-201556-8c78,2026-08-01T20:15:56Z
vrf/VFR100_60_7_Gap,Large,100,60,IG,123,9522,36.18822959600948,1.3949526142050899,run-20260801-201632-8c8a,2026-08-01T20:16:32Z
vrf/VFR100_60_7_Gap,Large,100,60,IG,456,9504,36.46084225503728,1.2032797359173677,run-20260801-201708-7067,2026-08-01T20:17:08Z
vrf/VFR100_60_7_Gap,Large,100,60,IG,789,9502,36.370875478954986,1.181982749440954,run-20260801-201745-f857,2026-08-01T20:17:45Z
vrf/VFR100_60_7_Gap,Large,100,60,IG,2025,9554,37.29261761694215,1.7357043978277074,run-20260801-201822-e246,2026-08-01T20:18:22Z
vrf/VFR100_60_8_Gap,Large,100,60,IG,42,9668,37.1288960671518,1.4054961191525068,run-20260801-201859-a40b,2026-08-01T20:18:59Z
vrf/VFR100_60_8_Gap,Large,100,60,IG,123,9690,36.27620492200367,1.6362492133417244,run-20260801-201935-1d8f,2026-08-01T20:19:35Z
vrf/VFR100_60_8_Gap,Large,100,60,IG,456,9661,36.268386950017884,1.3320746800923013,run-20260801-202012-30ae,2026-08-01T20:20:12Z
vrf/VFR100_60_8_Gap,Large,100,60,IG,789,9672,36.153662849916145,1.44745122718691,run-20260801-202048-4968,2026-08-01T20:20:48Z
vrf/VFR100_60_8_Gap,Large,100,60,IG,2025,9677,36.17682989616878,1.499895112229914,run-20260801-202124-d477,2026-08-01T20:21:24Z
vrf/VFR100_60_9_Gap,Large,100,60,IG,42,9684,38.65424223081209,1.6479479374409574,run-20260801-202203-7ffc,2026-08-01T20:22:03Z
vrf/VFR100_60_9_Gap,Large,100,60,IG,123,9627,35.64664037898183,1.049648367796788,run-20260801-202238-fa42,2026-08-01T20:22:38Z
vrf/VFR100_60_9_Gap,Large,100,60,IG,456,9668,35.97554155183025,1.480004198593471,run-20260801-202314-d920,2026-08-01T20:23:14Z
vrf/VFR100_60_9_Gap,Large,100,60,IG,789,9677,36.80140968691558,1.574472551695182,run-20260801-202351-ff76,2026-08-01T20:23:51Z
vrf/VFR100_60_9_Gap,Large,100,60,IG,2025,9643,36.19476603786461,1.217592106644274,run-20260801-202427-e838,2026-08-01T20:24:27Z
vrf/VFR200_20_10_Gap,Large,200,20,IG,42,11451,34.68144644401036,1.246684350132626,run-20260801-202502-e292,2026-08-01T20:25:02Z
vrf/VFR200_20_10_Gap,Large,200,20,IG,123,11496,34.59896893706173,1.6445623342175066,run-20260801-202536-ed52,2026-08-01T20:25:36Z
vrf/VFR200_20_10_Gap,Large,200,20,IG,456,11491,36.342608427861705,1.6003536693191867,run-20260801-202613-e19d,2026-08-01T20:26:13Z
vrf/VFR200_20_10_Gap,Large,200,20,IG,789,11455,35.21378496196121,1.2820512820512822,run-20260801-202648-0f64,2026-08-01T20:26:48Z
vrf/VFR200_20_10_Gap,Large,200,20,IG,2025,11482,36.090130912838504,1.5207780725022104,run-20260801-202724-304e,2026-08-01T20:27:24Z
vrf/VFR200_20_1_Gap,Large,200,20,IG,42,11441,36.256087763933465,1.2030075187969924,run-20260801-202800-a6ad,2026-08-01T20:28:00Z
vrf/VFR200_20_1_Gap,Large,200,20,IG,123,11438,35.72921120119281,1.1764705882352942,run-20260801-202836-a2ab,2026-08-01T20:28:36Z
vrf/VFR200_20_1_Gap,Large,200,20,IG,456,11419,34.32873951387592,1.0084033613445378,run-20260801-202910-2dd4,2026-08-01T20:29:10Z
vrf/VFR200_20_1_Gap,Large,200,20,IG,789,11435,35.53746644617058,1.1499336576735957,run-20260801-202946-7227,2026-08-01T20:29:46Z
vrf/VFR200_20_1_Gap,Large,200,20,IG,2025,11418,34.885728131979704,0.9995577178239717,run-20260801-203021-3219,2026-08-01T20:30:21Z
vrf/VFR200_20_2_Gap,Large,200,20,IG,42,11390,35.25161999789998,1.1096316023080337,run-20260801-203056-52d1,2026-08-01T20:30:56Z
vrf/VFR200_20_2_Gap,Large,200,20,IG,123,11362,34.985039852093905,0.8610741233910342,run-20260801-203131-eb56,2026-08-01T20:31:31Z
vrf/VFR200_20_2_Gap,Large,200,20,IG,456,11378,34.57971985102631,1.0031069684864624,run-20260801-203206-3fcf,2026-08-01T20:32:06Z
vrf/VFR200_20_2_Gap,Large,200,20,IG,789,11372,33.88896048092283,0.9498446515756769,run-20260801-203240-2e61,2026-08-01T20:32:40Z
vrf/VFR200_20_2_Gap,Large,200,20,IG,2025,11430,35.14254641300067,1.4647137150466045,run-20260801-203315-600f,2026-08-01T20:33:15Z
vrf/VFR200_20_3_Gap,Large,200,20,IG,42,11433,36.116261994000524,0.9358170742473735,run-20260801-203351-cfa5,2026-08-01T20:33:51Z
vrf/VFR200_20_3_Gap,Large,200,20,IG,123,11412,35.68043305515312,0.7504193519908184,run-20260801-203427-aab5,2026-08-01T20:34:27Z
vrf/VFR200_20_3_Gap,Large,200,20,IG,456,11408,37.596241778926924,0.7151055001324269,run-20260801-203504-0a88,2026-08-01T20:35:04Z
vrf/VFR200_20_3_Gap,Large,200,20,IG,789,11414,35.46069389907643,0.7680762779200141,run-20260801-203540-23ea,2026-08-01T20:35:40Z
vrf/VFR200_20_3_Gap,Large,200,20,IG,2025,11437,36.48512755101547,0.971130926105765,run-20260801-203616-fea9,2026-08-01T20:36:16Z
vrf/VFR200_20_4_Gap,Large,200,20,IG,42,11377,35.579854322830215,1.5078515346181298,run-20260801-203652-b23c,2026-08-01T20:36:52Z
vrf/VFR200_20_4_Gap,Large,200,20,IG,123,11349,36.200675485888496,1.2580299785867237,run-20260801-203728-9ed0,2026-08-01T20:37:28Z
vrf/VFR200_20_4_Gap,Large,200,20,IG,456,11334,36.868307291995734,1.1241970021413277,run-20260801-203805-fc23,2026-08-01T20:38:05Z
vrf/VFR200_20_4_Gap,Large,200,20,IG,789,11292,35.61554332100786,0.7494646680942184,run-20260801-203840-7bec,2026-08-01T20:38:40Z
vrf/VFR200_20_4_Gap,Large,200,20,IG,2025,11321,35.293008503038436,1.0082084225553176,run-20260801-203916-eb24,2026-08-01T20:39:16Z
vrf/VFR200_20_5_Gap,Large,200,20,IG,42,11316,35.77220491808839,0.9635974304068522,run-20260801-203951-628e,2026-08-01T20:39:51Z
vrf/VFR200_20_5_Gap,Large,200,20,IG,123,11279,35.44381178007461,0.6334760885082085,run-20260801-204027-51bf,2026-08-01T20:40:27Z
vrf/VFR200_20_5_Gap,Large,200,20,IG,456,11311,35.07797610689886,0.9189864382583869,run-20260801-204102-67b4,2026-08-01T20:41:02Z
vrf/VFR200_20_5_Gap,Large,200,20,IG,789,11309,34.577970372047275,0.9011420413990007,run-20260801-204137-7129,2026-08-01T20:41:37Z
vrf/VFR200_20_5_Gap,Large,200,20,IG,2025,11307,33.534150457940996,0.8832976445396146,run-20260801-204210-cf29,2026-08-01T20:42:10Z
vrf/VFR200_20_6_Gap,Large,200,20,IG,42,11481,36.53034898103215,1.0029031406703617,run-20260801-204247-364c,2026-08-01T20:42:47Z
vrf/VFR200_20_6_Gap,Large,200,20,IG,123,11441,36.805505809839815,0.6510073018386557,run-20260801-204323-aa51,2026-08-01T20:43:23Z
vrf/VFR200_20_6_Gap,Large,200,20,IG,456,11492,34.720119648147374,1.0996744963490808,run-20260801-204358-bc56,2026-08-01T20:43:58Z
vrf/VFR200_20_6_Gap,Large,200,20,IG,789,11455,35.21930484799668,0.7741708454297528,run-20260801-204433-6935,2026-08-01T20:44:33Z
vrf/VFR200_20_6_Gap,Large,200,20,IG,2025,11470,35.22839441290125,0.9061317849916425,run-20260801-204509-ff05,2026-08-01T20:45:09Z
vrf/VFR200_20_7_Gap,Large,200,20,IG,42,11482,36.58577053481713,0.8963093145869947,run-20260801-204545-0ab4,2026-08-01T20:45:45Z
vrf/VFR200_20_7_Gap,Large,200,20,IG,123,11499,36.11037186603062,1.0456942003514937,run-20260801-204621-0451,2026-08-01T20:46:21Z
vrf/VFR200_20_7_Gap,Large,200,20,IG,456,11507,35.92187675088644,1.115992970123023,run-20260801-204657-04a4,2026-08-01T20:46:57Z
vrf/VFR200_20_7_Gap,Large,200,20,IG,789,11495,35.82017521583475,1.0105448154657293,run-20260801-204733-b6b9,2026-08-01T20:47:33Z
vrf/VFR200_20_7_Gap,Large,200,20,IG,2025,11446,36.24766427511349,0.5799648506151143,run-20260801-204809-62f3,2026-08-01T20:48:09Z
vrf/VFR200_20_8_Gap,Large,200,20,IG,42,11218,34.16280358610675,0.6911408311641684,run-20260801-204843-e46a,2026-08-01T20:48:43Z
vrf/VFR200_20_8_Gap,Large,200,20,IG,123,11228,34.835490277037024,0.7808993806660084,run-20260801-204918-ffc5,2026-08-01T20:49:18Z
vrf/VFR200_20_8_Gap,Large,200,20,IG,456,11206,35.414749317104,0.5834305717619603,run-20260801-204954-0f9b,2026-08-01T20:49:54Z
vrf/VFR200_20_8_Gap,Large,200,20,IG,789,11223,34.46774777281098,0.7360201059150884,run-20260801-205028-c82f,2026-08-01T20:50:28Z
vrf/VFR200_20_8_Gap,Large,200,20,IG,2025,11209,35.22793207294308,0.6103581366125124,run-20260801-205103-53fa,2026-08-01T20:51:03Z
vrf/VFR200_20_9_Gap,Large,200,20,IG,42,11257,35.582811526954174,1.2047109592735772,run-20260801-205139-23c0,2026-08-01T20:51:39Z
vrf/VFR200_20_9_Gap,Large,200,20,IG,123,11216,35.703850683989,0.836105367257035,run-20260801-205215-e857,2026-08-01T20:52:15Z
vrf/VFR200_20_9_Gap,Large,200,20,IG,456,11227,35.928308783099055,0.9349995504809854,run-20260801-205251-f613,2026-08-01T20:52:51Z
vrf/VFR200_20_9_Gap,Large,200,20,IG,789,11239,35.26076542190276,1.042884113998022,run-20260801-205326-5e22,2026-08-01T20:53:26Z
vrf/VFR200_20_9_Gap,Large,200,20,IG,2025,11254,34.73347709188238,1.1777398183943182,run-20260801-205401-704e,2026-08-01T20:54:01Z
vrf/VFR200_40_10_Gap,Large,200,40,IG,42,13391,81.31962470617145,1.2322346537647415,run-20260801-205522-c5ab,2026-08-01T20:55:22Z
vrf/VFR200_40_10_Gap,Large,200,40,IG,123,13353,67.40579463005997,0.9449652252797097,run-20260801-205629-c53a,2026-08-01T20:56:29Z
vrf/VFR200_40_10_Gap,Large,200,40,IG,456,13376,78.38514644000679,1.1188388267311762,run-20260801-205748-e198,2026-08-01T20:57:48Z
vrf/VFR200_40_10_Gap,Large,200,40,IG,789,13375,79.2819866030477,1.1112791049289386,run-20260801-205907-5a66,2026-08-01T20:59:07Z
vrf/VFR200_40_10_Gap,Large,200,40,IG,2025,13363,76.40306173008867,1.0205624433020866,run-20260801-210023-606f,2026-08-01T21:00:23Z
vrf/VFR200_40_1_Gap,Large,200,40,IG,42,13442,77.11439852789044,2.3606457508376484,run-20260801-210141-7cb4,2026-08-01T21:01:41Z
vrf/VFR200_40_1_Gap,Large,200,40,IG,123,13419,80.29870294500142,2.185501066098081,run-20260801-210301-c8c2,2026-08-01T21:03:01Z
vrf/VFR200_40_1_Gap,Large,200,40,IG,456,13367,83.89736272604205,1.789521778860798,run-20260801-210425-a3a0,2026-08-01T21:04:25Z
vrf/VFR200_40_1_Gap,Large,200,40,IG,789,13348,82.12199554918334,1.6448370392933294,run-20260801-210547-e23b,2026-08-01T21:05:47Z
vrf/VFR200_40_1_Gap,Large,200,40,IG,2025,13392,84.89357237005606,1.9798964361864149,run-20260801-210712-21f1,2026-08-01T21:07:12Z
vrf/VFR200_40_2_Gap,Large,200,40,IG,42,13260,78.68362908321433,1.2059227598839872,run-20260801-210830-51c3,2026-08-01T21:08:30Z
vrf/VFR200_40_2_Gap,Large,200,40,IG,123,13261,80.07123499084264,1.2135551824148985,run-20260801-210951-4593,2026-08-01T21:09:51Z
vrf/VFR200_40_2_Gap,Large,200,40,IG,456,13248,76.35196986910887,1.1143336895130513,run-20260801-211107-a5df,2026-08-01T21:11:07Z
vrf/VFR200_40_2_Gap,Large,200,40,IG,789,13261,83.3299776779022,1.2135551824148985,run-20260801-211230-c3ed,2026-08-01T21:12:30Z
vrf/VFR200_40_2_Gap,Large,200,40,IG,2025,13286,81.29124140087515,1.4043657456876812,run-20260801-211352-5cc0,2026-08-01T21:13:52Z
vrf/VFR200_40_3_Gap,Large,200,40,IG,42,13518,79.56506852991879,1.9149577804583835,run-20260801-211511-debb,2026-08-01T21:15:11Z
vrf/VFR200_40_3_Gap,Large,200,40,IG,123,13427,79.2164591641631,1.2288902291917974,run-20260801-211630-f146,2026-08-01T21:16:30Z
vrf/VFR200_40_3_Gap,Large,200,40,IG,456,13438,86.04931419994682,1.3118214716525936,run-20260801-211756-1e7c,2026-08-01T21:17:56Z
vrf/VFR200_40_3_Gap,Large,200,40,IG,789,13454,81.32399974716827,1.4324487334137515,run-20260801-211918-abed,2026-08-01T21:19:18Z
vrf/VFR200_40_3_Gap,Large,200,40,IG,2025,13473,83.82064957590774,1.5756936067551266,run-20260801-212042-941e,2026-08-01T21:20:42Z
vrf/VFR200_40_4_Gap,Large,200,40,IG,42,13404,78.56872146693058,1.2998790810157195,run-20260801-212200-d51b,2026-08-01T21:22:00Z
vrf/VFR200_40_4_Gap,Large,200,40,IG,123,13449,78.62018766114488,1.6399637243047158,run-20260801-212319-5574,2026-08-01T21:23:19Z
vrf/VFR200_40_4_Gap,Large,200,40,IG,456,13402,79.18074017809704,1.284764207980653,run-20260801-212438-116e,2026-08-01T21:24:38Z
vrf/VFR200_40_4_Gap,Large,200,40,IG,789,13341,82.75193729787134,0.8237605804111245,run-20260801-212601-f8c1,2026-08-01T21:26:01Z
vrf/VFR200_40_4_Gap,Large,200,40,IG,2025,13344,82.8237346438691,0.8464328899637243,run-20260801-212723-71e8,2026-08-01T21:27:23Z
vrf/VFR200_40_5_Gap,Large,200,40,IG,42,13168,81.17399066011421,0.9583684735106954,run-20260801-212845-4e3f,2026-08-01T21:28:45Z
vrf/VFR200_40_5_Gap,Large,200,40,IG,123,13162,77.86129968101159,0.912366786782182,run-20260801-213003-abb7,2026-08-01T21:30:03Z
vrf/VFR200_40_5_Gap,Large,200,40,IG,456,13201,83.48783207894303,1.211377750517519,run-20260801-213126-ea60,2026-08-01T21:31:26Z
vrf/VFR200_40_5_Gap,Large,200,40,IG,789,13176,83.12227454013191,1.0197040558153798,run-20260801-213249-0a7b,2026-08-01T21:32:49Z
vrf/VFR200_40_5_Gap,Large,200,40,IG,2025,13174,80.76368324295618,1.0043701602392088,run-20260801-213410-050d,2026-08-01T21:34:10Z
vrf/VFR200_40_6_Gap,Large,200,40,IG,42,13285,81.09017830179073,1.2267601341054557,run-20260801-213531-2a26,2026-08-01T21:35:31Z
vrf/VFR200_40_6_Gap,Large,200,40,IG,123,13258,81.77909346087836,1.021030173727522,run-20260801-213653-b24d,2026-08-01T21:36:53Z
vrf/VFR200_40_6_Gap,Large,200,40,IG,456,13290,84.98301501292735,1.264858274916184,run-20260801-213818-c978,2026-08-01T21:38:18Z
vrf/VFR200_40_6_Gap,Large,200,40,IG,789,13352,79.11390700680204,1.7372752209692166,run-20260801-213937-74db,2026-08-01T21:39:37Z
vrf/VFR200_40_6_Gap,Large,200,40,IG,2025,13274,83.60359632596374,1.142944224321853,run-20260801-214100-9a2e,2026-08-01T21:41:00Z
vrf/VFR200_40_7_Gap,Large,200,40,IG,42,13442,84.33517127111554,1.075268817204301,run-20260801-214225-ef06,2026-08-01T21:42:25Z
vrf/VFR200_40_7_Gap,Large,200,40,IG,123,13386,82.17655548802577,0.6541845251522671,run-20260801-214347-7ba1,2026-08-01T21:43:47Z
vrf/VFR200_40_7_Gap,Large,200,40,IG,456,13443,82.34142156085,1.082788179562373,run-20260801-214509-172d,2026-08-01T21:45:09Z
vrf/VFR200_40_7_Gap,Large,200,40,IG,789,13482,78.81123295915313,1.3760433115271824,run-20260801-214628-74d4,2026-08-01T21:46:28Z
vrf/VFR200_40_7_Gap,Large,200,40,IG,2025,13364,79.54541849298403,0.4887585532746823,run-20260801-214748-56e8,2026-08-01T21:47:48Z
vrf/VFR200_40_8_Gap,Large,200,40,IG,42,13430,80.2236385459546,1.450370146547817,run-20260801-214908-7824,2026-08-01T21:49:08Z
vrf/VFR200_40_8_Gap,Large,200,40,IG,123,13338,69.46310490719043,0.7554011179936546,run-20260801-215017-96ec,2026-08-01T21:50:17Z
vrf/VFR200_40_8_Gap,Large,200,40,IG,456,13387,69.52244714018889,1.1255476658105454,run-20260801-215127-8f38,2026-08-01T21:51:27Z
vrf/VFR200_40_8_Gap,Large,200,40,IG,789,13347,81.55841087014414,0.8233872186130835,run-20260801-215248-b2bc,2026-08-01T21:52:48Z
vrf/VFR200_40_8_Gap,Large,200,40,IG,2025,13378,70.79317261301912,1.0575615651911165,run-20260801-215359-3a2d,2026-08-01T21:53:59Z
vrf/VFR200_40_9_Gap,Large,200,40,IG,42,13277,65.79574932088144,0.8430806623120158,run-20260801-215505-d781,2026-08-01T21:55:05Z
vrf/VFR200_40_9_Gap,Large,200,40,IG,123,13264,77.61846029106528,0.7443414856448428,run-20260801-215623-1740,2026-08-01T21:56:23Z
vrf/VFR200_40_9_Gap,Large,200,40,IG,456,13292,67.2183332699351,0.9570104815433693,run-20260801-215730-888b,2026-08-01T21:57:30Z
vrf/VFR200_40_9_Gap,Large,200,40,IG,789,13307,69.85833128611557,1.0709403007747227,run-20260801-215840-fd92,2026-08-01T21:58:40Z
vrf/VFR200_40_9_Gap,Large,200,40,IG,2025,13334,78.1769210610073,1.276013975391159,run-20260801-215958-8aa4,2026-08-01T21:59:58Z
vrf/VFR200_60_10_Gap,Large,200,60,IG,42,15172,116.89226248906925,1.1466666666666667,run-20260801-220155-d771,2026-08-01T22:01:55Z
vrf/VFR200_60_10_Gap,Large,200,60,IG,123,15191,113.15925058699213,1.2733333333333334,run-20260801-220348-9ab6,2026-08-01T22:03:48Z
vrf/VFR200_60_10_Gap,Large,200,60,IG,456,15234,120.46006908686832,1.56,run-20260801-220548-9edc,2026-08-01T22:05:48Z
vrf/VFR200_60_10_Gap,Large,200,60,IG,789,15191,114.16888771718368,1.2733333333333334,run-20260801-220743-e8fc,2026-08-01T22:07:43Z
vrf/VFR200_60_10_Gap,Large,200,60,IG,2025,15219,116.51116890204139,1.46,run-20260801-220939-ad20,2026-08-01T22:09:39Z
vrf/VFR200_60_1_Gap,Large,200,60,IG,42,15199,117.10733823501505,1.3942628418945964,run-20260801-221136-d8f7,2026-08-01T22:11:36Z
vrf/VFR200_60_1_Gap,Large,200,60,IG,123,15202,121.21200023312122,1.4142761841227485,run-20260801-221338-53b8,2026-08-01T22:13:38Z
vrf/VFR200_60_1_Gap,Large,200,60,IG,456,15201,118.03291848790832,1.4076050700466978,run-20260801-221536-22e0,2026-08-01T22:15:36Z
vrf/VFR200_60_1_Gap,Large,200,60,IG,789,15191,114.77300468692556,1.3408939292861908,run-20260801-221730-f62f,2026-08-01T22:17:30Z
vrf/VFR200_60_1_Gap,Large,200,60,IG,2025,15194,116.27932013710961,1.3609072715143429,run-20260801-221927-af21,2026-08-01T22:19:27Z
vrf/VFR200_60_2_Gap,Large,200,60,IG,42,15083,114.30231468984857,0.8626454460345058,run-20260801-222121-701c,2026-08-01T22:21:21Z
vrf/VFR200_60_2_Gap,Large,200,60,IG,123,15073,111.79822369897738,0.795773706031831,run-20260801-222313-411f,2026-08-01T22:23:13Z
vrf/VFR200_60_2_Gap,Large,200,60,IG,456,15114,122.1285894070752,1.069947840042798,run-20260801-222515-c696,2026-08-01T22:25:15Z
vrf/VFR200_60_2_Gap,Large,200,60,IG,789,15125,117.02624278701842,1.1435067540457402,run-20260801-222712-1e0b,2026-08-01T22:27:12Z
vrf/VFR200_60_2_Gap,Large,200,60,IG,2025,15142,108.81537531712092,1.2571887120502876,run-20260801-222901-bb25,2026-08-01T22:29:01Z
vrf/VFR200_60_3_Gap,Large,200,60,IG,42,15367,119.83190861390904,1.0986842105263157,run-20260801-223101-d1aa,2026-08-01T22:31:01Z
vrf/VFR200_60_3_Gap,Large,200,60,IG,123,15369,113.44491317588836,1.111842105263158,run-20260801-223254-a44d,2026-08-01T22:32:54Z
vrf/VFR200_60_3_Gap,Large,200,60,IG,456,15379,113.1993603229057,1.1776315789473684,run-20260801-223447-8d94,2026-08-01T22:34:47Z
vrf/VFR200_60_3_Gap,Large,200,60,IG,789,15384,123.6659022020176,1.2105263157894737,run-20260801-223651-7b19,2026-08-01T22:36:51Z
vrf/VFR200_60_3_Gap,Large,200,60,IG,2025,15355,116.24623319297098,1.019736842105263,run-20260801-223847-22a8,2026-08-01T22:38:47Z
vrf/VFR200_60_4_Gap,Large,200,60,IG,42,15217,116.45559640903957,1.149960116990162,run-20260801-224044-0c1a,2026-08-01T22:40:44Z
vrf/VFR200_60_4_Gap,Large,200,60,IG,123,15244,112.81248427508399,1.329433661260303,run-20260801-224236-b6d6,2026-08-01T22:42:36Z
vrf/VFR200_60_4_Gap,Large,200,60,IG,456,15189,121.26459986693226,0.9638394044137197,run-20260801-224438-6b48,2026-08-01T22:44:38Z
vrf/VFR200_60_4_Gap,Large,200,60,IG,789,15192,116.53234572103247,0.9837809093326243,run-20260801-224634-fc75,2026-08-01T22:46:34Z
vrf/VFR200_60_4_Gap,Large,200,60,IG,2025,15237,117.94334976002574,1.2829034831161925,run-20260801-224832-c51c,2026-08-01T22:48:32Z
vrf/VFR200_60_5_Gap,Large,200,60,IG,42,15312,116.82138944393955,1.2029081295439523,run-20260801-225029-4cca,2026-08-01T22:50:29Z
vrf/VFR200_60_5_Gap,Large,200,60,IG,123,15330,114.86579920491204,1.3218770654329148,run-20260801-225224-a05e,2026-08-01T22:52:24Z
vrf/VFR200_60_5_Gap,Large,200,60,IG,456,15227,126.04036849411204,0.6411103767349636,run-20260801-225430-f21b,2026-08-01T22:54:30Z
vrf/VFR200_60_5_Gap,Large,200,60,IG,789,15372,120.53454968798906,1.5994712491738268,run-20260801-225630-7c4a,2026-08-01T22:56:30Z
vrf/VFR200_60_5_Gap,Large,200,60,IG,2025,15355,113.88780661020428,1.4871116986120292,run-20260801-225824-e710,2026-08-01T22:58:24Z
vrf/VFR200_60_6_Gap,Large,200,60,IG,42,15236,117.75118322717026,1.3368806119055536,run-20260801-230022-6b75,2026-08-01T23:00:22Z
vrf/VFR200_60_6_Gap,Large,200,60,IG,123,15249,115.93264758517034,1.4233455271034254,run-20260801-230218-905a,2026-08-01T23:02:18Z
vrf/VFR200_60_6_Gap,Large,200,60,IG,456,15249,119.93307610298507,1.4233455271034254,run-20260801-230418-7e48,2026-08-01T23:04:18Z
vrf/VFR200_60_6_Gap,Large,200,60,IG,789,15138,124.17435069708154,0.6850681742600598,run-20260801-230622-c988,2026-08-01T23:06:22Z
vrf/VFR200_60_6_Gap,Large,200,60,IG,2025,15223,115.65169524401426,1.250415696707682,run-20260801-230818-14dd,2026-08-01T23:08:18Z
vrf/VFR200_60_7_Gap,Large,200,60,IG,42,15299,111.30076742800884,1.7220744680851063,run-20260801-231009-04b8,2026-08-01T23:10:09Z
vrf/VFR200_60_7_Gap,Large,200,60,IG,123,15247,115.31742613110691,1.3763297872340425,run-20260801-231204-427f,2026-08-01T23:12:04Z
vrf/VFR200_60_7_Gap,Large,200,60,IG,456,15209,116.05097519117408,1.1236702127659575,run-20260801-231400-7e42,2026-08-01T23:14:00Z
vrf/VFR200_60_7_Gap,Large,200,60,IG,789,15227,119.31060101208277,1.2433510638297873,run-20260801-231600-787b,2026-08-01T23:16:00Z
vrf/VFR200_60_7_Gap,Large,200,60,IG,2025,15228,120.04382481588982,1.25,run-20260801-231800-f3da,2026-08-01T23:18:00Z
vrf/VFR200_60_8_Gap,Large,200,60,IG,42,15217,115.01115988194942,1.6635489043292357,run-20260801-231955-41e1,2026-08-01T23:19:55Z
vrf/VFR200_60_8_Gap,Large,200,60,IG,123,15185,111.46666313498281,1.4497594869053982,run-20260801-232146-2b4e,2026-08-01T23:21:46Z
vrf/VFR200_60_8_Gap,Large,200,60,IG,456,15181,113.44786131591536,1.4230358097274185,run-20260801-232340-b6b1,2026-08-01T23:23:40Z
vrf/VFR200_60_8_Gap,Large,200,60,IG,789,15168,112.5193526300136,1.3361838588989845,run-20260801-232532-1c6a,2026-08-01T23:25:32Z
vrf/VFR200_60_8_Gap,Large,200,60,IG,2025,15197,110.31185178807937,1.5299305184393373,run-20260801-232723-a898,2026-08-01T23:27:23Z
vrf/VFR200_60_9_Gap,Large,200,60,IG,42,15246,116.65693315397948,1.4911463187325256,run-20260801-232919-03f1,2026-08-01T23:29:19Z
vrf/VFR200_60_9_Gap,Large,200,60,IG,123,15196,113.90562786208466,1.1583011583011582,run-20260801-233113-35c9,2026-08-01T23:31:13Z
vrf/VFR200_60_9_Gap,Large,200,60,IG,456,15219,114.36846449691802,1.3114099320995873,run-20260801-233308-4b0f,2026-08-01T23:33:08Z
vrf/VFR200_60_9_Gap,Large,200,60,IG,789,15233,122.1594116659835,1.4046065770203702,run-20260801-233510-6fb1,2026-08-01T23:35:10Z
vrf/VFR200_60_9_Gap,Large,200,60,IG,2025,15203,120.95543556287885,1.2048994807615496,run-20260801-233711-f0c6,2026-08-01T23:37:11Z
vrf/VFR300_20_10_Gap,Large,300,20,IG,42,16905,51.67351899808273,0.03550505947097461,run-20260801-233802-05bd,2026-08-01T23:38:02Z
vrf/VFR300_20_10_Gap,Large,300,20,IG,123,16905,51.93168928986415,0.03550505947097461,run-20260801-233854-4f3b,2026-08-01T23:38:54Z
vrf/VFR300_20_10_Gap,Large,300,20,IG,456,16905,52.2811568020843,0.03550505947097461,run-20260801-233947-2b91,2026-08-01T23:39:47Z
vrf/VFR300_20_10_Gap,Large,300,20,IG,789,16905,52.80946881510317,0.03550505947097461,run-20260801-234039-38c2,2026-08-01T23:40:39Z
vrf/VFR300_20_10_Gap,Large,300,20,IG,2025,16905,52.41559830191545,0.03550505947097461,run-20260801-234132-01eb,2026-08-01T23:41:32Z
vrf/VFR300_20_1_Gap,Large,300,20,IG,42,16227,60.14191503194161,0.48300204347018394,run-20260801-234232-2aa5,2026-08-01T23:42:32Z
vrf/VFR300_20_1_Gap,Large,300,20,IG,123,16274,57.169718702090904,0.774041736330423,run-20260801-234329-03a6,2026-08-01T23:43:29Z
vrf/VFR300_20_1_Gap,Large,300,20,IG,456,16251,58.63532071909867,0.6316180568456251,run-20260801-234428-d269,2026-08-01T23:44:28Z
vrf/VFR300_20_1_Gap,Large,300,20,IG,789,16256,59.391305029857904,0.662579726298842,run-20260801-234527-d6c1,2026-08-01T23:45:27Z
vrf/VFR300_20_1_Gap,Large,300,20,IG,2025,16253,57.385923228925094,0.6440027246269119,run-20260801-234624-aaad,2026-08-01T23:46:24Z
vrf/VFR300_20_2_Gap,Large,300,20,IG,42,16642,58.500430560903624,0.7873062015503876,run-20260801-234723-8625,2026-08-01T23:47:23Z
vrf/VFR300_20_2_Gap,Large,300,20,IG,123,16678,56.818586444016546,1.005329457364341,run-20260801-234820-a799,2026-08-01T23:48:20Z
vrf/VFR300_20_2_Gap,Large,300,20,IG,456,16674,58.33006612304598,0.9811046511627907,run-20260801-234918-72c9,2026-08-01T23:49:18Z
vrf/VFR300_20_2_Gap,Large,300,20,IG,789,16621,56.65981734194793,0.6601259689922481,run-20260801-235015-c285,2026-08-01T23:50:15Z
vrf/VFR300_20_2_Gap,Large,300,20,IG,2025,16652,55.33011825103313,0.8478682170542635,run-20260801-235110-5cd2,2026-08-01T23:51:10Z
vrf/VFR300_20_3_Gap,Large,300,20,IG,42,16346,59.512452382128686,1.069684041303407,run-20260801-235210-f733,2026-08-01T23:52:10Z
vrf/VFR300_20_3_Gap,Large,300,20,IG,123,16353,56.1764463710133,1.1129660545353366,run-20260801-235306-55a5,2026-08-01T23:53:06Z
vrf/VFR300_20_3_Gap,Large,300,20,IG,456,16347,58.05433179112151,1.0758671860508255,run-20260801-235404-162a,2026-08-01T23:54:04Z
vrf/VFR300_20_3_Gap,Large,300,20,IG,789,16334,59.563215870875865,0.9954863043343845,run-20260801-235503-9231,2026-08-01T23:55:03Z
vrf/VFR300_20_3_Gap,Large,300,20,IG,2025,16315,57.93815435701981,0.8780065541334323,run-20260801-235601-cd0a,2026-08-01T23:56:01Z
vrf/VFR300_20_4_Gap,Large,300,20,IG,42,16262,59.1954540531151,0.5005871083369384,run-20260801-235701-9171,2026-08-01T23:57:01Z
vrf/VFR300_20_4_Gap,Large,300,20,IG,123,16302,58.687177329091355,0.7477906186267845,run-20260801-235759-b4bc,2026-08-01T23:57:59Z
vrf/VFR300_20_4_Gap,Large,300,20,IG,456,16318,58.40723262401298,0.8466720227427229,run-20260801-235858-5956,2026-08-01T23:58:58Z
vrf/VFR300_20_4_Gap,Large,300,20,IG,789,16317,56.86476236116141,0.8404919349854768,run-20260801-235955-53df,2026-08-01T23:59:55Z
vrf/VFR300_20_4_Gap,Large,300,20,IG,2025,16276,58.71144756209105,0.5871083369383845,run-20260802-000053-a43c,2026-08-02T00:00:53Z
vrf/VFR300_20_5_Gap,Large,300,20,IG,42,16433,55.669804567005485,0.556847387100722,run-20260802-000149-abb3,2026-08-02T00:01:49Z
vrf/VFR300_20_5_Gap,Large,300,20,IG,123,16452,56.8183303240221,0.673112226165708,run-20260802-000246-5b85,2026-08-02T00:02:46Z
vrf/VFR300_20_5_Gap,Large,300,20,IG,456,16456,57.770617751870304,0.6975890343899156,run-20260802-000344-ef9d,2026-08-02T00:03:44Z
vrf/VFR300_20_5_Gap,Large,300,20,IG,789,16499,56.691524336114526,0.9607147228001469,run-20260802-000440-e30c,2026-08-02T00:04:40Z
vrf/VFR300_20_5_Gap,Large,300,20,IG,2025,16425,58.195383932907134,0.5078937706523069,run-20260802-000538-14d1,2026-08-02T00:05:38Z
vrf/VFR300_20_6_Gap,Large,300,20,IG,42,16274,56.417711063986644,0.8489806035818306,run-20260802-000635-4a52,2026-08-02T00:06:35Z
vrf/VFR300_20_6_Gap,Large,300,20,IG,123,16238,58.0836820860859,0.6258908099398897,run-20260802-000733-2c78,2026-08-02T00:07:33Z
vrf/VFR300_20_6_Gap,Large,300,20,IG,456,16245,56.52872905321419,0.6692693809258227,run-20260802-000829-b4fa,2026-08-02T00:08:29Z
vrf/VFR300_20_6_Gap,Large,300,20,IG,789,16207,58.962905527092516,0.4337857098593295,run-20260802-000928-836e,2026-08-02T00:09:28Z
vrf/VFR300_20_6_Gap,Large,300,20,IG,2025,16231,56.012512320885435,0.5825122389539568,run-20260802-001024-a2f9,2026-08-02T00:10:24Z
vrf/VFR300_20_7_Gap,Large,300,20,IG,42,16322,56.48989486321807,0.3442764047706873,run-20260802-001121-5157,2026-08-02T00:11:21Z
vrf/VFR300_20_7_Gap,Large,300,20,IG,123,16322,56.968219303991646,0.3442764047706873,run-20260802-001218-c581,2026-08-02T00:12:18Z
vrf/VFR300_20_7_Gap,Large,300,20,IG,456,16294,57.638567419024184,0.17213820238534366,run-20260802-001316-deb4,2026-08-02T00:13:16Z
vrf/VFR300_20_7_Gap,Large,300,20,IG,789,16340,55.76040072203614,0.454936677732694,run-20260802-001411-bb4d,2026-08-02T00:14:11Z
vrf/VFR300_20_7_Gap,Large,300,20,IG,2025,16324,58.62976105208509,0.3565719906553547,run-20260802-001510-b04a,2026-08-02T00:15:10Z
vrf/VFR300_20_8_Gap,Large,300,20,IG,42,16554,58.42024305509403,0.8406432748538012,run-20260802-001608-1cd6,2026-08-02T00:16:08Z
vrf/VFR300_20_8_Gap,Large,300,20,IG,123,16536,59.33922022092156,0.7309941520467836,run-20260802-001708-b713,2026-08-02T00:17:08Z
vrf/VFR300_20_8_Gap,Large,300,20,IG,456,16524,57.86418080609292,0.6578947368421053,run-20260802-001806-27ce,2026-08-02T00:18:06Z
vrf/VFR300_20_8_Gap,Large,300,20,IG,789,16519,58.48984665493481,0.6274366471734892,run-20260802-001904-226b,2026-08-02T00:19:04Z
vrf/VFR300_20_8_Gap,Large,300,20,IG,2025,16527,57.43847296596505,0.6761695906432749,run-20260802-002002-15d0,2026-08-02T00:20:02Z
vrf/VFR300_20_9_Gap,Large,300,20,IG,42,16451,55.93777164304629,0.45798729848558867,run-20260802-002057-1f39,2026-08-02T00:20:57Z
vrf/VFR300_20_9_Gap,Large,300,20,IG,123,16479,57.63162708398886,0.6289692232535418,run-20260802-002155-e7b3,2026-08-02T00:21:55Z
vrf/VFR300_20_9_Gap,Large,300,20,IG,456,16479,56.9340986921452,0.6289692232535418,run-20260802-002252-c7f0,2026-08-02T00:22:52Z
vrf/VFR300_20_9_Gap,Large,300,20,IG,789,16477,56.35894971108064,0.6167562286272594,run-20260802-002348-5a1c,2026-08-02T00:23:48Z
vrf/VFR300_20_9_Gap,Large,300,20,IG,2025,16484,56.51601328398101,0.6595017098192477,run-20260802-002445-3f7f,2026-08-02T00:24:45Z
vrf/VFR300_40_10_Gap,Large,300,40,IG,42,18571,146.72155299596488,0.9238628335416553,run-20260802-002712-03e2,2026-08-02T00:27:12Z
vrf/VFR300_40_10_Gap,Large,300,40,IG,123,18505,149.92743950290605,0.5651866746372479,run-20260802-002942-1c71,2026-08-02T00:29:42Z
vrf/VFR300_40_10_Gap,Large,300,40,IG,456,18562,146.14618097501807,0.8749524482365089,run-20260802-003208-e1ae,2026-08-02T00:32:08Z
vrf/VFR300_40_10_Gap,Large,300,40,IG,789,18573,138.93583197006956,0.9347318080539101,run-20260802-003427-8b06,2026-08-02T00:34:27Z
vrf/VFR300_40_10_Gap,Large,300,40,IG,2025,18547,140.96366887004115,0.7934351393945981,run-20260802-003648-05e6,2026-08-02T00:36:48Z
vrf/VFR300_40_1_Gap,Large,300,40,IG,42,18540,150.3579357941635,1.322548912449448,run-20260802-003918-d937,2026-08-02T00:39:18Z
vrf/VFR300_40_1_Gap,Large,300,40,IG,123,18468,149.91026779287495,0.9290632856049842,run-20260802-004148-e431,2026-08-02T00:41:48Z
vrf/VFR300_40_1_Gap,Large,300,40,IG,456,18460,148.8055157258641,0.8853426604000437,run-20260802-004417-5d54,2026-08-02T00:44:17Z
vrf/VFR300_40_1_Gap,Large,300,40,IG,789,18456,146.64292832603678,0.8634823477975735,run-20260802-004643-9a4d,2026-08-02T00:46:43Z
vrf/VFR300_40_1_Gap,Large,300,40,IG,2025,18457,140.71070454386063,0.8689474259481911,run-20260802-004904-a703,2026-08-02T00:49:04Z
vrf/VFR300_40_2_Gap,Large,300,40,IG,42,18630,148.69823512993753,0.9537227701311369,run-20260802-005133-6ba9,2026-08-02T00:51:33Z
vrf/VFR300_40_2_Gap,Large,300,40,IG,123,18700,147.00277584092692,1.3330443264332936,run-20260802-005400-64ed,2026-08-02T00:54:00Z
vrf/VFR300_40_2_Gap,Large,300,40,IG,456,18636,142.8828552660998,0.9862360463856075,run-20260802-005623-9404,2026-08-02T00:56:23Z
vrf/VFR300_40_2_Gap,Large,300,40,IG,789,18660,142.5689842819702,1.1162891514034898,run-20260802-005845-605b,2026-08-02T00:58:45Z
vrf/VFR300_40_2_Gap,Large,300,40,IG,2025,18654,149.03200906701386,1.0837758751490192,run-20260802-010114-c051,2026-08-02T01:01:14Z
vrf/VFR300_40_3_Gap,Large,300,40,IG,42,18654,151.12280183797702,1.0673457224901122,run-20260802-010345-65c7,2026-08-02T01:03:45Z
vrf/VFR300_40_3_Gap,Large,300,40,IG,123,18655,142.92973127192818,1.0727637210814325,run-20260802-010608-73d0,2026-08-02T01:06:08Z
vrf/VFR300_40_3_Gap,Large,300,40,IG,456,18750,146.63391948398203,1.5874735872568673,run-20260802-010835-17b9,2026-08-02T01:08:35Z
vrf/VFR300_40_3_Gap,Large,300,40,IG,789,18659,142.6856458201073,1.094435715446714,run-20260802-011058-4b23,2026-08-02T01:10:58Z
vrf/VFR300_40_3_Gap,Large,300,40,IG,2025,18640,143.5496013860684,0.991493742211627,run-20260802-011321-a167,2026-08-02T01:13:21Z
vrf/VFR300_40_4_Gap,Large,300,40,IG,42,18510,147.79127811593935,0.8664377963053784,run-20260802-011549-bf8a,2026-08-02T01:15:49Z
vrf/VFR300_40_4_Gap,Large,300,40,IG,123,18524,147.38584055192769,0.9427279167347828,run-20260802-011816-fd8b,2026-08-02T01:18:16Z
vrf/VFR300_40_4_Gap,Large,300,40,IG,456,18552,143.35330520384014,1.0953081575935917,run-20260802-012040-2cf8,2026-08-02T01:20:40Z
vrf/VFR300_40_4_Gap,Large,300,40,IG,789,18512,146.54215653706342,0.8773363849381505,run-20260802-012306-cfbd,2026-08-02T01:23:06Z
vrf/VFR300_40_4_Gap,Large,300,40,IG,2025,18481,144.87237742706202,0.7084082611301836,run-20260802-012531-cb6f,2026-08-02T01:25:31Z
vrf/VFR300_40_5_Gap,Large,300,40,IG,42,18661,143.75189141207375,0.9575849383250379,run-20260802-012755-06a4,2026-08-02T01:27:55Z
vrf/VFR300_40_5_Gap,Large,300,40,IG,123,18679,146.14327355311252,1.0549664574767366,run-20260802-013021-8e3f,2026-08-02T01:30:21Z
vrf/VFR300_40_5_Gap,Large,300,40,IG,456,18729,142.43759547010995,1.3254706773425666,run-20260802-013244-7087,2026-08-02T01:32:44Z
vrf/VFR300_40_5_Gap,Large,300,40,IG,789,18695,147.42527224798687,1.1415278078338023,run-20260802-013511-e024,2026-08-02T01:35:11Z
vrf/VFR300_40_5_Gap,Large,300,40,IG,2025,18718,145.4358808780089,1.265959748972084,run-20260802-013736-3657,2026-08-02T01:37:36Z
vrf/VFR300_40_6_Gap,Large,300,40,IG,42,18703,141.06476449687034,1.3767683885305437,run-20260802-013957-a4bf,2026-08-02T01:39:57Z
vrf/VFR300_40_6_Gap,Large,300,40,IG,123,18662,140.90852825785987,1.154534121090574,run-20260802-014218-1863,2026-08-02T01:42:18Z
vrf/VFR300_40_6_Gap,Large,300,40,IG,456,18676,138.58959064888768,1.230418992899344,run-20260802-014437-0d8c,2026-08-02T01:44:37Z
vrf/VFR300_40_6_Gap,Large,300,40,IG,789,18666,148.79930081195198,1.1762155130359369,run-20260802-014706-fdec,2026-08-02T01:47:06Z
vrf/VFR300_40_6_Gap,Large,300,40,IG,2025,18687,139.60901087196544,1.2900428207490922,run-20260802-014925-070d,2026-08-02T01:49:25Z
vrf/VFR300_40_7_Gap,Large,300,40,IG,42,18662,142.42673479602672,1.3192898637276724,run-20260802-015148-1b3b,2026-08-02T01:51:48Z
vrf/VFR300_40_7_Gap,Large,300,40,IG,123,18634,143.50060876784846,1.1672729246973235,run-20260802-015411-3b1f,2026-08-02T01:54:11Z
vrf/VFR300_40_7_Gap,Large,300,40,IG,456,18604,150.12953920802101,1.0043976328790922,run-20260802-015641-ac75,2026-08-02T01:56:41Z
vrf/VFR300_40_7_Gap,Large,300,40,IG,789,18687,147.15687666018493,1.4550192735761984,run-20260802-015909-6759,2026-08-02T01:59:09Z
vrf/VFR300_40_7_Gap,Large,300,40,IG,2025,18698,144.09605440008454,1.5147402139095498,run-20260802-020133-48e2,2026-08-02T02:01:33Z
vrf/VFR300_40_8_Gap,Large,300,40,IG,42,18539,143.4680770749692,0.7992605480643759,run-20260802-020356-bb70,2026-08-02T02:03:56Z
vrf/VFR300_40_8_Gap,Large,300,40,IG,123,18541,144.46262498479337,0.8101348412353198,run-20260802-020621-97a0,2026-08-02T02:06:21Z
vrf/VFR300_40_8_Gap,Large,300,40,IG,456,18583,144.43745479010977,1.0384949978251414,run-20260802-020845-88c8,2026-08-02T02:08:45Z
vrf/VFR300_40_8_Gap,Large,300,40,IG,789,18563,147.53452245891094,0.9297520661157025,run-20260802-021113-5c22,2026-08-02T02:11:13Z
vrf/VFR300_40_8_Gap,Large,300,40,IG,2025,18514,142.91036126296967,0.6633318834275772,run-20260802-021336-07e4,2026-08-02T02:13:36Z
vrf/VFR300_40_9_Gap,Large,300,40,IG,42,18582,149.68097638105974,1.0220724149179081,run-20260802-021605-2271,2026-08-02T02:16:05Z
vrf/VFR300_40_9_Gap,Large,300,40,IG,123,18625,141.4299905670341,1.255844297053387,run-20260802-021827-881a,2026-08-02T02:18:27Z
vrf/VFR300_40_9_Gap,Large,300,40,IG,456,18585,148.31339420797303,1.0383820811134066,run-20260802-022055-ad74,2026-08-02T02:20:55Z
vrf/VFR300_40_9_Gap,Large,300,40,IG,789,18613,149.64302552421577,1.190605632271393,run-20260802-022325-ddc9,2026-08-02T02:23:25Z
vrf/VFR300_40_9_Gap,Large,300,40,IG,2025,18626,142.91747105494142,1.2612808524518866,run-20260802-022548-8c8f,2026-08-02T02:25:48Z
vrf/VFR300_60_10_Gap,Large,300,60,IG,42,20635,223.7306197809521,0.79620945681907,run-20260802-022931-7031,2026-08-02T02:29:31Z
vrf/VFR300_60_10_Gap,Large,300,60,IG,123,20767,222.51436081388965,1.440992575224697,run-20260802-023314-1082,2026-08-02T02:33:14Z
vrf/VFR300_60_10_Gap,Large,300,60,IG,456,20647,228.66748202499002,0.8548261039468542,run-20260802-023702-3c22,2026-08-02T02:37:02Z
vrf/VFR300_60_10_Gap,Large,300,60,IG,789,20730,210.8464613230899,1.2602579132473624,run-20260802-024033-978f,2026-08-02T02:40:33Z
vrf/VFR300_60_10_Gap,Large,300,60,IG,2025,20705,225.34590544505045,1.1381398983978117,run-20260802-024419-4ec3,2026-08-02T02:44:19Z
vrf/VFR300_60_1_Gap,Large,300,60,IG,42,20717,221.18620645906776,0.9501997855959459,run-20260802-024800-dfcf,2026-08-02T02:48:00Z
vrf/VFR300_60_1_Gap,Large,300,60,IG,123,20785,208.48463022499345,1.2815515057011988,run-20260802-025128-eadf,2026-08-02T02:51:28Z
vrf/VFR300_60_1_Gap,Large,300,60,IG,456,20732,223.72003376996145,1.023292076795634,run-20260802-025512-2831,2026-08-02T02:55:12Z
vrf/VFR300_60_1_Gap,Large,300,60,IG,789,20785,208.45052191894501,1.2815515057011988,run-20260802-025841-9541,2026-08-02T02:58:41Z
vrf/VFR300_60_1_Gap,Large,300,60,IG,2025,20785,217.4069713279605,1.2815515057011988,run-20260802-030218-d15a,2026-08-02T03:02:18Z
vrf/VFR300_60_2_Gap,Large,300,60,IG,42,20603,212.6121679339558,1.0000490220108829,run-20260802-030551-c8b9,2026-08-02T03:05:51Z
vrf/VFR300_60_2_Gap,Large,300,60,IG,123,20590,204.5262229749933,0.9363204078631305,run-20260802-030915-32ae,2026-08-02T03:09:15Z
vrf/VFR300_60_2_Gap,Large,300,60,IG,456,20553,227.3502993900329,0.7549389675964508,run-20260802-031302-1dab,2026-08-02T03:13:02Z
vrf/VFR300_60_2_Gap,Large,300,60,IG,789,20631,209.15588122303598,1.1373106524829648,run-20260802-031632-1d44,2026-08-02T03:16:32Z
vrf/VFR300_60_2_Gap,Large,300,60,IG,2025,20580,209.44848146801814,0.8872983969802442,run-20260802-032001-d8e8,2026-08-02T03:20:01Z
vrf/VFR300_60_3_Gap,Large,300,60,IG,42,20691,218.96693947701715,1.2577077419986298,run-20260802-032340-8eaa,2026-08-02T03:23:40Z
vrf/VFR300_60_3_Gap,Large,300,60,IG,123,20653,220.89174372609705,1.0717431731428013,run-20260802-032721-9340,2026-08-02T03:27:21Z
vrf/VFR300_60_3_Gap,Large,300,60,IG,456,20655,225.37446614494547,1.08153078202995,run-20260802-033106-0f82,2026-08-02T03:31:06Z
vrf/VFR300_60_3_Gap,Large,300,60,IG,789,20741,212.61483283690177,1.5023979641773515,run-20260802-033439-563d,2026-08-02T03:34:39Z
vrf/VFR300_60_3_Gap,Large,300,60,IG,2025,20682,214.59041186980903,1.21366350200646,run-20260802-033813-cdd2,2026-08-02T03:38:13Z
vrf/VFR300_60_4_Gap,Large,300,60,IG,42,20630,214.4675485889893,1.152243196861976,run-20260802-034148-f1e5,2026-08-02T03:41:48Z
vrf/VFR300_60_4_Gap,Large,300,60,IG,123,20636,217.7409768460784,1.1816621721010052,run-20260802-034526-4ae5,2026-08-02T03:45:26Z
vrf/VFR300_60_4_Gap,Large,300,60,IG,456,20680,213.5530711330939,1.3974013238538858,run-20260802-034859-8863,2026-08-02T03:48:59Z
vrf/VFR300_60_4_Gap,Large,300,60,IG,789,20626,213.04974369192496,1.1326305467026232,run-20260802-035232-9f75,2026-08-02T03:52:32Z
vrf/VFR300_60_4_Gap,Large,300,60,IG,2025,20650,211.9618144929409,1.25030644765874,run-20260802-035604-7bd6,2026-08-02T03:56:04Z
vrf/VFR300_60_5_Gap,Large,300,60,IG,42,20554,202.6562702730298,1.0471461580059978,run-20260802-035927-c3bf,2026-08-02T03:59:27Z
vrf/VFR300_60_5_Gap,Large,300,60,IG,123,20565,220.145723965019,1.1012241286072464,run-20260802-040307-9fd8,2026-08-02T04:03:07Z
vrf/VFR300_60_5_Gap,Large,300,60,IG,456,20597,223.063511217013,1.2585418612654244,run-20260802-040650-6865,2026-08-02T04:06:50Z
vrf/VFR300_60_5_Gap,Large,300,60,IG,789,20509,196.78041385300457,0.8259180964554348,run-20260802-041007-bf8f,2026-08-02T04:10:07Z
vrf/VFR300_60_5_Gap,Large,300,60,IG,2025,20516,213.6201679701917,0.8603313504744113,run-20260802-041341-5ec6,2026-08-02T04:13:41Z
vrf/VFR300_60_6_Gap,Large,300,60,IG,42,20527,209.44622456794605,0.6817735923092015,run-20260802-041710-51e9,2026-08-02T04:17:10Z
vrf/VFR300_60_6_Gap,Large,300,60,IG,123,20577,222.41152086900547,0.9270158917010006,run-20260802-042052-77a9,2026-08-02T04:20:52Z
vrf/VFR300_60_6_Gap,Large,300,60,IG,456,20528,210.4126216871664,0.6866784382970375,run-20260802-042423-e449,2026-08-02T04:24:23Z
vrf/VFR300_60_6_Gap,Large,300,60,IG,789,20514,218.56640676804818,0.6180105944673338,run-20260802-042801-946c,2026-08-02T04:28:01Z
vrf/VFR300_60_6_Gap,Large,300,60,IG,2025,20578,206.5001728530042,0.9319207376888365,run-20260802-043128-1b7b,2026-08-02T04:31:28Z
vrf/VFR300_60_7_Gap,Large,300,60,IG,42,20736,217.4156489400193,1.3638363396392432,run-20260802-043505-05c9,2026-08-02T04:35:05Z
vrf/VFR300_60_7_Gap,Large,300,60,IG,123,20704,205.27862238395028,1.2074106662756026,run-20260802-043831-1539,2026-08-02T04:38:31Z
vrf/VFR300_60_7_Gap,Large,300,60,IG,456,20659,208.30904022906907,0.9874370631079826,run-20260802-044159-2e63,2026-08-02T04:41:59Z
vrf/VFR300_60_7_Gap,Large,300,60,IG,789,20744,211.07553925202228,1.4029427579801534,run-20260802-044530-bba1,2026-08-02T04:45:30Z
vrf/VFR300_60_7_Gap,Large,300,60,IG,2025,20717,215.39955628407188,1.2709585960795815,run-20260802-044905-0b38,2026-08-02T04:49:05Z
vrf/VFR300_60_8_Gap,Large,300,60,IG,42,20640,200.89445427502505,1.1268985791278785,run-20260802-045226-62bb,2026-08-02T04:52:26Z
vrf/VFR300_60_8_Gap,Large,300,60,IG,123,20638,217.99982476304285,1.1170994610485057,run-20260802-045604-9dc5,2026-08-02T04:56:04Z
vrf/VFR300_60_8_Gap,Large,300,60,IG,456,20661,211.11188184912317,1.2297893189612934,run-20260802-045935-c4a2,2026-08-02T04:59:35Z
vrf/VFR300_60_8_Gap,Large,300,60,IG,789,20672,218.75475464691408,1.2836844683978441,run-20260802-050314-ae39,2026-08-02T05:03:14Z
vrf/VFR300_60_8_Gap,Large,300,60,IG,2025,20648,223.36270338110626,1.1660950514453698,run-20260802-050658-01b4,2026-08-02T05:06:58Z
vrf/VFR300_60_9_Gap,Large,300,60,IG,42,20728,211.35994706093334,0.8710886174509709,run-20260802-051029-186a,2026-08-02T05:10:29Z
vrf/VFR300_60_9_Gap,Large,300,60,IG,123,20723,213.28757277014665,0.8467565331646308,run-20260802-051402-306f,2026-08-02T05:14:02Z
vrf/VFR300_60_9_Gap,Large,300,60,IG,456,20783,215.78383269510232,1.1387415446007105,run-20260802-051738-b180,2026-08-02T05:17:38Z
vrf/VFR300_60_9_Gap,Large,300,60,IG,789,20714,214.1840628029313,0.802958781449219,run-20260802-052112-0939,2026-08-02T05:21:12Z
vrf/VFR300_60_9_Gap,Large,300,60,IG,2025,20753,220.05194382811897,0.9927490388826707,run-20260802-052452-1019,2026-08-02T05:24:52Z
vrf/VFR400_20_10_Gap,Large,400,20,IG,42,21577,80.19799549598247,0.1810753087566162,run-20260802-052612-d438,2026-08-02T05:26:12Z
vrf/VFR400_20_10_Gap,Large,400,20,IG,123,21588,80.56139433383942,0.23214783173925155,run-20260802-052733-f6fe,2026-08-02T05:27:33Z
vrf/VFR400_20_10_Gap,Large,400,20,IG,456,21598,81.66367630893365,0.27857739808710186,run-20260802-052855-df2f,2026-08-02T05:28:55Z
vrf/VFR400_20_10_Gap,Large,400,20,IG,789,21556,83.15159237594344,0.08357321942613057,run-20260802-053018-55b9,2026-08-02T05:30:18Z
vrf/VFR400_20_10_Gap,Large,400,20,IG,2025,21587,82.80058808112517,0.22750487510446651,run-20260802-053141-6039,2026-08-02T05:31:41Z
vrf/VFR400_20_1_Gap,Large,400,20,IG,42,21196,89.29964504414238,0.35984848484848486,run-20260802-053310-6610,2026-08-02T05:33:10Z
vrf/VFR400_20_1_Gap,Large,400,20,IG,123,21193,88.22712792502716,0.3456439393939394,run-20260802-053438-dfef,2026-08-02T05:34:38Z
vrf/VFR400_20_1_Gap,Large,400,20,IG,456,21171,89.2173015770968,0.24147727272727273,run-20260802-053607-e256,2026-08-02T05:36:07Z
vrf/VFR400_20_1_Gap,Large,400,20,IG,789,21194,86.54453582596034,0.3503787878787879,run-20260802-053734-9c26,2026-08-02T05:37:34Z
vrf/VFR400_20_1_Gap,Large,400,20,IG,2025,21213,87.10917014721781,0.4403409090909091,run-20260802-053901-357f,2026-08-02T05:39:01Z
vrf/VFR400_20_2_Gap,Large,400,20,IG,42,21506,84.37892159004696,0.22836370415249102,run-20260802-054025-9221,2026-08-02T05:40:25Z
vrf/VFR400_20_2_Gap,Large,400,20,IG,123,21577,83.83670747489668,0.5592580509856924,run-20260802-054149-e891,2026-08-02T05:41:49Z
vrf/VFR400_20_2_Gap,Large,400,20,IG,456,21481,87.34301882609725,0.11185161019713846,run-20260802-054317-c9df,2026-08-02T05:43:17Z
vrf/VFR400_20_2_Gap,Large,400,20,IG,789,21554,84.31766927218996,0.45206692454676795,run-20260802-054441-0878,2026-08-02T05:44:41Z
vrf/VFR400_20_2_Gap,Large,400,20,IG,2025,21540,84.8563163280487,0.3868201519317705,run-20260802-054606-607d,2026-08-02T05:46:06Z
vrf/VFR400_20_3_Gap,Large,400,20,IG,42,21651,78.09586716606282,0.9794319294809011,run-20260802-054724-9886,2026-08-02T05:47:24Z
vrf/VFR400_20_3_Gap,Large,400,20,IG,123,21533,80.21650697197765,0.4290844643440138,run-20260802-054844-d8ad,2026-08-02T05:48:44Z
vrf/VFR400_20_3_Gap,Large,400,20,IG,456,21575,79.24697940191254,0.624970850240194,run-20260802-055003-436d,2026-08-02T05:50:03Z
vrf/VFR400_20_3_Gap,Large,400,20,IG,789,21638,78.46890325308777,0.9188004290844644,run-20260802-055122-d4c1,2026-08-02T05:51:22Z
vrf/VFR400_20_3_Gap,Large,400,20,IG,2025,21598,80.46355095482431,0.7322419663261974,run-20260802-055242-8b77,2026-08-02T05:52:42Z
vrf/VFR400_20_4_Gap,Large,400,20,IG,42,21378,84.93293276010081,0.6165576316656469,run-20260802-055407-1066,2026-08-02T05:54:07Z
vrf/VFR400_20_4_Gap,Large,400,20,IG,123,21340,85.45050758100115,0.4377088530145432,run-20260802-055533-a9a3,2026-08-02T05:55:33Z
vrf/VFR400_20_4_Gap,Large,400,20,IG,456,21363,85.3155970480293,0.545959429566527,run-20260802-055658-d725,2026-08-02T05:56:58Z
vrf/VFR400_20_4_Gap,Large,400,20,IG,789,21422,83.44484587805346,0.8236456911563985,run-20260802-055821-d19a,2026-08-02T05:58:21Z
vrf/VFR400_20_4_Gap,Large,400,20,IG,2025,21397,84.49165761494078,0.7059820209911988,run-20260802-055946-05cd,2026-08-02T05:59:46Z
vrf/VFR400_20_5_Gap,Large,400,20,IG,42,21601,82.36705603497103,0.22270681575650722,run-20260802-060108-2df4,2026-08-02T06:01:08Z
vrf/VFR400_20_5_Gap,Large,400,20,IG,123,21622,82.71468322398141,0.32014104764997914,run-20260802-060231-5511,2026-08-02T06:02:31Z
vrf/VFR400_20_5_Gap,Large,400,20,IG,456,21608,82.61848058807664,0.2551848930543312,run-20260802-060354-b75e,2026-08-02T06:03:54Z
vrf/VFR400_20_5_Gap,Large,400,20,IG,789,21609,85.05104470695369,0.25982461838259174,run-20260802-060519-4a3e,2026-08-02T06:05:19Z
vrf/VFR400_20_5_Gap,Large,400,20,IG,2025,21612,82.38952579116449,0.27374379436737345,run-20260802-060641-8f7e,2026-08-02T06:06:41Z
vrf/VFR400_20_6_Gap,Large,400,20,IG,42,21348,87.48526422702707,0.6316583388328463,run-20260802-060809-d4ad,2026-08-02T06:08:09Z
vrf/VFR400_20_6_Gap,Large,400,20,IG,123,21374,89.14562368602492,0.7542189120392194,run-20260802-060938-0e31,2026-08-02T06:09:38Z
vrf/VFR400_20_6_Gap,Large,400,20,IG,456,21367,86.25655629998073,0.7212218346375036,run-20260802-061104-6914,2026-08-02T06:11:04Z
vrf/VFR400_20_6_Gap,Large,400,20,IG,789,21380,85.34648728207685,0.7825021212406901,run-20260802-061229-6a15,2026-08-02T06:12:29Z
vrf/VFR400_20_6_Gap,Large,400,20,IG,2025,21366,87.88311052788049,0.7165079664372584,run-20260802-061357-c628,2026-08-02T06:13:57Z
vrf/VFR400_20_7_Gap,Large,400,20,IG,42,21717,84.05011701420881,0.4254335260115607,run-20260802-061521-3e40,2026-08-02T06:15:21Z
vrf/VFR400_20_7_Gap,Large,400,20,IG,123,21726,84.69217479391955,0.46705202312138727,run-20260802-061646-32d2,2026-08-02T06:16:46Z
vrf/VFR400_20_7_Gap,Large,400,20,IG,456,21730,83.60974017903209,0.48554913294797686,run-20260802-061810-b051,2026-08-02T06:18:10Z
vrf/VFR400_20_7_Gap,Large,400,20,IG,789,21728,85.51927944808267,0.47630057803468207,run-20260802-061935-1ae8,2026-08-02T06:19:35Z
vrf/VFR400_20_7_Gap,Large,400,20,IG,2025,21693,86.67289938405156,0.31445086705202313,run-20260802-062102-e67e,2026-08-02T06:21:02Z
vrf/VFR400_20_8_Gap,Large,400,20,IG,42,21428,83.35914721596055,0.7096865159561968,run-20260802-062225-882b,2026-08-02T06:22:25Z
vrf/VFR400_20_8_Gap,Large,400,20,IG,123,21413,81.99698514794,0.6391878554307469,run-20260802-062347-d3cc,2026-08-02T06:23:47Z
vrf/VFR400_20_8_Gap,Large,400,20,IG,456,21407,80.35333024594001,0.6109883912205668,run-20260802-062508-56b9,2026-08-02T06:25:08Z
vrf/VFR400_20_8_Gap,Large,400,20,IG,789,21378,88.01958225504495,0.47469098087136347,run-20260802-062636-a95f,2026-08-02T06:26:36Z
vrf/VFR400_20_8_Gap,Large,400,20,IG,2025,21378,84.55688342708163,0.47469098087136347,run-20260802-062800-6396,2026-08-02T06:28:00Z
vrf/VFR400_20_9_Gap,Large,400,20,IG,42,21424,86.26679485314526,0.3654080389768575,run-20260802-062926-7189,2026-08-02T06:29:26Z
vrf/VFR400_20_9_Gap,Large,400,20,IG,123,21415,84.36602337588556,0.32324557294106626,run-20260802-063051-104c,2026-08-02T06:30:51Z
vrf/VFR400_20_9_Gap,Large,400,20,IG,456,21378,82.44006267515942,0.14991099034948,run-20260802-063213-a257,2026-08-02T06:32:13Z
vrf/VFR400_20_9_Gap,Large,400,20,IG,789,21421,81.84957110206597,0.35135388363159376,run-20260802-063335-185b,2026-08-02T06:33:35Z
vrf/VFR400_20_9_Gap,Large,400,20,IG,2025,21403,85.35016709007323,0.2670289515600112,run-20260802-063500-17ca,2026-08-02T06:35:00Z
vrf/VFR400_40_10_Gap,Large,400,40,IG,42,24015,223.78743148595095,1.2436762225969646,run-20260802-063844-f2c4,2026-08-02T06:38:44Z
vrf/VFR400_40_10_Gap,Large,400,40,IG,123,23929,220.37231684708968,0.8811129848229342,run-20260802-064225-02d4,2026-08-02T06:42:25Z
vrf/VFR400_40_10_Gap,Large,400,40,IG,456,23935,226.4638556819409,0.9064080944350759,run-20260802-064611-1843,2026-08-02T06:46:11Z
vrf/VFR400_40_10_Gap,Large,400,40,IG,789,24020,219.86563449609093,1.2647554806070826,run-20260802-064951-b9b7,2026-08-02T06:49:51Z
vrf/VFR400_40_10_Gap,Large,400,40,IG,2025,23890,225.75728022586554,0.7166947723440135,run-20260802-065337-51ab,2026-08-02T06:53:37Z
vrf/VFR400_40_1_Gap,Large,400,40,IG,42,23754,217.27380315214396,0.7464585630672661,run-20260802-065714-2528,2026-08-02T06:57:14Z
vrf/VFR400_40_1_Gap,Large,400,40,IG,123,23721,220.22361744497903,0.6064975824921537,run-20260802-070054-83d1,2026-08-02T07:00:54Z
vrf/VFR400_40_1_Gap,Large,400,40,IG,456,23825,229.43740910990164,1.0475867333955382,run-20260802-070444-2593,2026-08-02T07:04:44Z
vrf/VFR400_40_1_Gap,Large,400,40,IG,789,23793,220.6933299510274,0.9118669946560353,run-20260802-070824-ab7f,2026-08-02T07:08:24Z
vrf/VFR400_40_1_Gap,Large,400,40,IG,2025,23759,228.82111550797708,0.7676647722453134,run-20260802-071213-7d0e,2026-08-02T07:12:13Z
vrf/VFR400_40_2_Gap,Large,400,40,IG,42,23792,215.68691367213614,1.4324693042291952,run-20260802-071549-269e,2026-08-02T07:15:49Z
vrf/VFR400_40_2_Gap,Large,400,40,IG,123,23749,227.24482085206546,1.2491473396998636,run-20260802-071936-1a95,2026-08-02T07:19:36Z
vrf/VFR400_40_2_Gap,Large,400,40,IG,456,23799,222.39797169389203,1.46231241473397,run-20260802-072318-e745,2026-08-02T07:23:18Z
vrf/VFR400_40_2_Gap,Large,400,40,IG,789,23709,228.80177789600566,1.0786152796725785,run-20260802-072707-dcce,2026-08-02T07:27:07Z
vrf/VFR400_40_2_Gap,Large,400,40,IG,2025,23680,229.86190119804814,0.9549795361527967,run-20260802-073057-ea38,2026-08-02T07:30:57Z
vrf/VFR400_40_3_Gap,Large,400,40,IG,42,23862,227.84035165398382,1.2173913043478262,run-20260802-073445-22a5,2026-08-02T07:34:45Z
vrf/VFR400_40_3_Gap,Large,400,40,IG,123,23866,226.5650361671578,1.234358430540827,run-20260802-073832-98ce,2026-08-02T07:38:32Z
vrf/VFR400_40_3_Gap,Large,400,40,IG,456,23840,220.74271838599816,1.1240721102863203,run-20260802-074212-1075,2026-08-02T07:42:12Z
vrf/VFR400_40_3_Gap,Large,400,40,IG,789,23825,228.8115213359706,1.0604453870625663,run-20260802-074601-b707,2026-08-02T07:46:01Z
vrf/VFR400_40_3_Gap,Large,400,40,IG,2025,23924,219.29114041803405,1.4803817603393425,run-20260802-074940-a154,2026-08-02T07:49:40Z
vrf/VFR400_40_4_Gap,Large,400,40,IG,42,23696,224.58591915201396,1.2260241787346746,run-20260802-075325-3ce9,2026-08-02T07:53:25Z
vrf/VFR400_40_4_Gap,Large,400,40,IG,123,23676,228.55193097982556,1.1405869537357427,run-20260802-075714-5e27,2026-08-02T07:57:14Z
vrf/VFR400_40_4_Gap,Large,400,40,IG,456,23619,233.29940617387183,0.8970908624887863,run-20260802-080107-85de,2026-08-02T08:01:07Z
vrf/VFR400_40_4_Gap,Large,400,40,IG,789,23679,229.1219288308639,1.1534025374855825,run-20260802-080456-fa77,2026-08-02T08:04:56Z
vrf/VFR400_40_4_Gap,Large,400,40,IG,2025,23646,227.2650396451354,1.0124311162373447,run-20260802-080843-2667,2026-08-02T08:08:43Z
vrf/VFR400_40_5_Gap,Large,400,40,IG,42,23540,223.48220860003494,0.8612194181413085,run-20260802-081227-0d50,2026-08-02T08:12:27Z
vrf/VFR400_40_5_Gap,Large,400,40,IG,123,23587,226.01654412411153,1.0625990830798235,run-20260802-081613-b803,2026-08-02T08:16:13Z
vrf/VFR400_40_5_Gap,Large,400,40,IG,456,23544,227.01103331288323,0.8783581130296928,run-20260802-082000-b873,2026-08-02T08:20:00Z
vrf/VFR400_40_5_Gap,Large,400,40,IG,789,23534,220.58165157889016,0.8355113758087321,run-20260802-082340-47c4,2026-08-02T08:23:40Z
vrf/VFR400_40_5_Gap,Large,400,40,IG,2025,23542,226.33850132185034,0.8697887655855007,run-20260802-082727-03ad,2026-08-02T08:27:27Z
vrf/VFR400_40_6_Gap,Large,400,40,IG,42,23692,224.20058900211006,1.0578399590513565,run-20260802-083111-074f,2026-08-02T08:31:11Z
vrf/VFR400_40_6_Gap,Large,400,40,IG,123,23750,222.01020367606543,1.3052380139907866,run-20260802-083453-b018,2026-08-02T08:34:53Z
vrf/VFR400_40_6_Gap,Large,400,40,IG,456,23620,228.66698241606355,0.7507251322299949,run-20260802-083842-0a1b,2026-08-02T08:38:42Z
vrf/VFR400_40_6_Gap,Large,400,40,IG,789,23681,217.56958669004962,1.0109196382869818,run-20260802-084219-7193,2026-08-02T08:42:19Z
vrf/VFR400_40_6_Gap,Large,400,40,IG,2025,23618,218.5126135852188,0.7421941648182904,run-20260802-084558-3604,2026-08-02T08:45:58Z
vrf/VFR400_40_7_Gap,Large,400,40,IG,42,23761,223.52945733815432,0.8702665987434199,run-20260802-084941-a02e,2026-08-02T08:49:41Z
vrf/VFR400_40_7_Gap,Large,400,40,IG,123,23831,225.15041958610527,1.1674308031923926,run-20260802-085326-b413,2026-08-02T08:53:26Z
vrf/VFR400_40_7_Gap,Large,400,40,IG,456,23860,225.14163299789652,1.2905416878926812,run-20260802-085712-4301,2026-08-02T08:57:12Z
vrf/VFR400_40_7_Gap,Large,400,40,IG,789,23874,226.19810520485044,1.3499745287824758,run-20260802-090058-0f24,2026-08-02T09:00:58Z
vrf/VFR400_40_7_Gap,Large,400,40,IG,2025,23817,223.4706121031195,1.1079979623025982,run-20260802-090441-ca9e,2026-08-02T09:04:41Z
vrf/VFR400_40_8_Gap,Large,400,40,IG,42,23635,221.25329648307525,0.9568151723548759,run-20260802-090822-45f2,2026-08-02T09:08:22Z
vrf/VFR400_40_8_Gap,Large,400,40,IG,123,23688,222.1402252339758,1.1832044765281278,run-20260802-091205-3baa,2026-08-02T09:12:05Z
vrf/VFR400_40_8_Gap,Large,400,40,IG,456,23574,226.2400534399785,0.6962538977403785,run-20260802-091551-6a5c,2026-08-02T09:15:51Z
vrf/VFR400_40_8_Gap,Large,400,40,IG,789,23579,221.29045404097997,0.7176113792661569,run-20260802-091932-de34,2026-08-02T09:19:32Z
vrf/VFR400_40_8_Gap,Large,400,40,IG,2025,23633,217.02414885698818,0.9482721797445646,run-20260802-092309-d8e7,2026-08-02T09:23:09Z
vrf/VFR400_40_9_Gap,Large,400,40,IG,42,23817,217.39082331000827,0.7615179591318695,run-20260802-092647-45c0,2026-08-02T09:26:47Z
vrf/VFR400_40_9_Gap,Large,400,40,IG,123,23849,223.69227571878582,0.8968989296442019,run-20260802-093030-f909,2026-08-02T09:30:30Z
vrf/VFR400_40_9_Gap,Large,400,40,IG,456,23763,226.412824354833,0.5330625713923086,run-20260802-093417-deb2,2026-08-02T09:34:17Z
vrf/VFR400_40_9_Gap,Large,400,40,IG,789,23804,229.49717759899795,0.7065194398612346,run-20260802-093806-c3b5,2026-08-02T09:38:06Z
vrf/VFR400_40_9_Gap,Large,400,40,IG,2025,23861,227.10734415519983,0.9476667935863266,run-20260802-094153-1db6,2026-08-02T09:41:53Z
vrf/VFR400_60_10_Gap,Large,400,60,IG,42,26034,352.5942995219957,1.0362091046687623,run-20260802-094746-1e2a,2026-08-02T09:47:46Z
vrf/VFR400_60_10_Gap,Large,400,60,IG,123,26144,338.19647655286826,1.4631117320603872,run-20260802-095324-6181,2026-08-02T09:53:24Z
vrf/VFR400_60_10_Gap,Large,400,60,IG,456,26062,351.53250111010857,1.1448752280048125,run-20260802-095916-0fb7,2026-08-02T09:59:16Z
vrf/VFR400_60_10_Gap,Large,400,60,IG,789,26049,346.44292460219003,1.0944230993130748,run-20260802-100502-d6c3,2026-08-02T10:05:02Z
vrf/VFR400_60_10_Gap,Large,400,60,IG,2025,26077,352.94100705208257,1.2030892226491248,run-20260802-101055-49e5,2026-08-02T10:10:55Z
vrf/VFR400_60_1_Gap,Large,400,60,IG,42,25845,339.9864887588192,0.9294333580661538,run-20260802-101635-47a0,2026-08-02T10:16:35Z
vrf/VFR400_60_1_Gap,Large,400,60,IG,123,25781,344.7152857859619,0.6795016987542469,run-20260802-102220-06ec,2026-08-02T10:22:20Z
vrf/VFR400_60_1_Gap,Large,400,60,IG,456,25841,347.5624205870554,0.9138126293591596,run-20260802-102807-788d,2026-08-02T10:28:07Z
vrf/VFR400_60_1_Gap,Large,400,60,IG,789,25904,340.0902700810693,1.1598391064943179,run-20260802-103347-dd9f,2026-08-02T10:33:47Z
vrf/VFR400_60_1_Gap,Large,400,60,IG,2025,25813,344.65290562808514,0.8044675284102003,run-20260802-103932-fe03,2026-08-02T10:39:32Z
vrf/VFR400_60_2_Gap,Large,400,60,IG,42,26007,334.6827303641476,1.3681010289990645,run-20260802-104507-251a,2026-08-02T10:45:07Z
vrf/VFR400_60_2_Gap,Large,400,60,IG,123,25878,342.1909257490188,0.8652946679139383,run-20260802-105049-3135,2026-08-02T10:50:49Z
vrf/VFR400_60_2_Gap,Large,400,60,IG,456,26039,339.4813133890275,1.4928281883380106,run-20260802-105628-b98e,2026-08-02T10:56:28Z
vrf/VFR400_60_2_Gap,Large,400,60,IG,789,25924,354.3567028499674,1.0445899594636732,run-20260802-110223-d148,2026-08-02T11:02:23Z
vrf/VFR400_60_2_Gap,Large,400,60,IG,2025,25935,340.78473151801154,1.087464920486436,run-20260802-110804-6981,2026-08-02T11:08:04Z
vrf/VFR400_60_3_Gap,Large,400,60,IG,42,26136,339.2541347621009,1.2199372603694667,run-20260802-111343-1c02,2026-08-02T11:13:43Z
vrf/VFR400_60_3_Gap,Large,400,60,IG,123,25995,356.26581748598255,0.6738701057278959,run-20260802-111939-524d,2026-08-02T11:19:39Z
vrf/VFR400_60_3_Gap,Large,400,60,IG,456,26086,346.51227954099886,1.0262964253901863,run-20260802-112526-ebe9,2026-08-02T11:25:26Z
vrf/VFR400_60_3_Gap,Large,400,60,IG,789,26026,343.84427895816043,0.7939274234150497,run-20260802-113109-940a,2026-08-02T11:31:09Z
vrf/VFR400_60_3_Gap,Large,400,60,IG,2025,26051,354.4394714930095,0.89074784090469,run-20260802-113704-c210,2026-08-02T11:37:04Z
vrf/VFR400_60_4_Gap,Large,400,60,IG,42,26185,346.3527677920647,1.3469056004954136,run-20260802-114250-3d10,2026-08-02T11:42:50Z
vrf/VFR400_60_4_Gap,Large,400,60,IG,123,26165,358.8166318361182,1.2694972326508496,run-20260802-114849-30d6,2026-08-02T11:48:49Z
vrf/VFR400_60_4_Gap,Large,400,60,IG,456,26151,353.29205282684416,1.2153113751596547,run-20260802-115442-70a4,2026-08-02T11:54:42Z
vrf/VFR400_60_4_Gap,Large,400,60,IG,789,26096,341.4519404338207,1.0024383635871037,run-20260802-120024-0da4,2026-08-02T12:00:24Z
vrf/VFR400_60_4_Gap,Large,400,60,IG,2025,26100,355.7777944179252,1.0179200371560166,run-20260802-120620-3797,2026-08-02T12:06:20Z
vrf/VFR400_60_5_Gap,Large,400,60,IG,42,26095,345.2843134000432,0.8424469606214012,run-20260802-121205-d698,2026-08-02T12:12:05Z
vrf/VFR400_60_5_Gap,Large,400,60,IG,123,26143,340.46510449796915,1.0279398693820767,run-20260802-121745-6d4c,2026-08-02T12:17:45Z
vrf/VFR400_60_5_Gap,Large,400,60,IG,456,26038,345.95249121193774,0.6221741314680991,run-20260802-122331-a5eb,2026-08-02T12:23:31Z
vrf/VFR400_60_5_Gap,Large,400,60,IG,789,26047,355.9866405730136,0.6569540518607258,run-20260802-122927-5ccf,2026-08-02T12:29:27Z
vrf/VFR400_60_5_Gap,Large,400,60,IG,2025,26147,344.28719797497615,1.0433976117787997,run-20260802-123512-571b,2026-08-02T12:35:12Z
vrf/VFR400_60_6_Gap,Large,400,60,IG,42,25809,354.01716973702423,1.069078947368421,run-20260802-124106-9dd4,2026-08-02T12:41:06Z
vrf/VFR400_60_6_Gap,Large,400,60,IG,123,25791,360.87448623008095,0.9985902255639098,run-20260802-124707-0003,2026-08-02T12:47:07Z
vrf/VFR400_60_6_Gap,Large,400,60,IG,456,25878,338.25201199715957,1.3392857142857142,run-20260802-125245-94ba,2026-08-02T12:52:45Z
vrf/VFR400_60_6_Gap,Large,400,60,IG,789,25844,347.79486728296615,1.206140350877193,run-20260802-125833-a08b,2026-08-02T12:58:33Z
vrf/VFR400_60_6_Gap,Large,400,60,IG,2025,25838,339.0579298431985,1.1826441102756893,run-20260802-130412-f0e2,2026-08-02T13:04:12Z
vrf/VFR400_60_7_Gap,Large,400,60,IG,42,25727,340.00928246602416,0.49609375,run-20260802-130952-7188,2026-08-02T13:09:52Z
vrf/VFR400_60_7_Gap,Large,400,60,IG,123,25824,351.72591258003376,0.875,run-20260802-131543-303c,2026-08-02T13:15:43Z
vrf/VFR400_60_7_Gap,Large,400,60,IG,456,25807,338.17827143892646,0.80859375,run-20260802-132122-ca06,2026-08-02T13:21:22Z
vrf/VFR400_60_7_Gap,Large,400,60,IG,789,25725,329.7524771699682,0.48828125,run-20260802-132651-4f34,2026-08-02T13:26:51Z
vrf/VFR400_60_7_Gap,Large,400,60,IG,2025,25823,340.55128630204126,0.87109375,run-20260802-133232-d52f,2026-08-02T13:32:32Z
vrf/VFR400_60_8_Gap,Large,400,60,IG,42,26039,351.3554761069827,0.9263565891472868,run-20260802-133823-852b,2026-08-02T13:38:23Z
vrf/VFR400_60_8_Gap,Large,400,60,IG,123,26018,355.04919149307534,0.8449612403100775,run-20260802-134418-8e0c,2026-08-02T13:44:18Z
vrf/VFR400_60_8_Gap,Large,400,60,IG,456,25939,344.9160222930368,0.5387596899224806,run-20260802-135003-5b76,2026-08-02T13:50:03Z
vrf/VFR400_60_8_Gap,Large,400,60,IG,789,26015,343.34374558599666,0.8333333333333334,run-20260802-135547-5dac,2026-08-02T13:55:47Z
vrf/VFR400_60_8_Gap,Large,400,60,IG,2025,26092,347.24540784419514,1.1317829457364341,run-20260802-140134-1be0,2026-08-02T14:01:34Z
vrf/VFR400_60_9_Gap,Large,400,60,IG,42,26075,344.05080963508226,0.7456919867089097,run-20260802-140718-c036,2026-08-02T14:07:18Z
vrf/VFR400_60_9_Gap,Large,400,60,IG,123,26009,354.43253595009446,0.4906885093887644,run-20260802-141312-d279,2026-08-02T14:13:12Z
vrf/VFR400_60_9_Gap,Large,400,60,IG,456,26188,334.3072372970637,1.1822888493934007,run-20260802-141847-c527,2026-08-02T14:18:47Z
vrf/VFR400_60_9_Gap,Large,400,60,IG,789,26041,344.3972845051903,0.6143265589985318,run-20260802-142431-14cd,2026-08-02T14:24:31Z
vrf/VFR400_60_9_Gap,Large,400,60,IG,2025,26034,344.6625924007967,0.5872807356463952,run-20260802-143016-a375,2026-08-02T14:30:16Z
vrf/VFR500_20_10_Gap,Large,500,20,IG,42,26219,117.39665087894537,0.5638232586683032,run-20260802-143213-adaa,2026-08-02T14:32:13Z
vrf/VFR500_20_10_Gap,Large,500,20,IG,123,26196,116.27661801595241,0.4756060141147591,run-20260802-143409-44ea,2026-08-02T14:34:09Z
vrf/VFR500_20_10_Gap,Large,500,20,IG,456,26156,118.5974205979146,0.32218471923903036,run-20260802-143608-49ad,2026-08-02T14:36:08Z
vrf/VFR500_20_10_Gap,Large,500,20,IG,789,26212,118.45372849307023,0.5369745320650506,run-20260802-143806-8ed1,2026-08-02T14:38:06Z
vrf/VFR500_20_10_Gap,Large,500,20,IG,2025,26156,122.23096195585094,0.32218471923903036,run-20260802-144009-0fc1,2026-08-02T14:40:09Z
vrf/VFR500_20_1_Gap,Large,500,20,IG,42,26549,112.56700141401961,0.5225095604104351,run-20260802-144201-0ff3,2026-08-02T14:42:01Z
vrf/VFR500_20_1_Gap,Large,500,20,IG,123,26608,116.88259214814752,0.745901328991708,run-20260802-144358-e786,2026-08-02T14:43:58Z
vrf/VFR500_20_1_Gap,Large,500,20,IG,456,26570,118.42824386712164,0.6020218848207186,run-20260802-144557-baed,2026-08-02T14:45:57Z
vrf/VFR500_20_1_Gap,Large,500,20,IG,789,26594,113.81272323499434,0.6928931127181857,run-20260802-144750-01a4,2026-08-02T14:47:50Z
vrf/VFR500_20_1_Gap,Large,500,20,IG,2025,26578,114.45838139206171,0.6323122941198743,run-20260802-144945-e306,2026-08-02T14:49:45Z
vrf/VFR500_20_2_Gap,Large,500,20,IG,42,26777,115.75555736711249,0.35980660395037667,run-20260802-145141-c1a4,2026-08-02T14:51:41Z
vrf/VFR500_20_2_Gap,Large,500,20,IG,123,26816,115.97187018883415,0.5059780368052172,run-20260802-145337-8276,2026-08-02T14:53:37Z
vrf/VFR500_20_2_Gap,Large,500,20,IG,456,26775,115.37997177499346,0.3523106330347438,run-20260802-145532-11bd,2026-08-02T14:55:32Z
vrf/VFR500_20_2_Gap,Large,500,20,IG,789,26747,116.49161261180416,0.24736704021588396,run-20260802-145728-8c9c,2026-08-02T14:57:28Z
vrf/VFR500_20_2_Gap,Large,500,20,IG,2025,26789,111.49823817401193,0.40478242944417375,run-20260802-145920-a35d,2026-08-02T14:59:20Z
vrf/VFR500_20_3_Gap,Large,500,20,IG,42,26479,120.23638781509362,0.26506115339467606,run-20260802-150120-9883,2026-08-02T15:01:20Z
vrf/VFR500_20_3_Gap,Large,500,20,IG,123,26503,118.7837949108798,0.3559392631299936,run-20260802-150319-64cd,2026-08-02T15:03:19Z
vrf/VFR500_20_3_Gap,Large,500,20,IG,456,26503,119.2526129540056,0.3559392631299936,run-20260802-150518-9175,2026-08-02T15:05:18Z
vrf/VFR500_20_3_Gap,Large,500,20,IG,789,26517,119.31782323983498,0.40895149380892876,run-20260802-150718-bf75,2026-08-02T15:07:18Z
vrf/VFR500_20_3_Gap,Large,500,20,IG,2025,26502,118.18819472007453,0.35215267522435534,run-20260802-150916-160f,2026-08-02T15:09:16Z
vrf/VFR500_20_4_Gap,Large,500,20,IG,42,26227,114.63823261484504,0.39427346501301486,run-20260802-151110-1316,2026-08-02T15:11:10Z
vrf/VFR500_20_4_Gap,Large,500,20,IG,123,26196,116.60736887087114,0.2756086357372531,run-20260802-151307-2d9d,2026-08-02T15:13:07Z
vrf/VFR500_20_4_Gap,Large,500,20,IG,456,26262,115.51923989108764,0.5282498851630685,run-20260802-151503-57ce,2026-08-02T15:15:03Z
vrf/VFR500_20_4_Gap,Large,500,20,IG,789,26240,115.89706701994874,0.44403613535446335,run-20260802-151658-fc85,2026-08-02T15:16:58Z
vrf/VFR500_20_4_Gap,Large,500,20,IG,2025,26277,111.75177466892637,0.5856683509416628,run-20260802-151850-072d,2026-08-02T15:18:50Z
vrf/VFR500_20_5_Gap,Large,500,20,IG,42,26872,109.92779389885254,0.3397931369254322,run-20260802-152040-6e73,2026-08-02T15:20:40Z
vrf/VFR500_20_5_Gap,Large,500,20,IG,123,26848,114.06594040594064,0.250177364549494,run-20260802-152234-aa14,2026-08-02T15:22:34Z
vrf/VFR500_20_5_Gap,Large,500,20,IG,456,26902,110.58892853884026,0.4518128523953549,run-20260802-152425-f44f,2026-08-02T15:24:25Z
vrf/VFR500_20_5_Gap,Large,500,20,IG,789,26872,109.41330804117024,0.3397931369254322,run-20260802-152614-351e,2026-08-02T15:26:14Z
vrf/VFR500_20_5_Gap,Large,500,20,IG,2025,26849,108.55155793693848,0.25391135506515816,run-20260802-152803-1661,2026-08-02T15:28:03Z
vrf/VFR500_20_6_Gap,Large,500,20,IG,42,26491,114.66441606194712,0.18152252013765457,run-20260802-152957-9a46,2026-08-02T15:29:57Z
vrf/VFR500_20_6_Gap,Large,500,20,IG,123,26485,116.5590261600446,0.15883220512044777,run-20260802-153154-8599,2026-08-02T15:31:54Z
vrf/VFR500_20_6_Gap,Large,500,20,IG,456,26498,114.98000495997258,0.20799455432439587,run-20260802-153349-d1b8,2026-08-02T15:33:49Z
vrf/VFR500_20_6_Gap,Large,500,20,IG,789,26536,116.805294402875,0.3516998827667057,run-20260802-153546-1dc8,2026-08-02T15:35:46Z
vrf/VFR500_20_6_Gap,Large,500,20,IG,2025,26496,118.20036366395652,0.20043111598532692,run-20260802-153744-5033,2026-08-02T15:37:44Z
vrf/VFR500_20_7_Gap,Large,500,20,IG,42,26493,116.46720329998061,0.22698899103393486,run-20260802-153940-df83,2026-08-02T15:39:40Z
vrf/VFR500_20_7_Gap,Large,500,20,IG,123,26493,115.0787122650072,0.22698899103393486,run-20260802-154136-b18c,2026-08-02T15:41:36Z
vrf/VFR500_20_7_Gap,Large,500,20,IG,456,26507,114.07136770989746,0.279953088941853,run-20260802-154330-2b18,2026-08-02T15:43:30Z
vrf/VFR500_20_7_Gap,Large,500,20,IG,789,26500,115.79907017899677,0.25347103998789394,run-20260802-154525-6dd9,2026-08-02T15:45:25Z
vrf/VFR500_20_7_Gap,Large,500,20,IG,2025,26530,116.27098535420373,0.36696553550486133,run-20260802-154722-315c,2026-08-02T15:47:22Z
vrf/VFR500_20_8_Gap,Large,500,20,IG,42,26483,119.28155250404961,0.6269473364237405,run-20260802-154921-4d90,2026-08-02T15:49:21Z
vrf/VFR500_20_8_Gap,Large,500,20,IG,123,26447,118.97111422102898,0.4901588266585607,run-20260802-155120-7b6a,2026-08-02T15:51:20Z
vrf/VFR500_20_8_Gap,Large,500,20,IG,456,26475,118.66566290496849,0.596549889809256,run-20260802-155319-7191,2026-08-02T15:53:19Z
vrf/VFR500_20_8_Gap,Large,500,20,IG,789,26432,118.53751776088029,0.4331636142564025,run-20260802-155517-f912,2026-08-02T15:55:17Z
vrf/VFR500_20_8_Gap,Large,500,20,IG,2025,26426,116.92485884483904,0.41036552929553916,run-20260802-155714-7e81,2026-08-02T15:57:14Z
vrf/VFR500_20_9_Gap,Large,500,20,IG,42,26583,118.75992174516432,0.5332425686407988,run-20260802-155913-6e3b,2026-08-02T15:59:13Z
vrf/VFR500_20_9_Gap,Large,500,20,IG,123,26555,116.7169650241267,0.42735042735042733,run-20260802-160110-1238,2026-08-02T16:01:10Z
vrf/VFR500_20_9_Gap,Large,500,20,IG,456,26537,121.80333584686741,0.3592769079494743,run-20260802-160311-562c,2026-08-02T16:03:11Z
vrf/VFR500_20_9_Gap,Large,500,20,IG,789,26560,117.23459092108533,0.44625973829513654,run-20260802-160509-8cd5,2026-08-02T16:05:09Z
vrf/VFR500_20_9_Gap,Large,500,20,IG,2025,26562,118.96058129612356,0.4538234626730202,run-20260802-160708-4a84,2026-08-02T16:07:08Z
vrf/VFR500_40_10_Gap,Large,500,40,IG,42,28967,323.3268289989792,0.7267542944571945,run-20260802-161231-a31e,2026-08-02T16:12:31Z
vrf/VFR500_40_10_Gap,Large,500,40,IG,123,29014,330.6159315430559,0.8901870783781904,run-20260802-161802-db38,2026-08-02T16:18:02Z
vrf/VFR500_40_10_Gap,Large,500,40,IG,456,28999,313.8816838420462,0.8380276792544683,run-20260802-162315-6abb,2026-08-02T16:23:15Z
vrf/VFR500_40_10_Gap,Large,500,40,IG,789,29060,320.16719653992914,1.0501425690242716,run-20260802-162836-84a7,2026-08-02T16:28:36Z
vrf/VFR500_40_10_Gap,Large,500,40,IG,2025,28899,335.49456430296414,0.4902983517629877,run-20260802-163411-4c52,2026-08-02T16:34:11Z
vrf/VFR500_40_1_Gap,Large,500,40,IG,42,28851,316.1225039171986,1.0613703236654057,run-20260802-163927-c0cc,2026-08-02T16:39:27Z
vrf/VFR500_40_1_Gap,Large,500,40,IG,123,28797,329.9782716720365,0.8722152164775115,run-20260802-164457-db74,2026-08-02T16:44:57Z
vrf/VFR500_40_1_Gap,Large,500,40,IG,456,28740,326.729777242057,0.6725514922236234,run-20260802-165024-0b36,2026-08-02T16:50:24Z
vrf/VFR500_40_1_Gap,Large,500,40,IG,789,28868,319.50661711907014,1.120919153706039,run-20260802-165543-bbbe,2026-08-02T16:55:43Z
vrf/VFR500_40_1_Gap,Large,500,40,IG,2025,28788,321.81907773786224,0.8406893652795292,run-20260802-170105-6de3,2026-08-02T17:01:05Z
vrf/VFR500_40_2_Gap,Large,500,40,IG,42,28991,313.3028211519122,0.6876671413190706,run-20260802-170619-2108,2026-08-02T17:06:19Z
vrf/VFR500_40_2_Gap,Large,500,40,IG,123,28899,322.7671205070801,0.3681450352516237,run-20260802-171141-ded7,2026-08-02T17:11:41Z
vrf/VFR500_40_2_Gap,Large,500,40,IG,456,28984,318.0112018149812,0.6633556767269823,run-20260802-171659-bec7,2026-08-02T17:16:59Z
vrf/VFR500_40_2_Gap,Large,500,40,IG,789,28938,323.942587622907,0.5035946236932588,run-20260802-172223-f751,2026-08-02T17:22:23Z
vrf/VFR500_40_2_Gap,Large,500,40,IG,2025,28995,328.1728344219737,0.701559406800264,run-20260802-172751-fca7,2026-08-02T17:27:51Z
vrf/VFR500_40_3_Gap,Large,500,40,IG,42,28827,322.16458263690583,0.7690425420351662,run-20260802-173314-c8fe,2026-08-02T17:33:14Z
vrf/VFR500_40_3_Gap,Large,500,40,IG,123,28780,333.96797016100027,0.604747089873108,run-20260802-173848-da53,2026-08-02T17:38:48Z
vrf/VFR500_40_3_Gap,Large,500,40,IG,456,28855,318.6024092808366,0.8669206837487329,run-20260802-174406-6224,2026-08-02T17:44:06Z
vrf/VFR500_40_3_Gap,Large,500,40,IG,789,28885,320.38855321798474,0.9717901212989828,run-20260802-174927-52b4,2026-08-02T17:49:27Z
vrf/VFR500_40_3_Gap,Large,500,40,IG,2025,28867,311.8412660090253,0.9088684587688328,run-20260802-175438-6b69,2026-08-02T17:54:38Z
vrf/VFR500_40_4_Gap,Large,500,40,IG,42,28951,327.5581193289254,0.4266685167198557,run-20260802-180006-3acc,2026-08-02T18:00:06Z
vrf/VFR500_40_4_Gap,Large,500,40,IG,123,28972,325.43218175391667,0.49951436103787983,run-20260802-180531-7b2c,2026-08-02T18:05:31Z
vrf/VFR500_40_4_Gap,Large,500,40,IG,456,28979,329.9639834819827,0.5237963091438879,run-20260802-181101-4c1f,2026-08-02T18:11:01Z
vrf/VFR500_40_4_Gap,Large,500,40,IG,789,28969,334.9396021498833,0.4891078118495907,run-20260802-181636-853e,2026-08-02T18:16:36Z
vrf/VFR500_40_4_Gap,Large,500,40,IG,2025,29029,330.0314815659076,0.6972387956153739,run-20260802-182206-468c,2026-08-02T18:22:06Z
vrf/VFR500_40_5_Gap,Large,500,40,IG,42,28903,319.05012752395123,0.7670048460760729,run-20260802-182725-5238,2026-08-02T18:27:25Z
vrf/VFR500_40_5_Gap,Large,500,40,IG,123,28977,319.3717903040815,1.0249973852107521,run-20260802-183245-88be,2026-08-02T18:32:45Z
vrf/VFR500_40_5_Gap,Large,500,40,IG,456,29023,312.1551126521081,1.185371125753931,run-20260802-183757-d017,2026-08-02T18:37:57Z
vrf/VFR500_40_5_Gap,Large,500,40,IG,789,28976,329.92736304807477,1.02151099954677,run-20260802-184327-3e09,2026-08-02T18:43:27Z
vrf/VFR500_40_5_Gap,Large,500,40,IG,2025,28882,329.0504223969765,0.6937907471324478,run-20260802-184856-c5f2,2026-08-02T18:48:56Z
vrf/VFR500_40_6_Gap,Large,500,40,IG,42,28791,319.83235482801683,0.9360538493899874,run-20260802-185416-b245,2026-08-02T18:54:16Z
vrf/VFR500_40_6_Gap,Large,500,40,IG,123,28767,339.1315406479407,0.8519141775347077,run-20260802-185955-5177,2026-08-02T18:59:55Z
vrf/VFR500_40_6_Gap,Large,500,40,IG,456,28814,313.40571004804224,1.0166877015846305,run-20260802-190508-d3a3,2026-08-02T19:05:08Z
vrf/VFR500_40_6_Gap,Large,500,40,IG,789,28758,324.56230726488866,0.8203618005889777,run-20260802-191033-f101,2026-08-02T19:10:33Z
vrf/VFR500_40_6_Gap,Large,500,40,IG,2025,28749,336.3186029640492,0.7888094236432478,run-20260802-191609-d385,2026-08-02T19:16:09Z
vrf/VFR500_40_7_Gap,Large,500,40,IG,42,28876,326.41223161597736,0.40333796940194716,run-20260802-192136-172c,2026-08-02T19:21:36Z
vrf/VFR500_40_7_Gap,Large,500,40,IG,123,28963,325.06656134384684,0.7058414464534075,run-20260802-192701-239e,2026-08-02T19:27:01Z
vrf/VFR500_40_7_Gap,Large,500,40,IG,456,28996,318.5921696810983,0.8205841446453408,run-20260802-193219-802d,2026-08-02T19:32:19Z
vrf/VFR500_40_7_Gap,Large,500,40,IG,789,28952,323.02757720905356,0.6675938803894298,run-20260802-193742-6afe,2026-08-02T19:37:42Z
vrf/VFR500_40_7_Gap,Large,500,40,IG,2025,28992,329.04294849699363,0.8066759388038943,run-20260802-194311-ff62,2026-08-02T19:43:11Z
vrf/VFR500_40_8_Gap,Large,500,40,IG,42,28920,329.7960911751725,0.7735730712941669,run-20260802-194841-5453,2026-08-02T19:48:41Z
vrf/VFR500_40_8_Gap,Large,500,40,IG,123,28943,330.2217884310521,0.8537180291309499,run-20260802-195411-fcce,2026-08-02T19:54:11Z
vrf/VFR500_40_8_Gap,Large,500,40,IG,456,28977,313.6749441449065,0.9721931841940205,run-20260802-195925-35a1,2026-08-02T19:59:25Z
vrf/VFR500_40_8_Gap,Large,500,40,IG,789,28992,339.5731415671762,1.0244616349571398,run-20260802-200505-1bad,2026-08-02T20:05:05Z
vrf/VFR500_40_8_Gap,Large,500,40,IG,2025,28917,318.1267541111447,0.763119381141543,run-20260802-201023-c340,2026-08-02T20:10:23Z
vrf/VFR500_40_9_Gap,Large,500,40,IG,42,29149,327.892809539102,0.966401108417042,run-20260802-201551-1a5f,2026-08-02T20:15:51Z
vrf/VFR500_40_9_Gap,Large,500,40,IG,123,29077,340.36586579703726,0.7170072739868375,run-20260802-202131-ca80,2026-08-02T20:21:31Z
vrf/VFR500_40_9_Gap,Large,500,40,IG,456,29100,323.76903694705106,0.7966747488742639,run-20260802-202655-f49e,2026-08-02T20:26:55Z
vrf/VFR500_40_9_Gap,Large,500,40,IG,789,29052,326.210001263069,0.6304121925874611,run-20260802-203221-2d72,2026-08-02T20:32:21Z
vrf/VFR500_40_9_Gap,Large,500,40,IG,2025,29092,321.26976243103854,0.7689643228264634,run-20260802-203742-3f9f,2026-08-02T20:37:42Z
vrf/VFR500_60_10_Gap,Large,500,60,IG,42,31264,485.19853063486516,0.6892109500805152,run-20260802-204548-f13a,2026-08-02T20:45:48Z
vrf/VFR500_60_10_Gap,Large,500,60,IG,123,31290,483.30971134710126,0.7729468599033816,run-20260802-205351-612b,2026-08-02T20:53:51Z
vrf/VFR500_60_10_Gap,Large,500,60,IG,456,31245,498.03733721678145,0.6280193236714976,run-20260802-210209-a666,2026-08-02T21:02:09Z
vrf/VFR500_60_10_Gap,Large,500,60,IG,789,31260,490.5082036189269,0.6763285024154589,run-20260802-211019-b924,2026-08-02T21:10:19Z
vrf/VFR500_60_10_Gap,Large,500,60,IG,2025,31156,499.67110488400795,0.3413848631239936,run-20260802-211839-0fee,2026-08-02T21:18:39Z
vrf/VFR500_60_1_Gap,Large,500,60,IG,42,31152,495.9790205589961,0.9429376883445125,run-20260802-212655-f68f,2026-08-02T21:26:55Z
vrf/VFR500_60_1_Gap,Large,500,60,IG,123,31115,498.5316702539567,0.823045267489712,run-20260802-213514-1ca6,2026-08-02T21:35:14Z
vrf/VFR500_60_1_Gap,Large,500,60,IG,456,31157,475.9410215350799,0.9591393668384045,run-20260802-214310-da85,2026-08-02T21:43:10Z
vrf/VFR500_60_1_Gap,Large,500,60,IG,789,31119,518.8269698950462,0.8360066102848255,run-20260802-215148-c217,2026-08-02T21:51:48Z
vrf/VFR500_60_1_Gap,Large,500,60,IG,2025,31055,510.5180332220625,0.6286251255630083,run-20260802-220019-9e20,2026-08-02T22:00:19Z
vrf/VFR500_60_2_Gap,Large,500,60,IG,42,31005,487.72441255208105,0.5741533670688984,run-20260802-220827-0e2e,2026-08-02T22:08:27Z
vrf/VFR500_60_2_Gap,Large,500,60,IG,123,31009,491.97246807604097,0.5871285844037888,run-20260802-221639-855b,2026-08-02T22:16:39Z
vrf/VFR500_60_2_Gap,Large,500,60,IG,456,31015,511.6899177040905,0.6065914104061243,run-20260802-222510-7527,2026-08-02T22:25:10Z
vrf/VFR500_60_2_Gap,Large,500,60,IG,789,31098,466.16888294694945,0.8758271701050993,run-20260802-223257-4bbd,2026-08-02T22:32:57Z
vrf/VFR500_60_2_Gap,Large,500,60,IG,2025,30923,490.46327384701,0.308161411703646,run-20260802-224107-a9c0,2026-08-02T22:41:07Z
vrf/VFR500_60_3_Gap,Large,500,60,IG,42,31383,485.4320706159342,0.8289156626506025,run-20260802-224912-bce6,2026-08-02T22:49:12Z
vrf/VFR500_60_3_Gap,Large,500,60,IG,123,31342,490.8974579360802,0.6971887550200804,run-20260802-225723-c94d,2026-08-02T22:57:23Z
vrf/VFR500_60_3_Gap,Large,500,60,IG,456,31288,485.25754666514695,0.5236947791164659,run-20260802-230529-ee7c,2026-08-02T23:05:29Z
vrf/VFR500_60_3_Gap,Large,500,60,IG,789,31354,509.5133562388364,0.7357429718875502,run-20260802-231358-7ac3,2026-08-02T23:13:58Z
vrf/VFR500_60_3_Gap,Large,500,60,IG,2025,31286,507.181388619123,0.5172690763052209,run-20260802-232225-1a90,2026-08-02T23:22:25Z
vrf/VFR500_60_4_Gap,Large,500,60,IG,42,31250,478.8770210109651,1.0411277806518364,run-20260802-233024-5adc,2026-08-02T23:30:24Z
vrf/VFR500_60_4_Gap,Large,500,60,IG,123,31265,507.8714778791182,1.0896275219865494,run-20260802-233852-2817,2026-08-02T23:38:52Z
vrf/VFR500_60_4_Gap,Large,500,60,IG,456,31368,489.2800214760937,1.4226590791515779,run-20260802-234701-8e77,2026-08-02T23:47:01Z
vrf/VFR500_60_4_Gap,Large,500,60,IG,789,31416,489.92885212786496,1.5778582514226591,run-20260802-235511-dcc5,2026-08-02T23:55:11Z
vrf/VFR500_60_4_Gap,Large,500,60,IG,2025,31354,507.4222118430771,1.3773926539058459,run-20260803-000339-e39a,2026-08-03T00:03:39Z
vrf/VFR500_60_5_Gap,Large,500,60,IG,42,31242,477.0110993310809,0.9924034265395183,run-20260803-001136-378b,2026-08-03T00:11:36Z
vrf/VFR500_60_5_Gap,Large,500,60,IG,123,31178,476.9665475960355,0.7855180216583159,run-20260803-001933-96ca,2026-08-03T00:19:33Z
vrf/VFR500_60_5_Gap,Large,500,60,IG,456,31172,507.99173422087915,0.766122514950703,run-20260803-002801-b165,2026-08-03T00:28:01Z
vrf/VFR500_60_5_Gap,Large,500,60,IG,789,31222,479.4969318008516,0.9277517375141425,run-20260803-003600-b872,2026-08-03T00:36:00Z
vrf/VFR500_60_5_Gap,Large,500,60,IG,2025,31183,506.15405809599906,0.8016809439146597,run-20260803-004426-50be,2026-08-03T00:44:26Z
vrf/VFR500_60_6_Gap,Large,500,60,IG,42,31306,481.30508171999827,0.8992168111644696,run-20260803-005228-eb96,2026-08-03T00:52:28Z
vrf/VFR500_60_6_Gap,Large,500,60,IG,123,31320,497.0804789881222,0.9443388016888516,run-20260803-010045-4f8f,2026-08-03T01:00:45Z
vrf/VFR500_60_6_Gap,Large,500,60,IG,456,31353,491.27854210790247,1.0506977793534664,run-20260803-010856-5e10,2026-08-03T01:08:56Z
vrf/VFR500_60_6_Gap,Large,500,60,IG,789,31339,474.265613398049,1.0055757888290844,run-20260803-011650-77fd,2026-08-03T01:16:50Z
vrf/VFR500_60_6_Gap,Large,500,60,IG,2025,31341,506.5752078159712,1.0120217874754247,run-20260803-012517-5f7c,2026-08-03T01:25:17Z
vrf/VFR500_60_7_Gap,Large,500,60,IG,42,31219,486.40472841705196,0.9408949818934299,run-20260803-013323-88b3,2026-08-03T01:33:23Z
vrf/VFR500_60_7_Gap,Large,500,60,IG,123,31193,482.02658008411527,0.8568287635799275,run-20260803-014125-baaf,2026-08-03T01:41:25Z
vrf/VFR500_60_7_Gap,Large,500,60,IG,456,31207,481.4124639991205,0.9020951888256596,run-20260803-014927-164a,2026-08-03T01:49:27Z
vrf/VFR500_60_7_Gap,Large,500,60,IG,789,31234,480.15492837689817,0.9893947232281428,run-20260803-015727-dd24,2026-08-03T01:57:27Z
vrf/VFR500_60_7_Gap,Large,500,60,IG,2025,31167,484.2253855599556,0.7727625452664253,run-20260803-020531-3cec,2026-08-03T02:05:31Z
vrf/VFR500_60_8_Gap,Large,500,60,IG,42,31218,488.5612145268824,0.7422227959210017,run-20260803-021340-9f5c,2026-08-03T02:13:40Z
vrf/VFR500_60_8_Gap,Large,500,60,IG,123,31330,481.5029002309311,1.103653026978185,run-20260803-022141-a7d7,2026-08-03T02:21:41Z
vrf/VFR500_60_8_Gap,Large,500,60,IG,456,31223,469.52081690216437,0.7583580740931973,run-20260803-022931-88a0,2026-08-03T02:29:31Z
vrf/VFR500_60_8_Gap,Large,500,60,IG,789,31273,484.9354139228817,0.9197108558151542,run-20260803-023736-3297,2026-08-03T02:37:36Z
vrf/VFR500_60_8_Gap,Large,500,60,IG,2025,31278,484.081233198056,0.93584613398735,run-20260803-024540-8369,2026-08-03T02:45:40Z
vrf/VFR500_60_9_Gap,Large,500,60,IG,42,31139,496.4994595358148,0.519723674866034,run-20260803-025356-f759,2026-08-03T02:53:56Z
vrf/VFR500_60_9_Gap,Large,500,60,IG,123,31194,473.66788943693973,0.6972690296339338,run-20260803-030150-a13b,2026-08-03T03:01:50Z
vrf/VFR500_60_9_Gap,Large,500,60,IG,456,31180,487.83569611492567,0.6520756666021047,run-20260803-030958-4025,2026-08-03T03:09:58Z
vrf/VFR500_60_9_Gap,Large,500,60,IG,789,31162,476.88536236295477,0.5939699141326102,run-20260803-031755-a669,2026-08-03T03:17:55Z
vrf/VFR500_60_9_Gap,Large,500,60,IG,2025,31084,496.7155569831375,0.34217832009813415,run-20260803-032611-2589,2026-08-03T03:26:11Z
vrf/VFR600_20_10_Gap,Large,600,20,IG,42,31256,160.46382916392758,0.40475425634436235,run-20260803-032852-864f,2026-08-03T03:28:52Z
vrf/VFR600_20_10_Gap,Large,600,20,IG,123,31290,160.01914021605626,0.5139736588499839,run-20260803-033132-3fad,2026-08-03T03:31:32Z
vrf/VFR600_20_10_Gap,Large,600,20,IG,456,31297,156.44198305299506,0.5364600064246707,run-20260803-033408-fbb8,2026-08-03T03:34:08Z
vrf/VFR600_20_10_Gap,Large,600,20,IG,789,31298,162.38798065693118,0.5396723417924831,run-20260803-033651-78dd,2026-08-03T03:36:51Z
vrf/VFR600_20_10_Gap,Large,600,20,IG,2025,31276,160.7206910410896,0.46900096370061034,run-20260803-033931-e1f4,2026-08-03T03:39:31Z
vrf/VFR600_20_1_Gap,Large,600,20,IG,42,31482,159.607955947984,0.15588712499602328,run-20260803-034211-6fc2,2026-08-03T03:42:11Z
vrf/VFR600_20_1_Gap,Large,600,20,IG,123,31475,158.6880859970115,0.13361753571087712,run-20260803-034450-96eb,2026-08-03T03:44:50Z
vrf/VFR600_20_1_Gap,Large,600,20,IG,456,31518,153.9551971089095,0.2704164413196322,run-20260803-034724-7e8c,2026-08-03T03:47:24Z
vrf/VFR600_20_1_Gap,Large,600,20,IG,789,31511,160.14248768100515,0.24814685203448605,run-20260803-035004-8341,2026-08-03T03:50:04Z
vrf/VFR600_20_1_Gap,Large,600,20,IG,2025,31483,160.98653966304846,0.15906849489390132,run-20260803-035245-76d0,2026-08-03T03:52:45Z
vrf/VFR600_20_2_Gap,Large,600,20,IG,42,31502,160.8817551760003,0.2673626583487173,run-20260803-035526-cf88,2026-08-03T03:55:26Z
vrf/VFR600_20_2_Gap,Large,600,20,IG,123,31576,160.31963487784378,0.5028964287987777,run-20260803-035806-5841,2026-08-03T03:58:06Z
vrf/VFR600_20_2_Gap,Large,600,20,IG,456,31515,158.7482275129296,0.30874021261697115,run-20260803-040045-1486,2026-08-03T04:00:45Z
vrf/VFR600_20_2_Gap,Large,600,20,IG,789,31503,156.89463752903976,0.270545547138583,run-20260803-040322-20ab,2026-08-03T04:03:22Z
vrf/VFR600_20_2_Gap,Large,600,20,IG,2025,31516,158.2787990910001,0.3119231014068368,run-20260803-040600-d4c2,2026-08-03T04:06:00Z
vrf/VFR600_20_3_Gap,Large,600,20,IG,42,31553,161.6159855448641,0.3945400744535302,run-20260803-040842-3fe6,2026-08-03T04:08:42Z
vrf/VFR600_20_3_Gap,Large,600,20,IG,123,31582,160.10773291415535,0.48681154347895256,run-20260803-041122-ba1c,2026-08-03T04:11:22Z
vrf/VFR600_20_3_Gap,Large,600,20,IG,456,31603,157.86766994791105,0.5536288141525343,run-20260803-041400-f4f8,2026-08-03T04:14:00Z
vrf/VFR600_20_3_Gap,Large,600,20,IG,789,31575,163.25115782395005,0.464539119921092,run-20260803-041643-0428,2026-08-03T04:16:43Z
vrf/VFR600_20_3_Gap,Large,600,20,IG,2025,31558,161.21067810989916,0.4104489484234306,run-20260803-041924-f9cd,2026-08-03T04:19:24Z
vrf/VFR600_20_4_Gap,Large,600,20,IG,42,31605,153.69643599307165,0.1838526642786953,run-20260803-042158-2984,2026-08-03T04:21:58Z
vrf/VFR600_20_4_Gap,Large,600,20,IG,123,31647,147.8726508889813,0.316987352204647,run-20260803-042426-3644,2026-08-03T04:24:26Z
vrf/VFR600_20_4_Gap,Large,600,20,IG,456,31619,152.73561454215087,0.22823089358734586,run-20260803-042658-f46c,2026-08-03T04:26:58Z
vrf/VFR600_20_4_Gap,Large,600,20,IG,789,31605,155.46343253785744,0.1838526642786953,run-20260803-042934-482e,2026-08-03T04:29:34Z
vrf/VFR600_20_4_Gap,Large,600,20,IG,2025,31638,154.20373046887107,0.2884584905062288,run-20260803-043208-d30b,2026-08-03T04:32:08Z
vrf/VFR600_20_5_Gap,Large,600,20,IG,42,31578,150.15998318698257,0.41338081912999236,run-20260803-043438-eb39,2026-08-03T04:34:38Z
vrf/VFR600_20_5_Gap,Large,600,20,IG,123,31547,154.68506325781345,0.3148053930297634,run-20260803-043713-ecd3,2026-08-03T04:37:13Z
vrf/VFR600_20_5_Gap,Large,600,20,IG,456,31544,155.1566608180292,0.30526583566522514,run-20260803-043948-51d1,2026-08-03T04:39:48Z
vrf/VFR600_20_5_Gap,Large,600,20,IG,789,31537,157.34131153696217,0.28300686848130246,run-20260803-044225-244c,2026-08-03T04:42:25Z
vrf/VFR600_20_5_Gap,Large,600,20,IG,2025,31544,155.8478170200251,0.30526583566522514,run-20260803-044501-8573,2026-08-03T04:45:01Z
vrf/VFR600_20_6_Gap,Large,600,20,IG,42,31770,152.66647873609327,0.16710281552479742,run-20260803-044734-4bec,2026-08-03T04:47:34Z
vrf/VFR600_20_6_Gap,Large,600,20,IG,123,31802,151.81400530110113,0.2679950815020336,run-20260803-045006-54ca,2026-08-03T04:50:06Z
vrf/VFR600_20_6_Gap,Large,600,20,IG,456,31755,159.3150571200531,0.11980956584796797,run-20260803-045245-60f0,2026-08-03T04:52:45Z
vrf/VFR600_20_6_Gap,Large,600,20,IG,789,31802,155.16410072008148,0.2679950815020336,run-20260803-045520-9db0,2026-08-03T04:55:20Z
vrf/VFR600_20_6_Gap,Large,600,20,IG,2025,31784,150.6521244160831,0.21124318188983826,run-20260803-045751-6630,2026-08-03T04:57:51Z
vrf/VFR600_20_7_Gap,Large,600,20,IG,42,31585,143.32493646396324,0.18396929615884797,run-20260803-050014-e93a,2026-08-03T05:00:14Z
vrf/VFR600_20_7_Gap,Large,600,20,IG,123,31576,144.50692814192735,0.15542233641006123,run-20260803-050239-f44a,2026-08-03T05:02:39Z
vrf/VFR600_20_7_Gap,Large,600,20,IG,456,31561,143.9455420090817,0.10784407016208329,run-20260803-050503-84b8,2026-08-03T05:05:03Z
vrf/VFR600_20_7_Gap,Large,600,20,IG,789,31560,146.51195229100995,0.10467218574555143,run-20260803-050729-08de,2026-08-03T05:07:29Z
vrf/VFR600_20_7_Gap,Large,600,20,IG,2025,31583,145.32478694291785,0.17762552732578424,run-20260803-050955-4fde,2026-08-03T05:09:55Z
vrf/VFR600_20_8_Gap,Large,600,20,IG,42,31627,160.44998411810957,0.1995944747180332,run-20260803-051235-5de7,2026-08-03T05:12:35Z
vrf/VFR600_20_8_Gap,Large,600,20,IG,123,31613,162.87406947207637,0.15524014700291472,run-20260803-051518-29ce,2026-08-03T05:15:18Z
vrf/VFR600_20_8_Gap,Large,600,20,IG,456,31593,157.20822620997205,0.09187682169560259,run-20260803-051755-188a,2026-08-03T05:17:55Z
vrf/VFR600_20_8_Gap,Large,600,20,IG,789,31610,161.57867661397904,0.1457356482068179,run-20260803-052037-229b,2026-08-03T05:20:37Z
vrf/VFR600_20_8_Gap,Large,600,20,IG,2025,31594,154.5930174109526,0.09504498796096819,run-20260803-052311-63f9,2026-08-03T05:23:11Z
vrf/VFR600_20_9_Gap,Large,600,20,IG,42,31730,148.51181935612112,0.4845298793425595,run-20260803-052540-7267,2026-08-03T05:25:40Z
vrf/VFR600_20_9_Gap,Large,600,20,IG,123,31712,145.6826094610151,0.42752636412578776,run-20260803-052805-cd39,2026-08-03T05:28:05Z
vrf/VFR600_20_9_Gap,Large,600,20,IG,456,31730,143.01748989894986,0.4845298793425595,run-20260803-053029-b962,2026-08-03T05:30:29Z
vrf/VFR600_20_9_Gap,Large,600,20,IG,789,31733,143.63128888513893,0.49403046521202143,run-20260803-053252-869d,2026-08-03T05:32:52Z
vrf/VFR600_20_9_Gap,Large,600,20,IG,2025,31733,145.45524597610347,0.49403046521202143,run-20260803-053518-86f0,2026-08-03T05:35:18Z
vrf/VFR600_40_10_Gap,Large,600,40,IG,42,33946,437.4304781071842,0.9036323643065216,run-20260803-054235-7b6d,2026-08-03T05:42:35Z
vrf/VFR600_40_10_Gap,Large,600,40,IG,123,33909,445.65457576001063,0.7936507936507936,run-20260803-055001-3edd,2026-08-03T05:50:01Z
vrf/VFR600_40_10_Gap,Large,600,40,IG,456,33949,455.7948018088937,0.9125497889542833,run-20260803-055736-351b,2026-08-03T05:57:36Z
vrf/VFR600_40_10_Gap,Large,600,40,IG,789,33992,454.2128654900007,1.0403662089055348,run-20260803-060511-c5ad,2026-08-03T06:05:11Z
vrf/VFR600_40_10_Gap,Large,600,40,IG,2025,33951,454.53538308804855,0.9184947387194579,run-20260803-061245-13ae,2026-08-03T06:12:45Z
vrf/VFR600_40_1_Gap,Large,600,40,IG,42,34136,457.9493518518284,0.8776855108011467,run-20260803-062023-4188,2026-08-03T06:20:23Z
vrf/VFR600_40_1_Gap,Large,600,40,IG,123,34197,438.2632944281213,1.057950885073436,run-20260803-062741-d321,2026-08-03T06:27:41Z
vrf/VFR600_40_1_Gap,Large,600,40,IG,456,34213,437.1480029199738,1.1052336061940364,run-20260803-063459-bce2,2026-08-03T06:34:59Z
vrf/VFR600_40_1_Gap,Large,600,40,IG,789,34151,447.99947140109725,0.9220130618517096,run-20260803-064227-2937,2026-08-03T06:42:27Z
vrf/VFR600_40_1_Gap,Large,600,40,IG,2025,34158,433.94848657911643,0.9426992523419723,run-20260803-064941-c440,2026-08-03T06:49:41Z
vrf/VFR600_40_2_Gap,Large,600,40,IG,42,33811,462.135987047106,1.0278782083843787,run-20260803-065723-375d,2026-08-03T06:57:23Z
vrf/VFR600_40_2_Gap,Large,600,40,IG,123,33746,445.46197565598413,0.8336570352884931,run-20260803-070448-cee0,2026-08-03T07:04:48Z
vrf/VFR600_40_2_Gap,Large,600,40,IG,456,33798,442.5251694198232,0.9890339737652015,run-20260803-071211-db32,2026-08-03T07:12:11Z
vrf/VFR600_40_2_Gap,Large,600,40,IG,789,33819,445.37576929014176,1.0517823527654107,run-20260803-071936-c550,2026-08-03T07:19:36Z
vrf/VFR600_40_2_Gap,Large,600,40,IG,2025,33767,439.8549382518977,0.8964054142887024,run-20260803-072656-f7bc,2026-08-03T07:26:56Z
vrf/VFR600_40_3_Gap,Large,600,40,IG,42,34113,452.48981480300426,0.7293450658477529,run-20260803-073428-29e9,2026-08-03T07:34:28Z
vrf/VFR600_40_3_Gap,Large,600,40,IG,123,34012,450.56882277783006,0.4311108486387527,run-20260803-074159-6442,2026-08-03T07:41:59Z
vrf/VFR600_40_3_Gap,Large,600,40,IG,456,34111,438.7135056569241,0.7234394377842084,run-20260803-074918-5c26,2026-08-03T07:49:18Z
vrf/VFR600_40_3_Gap,Large,600,40,IG,789,34048,468.82232418912463,0.5374121537825548,run-20260803-075707-d758,2026-08-03T07:57:07Z
vrf/VFR600_40_3_Gap,Large,600,40,IG,2025,33997,460.70006266701967,0.38681863816216855,run-20260803-080447-8e14,2026-08-03T08:04:47Z
vrf/VFR600_40_4_Gap,Large,600,40,IG,42,34014,441.44100778200664,0.9527201495859674,run-20260803-081209-c769,2026-08-03T08:12:09Z
vrf/VFR600_40_4_Gap,Large,600,40,IG,123,33959,449.5270034740679,0.7894814946724839,run-20260803-081938-20bd,2026-08-03T08:19:38Z
vrf/VFR600_40_4_Gap,Large,600,40,IG,456,33962,443.59344200696796,0.7983854213041285,run-20260803-082702-e975,2026-08-03T08:27:02Z
vrf/VFR600_40_4_Gap,Large,600,40,IG,789,34005,446.7792625478469,0.9260083696910337,run-20260803-083429-1f11,2026-08-03T08:34:29Z
vrf/VFR600_40_4_Gap,Large,600,40,IG,2025,33951,450.99242634000257,0.7657376903214318,run-20260803-084200-25cb,2026-08-03T08:42:00Z
vrf/VFR600_40_5_Gap,Large,600,40,IG,42,33911,455.9789646291174,1.0669686764223765,run-20260803-084936-5acb,2026-08-03T08:49:36Z
vrf/VFR600_40_5_Gap,Large,600,40,IG,123,33814,454.43325773603283,0.7778738115816768,run-20260803-085710-7e21,2026-08-03T08:57:10Z
vrf/VFR600_40_5_Gap,Large,600,40,IG,456,33862,460.3250423129648,0.920931064286353,run-20260803-090450-7f47,2026-08-03T09:04:50Z
vrf/VFR600_40_5_Gap,Large,600,40,IG,789,33942,459.60219893301837,1.1593598187941465,run-20260803-091230-ec7c,2026-08-03T09:12:30Z
vrf/VFR600_40_5_Gap,Large,600,40,IG,2025,33836,445.94509449601173,0.84344171907132,run-20260803-091956-7347,2026-08-03T09:19:56Z
vrf/VFR600_40_6_Gap,Large,600,40,IG,42,34040,450.5585591739509,0.6832500221834423,run-20260803-092727-73f2,2026-08-03T09:27:27Z
vrf/VFR600_40_6_Gap,Large,600,40,IG,123,34016,450.6261319180485,0.612263006891656,run-20260803-093457-01b0,2026-08-03T09:34:57Z
vrf/VFR600_40_6_Gap,Large,600,40,IG,456,34019,453.5019815519918,0.6211363838031293,run-20260803-094231-2fb0,2026-08-03T09:42:31Z
vrf/VFR600_40_6_Gap,Large,600,40,IG,789,33909,452.9584911139682,0.2957792303824425,run-20260803-095004-5e6c,2026-08-03T09:50:04Z
vrf/VFR600_40_6_Gap,Large,600,40,IG,2025,34037,445.80912892194465,0.674376645271969,run-20260803-095729-0e61,2026-08-03T09:57:29Z
vrf/VFR600_40_7_Gap,Large,600,40,IG,42,33920,450.4732546128798,0.694650596687051,run-20260803-100500-d8b3,2026-08-03T10:05:00Z
vrf/VFR600_40_7_Gap,Large,600,40,IG,123,34118,441.75083280191757,1.2824318708068634,run-20260803-101222-bb60,2026-08-03T10:12:22Z
vrf/VFR600_40_7_Gap,Large,600,40,IG,456,34005,457.7431802949868,0.9469809416374755,run-20260803-101959-2caa,2026-08-03T10:19:59Z
vrf/VFR600_40_7_Gap,Large,600,40,IG,789,34050,439.7874619839713,1.0805675948465239,run-20260803-102719-9fc7,2026-08-03T10:27:19Z
vrf/VFR600_40_7_Gap,Large,600,40,IG,2025,33963,463.5914616070222,0.8223000653090304,run-20260803-103503-b4c6,2026-08-03T10:35:03Z
vrf/VFR600_40_8_Gap,Large,600,40,IG,42,33819,454.96454663202167,1.0065109611134342,run-20260803-104238-e4c5,2026-08-03T10:42:38Z
vrf/VFR600_40_8_Gap,Large,600,40,IG,123,33856,456.33513266500086,1.1170180992772236,run-20260803-105014-8c6c,2026-08-03T10:50:14Z
vrf/VFR600_40_8_Gap,Large,600,40,IG,456,33801,445.75557810394093,0.9527507317364554,run-20260803-105740-e33e,2026-08-03T10:57:40Z
vrf/VFR600_40_8_Gap,Large,600,40,IG,789,33868,454.7850396439899,1.1528582521952093,run-20260803-110515-0826,2026-08-03T11:05:15Z
vrf/VFR600_40_8_Gap,Large,600,40,IG,2025,33838,447.53320702095516,1.0632578699002448,run-20260803-111242-fa97,2026-08-03T11:12:42Z
vrf/VFR600_40_9_Gap,Large,600,40,IG,42,33936,446.8843775629066,0.709261952102561,run-20260803-112009-2b55,2026-08-03T11:20:09Z
vrf/VFR600_40_9_Gap,Large,600,40,IG,123,33941,453.35672570206225,0.7241000682553344,run-20260803-112742-af57,2026-08-03T11:27:42Z
vrf/VFR600_40_9_Gap,Large,600,40,IG,456,33867,453.5843935678713,0.5044959491942903,run-20260803-113516-bbae,2026-08-03T11:35:16Z
vrf/VFR600_40_9_Gap,Large,600,40,IG,789,33895,445.9140566098504,0.5875893996498205,run-20260803-114242-ac7d,2026-08-03T11:42:42Z
vrf/VFR600_40_9_Gap,Large,600,40,IG,2025,33946,445.5367371980101,0.7389381844081075,run-20260803-115008-a917,2026-08-03T11:50:08Z
vrf/VFR600_60_10_Gap,Large,600,60,IG,42,36507,665.6209459810052,0.9512485136741974,run-20260803-120113-2164,2026-08-03T12:01:13Z
vrf/VFR600_60_10_Gap,Large,600,60,IG,123,36478,679.5809242578689,0.8710560517656168,run-20260803-121233-82c5,2026-08-03T12:12:33Z
vrf/VFR600_60_10_Gap,Large,600,60,IG,456,36378,685.5566701078787,0.5945303210463734,run-20260803-122358-5349,2026-08-03T12:23:58Z
vrf/VFR600_60_10_Gap,Large,600,60,IG,789,36377,672.0775932541583,0.5917650637391809,run-20260803-123510-0254,2026-08-03T12:35:10Z
vrf/VFR600_60_10_Gap,Large,600,60,IG,2025,36348,675.8407897399738,0.5115726018306004,run-20260803-124626-f6ce,2026-08-03T12:46:26Z
vrf/VFR600_60_1_Gap,Large,600,60,IG,42,36594,656.0538850890007,1.093983092988563,run-20260803-125722-1356,2026-08-03T12:57:22Z
vrf/VFR600_60_1_Gap,Large,600,60,IG,123,36464,684.3693502249662,0.7348472291286812,run-20260803-130847-a62b,2026-08-03T13:08:47Z
vrf/VFR600_60_1_Gap,Large,600,60,IG,456,36502,681.0798461099621,0.8398254047184928,run-20260803-132008-6ec0,2026-08-03T13:20:08Z
vrf/VFR600_60_1_Gap,Large,600,60,IG,789,36427,696.2637952240184,0.6326316371070225,run-20260803-133144-9c9d,2026-08-03T13:31:44Z
vrf/VFR600_60_1_Gap,Large,600,60,IG,2025,36412,701.2565303698648,0.5911928835847284,run-20260803-134325-5039,2026-08-03T13:43:25Z
vrf/VFR600_60_2_Gap,Large,600,60,IG,42,36431,677.4628165340982,0.6826221534379836,run-20260803-135443-38f8,2026-08-03T13:54:43Z
vrf/VFR600_60_2_Gap,Large,600,60,IG,123,36350,689.7440670649521,0.4587663055494141,run-20260803-140612-51ea,2026-08-03T14:06:12Z
vrf/VFR600_60_2_Gap,Large,600,60,IG,456,36464,693.2140024411492,0.7738226840592527,run-20260803-141746-6328,2026-08-03T14:17:46Z
vrf/VFR600_60_2_Gap,Large,600,60,IG,789,36487,691.9396890620701,0.8373866902498341,run-20260803-142918-3a07,2026-08-03T14:29:18Z
vrf/VFR600_60_2_Gap,Large,600,60,IG,2025,36431,667.192399134161,0.6826221534379836,run-20260803-144025-c68c,2026-08-03T14:40:25Z
vrf/VFR600_60_3_Gap,Large,600,60,IG,42,36436,689.4241820340976,0.6491533383055716,run-20260803-145154-20a4,2026-08-03T14:51:54Z
vrf/VFR600_60_3_Gap,Large,600,60,IG,123,36553,671.3096378641203,0.9723488301428137,run-20260803-150306-cade,2026-08-03T15:03:06Z
vrf/VFR600_60_3_Gap,Large,600,60,IG,456,36494,671.0997606019955,0.809369906908649,run-20260803-151417-ed8b,2026-08-03T15:14:17Z
vrf/VFR600_60_3_Gap,Large,600,60,IG,789,36495,681.8621992690023,0.8121322615397365,run-20260803-152539-0e2d,2026-08-03T15:25:39Z
vrf/VFR600_60_3_Gap,Large,600,60,IG,2025,36499,663.6047156888526,0.8231816800640867,run-20260803-153642-98ea,2026-08-03T15:36:42Z
vrf/VFR600_60_4_Gap,Large,600,60,IG,42,36460,669.6247233569156,0.8966127961036086,run-20260803-154752-130c,2026-08-03T15:47:52Z
vrf/VFR600_60_4_Gap,Large,600,60,IG,123,36450,686.5936262609903,0.8689395616559663,run-20260803-155918-e91c,2026-08-03T15:59:18Z
vrf/VFR600_60_4_Gap,Large,600,60,IG,456,36356,690.125716872979,0.6088111578481293,run-20260803-161049-f1a7,2026-08-03T16:10:49Z
vrf/VFR600_60_4_Gap,Large,600,60,IG,789,36459,678.3573479549959,0.8938454726588444,run-20260803-162207-c1a2,2026-08-03T16:22:07Z
vrf/VFR600_60_4_Gap,Large,600,60,IG,2025,36519,658.8775990400463,1.0598848793446978,run-20260803-163306-e7b7,2026-08-03T16:33:06Z
vrf/VFR600_60_5_Gap,Large,600,60,IG,42,36415,672.8004966899753,0.7246978120764529,run-20260803-164419-5ae5,2026-08-03T16:44:19Z
vrf/VFR600_60_5_Gap,Large,600,60,IG,123,36369,674.9559284311254,0.5974607916355489,run-20260803-165534-8082,2026-08-03T16:55:34Z
vrf/VFR600_60_5_Gap,Large,600,60,IG,456,36441,675.8870407859795,0.7966143888473985,run-20260803-170649-e49c,2026-08-03T17:06:49Z
vrf/VFR600_60_5_Gap,Large,600,60,IG,789,36483,673.4752068209928,0.9127873205543109,run-20260803-171803-63e0,2026-08-03T17:18:03Z
vrf/VFR600_60_5_Gap,Large,600,60,IG,2025,36524,678.5520766288973,1.0261942300777251,run-20260803-172922-a576,2026-08-03T17:29:22Z
vrf/VFR600_60_6_Gap,Large,600,60,IG,42,36330,683.1581906890497,0.592535164470041,run-20260803-174045-8662,2026-08-03T17:40:45Z
vrf/VFR600_60_6_Gap,Large,600,60,IG,123,36420,672.6120430820156,0.8417321962565069,run-20260803-175157-3b03,2026-08-03T17:51:57Z
vrf/VFR600_60_6_Gap,Large,600,60,IG,456,36370,685.5018225570675,0.7032894008195814,run-20260803-180323-4888,2026-08-03T18:03:23Z
vrf/VFR600_60_6_Gap,Large,600,60,IG,789,36271,687.5016995058395,0.42917266585446895,run-20260803-181450-ac9a,2026-08-03T18:14:50Z
vrf/VFR600_60_6_Gap,Large,600,60,IG,2025,36355,654.7325206811074,0.6617565621885038,run-20260803-182545-036d,2026-08-03T18:25:45Z
vrf/VFR600_60_7_Gap,Large,600,60,IG,42,36443,686.4478619070724,0.7297050775311645,run-20260803-183712-5f23,2026-08-03T18:37:12Z
vrf/VFR600_60_7_Gap,Large,600,60,IG,123,36586,695.0429296160582,1.124961994527212,run-20260803-184847-b56a,2026-08-03T18:48:47Z
vrf/VFR600_60_7_Gap,Large,600,60,IG,456,36448,680.7345486429986,0.7435252494541033,run-20260803-190007-55a3,2026-08-03T19:00:07Z
vrf/VFR600_60_7_Gap,Large,600,60,IG,789,36565,665.757961853873,1.0669172724508693,run-20260803-191113-b8b3,2026-08-03T19:11:13Z
vrf/VFR600_60_7_Gap,Large,600,60,IG,2025,36524,667.9497046358883,0.9535918626827717,run-20260803-192221-5254,2026-08-03T19:22:21Z
vrf/VFR600_60_8_Gap,Large,600,60,IG,42,36467,689.0874312000815,0.7793284510156142,run-20260803-193350-841d,2026-08-03T19:33:50Z
vrf/VFR600_60_8_Gap,Large,600,60,IG,123,36392,680.9907735071611,0.57206024595827,run-20260803-194511-4c3b,2026-08-03T19:45:11Z
vrf/VFR600_60_8_Gap,Large,600,60,IG,456,36369,712.905529650161,0.5084979964073512,run-20260803-195704-e735,2026-08-03T19:57:04Z
vrf/VFR600_60_8_Gap,Large,600,60,IG,789,36397,703.2915149379987,0.5858781262954262,run-20260803-200847-3c33,2026-08-03T20:08:47Z
vrf/VFR600_60_8_Gap,Large,600,60,IG,2025,36538,690.5481672519818,0.9755423518032333,run-20260803-202018-3b5a,2026-08-03T20:20:18Z
vrf/VFR600_60_9_Gap,Large,600,60,IG,42,36507,675.5057795261964,0.8619975134687111,run-20260803-203133-2331,2026-08-03T20:31:33Z
vrf/VFR600_60_9_Gap,Large,600,60,IG,123,36464,699.958553701872,0.7431965741124464,run-20260803-204313-399a,2026-08-03T20:43:13Z
vrf/VFR600_60_9_Gap,Large,600,60,IG,456,36403,698.5091584848706,0.5746650089791407,run-20260803-205452-585f,2026-08-03T20:54:52Z
vrf/VFR600_60_9_Gap,Large,600,60,IG,789,36308,707.4077892920468,0.3121978173780909,run-20260803-210639-c9b6,2026-08-03T21:06:39Z
vrf/VFR600_60_9_Gap,Large,600,60,IG,2025,36527,683.7075567829888,0.91725376433209,run-20260803-211803-3c1c,2026-08-03T21:18:03Z
vrf/VFR700_20_10_Gap,Large,700,20,IG,42,36591,178.84568418283015,0.47779883021665703,run-20260803-212102-4c24,2026-08-03T21:21:02Z
vrf/VFR700_20_10_Gap,Large,700,20,IG,123,36591,178.38745054998435,0.47779883021665703,run-20260803-212400-24fe,2026-08-03T21:24:00Z
vrf/VFR700_20_10_Gap,Large,700,20,IG,456,36509,178.4327666410245,0.25262926655133594,run-20260803-212659-117c,2026-08-03T21:26:59Z
vrf/VFR700_20_10_Gap,Large,700,20,IG,789,36509,182.4054588638246,0.25262926655133594,run-20260803-213001-8786,2026-08-03T21:30:01Z
vrf/VFR700_20_10_Gap,Large,700,20,IG,2025,36509,178.16599642904475,0.25262926655133594,run-20260803-213259-9987,2026-08-03T21:32:59Z
vrf/VFR700_20_1_Gap,Large,700,20,IG,42,36519,197.54742814600468,0.34346320822113535,run-20260803-213617-a14f,2026-08-03T21:36:17Z
vrf/VFR700_20_1_Gap,Large,700,20,IG,123,36483,196.77531191590242,0.24454580425344838,run-20260803-213934-2040,2026-08-03T21:39:34Z
vrf/VFR700_20_1_Gap,Large,700,20,IG,456,36493,192.3739154089708,0.2720228609111392,run-20260803-214246-5842,2026-08-03T21:42:46Z
vrf/VFR700_20_1_Gap,Large,700,20,IG,789,36521,201.75712053198367,0.34895861955267354,run-20260803-214608-8010,2026-08-03T21:46:08Z
vrf/VFR700_20_1_Gap,Large,700,20,IG,2025,36508,190.62486874405295,0.31323844589767547,run-20260803-214918-8de9,2026-08-03T21:49:18Z
vrf/VFR700_20_2_Gap,Large,700,20,IG,42,36407,193.5616973610595,0.19264110961279138,run-20260803-215232-1410,2026-08-03T21:52:32Z
vrf/VFR700_20_2_Gap,Large,700,20,IG,123,36424,199.05779529106803,0.23942537909018355,run-20260803-215551-86b4,2026-08-03T21:55:51Z
vrf/VFR700_20_2_Gap,Large,700,20,IG,456,36438,193.4127988659311,0.27795360101274186,run-20260803-215904-e9fb,2026-08-03T21:59:04Z
vrf/VFR700_20_2_Gap,Large,700,20,IG,789,36438,192.786600579042,0.27795360101274186,run-20260803-220217-a077,2026-08-03T22:02:17Z
vrf/VFR700_20_2_Gap,Large,700,20,IG,2025,36461,193.5439397119917,0.34124996559980186,run-20260803-220531-00ba,2026-08-03T22:05:31Z
vrf/VFR700_20_3_Gap,Large,700,20,IG,42,36658,193.07459202292375,0.24611682345219865,run-20260803-220844-0993,2026-08-03T22:08:44Z
vrf/VFR700_20_3_Gap,Large,700,20,IG,123,36678,185.9373190549668,0.30080945088602057,run-20260803-221150-05d0,2026-08-03T22:11:50Z
vrf/VFR700_20_3_Gap,Large,700,20,IG,456,36689,192.5323229120113,0.3308903959746226,run-20260803-221502-86cb,2026-08-03T22:15:02Z
vrf/VFR700_20_3_Gap,Large,700,20,IG,789,36682,189.11544115189463,0.31174797637278495,run-20260803-221811-4f35,2026-08-03T22:18:11Z
vrf/VFR700_20_3_Gap,Large,700,20,IG,2025,36682,188.49878723896109,0.31174797637278495,run-20260803-222120-945d,2026-08-03T22:21:20Z
vrf/VFR700_20_4_Gap,Large,700,20,IG,42,36575,195.18650555005297,0.33743004499067264,run-20260803-222435-06d9,2026-08-03T22:24:35Z
vrf/VFR700_20_4_Gap,Large,700,20,IG,123,36539,190.86033224593848,0.2386700318226709,run-20260803-222746-53ed,2026-08-03T22:27:46Z
vrf/VFR700_20_4_Gap,Large,700,20,IG,456,36594,184.83954417007044,0.3895533852737847,run-20260803-223051-8692,2026-08-03T22:30:51Z
vrf/VFR700_20_4_Gap,Large,700,20,IG,789,36533,188.68668066710234,0.22221002962800396,run-20260803-223400-0d4c,2026-08-03T22:34:00Z
vrf/VFR700_20_4_Gap,Large,700,20,IG,2025,36568,194.2983397061471,0.31822670909689454,run-20260803-223714-c318,2026-08-03T22:37:14Z
vrf/VFR700_20_5_Gap,Large,700,20,IG,42,36694,197.71353947394527,0.30067789197463374,run-20260803-224032-3097,2026-08-03T22:40:32Z
vrf/VFR700_20_5_Gap,Large,700,20,IG,123,36696,206.581249558134,0.3061447627378089,run-20260803-224358-8bd8,2026-08-03T22:43:58Z
vrf/VFR700_20_5_Gap,Large,700,20,IG,456,36739,205.97730846400373,0.4236824841460748,run-20260803-224724-0215,2026-08-03T22:47:24Z
vrf/VFR700_20_5_Gap,Large,700,20,IG,789,36742,200.79488814109936,0.43188279029083754,run-20260803-225045-bae1,2026-08-03T22:50:45Z
vrf/VFR700_20_5_Gap,Large,700,20,IG,2025,36701,201.5697392730508,0.3198119396457468,run-20260803-225406-a378,2026-08-03T22:54:06Z
vrf/VFR700_20_6_Gap,Large,700,20,IG,42,36715,198.47594306594692,0.11998581985765319,run-20260803-225725-7514,2026-08-03T22:57:25Z
vrf/VFR700_20_6_Gap,Large,700,20,IG,123,36685,196.7311636779923,0.03817730631834419,run-20260803-230042-62f4,2026-08-03T23:00:42Z
vrf/VFR700_20_6_Gap,Large,700,20,IG,456,36736,193.27804866805673,0.17725177933516947,run-20260803-230355-d6df,2026-08-03T23:03:55Z
vrf/VFR700_20_6_Gap,Large,700,20,IG,789,36705,202.00090171699412,0.09271631534455019,run-20260803-230717-1a45,2026-08-03T23:07:17Z
vrf/VFR700_20_6_Gap,Large,700,20,IG,2025,36725,197.01224317098968,0.1472553243707562,run-20260803-231034-40d9,2026-08-03T23:10:34Z
vrf/VFR700_20_7_Gap,Large,700,20,IG,42,36729,199.20464574592188,0.286697247706422,run-20260803-231353-1a9a,2026-08-03T23:13:53Z
vrf/VFR700_20_7_Gap,Large,700,20,IG,123,36735,203.57978738402016,0.30307994757536044,run-20260803-231717-c270,2026-08-03T23:17:17Z
vrf/VFR700_20_7_Gap,Large,700,20,IG,456,36738,196.8315913619008,0.3112712975098296,run-20260803-232034-1831,2026-08-03T23:20:34Z
vrf/VFR700_20_7_Gap,Large,700,20,IG,789,36755,193.10579732293263,0.3576889471384884,run-20260803-232347-998d,2026-08-03T23:23:47Z
vrf/VFR700_20_7_Gap,Large,700,20,IG,2025,36743,193.29109722212888,0.32492354740061163,run-20260803-232700-0600,2026-08-03T23:27:00Z
vrf/VFR700_20_8_Gap,Large,700,20,IG,42,36629,195.2669802340679,0.2929740978040633,run-20260803-233015-d6a0,2026-08-03T23:30:15Z
vrf/VFR700_20_8_Gap,Large,700,20,IG,123,36610,205.28642553603277,0.24095065987623898,run-20260803-233341-b610,2026-08-03T23:33:41Z
vrf/VFR700_20_8_Gap,Large,700,20,IG,456,36633,197.12438768707216,0.3039264005257105,run-20260803-233658-b095,2026-08-03T23:36:58Z
vrf/VFR700_20_8_Gap,Large,700,20,IG,789,36626,202.488320290111,0.2847598707628279,run-20260803-234020-5bd1,2026-08-03T23:40:20Z
vrf/VFR700_20_8_Gap,Large,700,20,IG,2025,36606,201.18106859200634,0.22999835715459174,run-20260803-234341-0092,2026-08-03T23:43:41Z
vrf/VFR700_20_9_Gap,Large,700,20,IG,42,36388,193.32537408708595,0.16240469046767045,run-20260803-234655-6e2f,2026-08-03T23:46:55Z
vrf/VFR700_20_9_Gap,Large,700,20,IG,123,36479,192.69900307198986,0.41289328085000965,run-20260803-235007-3328,2026-08-03T23:50:07Z
vrf/VFR700_20_9_Gap,Large,700,20,IG,456,36467,193.14039674703963,0.3798618183820089,run-20260803-235321-c17e,2026-08-03T23:53:21Z
vrf/VFR700_20_9_Gap,Large,700,20,IG,789,36453,194.40980192599818,0.3413251121693413,run-20260803-235635-c97d,2026-08-03T23:56:35Z
vrf/VFR700_20_9_Gap,Large,700,20,IG,2025,36357,200.06671080784872,0.07707341242533514,run-20260803-235955-6400,2026-08-03T23:59:55Z
vrf/VFR700_40_10_Gap,Large,700,40,IG,42,39228,589.5959719750099,0.972972972972973,run-20260804-000945-d94c,2026-08-04T00:09:45Z
vrf/VFR700_40_10_Gap,Large,700,40,IG,123,39221,583.2733163491357,0.954954954954955,run-20260804-001928-141a,2026-08-04T00:19:28Z
vrf/VFR700_40_10_Gap,Large,700,40,IG,456,39186,577.8215616601519,0.8648648648648649,run-20260804-002906-cd41,2026-08-04T00:29:06Z
vrf/VFR700_40_10_Gap,Large,700,40,IG,789,39219,572.4577621161006,0.9498069498069498,run-20260804-003838-1548,2026-08-04T00:38:38Z
vrf/VFR700_40_10_Gap,Large,700,40,IG,2025,39199,572.1938814660534,0.8983268983268984,run-20260804-004810-d288,2026-08-04T00:48:10Z
vrf/VFR700_40_1_Gap,Large,700,40,IG,42,39233,583.024193846155,0.6903808643876399,run-20260804-005753-5608,2026-08-04T00:57:53Z
vrf/VFR700_40_1_Gap,Large,700,40,IG,123,39170,586.2729709970299,0.5286931526537316,run-20260804-010740-243d,2026-08-04T01:07:40Z
vrf/VFR700_40_1_Gap,Large,700,40,IG,456,39199,567.6269827531651,0.6031208294836259,run-20260804-011707-88c2,2026-08-04T01:17:07Z
vrf/VFR700_40_1_Gap,Large,700,40,IG,789,39175,587.8286580059212,0.5415255107278514,run-20260804-012655-f722,2026-08-04T01:26:55Z
vrf/VFR700_40_1_Gap,Large,700,40,IG,2025,39224,588.6362323709764,0.6672826198542244,run-20260804-013644-5d64,2026-08-04T01:36:44Z
vrf/VFR700_40_2_Gap,Large,700,40,IG,42,39116,572.1017475351691,0.8794326241134752,run-20260804-014616-a7e8,2026-08-04T01:46:16Z
vrf/VFR700_40_2_Gap,Large,700,40,IG,123,39029,584.007774640806,0.6550612508059317,run-20260804-015600-6870,2026-08-04T01:56:00Z
vrf/VFR700_40_2_Gap,Large,700,40,IG,456,39071,587.7396700768732,0.7633784655061251,run-20260804-020548-f3ad,2026-08-04T02:05:48Z
vrf/VFR700_40_2_Gap,Large,700,40,IG,789,39022,583.171256339876,0.6370083816892328,run-20260804-021531-c5ee,2026-08-04T02:15:31Z
vrf/VFR700_40_2_Gap,Large,700,40,IG,2025,39048,595.2826702299062,0.7040618955512572,run-20260804-022526-1bbf,2026-08-04T02:25:26Z
vrf/VFR700_40_3_Gap,Large,700,40,IG,42,38858,580.0268686821219,0.6136557831231714,run-20260804-023506-a2fd,2026-08-04T02:35:06Z
vrf/VFR700_40_3_Gap,Large,700,40,IG,123,38910,586.560539244907,0.748297558323192,run-20260804-024453-e58d,2026-08-04T02:44:53Z
vrf/VFR700_40_3_Gap,Large,700,40,IG,456,38840,588.0429750140756,0.5670490147847026,run-20260804-025441-c3f9,2026-08-04T02:54:41Z
vrf/VFR700_40_3_Gap,Large,700,40,IG,789,38885,563.5038741440512,0.6835659356308744,run-20260804-030404-9891,2026-08-04T03:04:04Z
vrf/VFR700_40_3_Gap,Large,700,40,IG,2025,38938,584.8643986009993,0.8207969757385878,run-20260804-031349-44bd,2026-08-04T03:13:49Z
vrf/VFR700_40_4_Gap,Large,700,40,IG,42,39140,577.0889788961504,0.9153023075931417,run-20260804-032326-7b8a,2026-08-04T03:23:26Z
vrf/VFR700_40_4_Gap,Large,700,40,IG,123,39185,577.0716121750884,1.0313265437669201,run-20260804-033303-ebbe,2026-08-04T03:33:03Z
vrf/VFR700_40_4_Gap,Large,700,40,IG,456,39115,605.3081916267984,0.8508443986077092,run-20260804-034309-8808,2026-08-04T03:43:09Z
vrf/VFR700_40_4_Gap,Large,700,40,IG,789,39006,598.8664329368621,0.5698079154312234,run-20260804-035308-e6a3,2026-08-04T03:53:08Z
vrf/VFR700_40_4_Gap,Large,700,40,IG,2025,39147,587.375639772974,0.9333505221090628,run-20260804-040255-38e4,2026-08-04T04:02:55Z
vrf/VFR700_40_5_Gap,Large,700,40,IG,42,38882,578.9984477071557,0.5456285071500607,run-20260804-041234-b855,2026-08-04T04:12:34Z
vrf/VFR700_40_5_Gap,Large,700,40,IG,123,39015,590.2288851030171,0.8895554808512839,run-20260804-042224-2a0c,2026-08-04T04:22:24Z
vrf/VFR700_40_5_Gap,Large,700,40,IG,456,38901,573.0886772628874,0.5947609319645212,run-20260804-043157-5beb,2026-08-04T04:31:57Z
vrf/VFR700_40_5_Gap,Large,700,40,IG,789,38885,575.1992119031493,0.5533862584365545,run-20260804-044132-a8ee,2026-08-04T04:41:32Z
vrf/VFR700_40_5_Gap,Large,700,40,IG,2025,38919,581.0818612098228,0.6413074396834837,run-20260804-045114-d5c6,2026-08-04T04:51:14Z
vrf/VFR700_40_6_Gap,Large,700,40,IG,42,38941,578.4854042031802,0.596745027124774,run-20260804-050052-a7ad,2026-08-04T05:00:52Z
vrf/VFR700_40_6_Gap,Large,700,40,IG,123,38977,585.9444796608295,0.6897442521312322,run-20260804-051038-63e6,2026-08-04T05:10:38Z
vrf/VFR700_40_6_Gap,Large,700,40,IG,456,38976,582.6918927619699,0.6871609403254972,run-20260804-052021-d6a8,2026-08-04T05:20:21Z
vrf/VFR700_40_6_Gap,Large,700,40,IG,789,38824,591.1145798959769,0.29449754585378457,run-20260804-053012-11e2,2026-08-04T05:30:12Z
vrf/VFR700_40_6_Gap,Large,700,40,IG,2025,38978,579.6351325060241,0.6923275639369671,run-20260804-053951-d51b,2026-08-04T05:39:51Z
vrf/VFR700_40_7_Gap,Large,700,40,IG,42,38749,571.9247975810431,0.4250356356096929,run-20260804-054923-3659,2026-08-04T05:49:23Z
vrf/VFR700_40_7_Gap,Large,700,40,IG,123,38793,585.3441038948949,0.5390695866269276,run-20260804-055909-50b7,2026-08-04T05:59:09Z
vrf/VFR700_40_7_Gap,Large,700,40,IG,456,38775,603.264136687154,0.4924193339380588,run-20260804-060912-570a,2026-08-04T06:09:12Z
vrf/VFR700_40_7_Gap,Large,700,40,IG,789,38862,590.4624128339346,0.7178955552675911,run-20260804-061902-1e65,2026-08-04T06:19:02Z
vrf/VFR700_40_7_Gap,Large,700,40,IG,2025,38759,592.4985160990618,0.4509524426590644,run-20260804-062855-4ec5,2026-08-04T06:28:55Z
vrf/VFR700_40_8_Gap,Large,700,40,IG,42,39252,585.0164939209353,0.49412427353490873,run-20260804-063840-8aac,2026-08-04T06:38:40Z
vrf/VFR700_40_8_Gap,Large,700,40,IG,123,39220,591.8085967821535,0.41219693284518294,run-20260804-064832-ea00,2026-08-04T06:48:32Z
vrf/VFR700_40_8_Gap,Large,700,40,IG,456,39278,573.4052836529445,0.5606902378453109,run-20260804-065805-bc8d,2026-08-04T06:58:05Z
vrf/VFR700_40_8_Gap,Large,700,40,IG,789,39243,574.4471048568375,0.47108220896592334,run-20260804-070740-6f6b,2026-08-04T07:07:40Z
vrf/VFR700_40_8_Gap,Large,700,40,IG,2025,39350,590.171195582021,0.745026754397194,run-20260804-071730-4bb0,2026-08-04T07:17:30Z
vrf/VFR700_40_9_Gap,Large,700,40,IG,42,39081,583.3439394400921,0.6878961199567166,run-20260804-072713-fa3a,2026-08-04T07:27:13Z
vrf/VFR700_40_9_Gap,Large,700,40,IG,123,39148,585.809798713075,0.860514247436492,run-20260804-073659-17a5,2026-08-04T07:36:59Z
vrf/VFR700_40_9_Gap,Large,700,40,IG,456,39185,579.6995713070501,0.9558406760447261,run-20260804-074639-5bf7,2026-08-04T07:46:39Z
vrf/VFR700_40_9_Gap,Large,700,40,IG,789,39131,567.2285394349601,0.8167156180759519,run-20260804-075606-da3b,2026-08-04T07:56:06Z
vrf/VFR700_40_9_Gap,Large,700,40,IG,2025,39198,574.6681946180761,0.9893337455557273,run-20260804-080541-67ef,2026-08-04T08:05:41Z
vrf/VFR700_60_10_Gap,Large,700,60,IG,42,41729,860.1576849098783,0.8507141648742055,run-20260804-082001-4c8a,2026-08-04T08:20:01Z
vrf/VFR700_60_10_Gap,Large,700,60,IG,123,41698,824.6785108249169,0.7757933151267612,run-20260804-083345-988e,2026-08-04T08:33:45Z
vrf/VFR700_60_10_Gap,Large,700,60,IG,456,41607,866.3921725437976,0.5558643690939411,run-20260804-084812-e6e6,2026-08-04T08:48:12Z
vrf/VFR700_60_10_Gap,Large,700,60,IG,789,41561,938.2541010489222,0.44469149527515284,run-20260804-090350-5ceb,2026-08-04T09:03:50Z
vrf/VFR700_60_10_Gap,Large,700,60,IG,2025,41662,896.4144958839752,0.6887884573555357,run-20260804-091847-3f85,2026-08-04T09:18:47Z
vrf/VFR700_60_1_Gap,Large,700,60,IG,42,41739,883.6819461120758,0.7312481899797277,run-20260804-093330-6ad1,2026-08-04T09:33:30Z
vrf/VFR700_60_1_Gap,Large,700,60,IG,123,41705,918.2322725639679,0.6491939376387682,run-20260804-094849-132d,2026-08-04T09:48:49Z
vrf/VFR700_60_1_Gap,Large,700,60,IG,456,41786,897.9009774199221,0.8446761270392895,run-20260804-100346-d7ee,2026-08-04T10:03:46Z
vrf/VFR700_60_1_Gap,Large,700,60,IG,789,41732,867.2287125249859,0.7143546674389419,run-20260804-101814-2560,2026-08-04T10:18:14Z
vrf/VFR700_60_1_Gap,Large,700,60,IG,2025,41676,896.3763462919742,0.5792064871126557,run-20260804-103310-06b7,2026-08-04T10:33:10Z
vrf/VFR700_60_2_Gap,Large,700,60,IG,42,41453,911.2033872811589,0.18851963746223566,run-20260804-104821-6acc,2026-08-04T10:48:21Z
vrf/VFR700_60_2_Gap,Large,700,60,IG,123,41540,883.7718892709818,0.3987915407854985,run-20260804-110305-f429,2026-08-04T11:03:05Z
vrf/VFR700_60_2_Gap,Large,700,60,IG,456,41505,929.0896840430796,0.31419939577039274,run-20260804-111834-f5c2,2026-08-04T11:18:34Z
vrf/VFR700_60_2_Gap,Large,700,60,IG,789,41558,880.8269186178222,0.4422960725075529,run-20260804-113315-9da5,2026-08-04T11:33:15Z
vrf/VFR700_60_2_Gap,Large,700,60,IG,2025,41532,886.719015619019,0.3794561933534743,run-20260804-114802-9777,2026-08-04T11:48:02Z
vrf/VFR700_60_3_Gap,Large,700,60,IG,42,41700,841.477381158853,0.926979209526345,run-20260804-120203-fb1b,2026-08-04T12:02:03Z
vrf/VFR700_60_3_Gap,Large,700,60,IG,123,41726,886.3568407970015,0.9899073020790473,run-20260804-121650-05cd,2026-08-04T12:16:50Z
vrf/VFR700_60_3_Gap,Large,700,60,IG,456,41688,873.9211609999184,0.8979354745020209,run-20260804-123123-f727,2026-08-04T12:31:23Z
vrf/VFR700_60_3_Gap,Large,700,60,IG,789,41727,880.4362708670087,0.9923276133310743,run-20260804-124604-a10a,2026-08-04T12:46:04Z
vrf/VFR700_60_3_Gap,Large,700,60,IG,2025,41692,891.5047009210102,0.907616719510129,run-20260804-130055-52af,2026-08-04T13:00:55Z
vrf/VFR700_60_4_Gap,Large,700,60,IG,42,41613,854.3541888860054,0.5120649259679718,run-20260804-131510-ff74,2026-08-04T13:15:10Z
vrf/VFR700_60_4_Gap,Large,700,60,IG,123,41600,909.1374642830342,0.4806647182435207,run-20260804-133019-2603,2026-08-04T13:30:19Z
vrf/VFR700_60_4_Gap,Large,700,60,IG,456,41640,871.8624331902247,0.5772807420110625,run-20260804-134451-1267,2026-08-04T13:44:51Z
vrf/VFR700_60_4_Gap,Large,700,60,IG,789,41650,922.7412718620617,0.601434747952948,run-20260804-140014-070f,2026-08-04T14:00:14Z
vrf/VFR700_60_4_Gap,Large,700,60,IG,2025,41635,910.4604020160623,0.5652037390401198,run-20260804-141524-1950,2026-08-04T14:15:24Z
vrf/VFR700_60_5_Gap,Large,700,60,IG,42,41629,943.2314825311769,0.8894382240317968,run-20260804-143107-8a93,2026-08-04T14:31:07Z
vrf/VFR700_60_5_Gap,Large,700,60,IG,123,41650,873.4886011919007,0.940332509330619,run-20260804-144541-77c7,2026-08-04T14:45:41Z
vrf/VFR700_60_5_Gap,Large,700,60,IG,456,41577,903.117426212877,0.7634142794823324,run-20260804-150044-2caa,2026-08-04T15:00:44Z
vrf/VFR700_60_5_Gap,Large,700,60,IG,789,41581,898.6666739981156,0.7731084290630604,run-20260804-151543-0b86,2026-08-04T15:15:43Z
vrf/VFR700_60_5_Gap,Large,700,60,IG,2025,41556,867.7754671508446,0.7125199941835102,run-20260804-153010-d4d9,2026-08-04T15:30:10Z
vrf/VFR700_60_6_Gap,Large,700,60,IG,42,41679,900.7801826130599,0.8200290275761973,run-20260804-154511-b619,2026-08-04T15:45:11Z
vrf/VFR700_60_6_Gap,Large,700,60,IG,123,41633,900.8094422051217,0.7087566521528785,run-20260804-160012-d9af,2026-08-04T16:00:12Z
vrf/VFR700_60_6_Gap,Large,700,60,IG,456,41687,888.6358809999656,0.8393807450411224,run-20260804-161501-2839,2026-08-04T16:15:01Z
vrf/VFR700_60_6_Gap,Large,700,60,IG,789,41685,874.3520146990195,0.8345428156748912,run-20260804-162935-7d4b,2026-08-04T16:29:35Z
vrf/VFR700_60_6_Gap,Large,700,60,IG,2025,41684,888.0694325910881,0.8321238509917755,run-20260804-164423-10cd,2026-08-04T16:44:23Z
vrf/VFR700_60_7_Gap,Large,700,60,IG,42,41078,901.474970420124,0.49417751247675895,run-20260804-165924-eb34,2026-08-04T16:59:24Z
vrf/VFR700_60_7_Gap,Large,700,60,IG,123,41189,918.5105877718888,0.7657305020060672,run-20260804-171443-37d0,2026-08-04T17:14:43Z
vrf/VFR700_60_7_Gap,Large,700,60,IG,456,41185,893.1121384599246,0.7559448086896957,run-20260804-172936-cd29,2026-08-04T17:29:36Z
vrf/VFR700_60_7_Gap,Large,700,60,IG,789,41160,868.9599937719759,0.6947842254623741,run-20260804-174405-a035,2026-08-04T17:44:05Z
vrf/VFR700_60_7_Gap,Large,700,60,IG,2025,41048,892.6480693309568,0.420784812603973,run-20260804-175858-9693,2026-08-04T17:58:58Z
vrf/VFR700_60_8_Gap,Large,700,60,IG,42,41673,881.5321838390082,0.47981868158364277,run-20260804-181339-b93c,2026-08-04T18:13:39Z
vrf/VFR700_60_8_Gap,Large,700,60,IG,123,41750,884.0704074071255,0.6654771664175146,run-20260804-182823-d72f,2026-08-04T18:28:23Z
vrf/VFR700_60_8_Gap,Large,700,60,IG,456,41743,893.0593422180973,0.648599122341708,run-20260804-184316-b6f9,2026-08-04T18:43:16Z
vrf/VFR700_60_8_Gap,Large,700,60,IG,789,41830,877.8005865260493,0.8583690987124464,run-20260804-185754-06f9,2026-08-04T18:57:54Z
vrf/VFR700_60_8_Gap,Large,700,60,IG,2025,41728,938.3502858269494,0.6124318850364083,run-20260804-191333-7c64,2026-08-04T19:13:33Z
vrf/VFR700_60_9_Gap,Large,700,60,IG,42,41445,911.2335640210658,0.3729626310818338,run-20260804-192844-189e,2026-08-04T19:28:44Z
vrf/VFR700_60_9_Gap,Large,700,60,IG,123,41476,918.7390643230174,0.4480395243515536,run-20260804-194403-8b73,2026-08-04T19:44:03Z
vrf/VFR700_60_9_Gap,Large,700,60,IG,456,41548,919.3310211671051,0.6224116635586447,run-20260804-195922-abf5,2026-08-04T19:59:22Z
vrf/VFR700_60_9_Gap,Large,700,60,IG,789,41456,921.4570342309307,0.3996028190162505,run-20260804-201443-be34,2026-08-04T20:14:43Z
vrf/VFR700_60_9_Gap,Large,700,60,IG,2025,41456,891.5718515028711,0.3996028190162505,run-20260804-202935-46cb,2026-08-04T20:29:35Z
vrf/VFR800_20_10_Gap,Large,800,20,IG,42,41601,245.13810019101948,0.06494443642661278,run-20260804-203340-5cae,2026-08-04T20:33:40Z
vrf/VFR800_20_10_Gap,Large,800,20,IG,123,41628,326.1719618011266,0.12988887285322556,run-20260804-203906-02eb,2026-08-04T20:39:06Z
vrf/VFR800_20_10_Gap,Large,800,20,IG,456,41637,333.16853325394914,0.15153701832876318,run-20260804-204439-0687,2026-08-04T20:44:39Z
vrf/VFR800_20_10_Gap,Large,800,20,IG,789,41646,332.715051490115,0.17318516380430077,run-20260804-205012-a33c,2026-08-04T20:50:12Z
vrf/VFR800_20_10_Gap,Large,800,20,IG,2025,41642,332.65615271613933,0.16356376581517296,run-20260804-205545-b001,2026-08-04T20:55:45Z
vrf/VFR800_20_1_Gap,Large,800,20,IG,42,41602,324.4654187769629,0.10587612493382742,run-20260804-210109-f7a5,2026-08-04T21:01:09Z
vrf/VFR800_20_1_Gap,Large,800,20,IG,123,41616,323.9168107151054,0.13956398286731797,run-20260804-210633-8094,2026-08-04T21:06:33Z
vrf/VFR800_20_1_Gap,Large,800,20,IG,456,41619,317.9084157750476,0.14678280956735165,run-20260804-211151-4221,2026-08-04T21:11:51Z
vrf/VFR800_20_1_Gap,Large,800,20,IG,789,41608,333.5206452899147,0.1203137783338948,run-20260804-211725-bef5,2026-08-04T21:17:25Z
vrf/VFR800_20_1_Gap,Large,800,20,IG,2025,41607,321.68404310406186,0.1179075027672169,run-20260804-212246-c106,2026-08-04T21:22:46Z
vrf/VFR800_20_2_Gap,Large,800,20,IG,42,41507,328.0156285769772,0.24150505953099718,run-20260804-212814-d753,2026-08-04T21:28:14Z
vrf/VFR800_20_2_Gap,Large,800,20,IG,123,41505,334.916565541178,0.23667495834037722,run-20260804-213349-cf60,2026-08-04T21:33:49Z
vrf/VFR800_20_2_Gap,Large,800,20,IG,456,41503,331.6115141019691,0.23184485714975728,run-20260804-213921-e8d7,2026-08-04T21:39:21Z
vrf/VFR800_20_2_Gap,Large,800,20,IG,789,41495,330.1254036871251,0.21252445238727752,run-20260804-214451-2e8e,2026-08-04T21:44:51Z
vrf/VFR800_20_2_Gap,Large,800,20,IG,2025,41536,329.6914870471228,0.31154152679498637,run-20260804-215021-774a,2026-08-04T21:50:21Z
vrf/VFR800_20_3_Gap,Large,800,20,IG,42,41531,350.3254559659399,0.25588412794206394,run-20260804-215611-c775,2026-08-04T21:56:11Z
vrf/VFR800_20_3_Gap,Large,800,20,IG,123,41539,352.18332061287947,0.2751961375980688,run-20260804-220203-e420,2026-08-04T22:02:03Z
vrf/VFR800_20_3_Gap,Large,800,20,IG,456,41528,342.2434393251315,0.24864212432106217,run-20260804-220746-cefc,2026-08-04T22:07:46Z
vrf/VFR800_20_3_Gap,Large,800,20,IG,789,41538,340.5390796288848,0.2727821363910682,run-20260804-221326-68a5,2026-08-04T22:13:26Z
vrf/VFR800_20_3_Gap,Large,800,20,IG,2025,41522,343.4903695031535,0.23415811707905854,run-20260804-221910-b3be,2026-08-04T22:19:10Z
vrf/VFR800_20_4_Gap,Large,800,20,IG,42,41557,323.43445217912085,0.31622652440496307,run-20260804-222433-d97b,2026-08-04T22:24:33Z
vrf/VFR800_20_4_Gap,Large,800,20,IG,123,41532,341.04346762388013,0.2558779510452373,run-20260804-223014-4d7b,2026-08-04T22:30:14Z
vrf/VFR800_20_4_Gap,Large,800,20,IG,456,41505,334.471356775146,0.19070149181673346,run-20260804-223549-57ad,2026-08-04T22:35:49Z
vrf/VFR800_20_4_Gap,Large,800,20,IG,789,41563,329.88411968690343,0.33071018201129726,run-20260804-224118-fb6f,2026-08-04T22:41:18Z
vrf/VFR800_20_4_Gap,Large,800,20,IG,2025,41537,333.2613351359032,0.2679476657171824,run-20260804-224652-22b7,2026-08-04T22:46:52Z
vrf/VFR800_20_5_Gap,Large,800,20,IG,42,41815,330.44219119800255,0.25173819228002875,run-20260804-225222-1387,2026-08-04T22:52:22Z
vrf/VFR800_20_5_Gap,Large,800,20,IG,123,41830,327.37469740281813,0.28770079117717573,run-20260804-225749-bc9a,2026-08-04T22:57:49Z
vrf/VFR800_20_5_Gap,Large,800,20,IG,456,41831,330.2549634478055,0.29009829777031887,run-20260804-230320-18c5,2026-08-04T23:03:20Z
vrf/VFR800_20_5_Gap,Large,800,20,IG,789,41860,328.212923231069,0.3596259889714697,run-20260804-230848-c8cf,2026-08-04T23:08:48Z
vrf/VFR800_20_5_Gap,Large,800,20,IG,2025,41863,323.3064664420672,0.36681850875089905,run-20260804-231411-ca47,2026-08-04T23:14:11Z
vrf/VFR800_20_6_Gap,Large,800,20,IG,42,42212,314.72761830710806,0.48083789573910973,run-20260804-231926-cfbd,2026-08-04T23:19:26Z
vrf/VFR800_20_6_Gap,Large,800,20,IG,123,42227,311.8765792509075,0.5165436800761724,run-20260804-232438-a5a6,2026-08-04T23:24:38Z
vrf/VFR800_20_6_Gap,Large,800,20,IG,456,42218,308.75819229194894,0.49512020947393476,run-20260804-232947-ba28,2026-08-04T23:29:47Z
vrf/VFR800_20_6_Gap,Large,800,20,IG,789,42222,314.04329169611447,0.5046417519638181,run-20260804-233501-63f7,2026-08-04T23:35:01Z
vrf/VFR800_20_6_Gap,Large,800,20,IG,2025,42212,306.9596895480063,0.48083789573910973,run-20260804-234008-f425,2026-08-04T23:40:08Z
vrf/VFR800_20_7_Gap,Large,800,20,IG,42,41459,320.68728927499615,0.08207604103802052,run-20260804-234528-1a9f,2026-08-04T23:45:28Z
vrf/VFR800_20_7_Gap,Large,800,20,IG,123,41459,319.5625630870927,0.08207604103802052,run-20260804-235048-290b,2026-08-04T23:50:48Z
vrf/VFR800_20_7_Gap,Large,800,20,IG,456,41583,304.3603995300364,0.38141219070609533,run-20260804-235552-9d5c,2026-08-04T23:55:52Z
vrf/VFR800_20_7_Gap,Large,800,20,IG,789,41560,311.35408240905963,0.3258901629450815,run-20260805-000104-fbfa,2026-08-05T00:01:04Z
vrf/VFR800_20_7_Gap,Large,800,20,IG,2025,41560,307.52007109182887,0.3258901629450815,run-20260805-000611-e679,2026-08-05T00:06:11Z
vrf/VFR800_20_8_Gap,Large,800,20,IG,42,41537,330.0806576979812,0.10845464185867155,run-20260805-001141-cf09,2026-08-05T00:11:41Z
vrf/VFR800_20_8_Gap,Large,800,20,IG,123,41581,326.29171555908397,0.21449918056492817,run-20260805-001708-984d,2026-08-05T00:17:08Z
vrf/VFR800_20_8_Gap,Large,800,20,IG,456,41564,328.7856835681014,0.1735274269738745,run-20260805-002236-da07,2026-08-05T00:22:36Z
vrf/VFR800_20_8_Gap,Large,800,20,IG,789,41584,316.5515470348764,0.22172949002217296,run-20260805-002753-9dde,2026-08-05T00:27:53Z
vrf/VFR800_20_8_Gap,Large,800,20,IG,2025,41530,329.6095883990638,0.09158391979176708,run-20260805-003323-44a3,2026-08-05T00:33:23Z
vrf/VFR800_20_9_Gap,Large,800,20,IG,42,41874,310.6571407262236,0.18662072925638817,run-20260805-003833-072f,2026-08-05T00:38:33Z
vrf/VFR800_20_9_Gap,Large,800,20,IG,123,41867,326.8362419339828,0.16987271509235333,run-20260805-004400-7050,2026-08-05T00:44:00Z
vrf/VFR800_20_9_Gap,Large,800,20,IG,456,41871,322.8354763549287,0.17944300890037324,run-20260805-004923-2b2f,2026-08-05T00:49:23Z
vrf/VFR800_20_9_Gap,Large,800,20,IG,789,41874,317.27992174308747,0.18662072925638817,run-20260805-005440-1e82,2026-08-05T00:54:40Z
vrf/VFR800_20_9_Gap,Large,800,20,IG,2025,41894,311.28214234416373,0.2344721982964877,run-20260805-005951-8c64,2026-08-05T00:59:51Z
vrf/VFR800_40_10_Gap,Large,800,40,IG,42,44033,754.434550575912,0.3921479218440072,run-20260805-011226-940e,2026-08-05T01:12:26Z
vrf/VFR800_40_10_Gap,Large,800,40,IG,123,44162,745.0801327410154,0.6862588632270126,run-20260805-012451-8c69,2026-08-05T01:24:51Z
vrf/VFR800_40_10_Gap,Large,800,40,IG,456,44142,735.9089670919348,0.640660267663756,run-20260805-013707-b1df,2026-08-05T01:37:07Z
vrf/VFR800_40_10_Gap,Large,800,40,IG,789,44039,754.6998350410722,0.4058275005129842,run-20260805-014942-5ca5,2026-08-05T01:49:42Z
vrf/VFR800_40_10_Gap,Large,800,40,IG,2025,44083,723.9711090340279,0.5061444107521489,run-20260805-020146-0bc4,2026-08-05T02:01:46Z
vrf/VFR800_40_1_Gap,Large,800,40,IG,42,43931,720.6051485659555,0.5953607657255386,run-20260805-021346-c4dd,2026-08-05T02:13:46Z
vrf/VFR800_40_1_Gap,Large,800,40,IG,123,43880,725.2234738308471,0.47857846167937534,run-20260805-022551-d708,2026-08-05T02:25:51Z
vrf/VFR800_40_1_Gap,Large,800,40,IG,456,43822,764.117938362062,0.34576721394060134,run-20260805-023836-8cb0,2026-08-05T02:38:36Z
vrf/VFR800_40_1_Gap,Large,800,40,IG,789,43821,733.0366661560256,0.3434773648416569,run-20260805-025049-0451,2026-08-05T02:50:49Z
vrf/VFR800_40_1_Gap,Large,800,40,IG,2025,43948,759.1462468029931,0.6342882004075932,run-20260805-030328-024d,2026-08-05T03:03:28Z
vrf/VFR800_40_2_Gap,Large,800,40,IG,42,44016,751.3823588050436,0.6171992867919353,run-20260805-031559-8711,2026-08-05T03:15:59Z
vrf/VFR800_40_2_Gap,Large,800,40,IG,123,44021,739.5486812849995,0.6286289032140081,run-20260805-032819-2fa0,2026-08-05T03:28:19Z
vrf/VFR800_40_2_Gap,Large,800,40,IG,456,44033,728.947519710986,0.6560599826269831,run-20260805-034028-5114,2026-08-05T03:40:28Z
vrf/VFR800_40_2_Gap,Large,800,40,IG,789,44055,743.1710026559886,0.7063502948841037,run-20260805-035251-9d22,2026-08-05T03:52:51Z
vrf/VFR800_40_2_Gap,Large,800,40,IG,2025,43948,738.1995252820197,0.4617565034517442,run-20260805-040509-d8ba,2026-08-05T04:05:09Z
vrf/VFR800_40_3_Gap,Large,800,40,IG,42,44000,742.2239448081236,0.5737273994834168,run-20260805-041731-556e,2026-08-05T04:17:31Z
vrf/VFR800_40_3_Gap,Large,800,40,IG,123,44079,730.9846173110418,0.7543029554961256,run-20260805-042942-4e98,2026-08-05T04:29:42Z
vrf/VFR800_40_3_Gap,Large,800,40,IG,456,44079,759.172459149966,0.7543029554961256,run-20260805-044221-cd1e,2026-08-05T04:42:21Z
vrf/VFR800_40_3_Gap,Large,800,40,IG,789,44021,754.2620419759769,0.621728496651352,run-20260805-045456-833e,2026-08-05T04:54:56Z
vrf/VFR800_40_3_Gap,Large,800,40,IG,2025,43993,729.0502177819144,0.5577270337607717,run-20260805-050705-6d38,2026-08-05T05:07:05Z
vrf/VFR800_40_4_Gap,Large,800,40,IG,42,44023,741.4301690361463,0.29845985601020686,run-20260805-051926-c5bb,2026-08-05T05:19:26Z
vrf/VFR800_40_4_Gap,Large,800,40,IG,123,44055,744.1614774269983,0.37136608037911234,run-20260805-053150-bda0,2026-08-05T05:31:50Z
vrf/VFR800_40_4_Gap,Large,800,40,IG,456,44108,736.7318455139175,0.4921170144901121,run-20260805-054407-4ee0,2026-08-05T05:44:07Z
vrf/VFR800_40_4_Gap,Large,800,40,IG,789,44048,750.4791942778975,0.3554178437984143,run-20260805-055638-f705,2026-08-05T05:56:38Z
vrf/VFR800_40_4_Gap,Large,800,40,IG,2025,44015,766.8886541819666,0.2802332999179805,run-20260805-060924-45aa,2026-08-05T06:09:24Z
vrf/VFR800_40_5_Gap,Large,800,40,IG,42,44163,721.8990093120374,0.5876323881106935,run-20260805-062126-1bb8,2026-08-05T06:21:26Z
vrf/VFR800_40_5_Gap,Large,800,40,IG,123,44133,733.0667238389142,0.5193030406559618,run-20260805-063339-ed5f,2026-08-05T06:33:39Z
vrf/VFR800_40_5_Gap,Large,800,40,IG,456,44133,723.9552094801329,0.5193030406559618,run-20260805-064543-1d0f,2026-08-05T06:45:43Z
vrf/VFR800_40_5_Gap,Large,800,40,IG,789,44080,723.6536991831381,0.3985878601526022,run-20260805-065747-b386,2026-08-05T06:57:47Z
vrf/VFR800_40_5_Gap,Large,800,40,IG,2025,44112,727.9560071369633,0.47147249743764946,run-20260805-070955-fbba,2026-08-05T07:09:55Z
vrf/VFR800_40_6_Gap,Large,800,40,IG,42,44077,718.552609185921,0.6071534546118554,run-20260805-072154-20b4,2026-08-05T07:21:54Z
vrf/VFR800_40_6_Gap,Large,800,40,IG,123,44158,741.6234661980998,0.7920385291365182,run-20260805-073415-ca7d,2026-08-05T07:34:15Z
vrf/VFR800_40_6_Gap,Large,800,40,IG,456,44035,731.9686114420183,0.5112871196731414,run-20260805-074627-af71,2026-08-05T07:46:27Z
vrf/VFR800_40_6_Gap,Large,800,40,IG,789,44035,734.7994061550125,0.5112871196731414,run-20260805-075842-a671,2026-08-05T07:58:42Z
vrf/VFR800_40_6_Gap,Large,800,40,IG,2025,44084,722.5024523369502,0.6231311771016411,run-20260805-081044-7b88,2026-08-05T08:10:44Z
vrf/VFR800_40_7_Gap,Large,800,40,IG,42,43914,732.463153911056,0.3381620435954851,run-20260805-082257-41a5,2026-08-05T08:22:57Z
vrf/VFR800_40_7_Gap,Large,800,40,IG,123,43945,726.6111652411055,0.4089932824567015,run-20260805-083504-0260,2026-08-05T08:35:04Z
vrf/VFR800_40_7_Gap,Large,800,40,IG,456,43998,748.4641734601464,0.5300918521226523,run-20260805-084732-3206,2026-08-05T08:47:32Z
vrf/VFR800_40_7_Gap,Large,800,40,IG,789,43949,730.5462104359176,0.4181327971484714,run-20260805-085943-62b3,2026-08-05T08:59:43Z
vrf/VFR800_40_7_Gap,Large,800,40,IG,2025,44009,725.4618718330748,0.5552255175250195,run-20260805-091148-9843,2026-08-05T09:11:48Z
vrf/VFR800_40_8_Gap,Large,800,40,IG,42,44049,757.0409987540916,0.4790255252172723,run-20260805-092425-be39,2026-08-05T09:24:25Z
vrf/VFR800_40_8_Gap,Large,800,40,IG,123,44040,729.7103001228534,0.45849585985081776,run-20260805-093635-66f3,2026-08-05T09:36:35Z
vrf/VFR800_40_8_Gap,Large,800,40,IG,456,44005,722.7807980328798,0.3786582723146057,run-20260805-094838-39d3,2026-08-05T09:48:38Z
vrf/VFR800_40_8_Gap,Large,800,40,IG,789,43998,729.6799005831126,0.3626907548073633,run-20260805-100047-9fe0,2026-08-05T10:00:47Z
vrf/VFR800_40_8_Gap,Large,800,40,IG,2025,44012,736.3160168009344,0.39462578982184815,run-20260805-101304-dbc3,2026-08-05T10:13:04Z
vrf/VFR800_40_9_Gap,Large,800,40,IG,42,44038,734.6959864699747,0.3623601267120946,run-20260805-102518-4eb1,2026-08-05T10:25:18Z
vrf/VFR800_40_9_Gap,Large,800,40,IG,123,44018,718.4853238060605,0.3167802365596299,run-20260805-103717-abbb,2026-08-05T10:37:17Z
vrf/VFR800_40_9_Gap,Large,800,40,IG,456,44062,747.8467922939453,0.4170559948950523,run-20260805-104945-5f48,2026-08-05T10:49:45Z
vrf/VFR800_40_9_Gap,Large,800,40,IG,789,44073,745.7723157429136,0.4421249344789079,run-20260805-110210-f6ad,2026-08-05T11:02:10Z
vrf/VFR800_40_9_Gap,Large,800,40,IG,2025,44105,742.014669887023,0.5150527587228515,run-20260805-111432-5cef,2026-08-05T11:14:32Z
vrf/VFR800_60_10_Gap,Large,800,60,IG,42,46624,1115.7128920599353,0.8217282242020586,run-20260805-113308-3536,2026-08-05T11:33:08Z
vrf/VFR800_60_10_Gap,Large,800,60,IG,123,46700,1070.4994810158387,0.9860738690424704,run-20260805-115059-3a03,2026-08-05T11:50:59Z
vrf/VFR800_60_10_Gap,Large,800,60,IG,456,46770,1137.1959751849063,1.1374448577112706,run-20260805-120956-f56f,2026-08-05T12:09:56Z
vrf/VFR800_60_10_Gap,Large,800,60,IG,789,46754,1142.209079246968,1.1028457745869735,run-20260805-122858-ff0d,2026-08-05T12:28:58Z
vrf/VFR800_60_10_Gap,Large,800,60,IG,2025,46748,1154.0103144280147,1.089871118415362,run-20260805-124812-ca23,2026-08-05T12:48:12Z
vrf/VFR800_60_1_Gap,Large,800,60,IG,42,46734,1119.2578793889843,0.5681084570690769,run-20260805-130651-b0b5,2026-08-05T13:06:51Z
vrf/VFR800_60_1_Gap,Large,800,60,IG,123,46704,1166.496377856005,0.5035506778566817,run-20260805-132618-e7d3,2026-08-05T13:26:18Z
vrf/VFR800_60_1_Gap,Large,800,60,IG,456,46846,1135.033708754927,0.8091241661286852,run-20260805-134513-3597,2026-08-05T13:45:13Z
vrf/VFR800_60_1_Gap,Large,800,60,IG,789,46668,1154.0849361070432,0.4260813428018076,run-20260805-140427-50f9,2026-08-05T14:04:27Z
vrf/VFR800_60_1_Gap,Large,800,60,IG,2025,46746,1139.1878681888338,0.5939315687540349,run-20260805-142326-941c,2026-08-05T14:23:26Z
vrf/VFR800_60_2_Gap,Large,800,60,IG,42,46819,1131.3077940379735,0.7011808229195793,run-20260805-144218-87de,2026-08-05T14:42:18Z
vrf/VFR800_60_2_Gap,Large,800,60,IG,123,46839,1146.2008573370986,0.7441980513195535,run-20260805-150124-1446,2026-08-05T15:01:24Z
vrf/VFR800_60_2_Gap,Large,800,60,IG,456,46687,1121.7384572839364,0.41726711547974965,run-20260805-152006-1872,2026-08-05T15:20:06Z
vrf/VFR800_60_2_Gap,Large,800,60,IG,789,46696,1157.553022718057,0.436624868259738,run-20260805-153923-2550,2026-08-05T15:39:23Z
vrf/VFR800_60_2_Gap,Large,800,60,IG,2025,46710,1117.984361740062,0.46673692813971995,run-20260805-155801-cf11,2026-08-05T15:58:01Z
vrf/VFR800_60_3_Gap,Large,800,60,IG,42,46720,1116.0863014571369,0.71353122507491,run-20260805-161637-fd63,2026-08-05T16:16:37Z
vrf/VFR800_60_3_Gap,Large,800,60,IG,123,46759,1094.6645798070822,0.7976028799931019,run-20260805-163452-36d2,2026-08-05T16:34:52Z
vrf/VFR800_60_3_Gap,Large,800,60,IG,456,46766,1136.259360092925,0.8126926642091875,run-20260805-165348-4e88,2026-08-05T16:53:48Z
vrf/VFR800_60_3_Gap,Large,800,60,IG,789,46812,1110.956398878945,0.9118541033434651,run-20260805-171219-6701,2026-08-05T17:12:19Z
vrf/VFR800_60_3_Gap,Large,800,60,IG,2025,46697,1157.982804263942,0.6639505055077712,run-20260805-173137-b369,2026-08-05T17:31:37Z
vrf/VFR800_60_4_Gap,Large,800,60,IG,42,46657,1154.3964611599222,0.43050562886109733,run-20260805-175051-7e5b,2026-08-05T17:50:51Z
vrf/VFR800_60_4_Gap,Large,800,60,IG,123,46620,1131.3716094279662,0.3508620875217944,run-20260805-180943-ba4a,2026-08-05T18:09:43Z
vrf/VFR800_60_4_Gap,Large,800,60,IG,456,46659,1120.6374618900008,0.43481068514970833,run-20260805-182824-dded,2026-08-05T18:28:24Z
vrf/VFR800_60_4_Gap,Large,800,60,IG,789,46777,1112.9579778849147,0.6888090061777558,run-20260805-184656-df49,2026-08-05T18:46:56Z
vrf/VFR800_60_4_Gap,Large,800,60,IG,2025,46675,1129.1761397309601,0.46925113545859615,run-20260805-190546-c505,2026-08-05T19:05:46Z
vrf/VFR800_60_5_Gap,Large,800,60,IG,42,46659,1155.5606834620703,0.5560224995150966,run-20260805-192501-7541,2026-08-05T19:25:01Z
vrf/VFR800_60_5_Gap,Large,800,60,IG,123,46693,1183.755002879072,0.6292967823969311,run-20260805-194445-61ac,2026-08-05T19:44:45Z
vrf/VFR800_60_5_Gap,Large,800,60,IG,456,46686,1138.3834074439947,0.6142109006271417,run-20260805-200343-0138,2026-08-05T20:03:43Z
vrf/VFR800_60_5_Gap,Large,800,60,IG,789,46746,1122.9370826438535,0.7435184586539083,run-20260805-202226-a2d4,2026-08-05T20:22:26Z
vrf/VFR800_60_5_Gap,Large,800,60,IG,2025,46664,1129.4507556010503,0.5667981293506605,run-20260805-204116-7336,2026-08-05T20:41:16Z
vrf/VFR800_60_6_Gap,Large,800,60,IG,42,46954,1121.3032268560492,1.148187242842679,run-20260805-205957-4881,2026-08-05T20:59:57Z
vrf/VFR800_60_6_Gap,Large,800,60,IG,123,46939,1131.6158377549145,1.1158742810365998,run-20260805-211849-fb94,2026-08-05T21:18:49Z
vrf/VFR800_60_6_Gap,Large,800,60,IG,456,46918,1122.5448839929886,1.070636134508089,run-20260805-213731-ce30,2026-08-05T21:37:31Z
vrf/VFR800_60_6_Gap,Large,800,60,IG,789,46895,1148.7156338521745,1.021089593072101,run-20260805-215640-6dc5,2026-08-05T21:56:40Z
vrf/VFR800_60_6_Gap,Large,800,60,IG,2025,46833,1152.0855896070134,0.8875293509403072,run-20260805-221552-28d0,2026-08-05T22:15:52Z
vrf/VFR800_60_7_Gap,Large,800,60,IG,42,46642,1134.4498642331455,0.697338025432328,run-20260805-223447-928b,2026-08-05T22:34:47Z
vrf/VFR800_60_7_Gap,Large,800,60,IG,123,46713,1128.7305455601308,0.8506228545521276,run-20260805-225335-b50f,2026-08-05T22:53:35Z
vrf/VFR800_60_7_Gap,Large,800,60,IG,456,46729,1141.0920071830042,0.8851659146354628,run-20260805-231236-98e7,2026-08-05T23:12:36Z
vrf/VFR800_60_7_Gap,Large,800,60,IG,789,46762,1119.3092303860467,0.9564109760573415,run-20260805-233116-70aa,2026-08-05T23:31:16Z
vrf/VFR800_60_7_Gap,Large,800,60,IG,2025,46754,1106.8489990078378,0.9391394460156739,run-20260805-234943-6628,2026-08-05T23:49:43Z
vrf/VFR800_60_8_Gap,Large,800,60,IG,42,46787,1142.292766427854,0.6734948573395877,run-20260806-000845-7d1e,2026-08-06T00:08:45Z
vrf/VFR800_60_8_Gap,Large,800,60,IG,123,46713,1170.6493810510729,0.514266041227353,run-20260806-002816-bf61,2026-08-06T00:28:16Z
vrf/VFR800_60_8_Gap,Large,800,60,IG,456,46706,1151.8670562820043,0.49920385591943883,run-20260806-004727-12dd,2026-08-06T00:47:27Z
vrf/VFR800_60_8_Gap,Large,800,60,IG,789,46747,1125.299178918125,0.58742522700865,run-20260806-010613-5aa1,2026-08-06T01:06:13Z
vrf/VFR800_60_8_Gap,Large,800,60,IG,2025,46778,1166.1047622191254,0.6541291905151267,run-20260806-012539-6486,2026-08-06T01:25:39Z
vrf/VFR800_60_9_Gap,Large,800,60,IG,42,46893,1163.348157522967,0.7628174824874296,run-20260806-014502-63a6,2026-08-06T01:45:02Z
vrf/VFR800_60_9_Gap,Large,800,60,IG,123,46804,1140.3075843220577,0.5715759164553698,run-20260806-020402-cf11,2026-08-06T02:04:02Z
vrf/VFR800_60_9_Gap,Large,800,60,IG,456,46915,1140.0796544181649,0.8100906785852422,run-20260806-022303-9906,2026-08-06T02:23:03Z
vrf/VFR800_60_9_Gap,Large,800,60,IG,789,46908,1119.8460229989141,0.7950492070995745,run-20260806-024142-91a7,2026-08-06T02:41:42Z
vrf/VFR800_60_9_Gap,Large,800,60,IG,2025,46881,1092.0653715331573,0.7370321027977137,run-20260806-025955-dd65,2026-08-06T02:59:55Z
