instance_id,instance_set,n,m,algorithm,seed,makespan,runtime_s,rpd,manifest_id,timestamp
taillard/tai100_10_0,,100,10,IG-idle-greedy,42,5800,3.4041743610287085,0.5199306759098787,run-20260725-111347-dfad,2026-07-25T11:13:47Z
taillard/tai100_10_0,,100,10,IG-idle-greedy,123,5814,3.316133605025243,0.7625649913344887,run-20260725-111350-c05e,2026-07-25T11:13:50Z
taillard/tai100_10_0,,100,10,IG-idle-greedy,456,5801,3.366830197046511,0.537261698440208,run-20260725-111353-8e8f,2026-07-25T11:13:53Z
taillard/tai100_10_0,,100,10,IG-idle-greedy,789,5803,3.3024589300039224,0.5719237435008665,run-20260725-111357-a68f,2026-07-25T11:13:57Z
taillard/tai100_10_0,,100,10,IG-idle-greedy,2025,5815,3.290609309973661,0.779896013864818,run-20260725-111400-4f88,2026-07-25T11:14:00Z
taillard/tai100_10_1,,100,10,IG-idle-greedy,42,5424,3.279465029016137,1.4021312394840157,run-20260725-111403-12dc,2026-07-25T11:14:03Z
taillard/tai100_10_1,,100,10,IG-idle-greedy,123,5372,3.4247616439824924,0.4299869134417648,run-20260725-111407-7031,2026-07-25T11:14:07Z
taillard/tai100_10_1,,100,10,IG-idle-greedy,456,5396,3.3579833040130325,0.8786689100766498,run-20260725-111410-4c69,2026-07-25T11:14:10Z
taillard/tai100_10_1,,100,10,IG-idle-greedy,789,5371,3.4906224330188707,0.41129183024864463,run-20260725-111413-3b40,2026-07-25T11:14:13Z
taillard/tai100_10_1,,100,10,IG-idle-greedy,2025,5399,3.321833218971733,0.9347541596560105,run-20260725-111417-526b,2026-07-25T11:14:17Z
taillard/tai100_10_2,,100,10,IG-idle-greedy,42,5745,6.392841410997789,1.1978157477540954,run-20260725-111423-5cd3,2026-07-25T11:14:23Z
taillard/tai100_10_2,,100,10,IG-idle-greedy,123,5745,6.450279270007741,1.1978157477540954,run-20260725-111430-27eb,2026-07-25T11:14:30Z
taillard/tai100_10_2,,100,10,IG-idle-greedy,456,5745,3.308235297037754,1.1978157477540954,run-20260725-111433-7c95,2026-07-25T11:14:33Z
taillard/tai100_10_2,,100,10,IG-idle-greedy,789,5691,3.6324683179846033,0.2466091245376079,run-20260725-111437-3bdc,2026-07-25T11:14:37Z
taillard/tai100_10_2,,100,10,IG-idle-greedy,2025,5716,3.3478621109970845,0.6869825612119077,run-20260725-111440-1b51,2026-07-25T11:14:40Z
taillard/tai100_10_3,,100,10,IG-idle-greedy,42,5842,3.394193051964976,0.880676912450354,run-20260725-111443-e4f5,2026-07-25T11:14:43Z
taillard/tai100_10_3,,100,10,IG-idle-greedy,123,5843,3.33534468797734,0.8979450872042825,run-20260725-111447-15b9,2026-07-25T11:14:47Z
taillard/tai100_10_3,,100,10,IG-idle-greedy,456,5824,3.3933923179865815,0.5698497668796408,run-20260725-111450-1503,2026-07-25T11:14:50Z
taillard/tai100_10_3,,100,10,IG-idle-greedy,789,5862,3.3271118410048075,1.2260404075289242,run-20260725-111453-c4ca,2026-07-25T11:14:53Z
taillard/tai100_10_3,,100,10,IG-idle-greedy,2025,5882,3.336446194036398,1.5714039026074944,run-20260725-111457-8b26,2026-07-25T11:14:57Z
taillard/tai100_10_4,,100,10,IG-idle-greedy,42,5560,3.3413661629892886,1.6825164594001463,run-20260725-111500-0cc8,2026-07-25T11:15:00Z
taillard/tai100_10_4,,100,10,IG-idle-greedy,123,5537,3.383316793013364,1.2618873445501098,run-20260725-111503-4cb4,2026-07-25T11:15:03Z
taillard/tai100_10_4,,100,10,IG-idle-greedy,456,5549,3.282578103011474,1.48134601316752,run-20260725-111507-3626,2026-07-25T11:15:07Z
taillard/tai100_10_4,,100,10,IG-idle-greedy,789,5539,3.291919800976757,1.2984637893196782,run-20260725-111510-3725,2026-07-25T11:15:10Z
taillard/tai100_10_4,,100,10,IG-idle-greedy,2025,5537,3.3015828109928407,1.2618873445501098,run-20260725-111513-3ef9,2026-07-25T11:15:13Z
taillard/tai100_10_5,,100,10,IG-idle-greedy,42,5328,3.286199209978804,0.47143126532151614,run-20260725-111517-b643,2026-07-25T11:15:17Z
taillard/tai100_10_5,,100,10,IG-idle-greedy,123,5353,3.2696600779891014,0.9428625306430323,run-20260725-111520-a74c,2026-07-25T11:15:20Z
taillard/tai100_10_5,,100,10,IG-idle-greedy,456,5326,3.5903998719877563,0.43371676409579485,run-20260725-111524-e85f,2026-07-25T11:15:24Z
taillard/tai100_10_5,,100,10,IG-idle-greedy,789,5317,3.286757939029485,0.264001508580049,run-20260725-111527-f504,2026-07-25T11:15:27Z
taillard/tai100_10_5,,100,10,IG-idle-greedy,2025,5320,3.384604897990357,0.320573260418631,run-20260725-111530-58fe,2026-07-25T11:15:30Z
taillard/tai100_10_6,,100,10,IG-idle-greedy,42,5684,3.2944751380127855,1.5181282371852116,run-20260725-111533-c641,2026-07-25T11:15:33Z
taillard/tai100_10_6,,100,10,IG-idle-greedy,123,5684,3.2936967700370587,1.5181282371852116,run-20260725-111537-1f0d,2026-07-25T11:15:37Z
taillard/tai100_10_6,,100,10,IG-idle-greedy,456,5684,3.3085619790363126,1.5181282371852116,run-20260725-111540-805b,2026-07-25T11:15:40Z
taillard/tai100_10_6,,100,10,IG-idle-greedy,789,5684,3.3217087630182505,1.5181282371852116,run-20260725-111543-5002,2026-07-25T11:15:43Z
taillard/tai100_10_6,,100,10,IG-idle-greedy,2025,5684,3.287466410023626,1.5181282371852116,run-20260725-111547-29d5,2026-07-25T11:15:47Z
taillard/tai100_10_7,,100,10,IG-idle-greedy,42,5695,3.306887586019002,1.2804552729859506,run-20260725-111550-05cd,2026-07-25T11:15:50Z
taillard/tai100_10_7,,100,10,IG-idle-greedy,123,5691,3.4968436150229536,1.2093188689311756,run-20260725-111554-e116,2026-07-25T11:15:54Z
taillard/tai100_10_7,,100,10,IG-idle-greedy,456,5654,4.866924417030532,0.5513071314245065,run-20260725-111558-7780,2026-07-25T11:15:58Z
taillard/tai100_10_7,,100,10,IG-idle-greedy,789,5694,3.322468411992304,1.2626711719722568,run-20260725-111602-5dab,2026-07-25T11:16:02Z
taillard/tai100_10_7,,100,10,IG-idle-greedy,2025,5691,3.3135808010119945,1.2093188689311756,run-20260725-111605-f862,2026-07-25T11:16:05Z
taillard/tai100_10_8,,100,10,IG-idle-greedy,42,5900,6.441426974022761,0.425531914893617,run-20260725-111611-e0b8,2026-07-25T11:16:11Z
taillard/tai100_10_8,,100,10,IG-idle-greedy,123,5979,6.349818855000194,1.7702127659574467,run-20260725-111618-8e1f,2026-07-25T11:16:18Z
taillard/tai100_10_8,,100,10,IG-idle-greedy,456,5940,3.3360577289713547,1.1063829787234043,run-20260725-111621-3e43,2026-07-25T11:16:21Z
taillard/tai100_10_8,,100,10,IG-idle-greedy,789,5979,6.3752303189830855,1.7702127659574467,run-20260725-111628-1673,2026-07-25T11:16:28Z
taillard/tai100_10_8,,100,10,IG-idle-greedy,2025,5936,3.3034113239846192,1.0382978723404255,run-20260725-111631-0841,2026-07-25T11:16:31Z
taillard/tai100_10_9,,100,10,IG-idle-greedy,42,5903,3.269287039001938,0.9923011120615911,run-20260725-111634-7516,2026-07-25T11:16:34Z
taillard/tai100_10_9,,100,10,IG-idle-greedy,123,5903,3.268210256996099,0.9923011120615911,run-20260725-111637-ae18,2026-07-25T11:16:37Z
taillard/tai100_10_9,,100,10,IG-idle-greedy,456,5903,3.273048789007589,0.9923011120615911,run-20260725-111641-f081,2026-07-25T11:16:41Z
taillard/tai100_10_9,,100,10,IG-idle-greedy,789,5881,3.269247146032285,0.6159110350727117,run-20260725-111644-78a9,2026-07-25T11:16:44Z
taillard/tai100_10_9,,100,10,IG-idle-greedy,2025,5903,3.2881522420211695,0.9923011120615911,run-20260725-111647-7358,2026-07-25T11:16:47Z
taillard/tai100_20_0,,100,20,IG-idle-greedy,42,6383,6.609148401010316,1.5431116767419664,run-20260725-111654-6b53,2026-07-25T11:16:54Z
taillard/tai100_20_0,,100,20,IG-idle-greedy,123,6466,6.19840401498368,2.8635062042634427,run-20260725-111700-a8b5,2026-07-25T11:17:00Z
taillard/tai100_20_0,,100,20,IG-idle-greedy,456,6411,6.415900385007262,1.9885459751829462,run-20260725-111706-c829,2026-07-25T11:17:06Z
taillard/tai100_20_0,,100,20,IG-idle-greedy,789,6415,6.275328612013254,2.0521794463888003,run-20260725-111713-e3f8,2026-07-25T11:17:13Z
taillard/tai100_20_0,,100,20,IG-idle-greedy,2025,6480,6.123405823018402,3.0862233534839327,run-20260725-111719-b5a6,2026-07-25T11:17:19Z
taillard/tai100_20_1,,100,20,IG-idle-greedy,42,6469,6.145806325017475,3.6532606954013778,run-20260725-111725-90fa,2026-07-25T11:17:25Z
taillard/tai100_20_1,,100,20,IG-idle-greedy,123,6338,6.686898212006781,1.55423810286813,run-20260725-111732-bbaf,2026-07-25T11:17:32Z
taillard/tai100_20_1,,100,20,IG-idle-greedy,456,6484,6.148406449996401,3.8936067937830474,run-20260725-111738-0d9a,2026-07-25T11:17:38Z
taillard/tai100_20_1,,100,20,IG-idle-greedy,789,6458,6.150481765973382,3.477006889921487,run-20260725-111744-9712,2026-07-25T11:17:44Z
taillard/tai100_20_1,,100,20,IG-idle-greedy,2025,6499,6.14033050899161,4.133952892164717,run-20260725-111750-6dbd,2026-07-25T11:17:50Z
taillard/tai100_20_2,,100,20,IG-idle-greedy,42,6544,6.142926261003595,3.397061147100648,run-20260725-111756-5a60,2026-07-25T11:17:56Z
taillard/tai100_20_2,,100,20,IG-idle-greedy,123,6523,6.151345071033575,3.0652551745931427,run-20260725-111802-7860,2026-07-25T11:18:02Z
taillard/tai100_20_2,,100,20,IG-idle-greedy,456,6521,6.17047587299021,3.033654605782904,run-20260725-111809-4e6c,2026-07-25T11:18:09Z
taillard/tai100_20_2,,100,20,IG-idle-greedy,789,6572,6.1341791190207005,3.839469110443988,run-20260725-111815-4cbe,2026-07-25T11:18:15Z
taillard/tai100_20_2,,100,20,IG-idle-greedy,2025,6499,6.201734174974263,2.6860483488702798,run-20260725-111821-0883,2026-07-25T11:18:21Z
taillard/tai100_20_3,,100,20,IG-idle-greedy,42,6500,6.201812084007543,3.0764351411354265,run-20260725-111827-62a8,2026-07-25T11:18:27Z
taillard/tai100_20_3,,100,20,IG-idle-greedy,123,6500,7.904161326994654,3.0764351411354265,run-20260725-111835-79e0,2026-07-25T11:18:35Z
taillard/tai100_20_3,,100,20,IG-idle-greedy,456,6523,11.878705838986207,3.4411671424040597,run-20260725-111847-d8b8,2026-07-25T11:18:47Z
taillard/tai100_20_3,,100,20,IG-idle-greedy,789,6514,6.1625272239907645,3.298445924516334,run-20260725-111853-a25b,2026-07-25T11:18:53Z
taillard/tai100_20_3,,100,20,IG-idle-greedy,2025,6475,6.182125693012495,2.679987313669521,run-20260725-111859-7c53,2026-07-25T11:18:59Z
taillard/tai100_20_4,,100,20,IG-idle-greedy,42,6518,6.200803988031112,2.211071036537557,run-20260725-111905-ab47,2026-07-25T11:19:05Z
taillard/tai100_20_4,,100,20,IG-idle-greedy,123,6575,6.20266976300627,3.104908264074016,run-20260725-111912-7eda,2026-07-25T11:19:12Z
taillard/tai100_20_4,,100,20,IG-idle-greedy,456,6570,6.200153881974984,3.0265014897287124,run-20260725-111918-250d,2026-07-25T11:19:18Z
taillard/tai100_20_4,,100,20,IG-idle-greedy,789,6523,6.382738707005046,2.28947781088286,run-20260725-111924-7c49,2026-07-25T11:19:24Z
taillard/tai100_20_4,,100,20,IG-idle-greedy,2025,6605,6.125533253012691,3.5753489101458364,run-20260725-111930-d0bb,2026-07-25T11:19:30Z
taillard/tai100_20_5,,100,20,IG-idle-greedy,42,6602,6.138959633011837,2.5633058878359485,run-20260725-111937-e06c,2026-07-25T11:19:37Z
taillard/tai100_20_5,,100,20,IG-idle-greedy,123,6615,6.1252419159864075,2.7652633214230233,run-20260725-111943-cf98,2026-07-25T11:19:43Z
taillard/tai100_20_5,,100,20,IG-idle-greedy,456,6627,6.093224483018275,2.9516855678110923,run-20260725-111949-8666,2026-07-25T11:19:49Z
taillard/tai100_20_5,,100,20,IG-idle-greedy,789,6601,6.103355294966605,2.5477707006369426,run-20260725-111955-2de6,2026-07-25T11:19:55Z
taillard/tai100_20_5,,100,20,IG-idle-greedy,2025,6552,11.932811976002995,1.786546527885661,run-20260725-112007-6638,2026-07-25T11:20:07Z
taillard/tai100_20_6,,100,20,IG-idle-greedy,42,6497,6.380290105007589,2.37945162306965,run-20260725-112013-ec7c,2026-07-25T11:20:13Z
taillard/tai100_20_6,,100,20,IG-idle-greedy,123,6463,6.546871626982465,1.843681058934762,run-20260725-112020-19ac,2026-07-25T11:20:20Z
taillard/tai100_20_6,,100,20,IG-idle-greedy,456,6517,6.200554468028713,2.694610778443114,run-20260725-112026-814b,2026-07-25T11:20:26Z
taillard/tai100_20_6,,100,20,IG-idle-greedy,789,6528,6.171929716016166,2.867948313898519,run-20260725-112032-17c3,2026-07-25T11:20:32Z
taillard/tai100_20_6,,100,20,IG-idle-greedy,2025,6543,6.141783485014457,3.1043176804286166,run-20260725-112038-c71d,2026-07-25T11:20:38Z
taillard/tai100_20_7,,100,20,IG-idle-greedy,42,6711,6.120253483008128,3.5488350563184694,run-20260725-112044-bc6d,2026-07-25T11:20:44Z
taillard/tai100_20_7,,100,20,IG-idle-greedy,123,6685,6.132912795001175,3.1476623977781206,run-20260725-112050-94ab,2026-07-25T11:20:50Z
taillard/tai100_20_7,,100,20,IG-idle-greedy,456,6696,6.1340492949821055,3.3173892917759606,run-20260725-112057-bfeb,2026-07-25T11:20:57Z
taillard/tai100_20_7,,100,20,IG-idle-greedy,789,6673,6.1754564310540445,2.9625057861441135,run-20260725-112103-c06a,2026-07-25T11:21:03Z
taillard/tai100_20_7,,100,20,IG-idle-greedy,2025,6689,6.146235546970274,3.20938126832279,run-20260725-112109-4431,2026-07-25T11:21:09Z
taillard/tai100_20_8,,100,20,IG-idle-greedy,42,6578,6.161270672979299,3.4602076124567476,run-20260725-112115-7091,2026-07-25T11:21:15Z
taillard/tai100_20_8,,100,20,IG-idle-greedy,123,6625,6.116419925005175,4.199433784208871,run-20260725-112121-5693,2026-07-25T11:21:21Z
taillard/tai100_20_8,,100,20,IG-idle-greedy,456,6503,6.213645169977099,2.280591380937402,run-20260725-112127-87c0,2026-07-25T11:21:27Z
taillard/tai100_20_8,,100,20,IG-idle-greedy,789,6552,6.134749511955306,3.051273985530041,run-20260725-112134-aeff,2026-07-25T11:21:34Z
taillard/tai100_20_8,,100,20,IG-idle-greedy,2025,6522,6.368159035977442,2.5794274929223024,run-20260725-112140-838f,2026-07-25T11:21:40Z
taillard/tai100_20_9,,100,20,IG-idle-greedy,42,6604,6.174379864009097,2.1500386697602476,run-20260725-112146-29b3,2026-07-25T11:21:46Z
taillard/tai100_20_9,,100,20,IG-idle-greedy,123,6588,6.1196037490153685,1.902552204176334,run-20260725-112152-da82,2026-07-25T11:21:52Z
taillard/tai100_20_9,,100,20,IG-idle-greedy,456,6604,6.166436741012149,2.1500386697602476,run-20260725-112158-8216,2026-07-25T11:21:58Z
taillard/tai100_20_9,,100,20,IG-idle-greedy,789,6626,6.11817550502019,2.4903325599381283,run-20260725-112205-dd84,2026-07-25T11:22:05Z
taillard/tai100_20_9,,100,20,IG-idle-greedy,2025,6608,6.117918460979126,2.211910286156226,run-20260725-112211-d14a,2026-07-25T11:22:11Z
taillard/tai100_5_0,,100,5,IG-idle-greedy,42,5493,1.8616660150000826,0.0,run-20260725-112213-be1a,2026-07-25T11:22:13Z
taillard/tai100_5_0,,100,5,IG-idle-greedy,123,5493,1.8836940960027277,0.0,run-20260725-112214-97d3,2026-07-25T11:22:14Z
taillard/tai100_5_0,,100,5,IG-idle-greedy,456,5493,3.5579835399985313,0.0,run-20260725-112218-418a,2026-07-25T11:22:18Z
taillard/tai100_5_0,,100,5,IG-idle-greedy,789,5493,1.8545034000417218,0.0,run-20260725-112220-8a6c,2026-07-25T11:22:20Z
taillard/tai100_5_0,,100,5,IG-idle-greedy,2025,5493,3.585952705005184,0.0,run-20260725-112223-8e8f,2026-07-25T11:22:23Z
taillard/tai100_5_1,,100,5,IG-idle-greedy,42,5284,1.8415745760430582,0.30372057706909644,run-20260725-112225-e076,2026-07-25T11:22:25Z
taillard/tai100_5_1,,100,5,IG-idle-greedy,123,5289,3.5719841140089557,0.39863325740318906,run-20260725-112229-58ec,2026-07-25T11:22:29Z
taillard/tai100_5_1,,100,5,IG-idle-greedy,456,5283,1.8640518829924986,0.2847380410022779,run-20260725-112231-6a05,2026-07-25T11:22:31Z
taillard/tai100_5_1,,100,5,IG-idle-greedy,789,5284,1.8872105670161545,0.30372057706909644,run-20260725-112233-58b5,2026-07-25T11:22:33Z
taillard/tai100_5_1,,100,5,IG-idle-greedy,2025,5283,1.8921917840489186,0.2847380410022779,run-20260725-112234-79ab,2026-07-25T11:22:34Z
taillard/tai100_5_2,,100,5,IG-idle-greedy,42,5175,3.4189032889553346,0.0,run-20260725-112238-9f15,2026-07-25T11:22:38Z
taillard/tai100_5_2,,100,5,IG-idle-greedy,123,5214,1.8355883000185713,0.7536231884057971,run-20260725-112240-0dd1,2026-07-25T11:22:40Z
taillard/tai100_5_2,,100,5,IG-idle-greedy,456,5175,3.571329734986648,0.0,run-20260725-112243-91b5,2026-07-25T11:22:43Z
taillard/tai100_5_2,,100,5,IG-idle-greedy,789,5213,1.8381327120005153,0.7342995169082126,run-20260725-112245-8aae,2026-07-25T11:22:45Z
taillard/tai100_5_2,,100,5,IG-idle-greedy,2025,5213,1.8543181259883568,0.7342995169082126,run-20260725-112247-f8e0,2026-07-25T11:22:47Z
taillard/tai100_5_3,,100,5,IG-idle-greedy,42,5023,1.8477246800321154,0.17949740725967292,run-20260725-112249-8b52,2026-07-25T11:22:49Z
taillard/tai100_5_3,,100,5,IG-idle-greedy,123,5023,1.8525177899864502,0.17949740725967292,run-20260725-112251-aff7,2026-07-25T11:22:51Z
taillard/tai100_5_3,,100,5,IG-idle-greedy,456,5023,1.8393934449995868,0.17949740725967292,run-20260725-112253-5bcf,2026-07-25T11:22:53Z
taillard/tai100_5_3,,100,5,IG-idle-greedy,789,5018,1.9080989740323275,0.07977662544874352,run-20260725-112254-394f,2026-07-25T11:22:54Z
taillard/tai100_5_3,,100,5,IG-idle-greedy,2025,5023,1.8675234810216352,0.17949740725967292,run-20260725-112256-fb3e,2026-07-25T11:22:56Z
taillard/tai100_5_4,,100,5,IG-idle-greedy,42,5255,1.8686349490308203,0.09523809523809523,run-20260725-112258-c640,2026-07-25T11:22:58Z
taillard/tai100_5_4,,100,5,IG-idle-greedy,123,5255,1.9029430520022288,0.09523809523809523,run-20260725-112300-96eb,2026-07-25T11:23:00Z
taillard/tai100_5_4,,100,5,IG-idle-greedy,456,5253,1.8718844939721748,0.05714285714285714,run-20260725-112302-47fc,2026-07-25T11:23:02Z
taillard/tai100_5_4,,100,5,IG-idle-greedy,789,5253,1.9283464280306362,0.05714285714285714,run-20260725-112304-5dc5,2026-07-25T11:23:04Z
taillard/tai100_5_4,,100,5,IG-idle-greedy,2025,5255,1.8697927150060423,0.09523809523809523,run-20260725-112306-300b,2026-07-25T11:23:06Z
taillard/tai100_5_5,,100,5,IG-idle-greedy,42,5139,3.6125129510182887,0.07789678675754626,run-20260725-112309-a3b5,2026-07-25T11:23:09Z
taillard/tai100_5_5,,100,5,IG-idle-greedy,123,5139,3.5031067219679244,0.07789678675754626,run-20260725-112313-891b,2026-07-25T11:23:13Z
taillard/tai100_5_5,,100,5,IG-idle-greedy,456,5139,3.6212224360206164,0.07789678675754626,run-20260725-112317-234a,2026-07-25T11:23:17Z
taillard/tai100_5_5,,100,5,IG-idle-greedy,789,5139,3.6202269420027733,0.07789678675754626,run-20260725-112320-974a,2026-07-25T11:23:20Z
taillard/tai100_5_5,,100,5,IG-idle-greedy,2025,5139,1.8708489059936255,0.07789678675754626,run-20260725-112322-71fc,2026-07-25T11:23:22Z
taillard/tai100_5_6,,100,5,IG-idle-greedy,42,5251,1.889548156003002,0.09531071292413268,run-20260725-112324-5d5f,2026-07-25T11:23:24Z
taillard/tai100_5_6,,100,5,IG-idle-greedy,123,5252,2.4610671479604207,0.1143728555089592,run-20260725-112326-8137,2026-07-25T11:23:26Z
taillard/tai100_5_6,,100,5,IG-idle-greedy,456,5252,3.5549540600040928,0.1143728555089592,run-20260725-112330-2ebc,2026-07-25T11:23:30Z
taillard/tai100_5_6,,100,5,IG-idle-greedy,789,5251,1.9325679190224037,0.09531071292413268,run-20260725-112332-1b8c,2026-07-25T11:23:32Z
taillard/tai100_5_6,,100,5,IG-idle-greedy,2025,5251,2.230551976012066,0.09531071292413268,run-20260725-112334-e196,2026-07-25T11:23:34Z
taillard/tai100_5_7,,100,5,IG-idle-greedy,42,5098,3.4925131740164943,-0.15667841754798276,run-20260725-112338-8edc,2026-07-25T11:23:38Z
taillard/tai100_5_7,,100,5,IG-idle-greedy,123,5098,1.878970466030296,-0.15667841754798276,run-20260725-112339-4a63,2026-07-25T11:23:39Z
taillard/tai100_5_7,,100,5,IG-idle-greedy,456,5095,1.8709600439760834,-0.2154328241284763,run-20260725-112341-4a09,2026-07-25T11:23:41Z
taillard/tai100_5_7,,100,5,IG-idle-greedy,789,5101,1.9579430280136876,-0.09792401096748923,run-20260725-112343-af79,2026-07-25T11:23:43Z
taillard/tai100_5_7,,100,5,IG-idle-greedy,2025,5101,3.563515603018459,-0.09792401096748923,run-20260725-112347-c042,2026-07-25T11:23:47Z
taillard/tai100_5_8,,100,5,IG-idle-greedy,42,5473,1.8769467740203254,0.3483681701503484,run-20260725-112349-7417,2026-07-25T11:23:49Z
taillard/tai100_5_8,,100,5,IG-idle-greedy,123,5465,1.849968659982551,0.20168683535020168,run-20260725-112351-27b9,2026-07-25T11:23:51Z
taillard/tai100_5_8,,100,5,IG-idle-greedy,456,5470,1.8541579999728128,0.29336266960029334,run-20260725-112352-2e92,2026-07-25T11:23:52Z
taillard/tai100_5_8,,100,5,IG-idle-greedy,789,5454,1.8965809270157479,0.0,run-20260725-112354-ca49,2026-07-25T11:23:54Z
taillard/tai100_5_8,,100,5,IG-idle-greedy,2025,5489,1.8723229569732212,0.6417308397506417,run-20260725-112356-807c,2026-07-25T11:23:56Z
taillard/tai100_5_9,,100,5,IG-idle-greedy,42,5335,1.8596255229786038,0.1313813813813814,run-20260725-112358-87d3,2026-07-25T11:23:58Z
taillard/tai100_5_9,,100,5,IG-idle-greedy,123,5322,1.909061178972479,-0.11261261261261261,run-20260725-112400-bad7,2026-07-25T11:24:00Z
taillard/tai100_5_9,,100,5,IG-idle-greedy,456,5322,1.8960185589967296,-0.11261261261261261,run-20260725-112402-9033,2026-07-25T11:24:02Z
taillard/tai100_5_9,,100,5,IG-idle-greedy,789,5322,3.6398002399946563,-0.11261261261261261,run-20260725-112406-7cad,2026-07-25T11:24:06Z
taillard/tai100_5_9,,100,5,IG-idle-greedy,2025,5322,3.6217911050189286,-0.11261261261261261,run-20260725-112409-1cb6,2026-07-25T11:24:09Z
taillard/tai200_10_0,,200,10,IG-idle-greedy,42,10892,8.815623780013993,0.2208317997791682,run-20260725-112418-3f72,2026-07-25T11:24:18Z
taillard/tai200_10_0,,200,10,IG-idle-greedy,123,10910,16.321785041014664,0.38645564961354434,run-20260725-112434-f8ca,2026-07-25T11:24:34Z
taillard/tai200_10_0,,200,10,IG-idle-greedy,456,10942,8.350182902999222,0.6808980493191019,run-20260725-112443-4d66,2026-07-25T11:24:43Z
taillard/tai200_10_0,,200,10,IG-idle-greedy,789,10942,16.3330923190224,0.6808980493191019,run-20260725-112459-61d5,2026-07-25T11:24:59Z
taillard/tai200_10_0,,200,10,IG-idle-greedy,2025,10923,8.43174720800016,0.5060728744939271,run-20260725-112507-a078,2026-07-25T11:25:07Z
taillard/tai200_10_1,,200,10,IG-idle-greedy,42,10620,8.469452553952578,1.2006861063464838,run-20260725-112516-5d55,2026-07-25T11:25:16Z
taillard/tai200_10_1,,200,10,IG-idle-greedy,123,10544,8.644555702980142,0.476462740613684,run-20260725-112525-9162,2026-07-25T11:25:25Z
taillard/tai200_10_1,,200,10,IG-idle-greedy,456,10542,8.584072428988293,0.45740423098913663,run-20260725-112533-99ce,2026-07-25T11:25:33Z
taillard/tai200_10_1,,200,10,IG-idle-greedy,789,10560,16.552469720016234,0.6289308176100629,run-20260725-112550-fc54,2026-07-25T11:25:50Z
taillard/tai200_10_1,,200,10,IG-idle-greedy,2025,10568,8.698150921030901,0.7051648561082523,run-20260725-112558-faee,2026-07-25T11:25:58Z
taillard/tai200_10_2,,200,10,IG-idle-greedy,42,10965,16.58414646598976,0.3937007874015748,run-20260725-112615-924e,2026-07-25T11:26:15Z
taillard/tai200_10_2,,200,10,IG-idle-greedy,123,10995,8.53481996996561,0.6683757553561619,run-20260725-112623-b05a,2026-07-25T11:26:23Z
taillard/tai200_10_2,,200,10,IG-idle-greedy,456,11023,8.553665429993998,0.9247390587804432,run-20260725-112632-58d8,2026-07-25T11:26:32Z
taillard/tai200_10_2,,200,10,IG-idle-greedy,789,11001,8.326165539969224,0.7233107489470793,run-20260725-112640-d4fc,2026-07-25T11:26:40Z
taillard/tai200_10_2,,200,10,IG-idle-greedy,2025,11017,8.275021151988767,0.8698040651895257,run-20260725-112649-3212,2026-07-25T11:26:49Z
taillard/tai200_10_3,,200,10,IG-idle-greedy,42,11057,8.230795176001266,1.5428413995775554,run-20260725-112657-1cdd,2026-07-25T11:26:57Z
taillard/tai200_10_3,,200,10,IG-idle-greedy,123,11057,8.209763508057222,1.5428413995775554,run-20260725-112705-b1f3,2026-07-25T11:27:05Z
taillard/tai200_10_3,,200,10,IG-idle-greedy,456,11057,8.224147974979132,1.5428413995775554,run-20260725-112713-c4d8,2026-07-25T11:27:13Z
taillard/tai200_10_3,,200,10,IG-idle-greedy,789,11057,8.234190026007127,1.5428413995775554,run-20260725-112722-690b,2026-07-25T11:27:22Z
taillard/tai200_10_3,,200,10,IG-idle-greedy,2025,11057,8.244603858038317,1.5428413995775554,run-20260725-112730-9069,2026-07-25T11:27:30Z
taillard/tai200_10_4,,200,10,IG-idle-greedy,42,10550,8.448038727976382,0.24705435195743064,run-20260725-112738-53bb,2026-07-25T11:27:38Z
taillard/tai200_10_4,,200,10,IG-idle-greedy,123,10575,8.292925591988023,0.4846066134549601,run-20260725-112747-f188,2026-07-25T11:27:47Z
taillard/tai200_10_4,,200,10,IG-idle-greedy,456,10545,16.3668281660066,0.19954389965792474,run-20260725-112803-890f,2026-07-25T11:28:03Z
taillard/tai200_10_4,,200,10,IG-idle-greedy,789,10562,8.572112272959203,0.36107943747624477,run-20260725-112811-1f25,2026-07-25T11:28:11Z
taillard/tai200_10_4,,200,10,IG-idle-greedy,2025,10575,8.401839080965146,0.4846066134549601,run-20260725-112820-d71a,2026-07-25T11:28:20Z
taillard/tai200_10_5,,200,10,IG-idle-greedy,42,10387,8.663632169016637,0.5420578840383312,run-20260725-112829-2b23,2026-07-25T11:28:29Z
taillard/tai200_10_5,,200,10,IG-idle-greedy,123,10378,8.480292404012289,0.4549414383893137,run-20260725-112837-d01c,2026-07-25T11:28:37Z
taillard/tai200_10_5,,200,10,IG-idle-greedy,456,10430,8.356904298998415,0.9582809021391927,run-20260725-112845-3d7d,2026-07-25T11:28:45Z
taillard/tai200_10_5,,200,10,IG-idle-greedy,789,10350,13.699225545977242,0.1839124963701481,run-20260725-112859-5386,2026-07-25T11:28:59Z
taillard/tai200_10_5,,200,10,IG-idle-greedy,2025,10446,8.263762244023383,1.1131545832930017,run-20260725-112907-631d,2026-07-25T11:29:07Z
taillard/tai200_10_6,,200,10,IG-idle-greedy,42,10906,16.285455356992316,0.4513217279174726,run-20260725-112924-3369,2026-07-25T11:29:24Z
taillard/tai200_10_6,,200,10,IG-idle-greedy,123,10908,8.590479881037027,0.4697430229345123,run-20260725-112932-0976,2026-07-25T11:29:32Z
taillard/tai200_10_6,,200,10,IG-idle-greedy,456,10912,8.279164844017942,0.5065856129685917,run-20260725-112941-142b,2026-07-25T11:29:41Z
taillard/tai200_10_6,,200,10,IG-idle-greedy,789,10938,8.37043695297325,0.7460624481901078,run-20260725-112949-2da5,2026-07-25T11:29:49Z
taillard/tai200_10_6,,200,10,IG-idle-greedy,2025,10882,9.218170649954118,0.23026618771299623,run-20260725-112958-01bb,2026-07-25T11:29:58Z
taillard/tai200_10_7,,200,10,IG-idle-greedy,42,10806,8.42755770101212,0.698909700866648,run-20260725-113007-16dc,2026-07-25T11:30:07Z
taillard/tai200_10_7,,200,10,IG-idle-greedy,123,10777,8.970191067026462,0.42866461653154414,run-20260725-113016-1a66,2026-07-25T11:30:16Z
taillard/tai200_10_7,,200,10,IG-idle-greedy,456,10788,8.352758010965772,0.5311713726586526,run-20260725-113024-194c,2026-07-25T11:30:24Z
taillard/tai200_10_7,,200,10,IG-idle-greedy,789,10798,8.34713389200624,0.6243593327742055,run-20260725-113032-5ed2,2026-07-25T11:30:32Z
taillard/tai200_10_7,,200,10,IG-idle-greedy,2025,10788,9.324933952011634,0.5311713726586526,run-20260725-113042-3811,2026-07-25T11:30:42Z
taillard/tai200_10_8,,200,10,IG-idle-greedy,42,10473,8.299452794948593,0.33531327840582487,run-20260725-113050-208a,2026-07-25T11:30:50Z
taillard/tai200_10_8,,200,10,IG-idle-greedy,123,10465,8.478952224017121,0.25867024334163635,run-20260725-113058-dd70,2026-07-25T11:30:58Z
taillard/tai200_10_8,,200,10,IG-idle-greedy,456,10482,8.337593782984186,0.42153669285303697,run-20260725-113107-b689,2026-07-25T11:31:07Z
taillard/tai200_10_8,,200,10,IG-idle-greedy,789,10511,8.280011822993401,0.6993676949607205,run-20260725-113115-76d4,2026-07-25T11:31:15Z
taillard/tai200_10_8,,200,10,IG-idle-greedy,2025,10499,8.464090058987495,0.5844031423644376,run-20260725-113123-de24,2026-07-25T11:31:23Z
taillard/tai200_10_9,,200,10,IG-idle-greedy,42,10729,8.499948295997456,0.49644061446234544,run-20260725-113132-10d3,2026-07-25T11:31:32Z
taillard/tai200_10_9,,200,10,IG-idle-greedy,123,10758,16.252415374969132,0.7680779318096665,run-20260725-113148-6f54,2026-07-25T11:31:48Z
taillard/tai200_10_9,,200,10,IG-idle-greedy,456,10733,8.434890308999456,0.5339078306481828,run-20260725-113157-97b4,2026-07-25T11:31:57Z
taillard/tai200_10_9,,200,10,IG-idle-greedy,789,10777,8.276232188974973,0.9460472086923941,run-20260725-113205-1ed6,2026-07-25T11:32:05Z
taillard/tai200_10_9,,200,10,IG-idle-greedy,2025,10714,16.269441477954388,0.35593855376545525,run-20260725-113221-c5eb,2026-07-25T11:32:21Z
taillard/tai200_20_0,,200,20,IG-idle-greedy,42,11513,15.355322550982237,1.9390826987781122,run-20260725-113237-b496,2026-07-25T11:32:37Z
taillard/tai200_20_0,,200,20,IG-idle-greedy,123,11522,15.411624944012146,2.018771028864884,run-20260725-113252-58b2,2026-07-25T11:32:52Z
taillard/tai200_20_0,,200,20,IG-idle-greedy,456,11467,15.86885438801255,1.5317867894457233,run-20260725-113308-e393,2026-07-25T11:33:08Z
taillard/tai200_20_0,,200,20,IG-idle-greedy,789,11469,15.52307227900019,1.5494953072427837,run-20260725-113323-a6ad,2026-07-25T11:33:23Z
taillard/tai200_20_0,,200,20,IG-idle-greedy,2025,11503,15.535663034999743,1.8505401097928103,run-20260725-113339-2034,2026-07-25T11:33:39Z
taillard/tai200_20_1,,200,20,IG-idle-greedy,42,11534,15.64133623696398,0.9982486865148862,run-20260725-113355-f3bc,2026-07-25T11:33:55Z
taillard/tai200_20_1,,200,20,IG-idle-greedy,123,11622,15.326065378030762,1.7688266199649738,run-20260725-113410-c2e7,2026-07-25T11:34:10Z
taillard/tai200_20_1,,200,20,IG-idle-greedy,456,11536,15.58013616700191,1.0157618213660244,run-20260725-113425-70d1,2026-07-25T11:34:25Z
taillard/tai200_20_1,,200,20,IG-idle-greedy,789,11486,16.192603137984406,0.5779334500875657,run-20260725-113442-4f4f,2026-07-25T11:34:42Z
taillard/tai200_20_1,,200,20,IG-idle-greedy,2025,11500,32.8411544529954,0.7005253940455342,run-20260725-113514-d8fb,2026-07-25T11:35:14Z
taillard/tai200_20_2,,200,20,IG-idle-greedy,42,11752,29.998268408002332,2.6734230298794337,run-20260725-113544-331d,2026-07-25T11:35:44Z
taillard/tai200_20_2,,200,20,IG-idle-greedy,123,11653,15.639525221951772,1.8084920496243229,run-20260725-113600-e8af,2026-07-25T11:36:00Z
taillard/tai200_20_2,,200,20,IG-idle-greedy,456,11649,15.437977296998724,1.773545343351389,run-20260725-113616-640e,2026-07-25T11:36:16Z
taillard/tai200_20_2,,200,20,IG-idle-greedy,789,11689,15.800937280000653,2.123012406080727,run-20260725-113631-52b8,2026-07-25T11:36:31Z
taillard/tai200_20_2,,200,20,IG-idle-greedy,2025,11634,15.7185394759872,1.6424951948278874,run-20260725-113647-bd63,2026-07-25T11:36:47Z
taillard/tai200_20_3,,200,20,IG-idle-greedy,42,11591,16.166761922999285,2.150348109632502,run-20260725-113703-0e2f,2026-07-25T11:37:03Z
taillard/tai200_20_3,,200,20,IG-idle-greedy,123,11671,15.476832320040558,2.8553802767251257,run-20260725-113719-c810,2026-07-25T11:37:19Z
taillard/tai200_20_3,,200,20,IG-idle-greedy,456,11600,15.935126079013571,2.2296642284304222,run-20260725-113735-09f6,2026-07-25T11:37:35Z
taillard/tai200_20_3,,200,20,IG-idle-greedy,789,11663,15.450188402028289,2.784877060015863,run-20260725-113750-a590,2026-07-25T11:37:50Z
taillard/tai200_20_3,,200,20,IG-idle-greedy,2025,11636,15.56375857401872,2.5469287036221027,run-20260725-113806-2cd0,2026-07-25T11:38:06Z
taillard/tai200_20_4,,200,20,IG-idle-greedy,42,11583,15.3390440249932,2.4047387498894883,run-20260725-113821-e5bc,2026-07-25T11:38:21Z
taillard/tai200_20_4,,200,20,IG-idle-greedy,123,11507,15.731494033010677,1.7328264521262489,run-20260725-113837-1ef5,2026-07-25T11:38:37Z
taillard/tai200_20_4,,200,20,IG-idle-greedy,456,11558,15.48964058200363,2.183714967730528,run-20260725-113852-5397,2026-07-25T11:38:52Z
taillard/tai200_20_4,,200,20,IG-idle-greedy,789,11475,30.284864172979724,1.4499160109627796,run-20260725-113923-9e03,2026-07-25T11:39:23Z
taillard/tai200_20_4,,200,20,IG-idle-greedy,2025,11551,15.63239922595676,2.121828308726019,run-20260725-113938-d741,2026-07-25T11:39:38Z
taillard/tai200_20_5,,200,20,IG-idle-greedy,42,11504,15.460138077032752,1.9677362169828045,run-20260725-113954-5c39,2026-07-25T11:39:54Z
taillard/tai200_20_5,,200,20,IG-idle-greedy,123,11550,15.331605868996121,2.3754653430242865,run-20260725-114009-29a1,2026-07-25T11:40:09Z
taillard/tai200_20_5,,200,20,IG-idle-greedy,456,11565,15.308160800021142,2.508420492820422,run-20260725-114024-73db,2026-07-25T11:40:24Z
taillard/tai200_20_5,,200,20,IG-idle-greedy,789,11521,15.334514476999175,2.1184187200850912,run-20260725-114040-5996,2026-07-25T11:40:40Z
taillard/tai200_20_5,,200,20,IG-idle-greedy,2025,11581,15.347137986042071,2.650239319269633,run-20260725-114055-dffc,2026-07-25T11:40:55Z
taillard/tai200_20_6,,200,20,IG-idle-greedy,42,11688,15.705481446988415,2.025139664804469,run-20260725-114111-6092,2026-07-25T11:41:11Z
taillard/tai200_20_6,,200,20,IG-idle-greedy,123,11704,15.498179885966238,2.164804469273743,run-20260725-114126-f172,2026-07-25T11:41:26Z
taillard/tai200_20_6,,200,20,IG-idle-greedy,456,11718,15.38742495002225,2.2870111731843576,run-20260725-114142-8987,2026-07-25T11:41:42Z
taillard/tai200_20_6,,200,20,IG-idle-greedy,789,11751,15.404152146016713,2.5750698324022347,run-20260725-114157-e7cf,2026-07-25T11:41:57Z
taillard/tai200_20_6,,200,20,IG-idle-greedy,2025,11778,15.346196192025673,2.810754189944134,run-20260725-114212-6709,2026-07-25T11:42:12Z
taillard/tai200_20_7,,200,20,IG-idle-greedy,42,11727,30.25095674401382,2.733245729303548,run-20260725-114243-c277,2026-07-25T11:42:43Z
taillard/tai200_20_7,,200,20,IG-idle-greedy,123,11678,15.511865564039908,2.3039859833552345,run-20260725-114258-0c2f,2026-07-25T11:42:58Z
taillard/tai200_20_7,,200,20,IG-idle-greedy,456,11802,30.179955924046226,3.3902759526938238,run-20260725-114328-460f,2026-07-25T11:43:28Z
taillard/tai200_20_7,,200,20,IG-idle-greedy,789,11672,15.632723968010396,2.2514235654840125,run-20260725-114344-eeea,2026-07-25T11:43:44Z
taillard/tai200_20_7,,200,20,IG-idle-greedy,2025,11641,15.86480110004777,1.9798510731493648,run-20260725-114400-c7b2,2026-07-25T11:44:00Z
taillard/tai200_20_8,,200,20,IG-idle-greedy,42,11612,15.324182109034155,2.3715066560874547,run-20260725-114415-1377,2026-07-25T11:44:15Z
taillard/tai200_20_8,,200,20,IG-idle-greedy,123,11591,15.335412249027286,2.1863704487349027,run-20260725-114430-1aa2,2026-07-25T11:44:30Z
taillard/tai200_20_8,,200,20,IG-idle-greedy,456,11592,15.335887908004224,2.1951864586088337,run-20260725-114446-4da6,2026-07-25T11:44:46Z
taillard/tai200_20_8,,200,20,IG-idle-greedy,789,11575,15.414350576989818,2.0453142907520054,run-20260725-114501-0c61,2026-07-25T11:45:01Z
taillard/tai200_20_8,,200,20,IG-idle-greedy,2025,11492,15.569633139995858,1.3135854712157278,run-20260725-114517-1063,2026-07-25T11:45:17Z
taillard/tai200_20_9,,200,20,IG-idle-greedy,42,11811,15.337822546018288,3.405708282262301,run-20260725-114532-0aa0,2026-07-25T11:45:32Z
taillard/tai200_20_9,,200,20,IG-idle-greedy,123,11720,15.510768948006444,2.609000175100683,run-20260725-114548-82b5,2026-07-25T11:45:48Z
taillard/tai200_20_9,,200,20,IG-idle-greedy,456,11741,15.491721493017394,2.7928558921379794,run-20260725-114603-1b65,2026-07-25T11:46:03Z
taillard/tai200_20_9,,200,20,IG-idle-greedy,789,11665,22.655847861024085,2.1274732971458588,run-20260725-114626-f32a,2026-07-25T11:46:26Z
taillard/tai200_20_9,,200,20,IG-idle-greedy,2025,11758,15.406426152971108,2.941691472596743,run-20260725-114641-bdf0,2026-07-25T11:46:41Z
taillard/tai20_10_0,,20,10,IG-idle-greedy,42,1610,0.6702103160205297,1.7699115044247788,run-20260725-114642-26c1,2026-07-25T11:46:42Z
taillard/tai20_10_0,,20,10,IG-idle-greedy,123,1616,0.6717285069753416,2.1491782553729455,run-20260725-114642-f3b4,2026-07-25T11:46:42Z
taillard/tai20_10_0,,20,10,IG-idle-greedy,456,1593,1.2013319460093044,0.695322376738306,run-20260725-114644-698b,2026-07-25T11:46:44Z
taillard/tai20_10_0,,20,10,IG-idle-greedy,789,1588,0.6717246680054814,0.37926675094816686,run-20260725-114644-c344,2026-07-25T11:46:44Z
taillard/tai20_10_0,,20,10,IG-idle-greedy,2025,1616,0.668856181029696,2.1491782553729455,run-20260725-114645-fba5,2026-07-25T11:46:45Z
taillard/tai20_10_1,,20,10,IG-idle-greedy,42,1720,0.6679750310140662,3.676913803496082,run-20260725-114646-a14b,2026-07-25T11:46:46Z
taillard/tai20_10_1,,20,10,IG-idle-greedy,123,1703,0.6704163610120304,2.652200120554551,run-20260725-114646-e873,2026-07-25T11:46:46Z
taillard/tai20_10_1,,20,10,IG-idle-greedy,456,1691,0.6668430260033347,1.9288728149487644,run-20260725-114647-3117,2026-07-25T11:46:47Z
taillard/tai20_10_1,,20,10,IG-idle-greedy,789,1676,0.6791715060244314,1.024713682941531,run-20260725-114648-9d66,2026-07-25T11:46:48Z
taillard/tai20_10_1,,20,10,IG-idle-greedy,2025,1703,0.6672556879930198,2.652200120554551,run-20260725-114648-bef3,2026-07-25T11:46:48Z
taillard/tai20_10_2,,20,10,IG-idle-greedy,42,1532,0.6666545679909177,2.406417112299465,run-20260725-114649-3b7c,2026-07-25T11:46:49Z
taillard/tai20_10_2,,20,10,IG-idle-greedy,123,1530,0.6669604820199311,2.272727272727273,run-20260725-114650-de47,2026-07-25T11:46:50Z
taillard/tai20_10_2,,20,10,IG-idle-greedy,456,1500,0.9845558950328268,0.26737967914438504,run-20260725-114651-505c,2026-07-25T11:46:51Z
taillard/tai20_10_2,,20,10,IG-idle-greedy,789,1499,0.6867614249931648,0.20053475935828877,run-20260725-114651-906a,2026-07-25T11:46:51Z
taillard/tai20_10_2,,20,10,IG-idle-greedy,2025,1515,0.6802777369739488,1.2700534759358288,run-20260725-114652-4f90,2026-07-25T11:46:52Z
taillard/tai20_10_3,,20,10,IG-idle-greedy,42,1405,1.195148742001038,1.9593613933236576,run-20260725-114653-0d41,2026-07-25T11:46:53Z
taillard/tai20_10_3,,20,10,IG-idle-greedy,123,1409,0.7296353930141777,2.2496371552975325,run-20260725-114654-3fb0,2026-07-25T11:46:54Z
taillard/tai20_10_3,,20,10,IG-idle-greedy,456,1411,0.667015797982458,2.39477503628447,run-20260725-114655-dd1f,2026-07-25T11:46:55Z
taillard/tai20_10_3,,20,10,IG-idle-greedy,789,1399,1.1972756300237961,1.5239477503628447,run-20260725-114656-e483,2026-07-25T11:46:56Z
taillard/tai20_10_3,,20,10,IG-idle-greedy,2025,1396,1.192227222956717,1.3062409288824384,run-20260725-114657-1b15,2026-07-25T11:46:57Z
taillard/tai20_10_4,,20,10,IG-idle-greedy,42,1463,0.6678364949766546,3.10077519379845,run-20260725-114658-99a6,2026-07-25T11:46:58Z
taillard/tai20_10_4,,20,10,IG-idle-greedy,123,1463,0.6702117290114984,3.10077519379845,run-20260725-114658-0003,2026-07-25T11:46:58Z
taillard/tai20_10_4,,20,10,IG-idle-greedy,456,1463,0.6702296209987253,3.10077519379845,run-20260725-114659-5b5c,2026-07-25T11:46:59Z
taillard/tai20_10_4,,20,10,IG-idle-greedy,789,1463,0.6678677329909988,3.10077519379845,run-20260725-114700-9558,2026-07-25T11:47:00Z
taillard/tai20_10_4,,20,10,IG-idle-greedy,2025,1484,0.6670450320234522,4.580690627202255,run-20260725-114700-2be5,2026-07-25T11:47:00Z
taillard/tai20_10_5,,20,10,IG-idle-greedy,42,1421,0.6672326760017313,1.717967072297781,run-20260725-114701-02ed,2026-07-25T11:47:01Z
taillard/tai20_10_5,,20,10,IG-idle-greedy,123,1425,0.6716014489647932,2.0042949176807445,run-20260725-114702-31cf,2026-07-25T11:47:02Z
taillard/tai20_10_5,,20,10,IG-idle-greedy,456,1415,0.6763291059760377,1.2884753042233357,run-20260725-114702-dee5,2026-07-25T11:47:02Z
taillard/tai20_10_5,,20,10,IG-idle-greedy,789,1421,0.672939931973815,1.717967072297781,run-20260725-114703-c002,2026-07-25T11:47:03Z
taillard/tai20_10_5,,20,10,IG-idle-greedy,2025,1438,0.6677581089898013,2.934860415175376,run-20260725-114704-38c6,2026-07-25T11:47:04Z
taillard/tai20_10_6,,20,10,IG-idle-greedy,42,1526,0.66839720698772,2.830188679245283,run-20260725-114704-a2f2,2026-07-25T11:47:04Z
taillard/tai20_10_6,,20,10,IG-idle-greedy,123,1526,0.6680050160503015,2.830188679245283,run-20260725-114705-323c,2026-07-25T11:47:05Z
taillard/tai20_10_6,,20,10,IG-idle-greedy,456,1526,0.6699083870043978,2.830188679245283,run-20260725-114706-22fe,2026-07-25T11:47:06Z
taillard/tai20_10_6,,20,10,IG-idle-greedy,789,1526,0.6694000369752757,2.830188679245283,run-20260725-114706-d665,2026-07-25T11:47:06Z
taillard/tai20_10_6,,20,10,IG-idle-greedy,2025,1526,0.6664895679568872,2.830188679245283,run-20260725-114707-481c,2026-07-25T11:47:07Z
taillard/tai20_10_7,,20,10,IG-idle-greedy,42,1584,1.1937309009954333,2.990897269180754,run-20260725-114708-e0be,2026-07-25T11:47:08Z
taillard/tai20_10_7,,20,10,IG-idle-greedy,123,1584,1.1921624910319224,2.990897269180754,run-20260725-114710-326d,2026-07-25T11:47:10Z
taillard/tai20_10_7,,20,10,IG-idle-greedy,456,1574,0.6749895240063779,2.340702210663199,run-20260725-114710-e3a5,2026-07-25T11:47:10Z
taillard/tai20_10_7,,20,10,IG-idle-greedy,789,1579,0.6725613059825264,2.6657997399219764,run-20260725-114711-e042,2026-07-25T11:47:11Z
taillard/tai20_10_7,,20,10,IG-idle-greedy,2025,1579,1.195396688010078,2.6657997399219764,run-20260725-114712-f76a,2026-07-25T11:47:12Z
taillard/tai20_10_8,,20,10,IG-idle-greedy,42,1627,1.2427491759881377,2.1343377275580666,run-20260725-114713-3b4b,2026-07-25T11:47:13Z
taillard/tai20_10_8,,20,10,IG-idle-greedy,123,1633,0.6860057490412146,2.5109855618330195,run-20260725-114714-1241,2026-07-25T11:47:14Z
taillard/tai20_10_8,,20,10,IG-idle-greedy,456,1627,0.7832039669738151,2.1343377275580666,run-20260725-114715-9692,2026-07-25T11:47:15Z
taillard/tai20_10_8,,20,10,IG-idle-greedy,789,1612,0.9915361900348216,1.1927181418706843,run-20260725-114716-4900,2026-07-25T11:47:16Z
taillard/tai20_10_8,,20,10,IG-idle-greedy,2025,1617,1.4424666080158204,1.5065913370998116,run-20260725-114717-a3ed,2026-07-25T11:47:17Z
taillard/tai20_10_9,,20,10,IG-idle-greedy,42,1636,0.668468251999002,2.828409805153991,run-20260725-114718-e8f1,2026-07-25T11:47:18Z
taillard/tai20_10_9,,20,10,IG-idle-greedy,123,1636,1.1962403879733756,2.828409805153991,run-20260725-114719-c844,2026-07-25T11:47:19Z
taillard/tai20_10_9,,20,10,IG-idle-greedy,456,1636,0.6682471800013445,2.828409805153991,run-20260725-114720-a1b3,2026-07-25T11:47:20Z
taillard/tai20_10_9,,20,10,IG-idle-greedy,789,1636,0.6665052900207229,2.828409805153991,run-20260725-114720-16af,2026-07-25T11:47:20Z
taillard/tai20_10_9,,20,10,IG-idle-greedy,2025,1636,1.1968566460418515,2.828409805153991,run-20260725-114722-e8e3,2026-07-25T11:47:22Z
taillard/tai20_20_0,,20,20,IG-idle-greedy,42,2370,1.246515130973421,3.1780583369612536,run-20260725-114723-c52f,2026-07-25T11:47:23Z
taillard/tai20_20_0,,20,20,IG-idle-greedy,123,2348,1.2458203919813968,2.220287331301698,run-20260725-114724-e640,2026-07-25T11:47:24Z
taillard/tai20_20_0,,20,20,IG-idle-greedy,456,2344,1.2552517330041155,2.046147148454506,run-20260725-114725-1308,2026-07-25T11:47:25Z
taillard/tai20_20_0,,20,20,IG-idle-greedy,789,2323,1.2572472679894418,1.1319111885067479,run-20260725-114727-8044,2026-07-25T11:47:27Z
taillard/tai20_20_0,,20,20,IG-idle-greedy,2025,2351,1.257465151953511,2.3508924684370918,run-20260725-114728-06d8,2026-07-25T11:47:28Z
taillard/tai20_20_1,,20,20,IG-idle-greedy,42,2136,1.2582542310119607,1.7142857142857142,run-20260725-114729-5e8b,2026-07-25T11:47:29Z
taillard/tai20_20_1,,20,20,IG-idle-greedy,123,2132,1.255982770002447,1.5238095238095237,run-20260725-114730-4eb2,2026-07-25T11:47:30Z
taillard/tai20_20_1,,20,20,IG-idle-greedy,456,2132,1.2520854059839621,1.5238095238095237,run-20260725-114732-0a50,2026-07-25T11:47:32Z
taillard/tai20_20_1,,20,20,IG-idle-greedy,789,2132,1.2492697749985382,1.5238095238095237,run-20260725-114733-3fde,2026-07-25T11:47:33Z
taillard/tai20_20_1,,20,20,IG-idle-greedy,2025,2132,1.2563453720067628,1.5238095238095237,run-20260725-114734-78a5,2026-07-25T11:47:34Z
taillard/tai20_20_2,,20,20,IG-idle-greedy,42,2380,1.2535824459628202,2.3215821152192606,run-20260725-114735-d201,2026-07-25T11:47:35Z
taillard/tai20_20_2,,20,20,IG-idle-greedy,123,2372,1.2532512819743715,1.9776440240756663,run-20260725-114737-724a,2026-07-25T11:47:37Z
taillard/tai20_20_2,,20,20,IG-idle-greedy,456,2401,1.2521746000275016,3.224419604471195,run-20260725-114738-bc11,2026-07-25T11:47:38Z
taillard/tai20_20_2,,20,20,IG-idle-greedy,789,2370,1.2646171200321987,1.891659501289768,run-20260725-114739-6ea1,2026-07-25T11:47:39Z
taillard/tai20_20_2,,20,20,IG-idle-greedy,2025,2401,1.2492778759915382,3.224419604471195,run-20260725-114740-6788,2026-07-25T11:47:40Z
taillard/tai20_20_3,,20,20,IG-idle-greedy,42,2242,1.266731643001549,0.8547008547008547,run-20260725-114742-61aa,2026-07-25T11:47:42Z
taillard/tai20_20_3,,20,20,IG-idle-greedy,123,2239,1.3347573640057817,0.7197480881691408,run-20260725-114743-7046,2026-07-25T11:47:43Z
taillard/tai20_20_3,,20,20,IG-idle-greedy,456,2237,1.2641982450149953,0.6297795771479981,run-20260725-114744-6161,2026-07-25T11:47:44Z
taillard/tai20_20_3,,20,20,IG-idle-greedy,789,2241,1.466877237020526,0.8097165991902834,run-20260725-114746-7a34,2026-07-25T11:47:46Z
taillard/tai20_20_3,,20,20,IG-idle-greedy,2025,2239,1.268175794975832,0.7197480881691408,run-20260725-114747-011d,2026-07-25T11:47:47Z
taillard/tai20_20_4,,20,20,IG-idle-greedy,42,2326,1.2545087640173733,1.5277171540811874,run-20260725-114748-54b5,2026-07-25T11:47:48Z
taillard/tai20_20_4,,20,20,IG-idle-greedy,123,2350,1.2654343280009925,2.57529463116543,run-20260725-114750-fa92,2026-07-25T11:47:50Z
taillard/tai20_20_4,,20,20,IG-idle-greedy,456,2329,1.3363910559564829,1.6586643387167177,run-20260725-114751-1763,2026-07-25T11:47:51Z
taillard/tai20_20_4,,20,20,IG-idle-greedy,789,2324,1.256855783984065,1.4404190309908338,run-20260725-114752-0721,2026-07-25T11:47:52Z
taillard/tai20_20_4,,20,20,IG-idle-greedy,2025,2344,1.256093244010117,2.3134002618943694,run-20260725-114753-15a8,2026-07-25T11:47:53Z
taillard/tai20_20_5,,20,20,IG-idle-greedy,42,2287,2.9258537210407667,2.7403414195867026,run-20260725-114756-ae0f,2026-07-25T11:47:56Z
taillard/tai20_20_5,,20,20,IG-idle-greedy,123,2284,1.2627348940004595,2.605570530098832,run-20260725-114758-76e5,2026-07-25T11:47:58Z
taillard/tai20_20_5,,20,20,IG-idle-greedy,456,2289,2.254373209027108,2.830188679245283,run-20260725-114800-624f,2026-07-25T11:48:00Z
taillard/tai20_20_5,,20,20,IG-idle-greedy,789,2270,1.26819431403419,1.9766397124887691,run-20260725-114801-7bc7,2026-07-25T11:48:01Z
taillard/tai20_20_5,,20,20,IG-idle-greedy,2025,2289,1.2580153159797192,2.830188679245283,run-20260725-114802-0e58,2026-07-25T11:48:02Z
taillard/tai20_20_6,,20,20,IG-idle-greedy,42,2352,1.2512808259925805,3.475582930048394,run-20260725-114804-b049,2026-07-25T11:48:04Z
taillard/tai20_20_6,,20,20,IG-idle-greedy,123,2349,2.245508734951727,3.3435987681478223,run-20260725-114806-05ce,2026-07-25T11:48:06Z
taillard/tai20_20_6,,20,20,IG-idle-greedy,456,2306,1.2621761910268106,1.4518257809062913,run-20260725-114807-1b63,2026-07-25T11:48:07Z
taillard/tai20_20_6,,20,20,IG-idle-greedy,789,2343,1.2571266199811362,3.0796304443466784,run-20260725-114808-b6da,2026-07-25T11:48:08Z
taillard/tai20_20_6,,20,20,IG-idle-greedy,2025,2327,1.2550892909639515,2.375714914210295,run-20260725-114810-2760,2026-07-25T11:48:10Z
taillard/tai20_20_7,,20,20,IG-idle-greedy,42,2249,1.2519880289910361,2.227272727272727,run-20260725-114811-2c9b,2026-07-25T11:48:11Z
taillard/tai20_20_7,,20,20,IG-idle-greedy,123,2249,1.24866447300883,2.227272727272727,run-20260725-114812-2bd6,2026-07-25T11:48:12Z
taillard/tai20_20_7,,20,20,IG-idle-greedy,456,2249,1.2497445000335574,2.227272727272727,run-20260725-114813-104f,2026-07-25T11:48:13Z
taillard/tai20_20_7,,20,20,IG-idle-greedy,789,2249,1.2439945760415867,2.227272727272727,run-20260725-114815-d7e6,2026-07-25T11:48:15Z
taillard/tai20_20_7,,20,20,IG-idle-greedy,2025,2249,1.2485683559789322,2.227272727272727,run-20260725-114816-fcaf,2026-07-25T11:48:16Z
taillard/tai20_20_8,,20,20,IG-idle-greedy,42,2306,1.2498077029595152,3.0844881537773805,run-20260725-114817-d380,2026-07-25T11:48:17Z
taillard/tai20_20_8,,20,20,IG-idle-greedy,123,2254,1.2710019220248796,0.7599463567277603,run-20260725-114818-ee1d,2026-07-25T11:48:18Z
taillard/tai20_20_8,,20,20,IG-idle-greedy,456,2275,2.631364325992763,1.6987036209208761,run-20260725-114821-9873,2026-07-25T11:48:21Z
taillard/tai20_20_8,,20,20,IG-idle-greedy,789,2304,1.2572434800094925,2.9950827000447027,run-20260725-114822-118c,2026-07-25T11:48:22Z
taillard/tai20_20_8,,20,20,IG-idle-greedy,2025,2296,1.2528954820008948,2.637460885113992,run-20260725-114824-c348,2026-07-25T11:48:24Z
taillard/tai20_20_9,,20,20,IG-idle-greedy,42,2219,1.252169552957639,1.8824609733700643,run-20260725-114825-1503,2026-07-25T11:48:25Z
taillard/tai20_20_9,,20,20,IG-idle-greedy,123,2250,1.2549134279834107,3.3057851239669422,run-20260725-114826-a903,2026-07-25T11:48:26Z
taillard/tai20_20_9,,20,20,IG-idle-greedy,456,2217,2.2945614499622025,1.790633608815427,run-20260725-114828-d430,2026-07-25T11:48:28Z
taillard/tai20_20_9,,20,20,IG-idle-greedy,789,2217,2.7559707339969464,1.790633608815427,run-20260725-114831-408c,2026-07-25T11:48:31Z
taillard/tai20_20_9,,20,20,IG-idle-greedy,2025,2201,2.257535632001236,1.0560146923783287,run-20260725-114833-3490,2026-07-25T11:48:33Z
taillard/tai20_5_0,,20,5,IG-idle-greedy,42,1286,0.368413635995239,0.6259780907668232,run-20260725-114834-d693,2026-07-25T11:48:34Z
taillard/tai20_5_0,,20,5,IG-idle-greedy,123,1286,0.36693942500278354,0.6259780907668232,run-20260725-114834-cf26,2026-07-25T11:48:34Z
taillard/tai20_5_0,,20,5,IG-idle-greedy,456,1286,0.3684317630250007,0.6259780907668232,run-20260725-114835-b1d8,2026-07-25T11:48:35Z
taillard/tai20_5_0,,20,5,IG-idle-greedy,789,1286,0.37392673798603937,0.6259780907668232,run-20260725-114835-e324,2026-07-25T11:48:35Z
taillard/tai20_5_0,,20,5,IG-idle-greedy,2025,1286,0.36964723700657487,0.6259780907668232,run-20260725-114835-f31e,2026-07-25T11:48:35Z
taillard/tai20_5_1,,20,5,IG-idle-greedy,42,1360,0.3705698380363174,0.07358351729212656,run-20260725-114836-3cb3,2026-07-25T11:48:36Z
taillard/tai20_5_1,,20,5,IG-idle-greedy,123,1360,0.6441675429814495,0.07358351729212656,run-20260725-114836-709f,2026-07-25T11:48:36Z
taillard/tai20_5_1,,20,5,IG-idle-greedy,456,1360,0.3752043800195679,0.07358351729212656,run-20260725-114837-c2b9,2026-07-25T11:48:37Z
taillard/tai20_5_1,,20,5,IG-idle-greedy,789,1360,0.3827304659644142,0.07358351729212656,run-20260725-114837-677e,2026-07-25T11:48:37Z
taillard/tai20_5_1,,20,5,IG-idle-greedy,2025,1360,0.6247919850284234,0.07358351729212656,run-20260725-114838-23a5,2026-07-25T11:48:38Z
taillard/tai20_5_2,,20,5,IG-idle-greedy,42,1107,0.3711268650367856,2.4051803885291396,run-20260725-114838-70d5,2026-07-25T11:48:38Z
taillard/tai20_5_2,,20,5,IG-idle-greedy,123,1097,0.370386952010449,1.4801110083256244,run-20260725-114838-8f78,2026-07-25T11:48:38Z
taillard/tai20_5_2,,20,5,IG-idle-greedy,456,1100,0.3686501099728048,1.757631822386679,run-20260725-114839-4bcf,2026-07-25T11:48:39Z
taillard/tai20_5_2,,20,5,IG-idle-greedy,789,1122,0.3671883729984984,3.7927844588344124,run-20260725-114839-e503,2026-07-25T11:48:39Z
taillard/tai20_5_2,,20,5,IG-idle-greedy,2025,1085,0.7149417069740593,0.3700277520814061,run-20260725-114840-87a9,2026-07-25T11:48:40Z
taillard/tai20_5_3,,20,5,IG-idle-greedy,42,1299,0.3683260770048946,0.46403712296983757,run-20260725-114840-3d5e,2026-07-25T11:48:40Z
taillard/tai20_5_3,,20,5,IG-idle-greedy,123,1302,0.36867890699068084,0.6960556844547564,run-20260725-114841-690f,2026-07-25T11:48:41Z
taillard/tai20_5_3,,20,5,IG-idle-greedy,456,1304,0.36972276301821694,0.8507347254447022,run-20260725-114841-352d,2026-07-25T11:48:41Z
taillard/tai20_5_3,,20,5,IG-idle-greedy,789,1304,0.3699562760302797,0.8507347254447022,run-20260725-114841-0d41,2026-07-25T11:48:41Z
taillard/tai20_5_3,,20,5,IG-idle-greedy,2025,1314,0.36770447198068723,1.6241299303944317,run-20260725-114842-6d4b,2026-07-25T11:48:42Z
taillard/tai20_5_4,,20,5,IG-idle-greedy,42,1258,0.3676603250205517,1.779935275080906,run-20260725-114842-935b,2026-07-25T11:48:42Z
taillard/tai20_5_4,,20,5,IG-idle-greedy,123,1258,0.3669224929763004,1.779935275080906,run-20260725-114842-63c4,2026-07-25T11:48:42Z
taillard/tai20_5_4,,20,5,IG-idle-greedy,456,1258,0.3671573509927839,1.779935275080906,run-20260725-114843-8d23,2026-07-25T11:48:43Z
taillard/tai20_5_4,,20,5,IG-idle-greedy,789,1258,0.36739709600806236,1.779935275080906,run-20260725-114843-b1fc,2026-07-25T11:48:43Z
taillard/tai20_5_4,,20,5,IG-idle-greedy,2025,1256,0.3699124309932813,1.6181229773462784,run-20260725-114844-0c02,2026-07-25T11:48:44Z
taillard/tai20_5_5,,20,5,IG-idle-greedy,42,1210,0.669225238962099,1.2552301255230125,run-20260725-114844-2d7c,2026-07-25T11:48:44Z
taillard/tai20_5_5,,20,5,IG-idle-greedy,123,1210,0.3762405319721438,1.2552301255230125,run-20260725-114845-57ad,2026-07-25T11:48:45Z
taillard/tai20_5_5,,20,5,IG-idle-greedy,456,1210,0.6543868439621292,1.2552301255230125,run-20260725-114845-f7e4,2026-07-25T11:48:45Z
taillard/tai20_5_5,,20,5,IG-idle-greedy,789,1210,0.3830235020141117,1.2552301255230125,run-20260725-114846-7845,2026-07-25T11:48:46Z
taillard/tai20_5_5,,20,5,IG-idle-greedy,2025,1210,0.3712136819958687,1.2552301255230125,run-20260725-114846-dd17,2026-07-25T11:48:46Z
taillard/tai20_5_6,,20,5,IG-idle-greedy,42,1251,0.36822385498089716,0.9685230024213075,run-20260725-114846-ad6f,2026-07-25T11:48:46Z
taillard/tai20_5_6,,20,5,IG-idle-greedy,123,1251,0.3696667089825496,0.9685230024213075,run-20260725-114847-4c0b,2026-07-25T11:48:47Z
taillard/tai20_5_6,,20,5,IG-idle-greedy,456,1251,0.3673610810074024,0.9685230024213075,run-20260725-114847-5882,2026-07-25T11:48:47Z
taillard/tai20_5_6,,20,5,IG-idle-greedy,789,1251,0.36801159899914637,0.9685230024213075,run-20260725-114848-4108,2026-07-25T11:48:48Z
taillard/tai20_5_6,,20,5,IG-idle-greedy,2025,1251,0.36751074297353625,0.9685230024213075,run-20260725-114848-4f69,2026-07-25T11:48:48Z
taillard/tai20_5_7,,20,5,IG-idle-greedy,42,1212,0.3681011810549535,0.4975124378109453,run-20260725-114848-5627,2026-07-25T11:48:48Z
taillard/tai20_5_7,,20,5,IG-idle-greedy,123,1212,0.365986383985728,0.4975124378109453,run-20260725-114849-2389,2026-07-25T11:48:49Z
taillard/tai20_5_7,,20,5,IG-idle-greedy,456,1212,0.36903718998655677,0.4975124378109453,run-20260725-114849-26c2,2026-07-25T11:48:49Z
taillard/tai20_5_7,,20,5,IG-idle-greedy,789,1212,0.3684106740402058,0.4975124378109453,run-20260725-114849-8eb7,2026-07-25T11:48:49Z
taillard/tai20_5_7,,20,5,IG-idle-greedy,2025,1212,0.3701931579853408,0.4975124378109453,run-20260725-114850-78e6,2026-07-25T11:48:50Z
taillard/tai20_5_8,,20,5,IG-idle-greedy,42,1255,0.4656675350270234,2.032520325203252,run-20260725-114850-09b7,2026-07-25T11:48:50Z
taillard/tai20_5_8,,20,5,IG-idle-greedy,123,1272,0.36884380294941366,3.4146341463414633,run-20260725-114851-ae53,2026-07-25T11:48:51Z
taillard/tai20_5_8,,20,5,IG-idle-greedy,456,1261,0.36836089397547767,2.5203252032520327,run-20260725-114851-84a4,2026-07-25T11:48:51Z
taillard/tai20_5_8,,20,5,IG-idle-greedy,789,1255,0.3705609669559635,2.032520325203252,run-20260725-114851-6b64,2026-07-25T11:48:51Z
taillard/tai20_5_8,,20,5,IG-idle-greedy,2025,1261,0.368748634995427,2.5203252032520327,run-20260725-114852-5255,2026-07-25T11:48:52Z
taillard/tai20_5_9,,20,5,IG-idle-greedy,42,1108,0.6570137420203537,0.0,run-20260725-114852-c19e,2026-07-25T11:48:52Z
taillard/tai20_5_9,,20,5,IG-idle-greedy,123,1110,0.3739782790071331,0.18050541516245489,run-20260725-114853-3cc9,2026-07-25T11:48:53Z
taillard/tai20_5_9,,20,5,IG-idle-greedy,456,1108,0.3719371350016445,0.0,run-20260725-114853-e7a5,2026-07-25T11:48:53Z
taillard/tai20_5_9,,20,5,IG-idle-greedy,789,1108,0.657955271017272,0.0,run-20260725-114854-ec14,2026-07-25T11:48:54Z
taillard/tai20_5_9,,20,5,IG-idle-greedy,2025,1109,0.6602444890304469,0.09025270758122744,run-20260725-114854-b2c6,2026-07-25T11:48:54Z
taillard/tai500_20_0,,500,20,IG-idle-greedy,42,26377,74.97882825398119,0.7178586429416931,run-20260725-115009-2478,2026-07-25T11:50:09Z
taillard/tai500_20_0,,500,20,IG-idle-greedy,123,26483,72.53817184601212,1.1226087288556263,run-20260725-115122-4a05,2026-07-25T11:51:22Z
taillard/tai500_20_0,,500,20,IG-idle-greedy,456,26381,74.17186335200677,0.7331322310893886,run-20260725-115236-606e,2026-07-25T11:52:36Z
taillard/tai500_20_0,,500,20,IG-idle-greedy,789,26409,73.790775913978,0.8400473481232579,run-20260725-115350-7f02,2026-07-25T11:53:50Z
taillard/tai500_20_0,,500,20,IG-idle-greedy,2025,26478,72.94113338500028,1.103516743671007,run-20260725-115503-cb79,2026-07-25T11:55:03Z
taillard/tai500_20_1,,500,20,IG-idle-greedy,42,26962,74.33435079304036,1.2505163543505202,run-20260725-115617-98c0,2026-07-25T11:56:17Z
taillard/tai500_20_1,,500,20,IG-idle-greedy,123,27003,73.08289537398377,1.4044838334146983,run-20260725-115730-62a2,2026-07-25T11:57:30Z
taillard/tai500_20_1,,500,20,IG-idle-greedy,456,27016,73.10191614896758,1.453302790191145,run-20260725-115843-63d2,2026-07-25T11:58:43Z
taillard/tai500_20_1,,500,20,IG-idle-greedy,789,27017,73.58485765900696,1.457058094558564,run-20260725-115957-d958,2026-07-25T11:59:57Z
taillard/tai500_20_1,,500,20,IG-idle-greedy,2025,26989,72.80433589295717,1.3519095722708325,run-20260725-120110-f269,2026-07-25T12:01:10Z
taillard/tai500_20_2,,500,20,IG-idle-greedy,42,26811,72.5035845360253,1.3341900370398367,run-20260725-120222-7f37,2026-07-25T12:02:22Z
taillard/tai500_20_2,,500,20,IG-idle-greedy,123,26740,72.94021515996428,1.0658401995615694,run-20260725-120335-a1f4,2026-07-25T12:03:35Z
taillard/tai500_20_2,,500,20,IG-idle-greedy,456,26759,74.07213046494871,1.137652127900824,run-20260725-120449-8afd,2026-07-25T12:04:49Z
taillard/tai500_20_2,,500,20,IG-idle-greedy,789,26747,73.58222397096688,1.092297225791821,run-20260725-120603-b7fc,2026-07-25T12:06:03Z
taillard/tai500_20_2,,500,20,IG-idle-greedy,2025,26781,72.8364834979875,1.2208027817673293,run-20260725-120716-bcd9,2026-07-25T12:07:16Z
taillard/tai500_20_3,,500,20,IG-idle-greedy,42,26922,72.58456774597289,1.4049493389581529,run-20260725-120828-56ec,2026-07-25T12:08:28Z
taillard/tai500_20_3,,500,20,IG-idle-greedy,123,26934,72.47244742501061,1.4501487814983616,run-20260725-120941-e334,2026-07-25T12:09:41Z
taillard/tai500_20_3,,500,20,IG-idle-greedy,456,26796,73.28505543404026,0.9303551922859618,run-20260725-121054-1da3,2026-07-25T12:10:54Z
taillard/tai500_20_3,,500,20,IG-idle-greedy,789,26818,73.57923050300451,1.0132208369430111,run-20260725-121208-5178,2026-07-25T12:12:08Z
taillard/tai500_20_3,,500,20,IG-idle-greedy,2025,26849,72.63177664199611,1.1299860635052168,run-20260725-121320-bac2,2026-07-25T12:13:20Z
taillard/tai500_20_4,,500,20,IG-idle-greedy,42,26627,72.43209086102434,0.8445690046962582,run-20260725-121433-fa8b,2026-07-25T12:14:33Z
taillard/tai500_20_4,,500,20,IG-idle-greedy,123,26594,72.19035169301787,0.7195879412210271,run-20260725-121545-777e,2026-07-25T12:15:45Z
taillard/tai500_20_4,,500,20,IG-idle-greedy,456,26575,72.47309779800707,0.6476291470989244,run-20260725-121657-9d6d,2026-07-25T12:16:57Z
taillard/tai500_20_4,,500,20,IG-idle-greedy,789,26647,72.44112641300308,0.9203151037721558,run-20260725-121810-8135,2026-07-25T12:18:10Z
taillard/tai500_20_4,,500,20,IG-idle-greedy,2025,26585,72.38752269098768,0.6855021966368732,run-20260725-121922-2a63,2026-07-25T12:19:22Z
taillard/tai500_20_5,,500,20,IG-idle-greedy,42,26803,73.8391463989974,0.8351830254693202,run-20260725-122036-0cfc,2026-07-25T12:20:36Z
taillard/tai500_20_5,,500,20,IG-idle-greedy,123,26791,77.74037893803325,0.7900379970655732,run-20260725-122154-c471,2026-07-25T12:21:54Z
taillard/tai500_20_5,,500,20,IG-idle-greedy,456,26736,76.88395139394561,0.5831232835483993,run-20260725-122311-ad0b,2026-07-25T12:23:11Z
taillard/tai500_20_5,,500,20,IG-idle-greedy,789,26826,73.71187110402388,0.921710996576502,run-20260725-122424-f923,2026-07-25T12:24:24Z
taillard/tai500_20_5,,500,20,IG-idle-greedy,2025,26896,72.36831668199738,1.1850569955983596,run-20260725-122537-7766,2026-07-25T12:25:37Z
taillard/tai500_20_6,,500,20,IG-idle-greedy,42,26668,73.48797671595821,0.7822833604172178,run-20260725-122650-052d,2026-07-25T12:26:50Z
taillard/tai500_20_6,,500,20,IG-idle-greedy,123,26701,72.69571942504263,0.9069952004837307,run-20260725-122803-aab8,2026-07-25T12:28:03Z
taillard/tai500_20_6,,500,20,IG-idle-greedy,456,26683,72.86142579501029,0.838970560447451,run-20260725-122916-1f4c,2026-07-25T12:29:16Z
taillard/tai500_20_6,,500,20,IG-idle-greedy,789,26716,73.21790148800937,0.9636824005139639,run-20260725-123029-2a0c,2026-07-25T12:30:29Z
taillard/tai500_20_6,,500,20,IG-idle-greedy,2025,26749,72.50715502700768,1.088394240580477,run-20260725-123142-dc17,2026-07-25T12:31:42Z
taillard/tai500_20_7,,500,20,IG-idle-greedy,42,26929,73.42605809302768,1.1797858350554198,run-20260725-123255-b290,2026-07-25T12:32:55Z
taillard/tai500_20_7,,500,20,IG-idle-greedy,123,26971,72.76684871298494,1.337591583693406,run-20260725-123408-6da4,2026-07-25T12:34:08Z
taillard/tai500_20_7,,500,20,IG-idle-greedy,456,26984,74.09272002498619,1.386436220176592,run-20260725-123522-a65e,2026-07-25T12:35:22Z
taillard/tai500_20_7,,500,20,IG-idle-greedy,789,26960,72.97706974897301,1.2962615066691716,run-20260725-123635-b1f4,2026-07-25T12:36:35Z
taillard/tai500_20_7,,500,20,IG-idle-greedy,2025,27007,73.17733803903684,1.472853653954537,run-20260725-123748-4125,2026-07-25T12:37:48Z
taillard/tai500_20_8,,500,20,IG-idle-greedy,42,26294,74.86440384498565,0.8089560249971246,run-20260725-123903-85a1,2026-07-25T12:39:03Z
taillard/tai500_20_8,,500,20,IG-idle-greedy,123,26316,74.58979952399386,0.8933021508262087,run-20260725-124017-6886,2026-07-25T12:40:17Z
taillard/tai500_20_8,,500,20,IG-idle-greedy,456,26478,72.86871029000031,1.5143963501131006,run-20260725-124130-af73,2026-07-25T12:41:30Z
taillard/tai500_20_8,,500,20,IG-idle-greedy,789,26523,72.98973064601887,1.6869225165816815,run-20260725-124243-499f,2026-07-25T12:42:43Z
taillard/tai500_20_8,,500,20,IG-idle-greedy,2025,26317,145.38886059902143,0.8971360656366215,run-20260725-124509-135c,2026-07-25T12:45:09Z
taillard/tai500_20_9,,500,20,IG-idle-greedy,42,26754,74.5079147919896,0.8557318958042749,run-20260725-124623-10e5,2026-07-25T12:46:23Z
taillard/tai500_20_9,,500,20,IG-idle-greedy,123,26758,79.73662049800623,0.8708108719417952,run-20260725-124743-6d41,2026-07-25T12:47:43Z
taillard/tai500_20_9,,500,20,IG-idle-greedy,456,26772,73.99416931404267,0.9235872884231161,run-20260725-124857-1199,2026-07-25T12:48:57Z
taillard/tai500_20_9,,500,20,IG-idle-greedy,789,26692,79.64655541902175,0.6220077656727109,run-20260725-125017-87d0,2026-07-25T12:50:17Z
taillard/tai500_20_9,,500,20,IG-idle-greedy,2025,26745,74.37762717396254,0.8218041994948543,run-20260725-125131-fe91,2026-07-25T12:51:31Z
taillard/tai50_10_0,,50,10,IG-idle-greedy,42,3105,1.5466992859728634,2.644628099173554,run-20260725-125133-e0d6,2026-07-25T12:51:33Z
taillard/tai50_10_0,,50,10,IG-idle-greedy,123,3103,4.973953098990023,2.5785123966942147,run-20260725-125138-9bd2,2026-07-25T12:51:38Z
taillard/tai50_10_0,,50,10,IG-idle-greedy,456,3103,1.539623250020668,2.5785123966942147,run-20260725-125139-74cc,2026-07-25T12:51:39Z
taillard/tai50_10_0,,50,10,IG-idle-greedy,789,3103,1.555014779965859,2.5785123966942147,run-20260725-125141-7ce1,2026-07-25T12:51:41Z
taillard/tai50_10_0,,50,10,IG-idle-greedy,2025,3067,1.5440963289584033,1.3884297520661157,run-20260725-125142-683d,2026-07-25T12:51:42Z
taillard/tai50_10_1,,50,10,IG-idle-greedy,42,2960,1.5551306870183907,2.351313969571231,run-20260725-125144-91fb,2026-07-25T12:51:44Z
taillard/tai50_10_1,,50,10,IG-idle-greedy,123,2965,1.5679853449692018,2.524204702627939,run-20260725-125145-2a1d,2026-07-25T12:51:45Z
taillard/tai50_10_1,,50,10,IG-idle-greedy,456,2953,1.554199428006541,2.1092669432918396,run-20260725-125147-266a,2026-07-25T12:51:47Z
taillard/tai50_10_1,,50,10,IG-idle-greedy,789,2955,1.552851387008559,2.1784232365145226,run-20260725-125148-a40b,2026-07-25T12:51:48Z
taillard/tai50_10_1,,50,10,IG-idle-greedy,2025,2957,1.5697328189853579,2.247579529737206,run-20260725-125150-65df,2026-07-25T12:51:50Z
taillard/tai50_10_2,,50,10,IG-idle-greedy,42,2942,1.6533133480115794,2.723463687150838,run-20260725-125152-14a0,2026-07-25T12:51:52Z
taillard/tai50_10_2,,50,10,IG-idle-greedy,123,2922,1.5653729279874824,2.025139664804469,run-20260725-125153-1710,2026-07-25T12:51:53Z
taillard/tai50_10_2,,50,10,IG-idle-greedy,456,2904,3.2731738399597816,1.3966480446927374,run-20260725-125156-3c0d,2026-07-25T12:51:56Z
taillard/tai50_10_2,,50,10,IG-idle-greedy,789,2949,2.9253842189791612,2.967877094972067,run-20260725-125159-3bea,2026-07-25T12:51:59Z
taillard/tai50_10_2,,50,10,IG-idle-greedy,2025,2932,2.9361952579929493,2.374301675977654,run-20260725-125202-8b85,2026-07-25T12:52:02Z
taillard/tai50_10_3,,50,10,IG-idle-greedy,42,3114,1.5392448980128393,1.6318537859007833,run-20260725-125204-b10a,2026-07-25T12:52:04Z
taillard/tai50_10_3,,50,10,IG-idle-greedy,123,3085,2.9216180099756457,0.685378590078329,run-20260725-125207-cb50,2026-07-25T12:52:07Z
taillard/tai50_10_3,,50,10,IG-idle-greedy,456,3071,1.5915049140457995,0.22845953002610966,run-20260725-125208-b5f5,2026-07-25T12:52:08Z
taillard/tai50_10_3,,50,10,IG-idle-greedy,789,3160,1.5389296709909104,3.133159268929504,run-20260725-125210-393b,2026-07-25T12:52:10Z
taillard/tai50_10_3,,50,10,IG-idle-greedy,2025,3075,1.5550170529750176,0.35900783289817234,run-20260725-125212-0e3e,2026-07-25T12:52:12Z
taillard/tai50_10_4,,50,10,IG-idle-greedy,42,3111,1.5411375929834321,4.186202277294039,run-20260725-125213-fddf,2026-07-25T12:52:13Z
taillard/tai50_10_4,,50,10,IG-idle-greedy,123,3045,1.5857969890348613,1.9758874748827864,run-20260725-125215-938a,2026-07-25T12:52:15Z
taillard/tai50_10_4,,50,10,IG-idle-greedy,456,3074,1.5475088900420815,2.9470864032150033,run-20260725-125216-c461,2026-07-25T12:52:16Z
taillard/tai50_10_4,,50,10,IG-idle-greedy,789,3108,1.5376310809515417,4.085733422638982,run-20260725-125218-eb8b,2026-07-25T12:52:18Z
taillard/tai50_10_4,,50,10,IG-idle-greedy,2025,3069,2.9454730830038898,2.7796383121232418,run-20260725-125221-dc12,2026-07-25T12:52:21Z
taillard/tai50_10_5,,50,10,IG-idle-greedy,42,3155,1.5635170910391025,4.956753160345975,run-20260725-125222-c263,2026-07-25T12:52:22Z
taillard/tai50_10_5,,50,10,IG-idle-greedy,123,3169,1.5466321679996327,5.422488356620093,run-20260725-125224-6b9c,2026-07-25T12:52:24Z
taillard/tai50_10_5,,50,10,IG-idle-greedy,456,3140,1.6134022560436279,4.45775116433799,run-20260725-125225-2eff,2026-07-25T12:52:25Z
taillard/tai50_10_5,,50,10,IG-idle-greedy,789,3083,1.5885366820148192,2.5615435795076515,run-20260725-125227-6542,2026-07-25T12:52:27Z
taillard/tai50_10_5,,50,10,IG-idle-greedy,2025,3158,1.563979723956436,5.056553559547572,run-20260725-125229-f7b9,2026-07-25T12:52:29Z
taillard/tai50_10_6,,50,10,IG-idle-greedy,42,3172,1.5632309810025617,2.092050209205021,run-20260725-125230-3f7b,2026-07-25T12:52:30Z
taillard/tai50_10_6,,50,10,IG-idle-greedy,123,3158,2.385792700049933,1.6414547795300933,run-20260725-125233-cc79,2026-07-25T12:52:33Z
taillard/tai50_10_6,,50,10,IG-idle-greedy,456,3197,1.5507931360043585,2.896684905053106,run-20260725-125234-9a0a,2026-07-25T12:52:34Z
taillard/tai50_10_6,,50,10,IG-idle-greedy,789,3195,1.5407459729467519,2.832314129385259,run-20260725-125236-2eb5,2026-07-25T12:52:36Z
taillard/tai50_10_6,,50,10,IG-idle-greedy,2025,3186,1.5478637949563563,2.5426456388799483,run-20260725-125237-864b,2026-07-25T12:52:37Z
taillard/tai50_10_7,,50,10,IG-idle-greedy,42,3071,1.5637123439810239,1.0529779532741033,run-20260725-125239-e433,2026-07-25T12:52:39Z
taillard/tai50_10_7,,50,10,IG-idle-greedy,123,3065,1.5629555819905363,0.855544587035209,run-20260725-125240-ec49,2026-07-25T12:52:40Z
taillard/tai50_10_7,,50,10,IG-idle-greedy,456,3054,1.5460975770256482,0.49358341559723595,run-20260725-125242-9eb7,2026-07-25T12:52:42Z
taillard/tai50_10_7,,50,10,IG-idle-greedy,789,3090,1.554005493002478,1.6781836130306023,run-20260725-125243-3224,2026-07-25T12:52:43Z
taillard/tai50_10_7,,50,10,IG-idle-greedy,2025,3054,1.5699370749644004,0.49358341559723595,run-20260725-125245-3699,2026-07-25T12:52:45Z
taillard/tai50_10_8,,50,10,IG-idle-greedy,42,2967,2.927242542966269,2.2398345968297724,run-20260725-125248-8660,2026-07-25T12:52:48Z
taillard/tai50_10_8,,50,10,IG-idle-greedy,123,2961,2.925410131982062,2.033080634045486,run-20260725-125251-3c80,2026-07-25T12:52:51Z
taillard/tai50_10_8,,50,10,IG-idle-greedy,456,2970,1.5359985600225627,2.343211578221916,run-20260725-125252-79e1,2026-07-25T12:52:52Z
taillard/tai50_10_8,,50,10,IG-idle-greedy,789,2961,1.5458331810077652,2.033080634045486,run-20260725-125254-6925,2026-07-25T12:52:54Z
taillard/tai50_10_8,,50,10,IG-idle-greedy,2025,2944,1.5523818450164981,1.447277739490007,run-20260725-125255-a5bc,2026-07-25T12:52:55Z
taillard/tai50_10_9,,50,10,IG-idle-greedy,42,3144,1.6588458739570342,1.7146554513102557,run-20260725-125257-ba40,2026-07-25T12:52:57Z
taillard/tai50_10_9,,50,10,IG-idle-greedy,123,3143,1.6419842470204458,1.6823034616628922,run-20260725-125259-d9b4,2026-07-25T12:52:59Z
taillard/tai50_10_9,,50,10,IG-idle-greedy,456,3131,1.5627463240525685,1.2940795858945324,run-20260725-125300-8b95,2026-07-25T12:53:00Z
taillard/tai50_10_9,,50,10,IG-idle-greedy,789,3162,1.570739111979492,2.296991264962795,run-20260725-125302-64d3,2026-07-25T12:53:02Z
taillard/tai50_10_9,,50,10,IG-idle-greedy,2025,3190,1.545367315004114,3.202846975088968,run-20260725-125303-c8bc,2026-07-25T12:53:03Z
taillard/tai50_20_0,,50,20,IG-idle-greedy,42,3949,2.9406842369935475,1.9096774193548387,run-20260725-125306-7af4,2026-07-25T12:53:06Z
taillard/tai50_20_0,,50,20,IG-idle-greedy,123,3958,3.0054867650032975,2.141935483870968,run-20260725-125309-8ae2,2026-07-25T12:53:09Z
taillard/tai50_20_0,,50,20,IG-idle-greedy,456,3988,2.91389991203323,2.9161290322580644,run-20260725-125312-45dc,2026-07-25T12:53:12Z
taillard/tai50_20_0,,50,20,IG-idle-greedy,789,4006,2.887143722968176,3.3806451612903228,run-20260725-125315-65ed,2026-07-25T12:53:15Z
taillard/tai50_20_0,,50,20,IG-idle-greedy,2025,4031,2.886735521024093,4.025806451612903,run-20260725-125318-2245,2026-07-25T12:53:18Z
taillard/tai50_20_1,,50,20,IG-idle-greedy,42,3890,2.8812844550120644,4.710632570659489,run-20260725-125321-1863,2026-07-25T12:53:21Z
taillard/tai50_20_1,,50,20,IG-idle-greedy,123,3894,2.8788678999990225,4.818304172274563,run-20260725-125324-047b,2026-07-25T12:53:24Z
taillard/tai50_20_1,,50,20,IG-idle-greedy,456,3890,2.878844577993732,4.710632570659489,run-20260725-125327-6d3c,2026-07-25T12:53:27Z
taillard/tai50_20_1,,50,20,IG-idle-greedy,789,3869,2.905506351031363,4.14535666218035,run-20260725-125330-6c08,2026-07-25T12:53:30Z
taillard/tai50_20_1,,50,20,IG-idle-greedy,2025,3887,2.8958103129989468,4.629878869448183,run-20260725-125333-40fd,2026-07-25T12:53:33Z
taillard/tai50_20_2,,50,20,IG-idle-greedy,42,3762,3.16793052299181,2.5627044711014175,run-20260725-125336-5c7b,2026-07-25T12:53:36Z
taillard/tai50_20_2,,50,20,IG-idle-greedy,123,3827,2.945675706025213,4.334787350054525,run-20260725-125339-9856,2026-07-25T12:53:39Z
taillard/tai50_20_2,,50,20,IG-idle-greedy,456,3773,2.9405221869819798,2.8625954198473282,run-20260725-125342-e1d8,2026-07-25T12:53:42Z
taillard/tai50_20_2,,50,20,IG-idle-greedy,789,3756,2.962895164033398,2.399127589967285,run-20260725-125345-f109,2026-07-25T12:53:45Z
taillard/tai50_20_2,,50,20,IG-idle-greedy,2025,3771,3.0011144090094604,2.808069792802617,run-20260725-125348-e7ab,2026-07-25T12:53:48Z
taillard/tai50_20_3,,50,20,IG-idle-greedy,42,3946,2.8771561740431935,5.1705756929637525,run-20260725-125350-4f3b,2026-07-25T12:53:50Z
taillard/tai50_20_3,,50,20,IG-idle-greedy,123,3891,2.913621910964139,3.704690831556503,run-20260725-125353-1b95,2026-07-25T12:53:53Z
taillard/tai50_20_3,,50,20,IG-idle-greedy,456,3951,2.877283298992552,5.303837953091684,run-20260725-125356-c27b,2026-07-25T12:53:56Z
taillard/tai50_20_3,,50,20,IG-idle-greedy,789,3946,2.8791188820032403,5.1705756929637525,run-20260725-125359-4b3d,2026-07-25T12:53:59Z
taillard/tai50_20_3,,50,20,IG-idle-greedy,2025,3890,2.9133743380079977,3.678038379530917,run-20260725-125402-7900,2026-07-25T12:54:02Z
taillard/tai50_20_4,,50,20,IG-idle-greedy,42,3762,3.0122461409773678,3.4938101788170566,run-20260725-125405-0459,2026-07-25T12:54:05Z
taillard/tai50_20_4,,50,20,IG-idle-greedy,123,3728,5.435428329044953,2.5584594222833563,run-20260725-125410-f11d,2026-07-25T12:54:10Z
taillard/tai50_20_4,,50,20,IG-idle-greedy,456,3778,2.9029614540049806,3.9339752407152684,run-20260725-125413-cde6,2026-07-25T12:54:13Z
taillard/tai50_20_4,,50,20,IG-idle-greedy,789,3694,6.656430214992724,1.623108665749656,run-20260725-125420-139c,2026-07-25T12:54:20Z
taillard/tai50_20_4,,50,20,IG-idle-greedy,2025,3778,3.000358782999683,3.9339752407152684,run-20260725-125423-884b,2026-07-25T12:54:23Z
taillard/tai50_20_5,,50,20,IG-idle-greedy,42,3867,2.9057485929806717,4.570037858301784,run-20260725-125426-5b66,2026-07-25T12:54:26Z
taillard/tai50_20_5,,50,20,IG-idle-greedy,123,3853,2.897942026029341,4.191454840454299,run-20260725-125429-94cf,2026-07-25T12:54:29Z
taillard/tai50_20_5,,50,20,IG-idle-greedy,456,3845,2.887003264040686,3.9751216873985937,run-20260725-125432-b8f2,2026-07-25T12:54:32Z
taillard/tai50_20_5,,50,20,IG-idle-greedy,789,3805,2.9194768560118973,2.893455922120065,run-20260725-125435-c16d,2026-07-25T12:54:35Z
taillard/tai50_20_5,,50,20,IG-idle-greedy,2025,3808,2.8914207209600136,2.9745808545159544,run-20260725-125438-2e09,2026-07-25T12:54:38Z
taillard/tai50_20_6,,50,20,IG-idle-greedy,42,3895,2.903110035986174,4.817007534983854,run-20260725-125440-51cf,2026-07-25T12:54:40Z
taillard/tai50_20_6,,50,20,IG-idle-greedy,123,3840,2.999018636997789,3.3369214208826694,run-20260725-125443-1d4b,2026-07-25T12:54:43Z
taillard/tai50_20_6,,50,20,IG-idle-greedy,456,3902,2.9063110449933447,5.005382131324004,run-20260725-125446-0f7d,2026-07-25T12:54:46Z
taillard/tai50_20_6,,50,20,IG-idle-greedy,789,3843,2.9352882449747995,3.417653390742734,run-20260725-125449-c00a,2026-07-25T12:54:49Z
taillard/tai50_20_6,,50,20,IG-idle-greedy,2025,3863,2.9451701890211552,3.9558665231431647,run-20260725-125452-fde1,2026-07-25T12:54:52Z
taillard/tai50_20_7,,50,20,IG-idle-greedy,42,3850,2.9671830969746225,3.8015637638177404,run-20260725-125455-8246,2026-07-25T12:54:55Z
taillard/tai50_20_7,,50,20,IG-idle-greedy,123,3868,5.537183338019531,4.286869776220005,run-20260725-125501-12c5,2026-07-25T12:55:01Z
taillard/tai50_20_7,,50,20,IG-idle-greedy,456,3856,2.9578900529886596,3.9633324346184957,run-20260725-125504-5fd5,2026-07-25T12:55:04Z
taillard/tai50_20_7,,50,20,IG-idle-greedy,789,3890,2.888926047948189,4.880021569156106,run-20260725-125507-888d,2026-07-25T12:55:07Z
taillard/tai50_20_7,,50,20,IG-idle-greedy,2025,3901,2.8996006490197033,5.176597465624157,run-20260725-125510-7596,2026-07-25T12:55:10Z
taillard/tai50_20_8,,50,20,IG-idle-greedy,42,3851,6.096868950990029,2.2841965471447545,run-20260725-125516-3e94,2026-07-25T12:55:16Z
taillard/tai50_20_8,,50,20,IG-idle-greedy,123,3862,5.512097530008759,2.5763612217795484,run-20260725-125521-d9c9,2026-07-25T12:55:21Z
taillard/tai50_20_8,,50,20,IG-idle-greedy,456,3846,3.517243198992219,2.151394422310757,run-20260725-125525-5935,2026-07-25T12:55:25Z
taillard/tai50_20_8,,50,20,IG-idle-greedy,789,3860,3.1208461690112017,2.5232403718459495,run-20260725-125528-0be0,2026-07-25T12:55:28Z
taillard/tai50_20_8,,50,20,IG-idle-greedy,2025,3854,5.603397972008679,2.363877822045153,run-20260725-125533-0185,2026-07-25T12:55:33Z
taillard/tai50_20_9,,50,20,IG-idle-greedy,42,3884,2.9863057500333525,2.8329361927455654,run-20260725-125536-7f09,2026-07-25T12:55:36Z
taillard/tai50_20_9,,50,20,IG-idle-greedy,123,3939,2.8903727949946187,4.289118347895155,run-20260725-125539-8721,2026-07-25T12:55:39Z
taillard/tai50_20_9,,50,20,IG-idle-greedy,456,3918,2.91267168399645,3.733121525019857,run-20260725-125542-6f08,2026-07-25T12:55:42Z
taillard/tai50_20_9,,50,20,IG-idle-greedy,789,3912,2.911564356996678,3.574265289912629,run-20260725-125545-d00f,2026-07-25T12:55:45Z
taillard/tai50_20_9,,50,20,IG-idle-greedy,2025,3967,2.882847460976336,5.030447445062219,run-20260725-125548-b1af,2026-07-25T12:55:48Z
taillard/tai50_5_0,,50,5,IG-idle-greedy,42,2724,0.8670956370187923,0.0,run-20260725-125549-7236,2026-07-25T12:55:49Z
taillard/tai50_5_0,,50,5,IG-idle-greedy,123,2729,0.865570077963639,0.18355359765051396,run-20260725-125550-24ff,2026-07-25T12:55:50Z
taillard/tai50_5_0,,50,5,IG-idle-greedy,456,2729,0.8606702350080013,0.18355359765051396,run-20260725-125551-3662,2026-07-25T12:55:51Z
taillard/tai50_5_0,,50,5,IG-idle-greedy,789,2729,0.8713556199800223,0.18355359765051396,run-20260725-125551-26db,2026-07-25T12:55:51Z
taillard/tai50_5_0,,50,5,IG-idle-greedy,2025,2724,1.6305853049852885,0.0,run-20260725-125553-2259,2026-07-25T12:55:53Z
taillard/tai50_5_1,,50,5,IG-idle-greedy,42,2838,1.6337637819815427,0.14114326040931546,run-20260725-125555-7656,2026-07-25T12:55:55Z
taillard/tai50_5_1,,50,5,IG-idle-greedy,123,2838,1.634718670975417,0.14114326040931546,run-20260725-125556-6fad,2026-07-25T12:55:56Z
taillard/tai50_5_1,,50,5,IG-idle-greedy,456,2838,1.6435561070102267,0.14114326040931546,run-20260725-125558-c671,2026-07-25T12:55:58Z
taillard/tai50_5_1,,50,5,IG-idle-greedy,789,2838,1.63964255299652,0.14114326040931546,run-20260725-125600-ca7f,2026-07-25T12:56:00Z
taillard/tai50_5_1,,50,5,IG-idle-greedy,2025,2838,0.8638843270018697,0.14114326040931546,run-20260725-125600-7576,2026-07-25T12:56:00Z
taillard/tai50_5_2,,50,5,IG-idle-greedy,42,2621,1.6443723239935935,0.0,run-20260725-125602-7f3b,2026-07-25T12:56:02Z
taillard/tai50_5_2,,50,5,IG-idle-greedy,123,2622,0.8794055600301363,0.03815337657382678,run-20260725-125603-1887,2026-07-25T12:56:03Z
taillard/tai50_5_2,,50,5,IG-idle-greedy,456,2622,0.9063505210215226,0.03815337657382678,run-20260725-125604-91ef,2026-07-25T12:56:04Z
taillard/tai50_5_2,,50,5,IG-idle-greedy,789,2621,1.6627873940160498,0.0,run-20260725-125606-8f70,2026-07-25T12:56:06Z
taillard/tai50_5_2,,50,5,IG-idle-greedy,2025,2622,0.9023982979706489,0.03815337657382678,run-20260725-125606-a4e3,2026-07-25T12:56:06Z
taillard/tai50_5_3,,50,5,IG-idle-greedy,42,2771,0.8657257320010103,0.7270083605961468,run-20260725-125607-ba01,2026-07-25T12:56:07Z
taillard/tai50_5_3,,50,5,IG-idle-greedy,123,2768,0.8632197490078397,0.6179571065067249,run-20260725-125608-b168,2026-07-25T12:56:08Z
taillard/tai50_5_3,,50,5,IG-idle-greedy,456,2762,0.8689322370337322,0.3998545983278808,run-20260725-125609-8f3f,2026-07-25T12:56:09Z
taillard/tai50_5_3,,50,5,IG-idle-greedy,789,2771,0.8647407729877159,0.7270083605961468,run-20260725-125610-bc6f,2026-07-25T12:56:10Z
taillard/tai50_5_3,,50,5,IG-idle-greedy,2025,2762,1.6340243210433982,0.3998545983278808,run-20260725-125612-a8c3,2026-07-25T12:56:12Z
taillard/tai50_5_4,,50,5,IG-idle-greedy,42,2864,0.8763717139954679,0.0349283967865875,run-20260725-125612-820f,2026-07-25T12:56:12Z
taillard/tai50_5_4,,50,5,IG-idle-greedy,123,2864,0.877879046020098,0.0349283967865875,run-20260725-125613-5308,2026-07-25T12:56:13Z
taillard/tai50_5_4,,50,5,IG-idle-greedy,456,2864,0.8660610390361398,0.0349283967865875,run-20260725-125614-34af,2026-07-25T12:56:14Z
taillard/tai50_5_4,,50,5,IG-idle-greedy,789,2864,0.8792670390103012,0.0349283967865875,run-20260725-125615-649a,2026-07-25T12:56:15Z
taillard/tai50_5_4,,50,5,IG-idle-greedy,2025,2864,0.8642206689692102,0.0349283967865875,run-20260725-125616-f042,2026-07-25T12:56:16Z
taillard/tai50_5_5,,50,5,IG-idle-greedy,42,2836,1.633619939966593,0.24743725698126545,run-20260725-125618-42b3,2026-07-25T12:56:18Z
taillard/tai50_5_5,,50,5,IG-idle-greedy,123,2834,1.6257047439576127,0.17674089784376104,run-20260725-125619-09fa,2026-07-25T12:56:19Z
taillard/tai50_5_5,,50,5,IG-idle-greedy,456,2834,1.6376034609857015,0.17674089784376104,run-20260725-125621-57dc,2026-07-25T12:56:21Z
taillard/tai50_5_5,,50,5,IG-idle-greedy,789,2836,0.8660557730472647,0.24743725698126545,run-20260725-125622-34c7,2026-07-25T12:56:22Z
taillard/tai50_5_5,,50,5,IG-idle-greedy,2025,2836,0.8693969500018284,0.24743725698126545,run-20260725-125623-c1c3,2026-07-25T12:56:23Z
taillard/tai50_5_6,,50,5,IG-idle-greedy,42,2725,0.883720320998691,0.0,run-20260725-125623-9549,2026-07-25T12:56:23Z
taillard/tai50_5_6,,50,5,IG-idle-greedy,123,2728,0.8888315100339241,0.11009174311926606,run-20260725-125624-a729,2026-07-25T12:56:24Z
taillard/tai50_5_6,,50,5,IG-idle-greedy,456,2732,0.8929867389961146,0.25688073394495414,run-20260725-125625-d1f7,2026-07-25T12:56:25Z
taillard/tai50_5_6,,50,5,IG-idle-greedy,789,2725,0.8822276120190509,0.0,run-20260725-125626-5e50,2026-07-25T12:56:26Z
taillard/tai50_5_6,,50,5,IG-idle-greedy,2025,2735,1.4461493670241907,0.3669724770642202,run-20260725-125628-3f46,2026-07-25T12:56:28Z
taillard/tai50_5_7,,50,5,IG-idle-greedy,42,2686,0.8745608140015975,0.11181513231457324,run-20260725-125628-da85,2026-07-25T12:56:28Z
taillard/tai50_5_7,,50,5,IG-idle-greedy,123,2686,1.6496543909888715,0.11181513231457324,run-20260725-125630-b8a3,2026-07-25T12:56:30Z
taillard/tai50_5_7,,50,5,IG-idle-greedy,456,2686,0.9261718789930455,0.11181513231457324,run-20260725-125631-deb9,2026-07-25T12:56:31Z
taillard/tai50_5_7,,50,5,IG-idle-greedy,789,2686,0.8781773789669387,0.11181513231457324,run-20260725-125632-5f6e,2026-07-25T12:56:32Z
taillard/tai50_5_7,,50,5,IG-idle-greedy,2025,2683,1.6290341980056837,0.0,run-20260725-125634-3e9a,2026-07-25T12:56:34Z
taillard/tai50_5_8,,50,5,IG-idle-greedy,42,2564,1.6377095989882946,0.4702194357366771,run-20260725-125635-2230,2026-07-25T12:56:35Z
taillard/tai50_5_8,,50,5,IG-idle-greedy,123,2561,1.5057683970080689,0.35266457680250785,run-20260725-125637-0d20,2026-07-25T12:56:37Z
taillard/tai50_5_8,,50,5,IG-idle-greedy,456,2564,1.6378141960012726,0.4702194357366771,run-20260725-125638-a2ec,2026-07-25T12:56:38Z
taillard/tai50_5_8,,50,5,IG-idle-greedy,789,2564,0.8801882580155507,0.4702194357366771,run-20260725-125639-f149,2026-07-25T12:56:39Z
taillard/tai50_5_8,,50,5,IG-idle-greedy,2025,2564,2.011964269040618,0.4702194357366771,run-20260725-125641-3869,2026-07-25T12:56:41Z
taillard/tai50_5_9,,50,5,IG-idle-greedy,42,2784,0.8718748170067556,0.07189072609633357,run-20260725-125642-ea93,2026-07-25T12:56:42Z
taillard/tai50_5_9,,50,5,IG-idle-greedy,123,2783,1.631962369021494,0.035945363048166784,run-20260725-125644-6868,2026-07-25T12:56:44Z
taillard/tai50_5_9,,50,5,IG-idle-greedy,456,2784,0.8604824799695052,0.07189072609633357,run-20260725-125645-9634,2026-07-25T12:56:45Z
taillard/tai50_5_9,,50,5,IG-idle-greedy,789,2784,0.8630960389855318,0.07189072609633357,run-20260725-125645-7d4a,2026-07-25T12:56:45Z
taillard/tai50_5_9,,50,5,IG-idle-greedy,2025,2784,0.86348783102585,0.07189072609633357,run-20260725-125646-6d8e,2026-07-25T12:56:46Z
vrf/VFR100_20_10_Gap,Large,100,20,IG-idle-greedy,42,6464,6.098577096010558,5.1912123677786814,run-20260725-153703-5241,2026-07-25T15:37:03Z
vrf/VFR100_20_10_Gap,Large,100,20,IG-idle-greedy,123,6436,6.100163041031919,4.735557363710334,run-20260725-153709-b7ea,2026-07-25T15:37:09Z
vrf/VFR100_20_10_Gap,Large,100,20,IG-idle-greedy,456,6415,6.1167067849310115,4.393816110659072,run-20260725-153715-9634,2026-07-25T15:37:15Z
vrf/VFR100_20_10_Gap,Large,100,20,IG-idle-greedy,789,6377,6.180492029059678,3.775427176566314,run-20260725-153722-95d6,2026-07-25T15:37:22Z
vrf/VFR100_20_10_Gap,Large,100,20,IG-idle-greedy,2025,6403,6.121235113008879,4.19853539462978,run-20260725-153728-6782,2026-07-25T15:37:28Z
vrf/VFR100_20_1_Gap,Large,100,20,IG-idle-greedy,42,6435,6.195482872077264,3.823814133591481,run-20260725-153734-526c,2026-07-25T15:37:34Z
vrf/VFR100_20_1_Gap,Large,100,20,IG-idle-greedy,123,6405,11.980718089966103,3.339787028073572,run-20260725-153746-a083,2026-07-25T15:37:46Z
vrf/VFR100_20_1_Gap,Large,100,20,IG-idle-greedy,456,6422,6.227060589939356,3.6140690545337204,run-20260725-153752-d0cc,2026-07-25T15:37:52Z
vrf/VFR100_20_1_Gap,Large,100,20,IG-idle-greedy,789,6450,6.185418198001571,4.065827686350436,run-20260725-153758-0e4f,2026-07-25T15:37:58Z
vrf/VFR100_20_1_Gap,Large,100,20,IG-idle-greedy,2025,6377,6.887328533921391,2.888028396256857,run-20260725-153805-8321,2026-07-25T15:38:05Z
vrf/VFR100_20_2_Gap,Large,100,20,IG-idle-greedy,42,6554,6.132833490031771,3.9327624484617822,run-20260725-153811-af99,2026-07-25T15:38:11Z
vrf/VFR100_20_2_Gap,Large,100,20,IG-idle-greedy,123,6580,6.166081418981776,4.345068189026324,run-20260725-153818-da8d,2026-07-25T15:38:18Z
vrf/VFR100_20_2_Gap,Large,100,20,IG-idle-greedy,456,6548,6.156256875954568,3.837614969869965,run-20260725-153824-871c,2026-07-25T15:38:24Z
vrf/VFR100_20_2_Gap,Large,100,20,IG-idle-greedy,789,6563,6.104921703925356,4.075483666349508,run-20260725-153830-c820,2026-07-25T15:38:30Z
vrf/VFR100_20_2_Gap,Large,100,20,IG-idle-greedy,2025,6527,6.208426872966811,3.5045987947986044,run-20260725-153836-e0dd,2026-07-25T15:38:36Z
vrf/VFR100_20_3_Gap,Large,100,20,IG-idle-greedy,42,6410,6.230639467947185,2.7572940044886183,run-20260725-153842-7ee4,2026-07-25T15:38:42Z
vrf/VFR100_20_3_Gap,Large,100,20,IG-idle-greedy,123,6440,6.145518026081845,3.2382173773645397,run-20260725-153848-3d53,2026-07-25T15:38:48Z
vrf/VFR100_20_3_Gap,Large,100,20,IG-idle-greedy,456,6449,6.1423607770120725,3.3824943892273165,run-20260725-153855-1cef,2026-07-25T15:38:55Z
vrf/VFR100_20_3_Gap,Large,100,20,IG-idle-greedy,789,6492,6.113287109998055,4.071817890349471,run-20260725-153901-1425,2026-07-25T15:39:01Z
vrf/VFR100_20_3_Gap,Large,100,20,IG-idle-greedy,2025,6438,6.174046288942918,3.2061558191728117,run-20260725-153907-611a,2026-07-25T15:39:07Z
vrf/VFR100_20_4_Gap,Large,100,20,IG-idle-greedy,42,6462,6.191194076091051,3.4747798238590875,run-20260725-153913-e651,2026-07-25T15:39:13Z
vrf/VFR100_20_4_Gap,Large,100,20,IG-idle-greedy,123,6505,6.149769035982899,4.1633306645316255,run-20260725-153919-0fea,2026-07-25T15:39:19Z
vrf/VFR100_20_4_Gap,Large,100,20,IG-idle-greedy,456,6427,6.21784132393077,2.914331465172138,run-20260725-153925-fcb0,2026-07-25T15:39:25Z
vrf/VFR100_20_4_Gap,Large,100,20,IG-idle-greedy,789,6453,6.18533468793612,3.3306645316253003,run-20260725-153932-c992,2026-07-25T15:39:32Z
vrf/VFR100_20_4_Gap,Large,100,20,IG-idle-greedy,2025,6436,6.294040343957022,3.0584467574059246,run-20260725-153938-0a7b,2026-07-25T15:39:38Z
vrf/VFR100_20_5_Gap,Large,100,20,IG-idle-greedy,42,6444,7.0010517250048,2.3506988564167726,run-20260725-153945-b9de,2026-07-25T15:39:45Z
vrf/VFR100_20_5_Gap,Large,100,20,IG-idle-greedy,123,6518,6.161521433037706,3.526048284625159,run-20260725-153951-7e3f,2026-07-25T15:39:51Z
vrf/VFR100_20_5_Gap,Large,100,20,IG-idle-greedy,456,6514,6.350143617019057,3.462515883100381,run-20260725-153957-7d94,2026-07-25T15:39:57Z
vrf/VFR100_20_5_Gap,Large,100,20,IG-idle-greedy,789,6654,6.113508565002121,5.686149936467598,run-20260725-154003-3c2d,2026-07-25T15:40:03Z
vrf/VFR100_20_5_Gap,Large,100,20,IG-idle-greedy,2025,6517,6.199482507072389,3.5101651842439643,run-20260725-154010-56db,2026-07-25T15:40:10Z
vrf/VFR100_20_6_Gap,Large,100,20,IG-idle-greedy,42,6527,6.291231896029785,3.2589780098085748,run-20260725-154016-eb87,2026-07-25T15:40:16Z
vrf/VFR100_20_6_Gap,Large,100,20,IG-idle-greedy,123,6493,6.2611392620019615,2.7210884353741496,run-20260725-154022-6121,2026-07-25T15:40:22Z
vrf/VFR100_20_6_Gap,Large,100,20,IG-idle-greedy,456,6528,6.312514438992366,3.2747982914095872,run-20260725-154029-c6fb,2026-07-25T15:40:29Z
vrf/VFR100_20_6_Gap,Large,100,20,IG-idle-greedy,789,6509,6.313293065992184,2.9742129409903497,run-20260725-154035-fa05,2026-07-25T15:40:35Z
vrf/VFR100_20_6_Gap,Large,100,20,IG-idle-greedy,2025,6529,6.172841659048572,3.2906185730105997,run-20260725-154041-b698,2026-07-25T15:40:41Z
vrf/VFR100_20_7_Gap,Large,100,20,IG-idle-greedy,42,6718,6.157556195976213,4.414050357475909,run-20260725-154047-c359,2026-07-25T15:40:47Z
vrf/VFR100_20_7_Gap,Large,100,20,IG-idle-greedy,123,6708,6.3330220869975165,4.258626049114081,run-20260725-154054-933d,2026-07-25T15:40:54Z
vrf/VFR100_20_7_Gap,Large,100,20,IG-idle-greedy,456,6712,6.206078599905595,4.320795772458813,run-20260725-154100-3947,2026-07-25T15:41:00Z
vrf/VFR100_20_7_Gap,Large,100,20,IG-idle-greedy,789,6750,6.21146758494433,4.911408144233758,run-20260725-154106-bb20,2026-07-25T15:41:06Z
vrf/VFR100_20_7_Gap,Large,100,20,IG-idle-greedy,2025,6735,6.168890447006561,4.678271681691016,run-20260725-154112-dba7,2026-07-25T15:41:12Z
vrf/VFR100_20_8_Gap,Large,100,20,IG-idle-greedy,42,6335,6.17106577497907,3.7844036697247705,run-20260725-154118-f89b,2026-07-25T15:41:18Z
vrf/VFR100_20_8_Gap,Large,100,20,IG-idle-greedy,123,6316,6.212692859000526,3.473132372214941,run-20260725-154125-6735,2026-07-25T15:41:25Z
vrf/VFR100_20_8_Gap,Large,100,20,IG-idle-greedy,456,6334,6.230416679987684,3.7680209698558325,run-20260725-154131-6c1b,2026-07-25T15:41:31Z
vrf/VFR100_20_8_Gap,Large,100,20,IG-idle-greedy,789,6359,6.195649101049639,4.177588466579293,run-20260725-154137-c8d1,2026-07-25T15:41:37Z
vrf/VFR100_20_8_Gap,Large,100,20,IG-idle-greedy,2025,6267,6.589411622961052,2.6703800786369594,run-20260725-154144-cc2f,2026-07-25T15:41:44Z
vrf/VFR100_20_9_Gap,Large,100,20,IG-idle-greedy,42,6587,6.1520497320452705,3.666981429021089,run-20260725-154150-c615,2026-07-25T15:41:50Z
vrf/VFR100_20_9_Gap,Large,100,20,IG-idle-greedy,123,6619,6.154281610972248,4.170601196096947,run-20260725-154156-2ace,2026-07-25T15:41:56Z
vrf/VFR100_20_9_Gap,Large,100,20,IG-idle-greedy,456,6629,6.119937850977294,4.327982373308152,run-20260725-154202-fb25,2026-07-25T15:42:02Z
vrf/VFR100_20_9_Gap,Large,100,20,IG-idle-greedy,789,6659,6.105871912906878,4.800125904941769,run-20260725-154208-1d47,2026-07-25T15:42:08Z
vrf/VFR100_20_9_Gap,Large,100,20,IG-idle-greedy,2025,6584,6.1529606530675665,3.6197670758577276,run-20260725-154214-bf2d,2026-07-25T15:42:14Z
vrf/VFR100_40_10_Gap,Large,100,40,IG-idle-greedy,42,8285,11.89311645901762,4.187625754527163,run-20260725-154226-670b,2026-07-25T15:42:26Z
vrf/VFR100_40_10_Gap,Large,100,40,IG-idle-greedy,123,8323,11.923452215036377,4.665492957746479,run-20260725-154238-cb9d,2026-07-25T15:42:38Z
vrf/VFR100_40_10_Gap,Large,100,40,IG-idle-greedy,456,8350,11.891133169061504,5.005030181086519,run-20260725-154250-83c1,2026-07-25T15:42:50Z
vrf/VFR100_40_10_Gap,Large,100,40,IG-idle-greedy,789,8293,11.90154749294743,4.288229376257545,run-20260725-154302-aae5,2026-07-25T15:43:02Z
vrf/VFR100_40_10_Gap,Large,100,40,IG-idle-greedy,2025,8288,11.77293181605637,4.225352112676056,run-20260725-154314-f053,2026-07-25T15:43:14Z
vrf/VFR100_40_1_Gap,Large,100,40,IG-idle-greedy,42,8213,11.844127331976779,4.2126633675929455,run-20260725-154325-78aa,2026-07-25T15:43:25Z
vrf/VFR100_40_1_Gap,Large,100,40,IG-idle-greedy,123,8156,11.92318505293224,3.4894048978556023,run-20260725-154337-0a7d,2026-07-25T15:43:37Z
vrf/VFR100_40_1_Gap,Large,100,40,IG-idle-greedy,456,8099,12.584566568024457,2.766146428118259,run-20260725-154350-6d84,2026-07-25T15:43:50Z
vrf/VFR100_40_1_Gap,Large,100,40,IG-idle-greedy,789,8125,13.92479431303218,3.0960538002791522,run-20260725-154404-c1f3,2026-07-25T15:44:04Z
vrf/VFR100_40_1_Gap,Large,100,40,IG-idle-greedy,2025,8217,11.77569862199016,4.26341834792539,run-20260725-154416-cd8b,2026-07-25T15:44:16Z
vrf/VFR100_40_2_Gap,Large,100,40,IG-idle-greedy,42,8256,11.968004739028402,3.1097789434245033,run-20260725-154428-0cbe,2026-07-25T15:44:28Z
vrf/VFR100_40_2_Gap,Large,100,40,IG-idle-greedy,123,8307,11.833252895041369,3.7467216185837393,run-20260725-154440-4ac2,2026-07-25T15:44:40Z
vrf/VFR100_40_2_Gap,Large,100,40,IG-idle-greedy,456,8358,11.768212993978523,4.383664293742975,run-20260725-154451-d3a0,2026-07-25T15:44:51Z
vrf/VFR100_40_2_Gap,Large,100,40,IG-idle-greedy,789,8307,11.870884475065395,3.7467216185837393,run-20260725-154503-de62,2026-07-25T15:45:03Z
vrf/VFR100_40_2_Gap,Large,100,40,IG-idle-greedy,2025,8262,12.371586132911034,3.1847133757961785,run-20260725-154516-c07c,2026-07-25T15:45:16Z
vrf/VFR100_40_3_Gap,Large,100,40,IG-idle-greedy,42,8252,11.837702210061252,3.9949590422180212,run-20260725-154527-fd7f,2026-07-25T15:45:27Z
vrf/VFR100_40_3_Gap,Large,100,40,IG-idle-greedy,123,8180,12.522676666965708,3.087586641461878,run-20260725-154540-0dd2,2026-07-25T15:45:40Z
vrf/VFR100_40_3_Gap,Large,100,40,IG-idle-greedy,456,8203,12.016808771993965,3.377441713925646,run-20260725-154552-f413,2026-07-25T15:45:52Z
vrf/VFR100_40_3_Gap,Large,100,40,IG-idle-greedy,789,8226,11.77730008494109,3.667296786389414,run-20260725-154604-b6cf,2026-07-25T15:46:04Z
vrf/VFR100_40_3_Gap,Large,100,40,IG-idle-greedy,2025,8204,11.908097846084274,3.390044108380592,run-20260725-154616-0f03,2026-07-25T15:46:16Z
vrf/VFR100_40_4_Gap,Large,100,40,IG-idle-greedy,42,8194,22.999197638011537,3.303076147251639,run-20260725-154639-7da0,2026-07-25T15:46:39Z
vrf/VFR100_40_4_Gap,Large,100,40,IG-idle-greedy,123,8173,12.62958374794107,3.038325769036813,run-20260725-154651-4791,2026-07-25T15:46:51Z
vrf/VFR100_40_4_Gap,Large,100,40,IG-idle-greedy,456,8229,23.309481458039954,3.7443267776096825,run-20260725-154715-8187,2026-07-25T15:47:15Z
vrf/VFR100_40_4_Gap,Large,100,40,IG-idle-greedy,789,8192,13.377099508070387,3.2778618255168936,run-20260725-154728-2e18,2026-07-25T15:47:28Z
vrf/VFR100_40_4_Gap,Large,100,40,IG-idle-greedy,2025,8220,12.36338692996651,3.6308623298033282,run-20260725-154740-8663,2026-07-25T15:47:40Z
vrf/VFR100_40_5_Gap,Large,100,40,IG-idle-greedy,42,8273,12.433052117936313,3.2705030582948447,run-20260725-154753-fa26,2026-07-25T15:47:53Z
vrf/VFR100_40_5_Gap,Large,100,40,IG-idle-greedy,123,8313,11.844891820917837,3.769816502309325,run-20260725-154805-e7be,2026-07-25T15:48:05Z
vrf/VFR100_40_5_Gap,Large,100,40,IG-idle-greedy,456,8350,11.752532129990868,4.231681438022719,run-20260725-154816-9079,2026-07-25T15:48:16Z
vrf/VFR100_40_5_Gap,Large,100,40,IG-idle-greedy,789,8349,11.815343712922186,4.219198601922357,run-20260725-154828-0922,2026-07-25T15:48:28Z
vrf/VFR100_40_5_Gap,Large,100,40,IG-idle-greedy,2025,8356,11.765133950975724,4.306578454624891,run-20260725-154840-aaaf,2026-07-25T15:48:40Z
vrf/VFR100_40_6_Gap,Large,100,40,IG-idle-greedy,42,8307,12.060966403922066,3.5398230088495577,run-20260725-154852-e446,2026-07-25T15:48:52Z
vrf/VFR100_40_6_Gap,Large,100,40,IG-idle-greedy,123,8244,12.610585704096593,2.7545805808301136,run-20260725-154905-c3dd,2026-07-25T15:49:05Z
vrf/VFR100_40_6_Gap,Large,100,40,IG-idle-greedy,456,8297,11.912077123997733,3.415181353608376,run-20260725-154916-caff,2026-07-25T15:49:16Z
vrf/VFR100_40_6_Gap,Large,100,40,IG-idle-greedy,789,8270,12.045118095004,3.0786488844571855,run-20260725-154929-76e7,2026-07-25T15:49:29Z
vrf/VFR100_40_6_Gap,Large,100,40,IG-idle-greedy,2025,8301,12.24114269495476,3.4650380157048484,run-20260725-154941-c909,2026-07-25T15:49:41Z
vrf/VFR100_40_7_Gap,Large,100,40,IG-idle-greedy,42,8367,11.866062671062537,4.509118161378966,run-20260725-154953-8142,2026-07-25T15:49:53Z
vrf/VFR100_40_7_Gap,Large,100,40,IG-idle-greedy,123,8270,12.347454414935783,3.2975268548588557,run-20260725-155005-99a6,2026-07-25T15:50:05Z
vrf/VFR100_40_7_Gap,Large,100,40,IG-idle-greedy,456,8338,11.90261087694671,4.146889832625531,run-20260725-155017-28e0,2026-07-25T15:50:17Z
vrf/VFR100_40_7_Gap,Large,100,40,IG-idle-greedy,789,8225,12.660207327920943,2.7354484136897326,run-20260725-155030-ac10,2026-07-25T15:50:30Z
vrf/VFR100_40_7_Gap,Large,100,40,IG-idle-greedy,2025,8311,12.036967733991332,3.809642767924057,run-20260725-155042-3022,2026-07-25T15:50:42Z
vrf/VFR100_40_8_Gap,Large,100,40,IG-idle-greedy,42,8233,12.954453883925453,3.1833563103145757,run-20260725-155055-5064,2026-07-25T15:50:55Z
vrf/VFR100_40_8_Gap,Large,100,40,IG-idle-greedy,123,8206,13.247593112057075,2.8449680411079084,run-20260725-155108-a0e2,2026-07-25T15:51:08Z
vrf/VFR100_40_8_Gap,Large,100,40,IG-idle-greedy,456,8273,12.447372774942778,3.684672264694824,run-20260725-155120-4c40,2026-07-25T15:51:20Z
vrf/VFR100_40_8_Gap,Large,100,40,IG-idle-greedy,789,8237,12.63353273703251,3.2334879057526007,run-20260725-155133-923a,2026-07-25T15:51:33Z
vrf/VFR100_40_8_Gap,Large,100,40,IG-idle-greedy,2025,8282,11.874317414010875,3.7974683544303796,run-20260725-155145-6ef0,2026-07-25T15:51:45Z
vrf/VFR100_40_9_Gap,Large,100,40,IG-idle-greedy,42,8267,12.07349914603401,4.236540158870256,run-20260725-155157-e0f6,2026-07-25T15:51:57Z
vrf/VFR100_40_9_Gap,Large,100,40,IG-idle-greedy,123,8276,11.936210965970531,4.35001891312571,run-20260725-155209-d8e8,2026-07-25T15:52:09Z
vrf/VFR100_40_9_Gap,Large,100,40,IG-idle-greedy,456,8219,12.182623839005828,3.631320136174505,run-20260725-155221-0155,2026-07-25T15:52:21Z
vrf/VFR100_40_9_Gap,Large,100,40,IG-idle-greedy,789,8299,11.914985746960156,4.640020174000757,run-20260725-155233-1735,2026-07-25T15:52:33Z
vrf/VFR100_40_9_Gap,Large,100,40,IG-idle-greedy,2025,8274,11.98806338396389,4.324801412180053,run-20260725-155245-1876,2026-07-25T15:52:45Z
vrf/VFR100_60_10_Gap,Large,100,60,IG-idle-greedy,42,9925,17.55442373396363,3.406959783288185,run-20260725-155302-823c,2026-07-25T15:53:02Z
vrf/VFR100_60_10_Gap,Large,100,60,IG-idle-greedy,123,9964,17.51544772798661,3.8132944363409043,run-20260725-155320-7377,2026-07-25T15:53:20Z
vrf/VFR100_60_10_Gap,Large,100,60,IG-idle-greedy,456,9914,17.604836044018157,3.2923525734528027,run-20260725-155338-b3ee,2026-07-25T15:53:38Z
vrf/VFR100_60_10_Gap,Large,100,60,IG-idle-greedy,789,9886,17.480648563010618,3.000625130235466,run-20260725-155355-4040,2026-07-25T15:53:55Z
vrf/VFR100_60_10_Gap,Large,100,60,IG-idle-greedy,2025,9918,17.656708513968624,3.334027922483851,run-20260725-155413-159d,2026-07-25T15:54:13Z
vrf/VFR100_60_1_Gap,Large,100,60,IG-idle-greedy,42,9672,17.60774839890655,2.9483767961681746,run-20260725-155430-ada3,2026-07-25T15:54:30Z
vrf/VFR100_60_1_Gap,Large,100,60,IG-idle-greedy,123,9708,17.613500757026486,3.3315593400745076,run-20260725-155448-fe5c,2026-07-25T15:54:48Z
vrf/VFR100_60_1_Gap,Large,100,60,IG-idle-greedy,456,9707,17.635846209945157,3.320915380521554,run-20260725-155506-0eb7,2026-07-25T15:55:06Z
vrf/VFR100_60_1_Gap,Large,100,60,IG-idle-greedy,789,9781,17.60581740993075,4.108568387440128,run-20260725-155523-2b75,2026-07-25T15:55:23Z
vrf/VFR100_60_1_Gap,Large,100,60,IG-idle-greedy,2025,9662,17.669956178986467,2.8419372006386374,run-20260725-155541-aa40,2026-07-25T15:55:41Z
vrf/VFR100_60_2_Gap,Large,100,60,IG-idle-greedy,42,9873,17.64733707997948,2.8866194247603167,run-20260725-155558-6e4e,2026-07-25T15:55:58Z
vrf/VFR100_60_2_Gap,Large,100,60,IG-idle-greedy,123,9895,17.76747746707406,3.1158816173405586,run-20260725-155616-d6b2,2026-07-25T15:56:16Z
vrf/VFR100_60_2_Gap,Large,100,60,IG-idle-greedy,456,9899,19.182708589942195,3.157565652355148,run-20260725-155635-e348,2026-07-25T15:56:35Z
vrf/VFR100_60_2_Gap,Large,100,60,IG-idle-greedy,789,9876,22.323739256011322,2.9178824510212586,run-20260725-155658-3ad9,2026-07-25T15:56:58Z
vrf/VFR100_60_2_Gap,Large,100,60,IG-idle-greedy,2025,9844,17.877541149035096,2.5844101709045435,run-20260725-155716-cef0,2026-07-25T15:57:16Z
vrf/VFR100_60_3_Gap,Large,100,60,IG-idle-greedy,42,9660,18.067072405014187,3.3265589902663386,run-20260725-155734-d5e1,2026-07-25T15:57:34Z
vrf/VFR100_60_3_Gap,Large,100,60,IG-idle-greedy,123,9708,17.79282173991669,3.8399828858701466,run-20260725-155752-5fa4,2026-07-25T15:57:52Z
vrf/VFR100_60_3_Gap,Large,100,60,IG-idle-greedy,456,9767,17.82513642194681,4.4710664242164935,run-20260725-155809-17bd,2026-07-25T15:58:09Z
vrf/VFR100_60_3_Gap,Large,100,60,IG-idle-greedy,789,9601,18.662664753966965,2.6954754519199913,run-20260725-155828-0baa,2026-07-25T15:58:28Z
vrf/VFR100_60_3_Gap,Large,100,60,IG-idle-greedy,2025,9560,19.409790850011632,2.256925874425072,run-20260725-155847-4c0d,2026-07-25T15:58:47Z
vrf/VFR100_60_4_Gap,Large,100,60,IG-idle-greedy,42,9716,17.63484636193607,3.0765966475705495,run-20260725-155905-4018,2026-07-25T15:59:05Z
vrf/VFR100_60_4_Gap,Large,100,60,IG-idle-greedy,123,9744,17.748412717948668,3.3736473583704645,run-20260725-155923-1322,2026-07-25T15:59:23Z
vrf/VFR100_60_4_Gap,Large,100,60,IG-idle-greedy,456,9615,35.09281017794274,2.0050922978994272,run-20260725-155958-d646,2026-07-25T15:59:58Z
vrf/VFR100_60_4_Gap,Large,100,60,IG-idle-greedy,789,9788,17.564518906990997,3.840441332484617,run-20260725-160015-3e11,2026-07-25T16:00:15Z
vrf/VFR100_60_4_Gap,Large,100,60,IG-idle-greedy,2025,9813,17.53703788795974,4.105665181413113,run-20260725-160033-26be,2026-07-25T16:00:33Z
vrf/VFR100_60_5_Gap,Large,100,60,IG-idle-greedy,42,9680,19.515268670977093,2.271526677231907,run-20260725-160053-776d,2026-07-25T16:00:53Z
vrf/VFR100_60_5_Gap,Large,100,60,IG-idle-greedy,123,9816,17.952059483970515,3.7083993660855783,run-20260725-160110-a238,2026-07-25T16:01:10Z
vrf/VFR100_60_5_Gap,Large,100,60,IG-idle-greedy,456,9767,18.145378665998578,3.190702588483888,run-20260725-160129-26e8,2026-07-25T16:01:29Z
vrf/VFR100_60_5_Gap,Large,100,60,IG-idle-greedy,789,9715,20.333141734008677,2.641310089804543,run-20260725-160149-abed,2026-07-25T16:01:49Z
vrf/VFR100_60_5_Gap,Large,100,60,IG-idle-greedy,2025,9926,17.422449944890104,4.870575805599578,run-20260725-160206-fbed,2026-07-25T16:02:06Z
vrf/VFR100_60_6_Gap,Large,100,60,IG-idle-greedy,42,9937,18.250940575962886,2.7930071376849073,run-20260725-160225-3f60,2026-07-25T16:02:25Z
vrf/VFR100_60_6_Gap,Large,100,60,IG-idle-greedy,123,10031,17.899354108958505,3.765387400434468,run-20260725-160243-5b70,2026-07-25T16:02:43Z
vrf/VFR100_60_6_Gap,Large,100,60,IG-idle-greedy,456,10115,17.460234382073395,4.634322954380884,run-20260725-160300-72d9,2026-07-25T16:03:00Z
vrf/VFR100_60_6_Gap,Large,100,60,IG-idle-greedy,789,9960,17.832664630026557,3.03092996793214,run-20260725-160318-2ed8,2026-07-25T16:03:18Z
vrf/VFR100_60_6_Gap,Large,100,60,IG-idle-greedy,2025,9963,17.816324352053925,3.0619633805730837,run-20260725-160336-9aeb,2026-07-25T16:03:36Z
vrf/VFR100_60_7_Gap,Large,100,60,IG-idle-greedy,42,9693,17.962994004948996,3.215844957938452,run-20260725-160354-481c,2026-07-25T16:03:54Z
vrf/VFR100_60_7_Gap,Large,100,60,IG-idle-greedy,123,9645,24.072532547055744,2.7047172825045256,run-20260725-160418-5b95,2026-07-25T16:04:18Z
vrf/VFR100_60_7_Gap,Large,100,60,IG-idle-greedy,456,9682,34.092926649027504,3.098711532318177,run-20260725-160452-01e3,2026-07-25T16:04:52Z
vrf/VFR100_60_7_Gap,Large,100,60,IG-idle-greedy,789,9703,18.689704006072134,3.32232989032052,run-20260725-160510-fdb1,2026-07-25T16:05:10Z
vrf/VFR100_60_7_Gap,Large,100,60,IG-idle-greedy,2025,9670,23.899527102010325,2.9709296134596954,run-20260725-160534-9f32,2026-07-25T16:05:34Z
vrf/VFR100_60_8_Gap,Large,100,60,IG-idle-greedy,42,9831,18.586021061986685,3.1151667715544367,run-20260725-160553-0c72,2026-07-25T16:05:53Z
vrf/VFR100_60_8_Gap,Large,100,60,IG-idle-greedy,123,9901,17.691352154011838,3.8493811621564924,run-20260725-160611-0221,2026-07-25T16:06:11Z
vrf/VFR100_60_8_Gap,Large,100,60,IG-idle-greedy,456,9811,18.917718673939817,2.9053912313824206,run-20260725-160630-57ca,2026-07-25T16:06:30Z
vrf/VFR100_60_8_Gap,Large,100,60,IG-idle-greedy,789,9831,37.75652901199646,3.1151667715544367,run-20260725-160707-a497,2026-07-25T16:07:07Z
vrf/VFR100_60_8_Gap,Large,100,60,IG-idle-greedy,2025,9778,44.156655545928515,2.5592615900985947,run-20260725-160752-9580,2026-07-25T16:07:52Z
vrf/VFR100_60_9_Gap,Large,100,60,IG-idle-greedy,42,9778,18.517952993977815,2.634617403169938,run-20260725-160810-eee9,2026-07-25T16:08:10Z
vrf/VFR100_60_9_Gap,Large,100,60,IG-idle-greedy,123,9812,17.55887466110289,2.991497848220846,run-20260725-160828-4850,2026-07-25T16:08:28Z
vrf/VFR100_60_9_Gap,Large,100,60,IG-idle-greedy,456,9775,17.710413968074135,2.603127952136034,run-20260725-160845-7877,2026-07-25T16:08:45Z
vrf/VFR100_60_9_Gap,Large,100,60,IG-idle-greedy,789,9865,17.60338103096001,3.5478114831531435,run-20260725-160903-19b7,2026-07-25T16:09:03Z
vrf/VFR100_60_9_Gap,Large,100,60,IG-idle-greedy,2025,9769,35.636874177958816,2.5401490500682273,run-20260725-160939-a3ce,2026-07-25T16:09:39Z
vrf/VFR200_20_10_Gap,Large,200,20,IG-idle-greedy,42,11731,15.383046866045333,3.72236958443855,run-20260725-160954-235f,2026-07-25T16:09:54Z
vrf/VFR200_20_10_Gap,Large,200,20,IG-idle-greedy,123,11717,15.468665120075457,3.598585322723254,run-20260725-161009-78d2,2026-07-25T16:10:09Z
vrf/VFR200_20_10_Gap,Large,200,20,IG-idle-greedy,456,11738,15.501740665989928,3.784261715296198,run-20260725-161025-0ecc,2026-07-25T16:10:25Z
vrf/VFR200_20_10_Gap,Large,200,20,IG-idle-greedy,789,11820,15.365940524963662,4.5092838196286475,run-20260725-161040-f841,2026-07-25T16:10:40Z
vrf/VFR200_20_10_Gap,Large,200,20,IG-idle-greedy,2025,11759,15.301786988973618,3.9699381078691425,run-20260725-161056-f733,2026-07-25T16:10:56Z
vrf/VFR200_20_1_Gap,Large,200,20,IG-idle-greedy,42,11634,15.47299241903238,2.9102167182662537,run-20260725-161111-b98f,2026-07-25T16:11:11Z
vrf/VFR200_20_1_Gap,Large,200,20,IG-idle-greedy,123,11707,15.302053399966098,3.5559486952675807,run-20260725-161126-ecd7,2026-07-25T16:11:26Z
vrf/VFR200_20_1_Gap,Large,200,20,IG-idle-greedy,456,11703,15.2453746489482,3.520566121185316,run-20260725-161142-a5f3,2026-07-25T16:11:42Z
vrf/VFR200_20_1_Gap,Large,200,20,IG-idle-greedy,789,11465,36.983105985913426,1.4153029632905794,run-20260725-161219-09f5,2026-07-25T16:12:19Z
vrf/VFR200_20_1_Gap,Large,200,20,IG-idle-greedy,2025,11509,18.00313355505932,1.8045112781954886,run-20260725-161237-9613,2026-07-25T16:12:37Z
vrf/VFR200_20_2_Gap,Large,200,20,IG-idle-greedy,42,11597,30.510648139053956,2.9471815357301376,run-20260725-161307-880c,2026-07-25T16:13:07Z
vrf/VFR200_20_2_Gap,Large,200,20,IG-idle-greedy,123,11540,16.015717033995315,2.4411895250776743,run-20260725-161323-9399,2026-07-25T16:13:23Z
vrf/VFR200_20_2_Gap,Large,200,20,IG-idle-greedy,456,11645,15.267328758956864,3.3732800710164224,run-20260725-161338-6d47,2026-07-25T16:13:38Z
vrf/VFR200_20_2_Gap,Large,200,20,IG-idle-greedy,789,11554,15.875294515048154,2.565468264536174,run-20260725-161354-b0a0,2026-07-25T16:13:54Z
vrf/VFR200_20_2_Gap,Large,200,20,IG-idle-greedy,2025,11549,15.591543706017546,2.5210830004438525,run-20260725-161410-b55a,2026-07-25T16:14:10Z
vrf/VFR200_20_3_Gap,Large,200,20,IG-idle-greedy,42,11694,15.26857402396854,3.2400459080074158,run-20260725-161425-71bf,2026-07-25T16:14:25Z
vrf/VFR200_20_3_Gap,Large,200,20,IG-idle-greedy,123,11657,15.489600704982877,2.913392778317295,run-20260725-161441-7acf,2026-07-25T16:14:41Z
vrf/VFR200_20_3_Gap,Large,200,20,IG-idle-greedy,456,11575,16.872107818955556,2.18945881522027,run-20260725-161458-40f5,2026-07-25T16:14:58Z
vrf/VFR200_20_3_Gap,Large,200,20,IG-idle-greedy,789,11602,15.674219682929106,2.4278273152644125,run-20260725-161513-140e,2026-07-25T16:15:13Z
vrf/VFR200_20_3_Gap,Large,200,20,IG-idle-greedy,2025,11645,15.709423349006101,2.8074512227421207,run-20260725-161529-576c,2026-07-25T16:15:29Z
vrf/VFR200_20_4_Gap,Large,200,20,IG-idle-greedy,42,11501,15.619721964932978,2.6142041399000715,run-20260725-161545-1bb4,2026-07-25T16:15:45Z
vrf/VFR200_20_4_Gap,Large,200,20,IG-idle-greedy,123,11468,15.978801983990707,2.3197715917201998,run-20260725-161601-283e,2026-07-25T16:16:01Z
vrf/VFR200_20_4_Gap,Large,200,20,IG-idle-greedy,456,11560,30.03930336504709,3.140613847251963,run-20260725-161631-fabc,2026-07-25T16:16:31Z
vrf/VFR200_20_4_Gap,Large,200,20,IG-idle-greedy,789,11434,16.474841362098232,2.0164168451106352,run-20260725-161647-9239,2026-07-25T16:16:47Z
vrf/VFR200_20_4_Gap,Large,200,20,IG-idle-greedy,2025,11511,15.87228083005175,2.7034261241970023,run-20260725-161703-c901,2026-07-25T16:17:03Z
vrf/VFR200_20_5_Gap,Large,200,20,IG-idle-greedy,42,11526,15.499501686077565,2.8372591006423984,run-20260725-161718-93e2,2026-07-25T16:17:18Z
vrf/VFR200_20_5_Gap,Large,200,20,IG-idle-greedy,123,11502,15.382569018984213,2.6231263383297643,run-20260725-161734-3d82,2026-07-25T16:17:34Z
vrf/VFR200_20_5_Gap,Large,200,20,IG-idle-greedy,456,11556,30.40413457993418,3.1049250535331905,run-20260725-161804-4222,2026-07-25T16:18:04Z
vrf/VFR200_20_5_Gap,Large,200,20,IG-idle-greedy,789,11491,15.661811821046285,2.5249821556031407,run-20260725-161820-b4be,2026-07-25T16:18:20Z
vrf/VFR200_20_5_Gap,Large,200,20,IG-idle-greedy,2025,11439,15.507907173945569,2.0610278372591004,run-20260725-161835-b81d,2026-07-25T16:18:35Z
vrf/VFR200_20_6_Gap,Large,200,20,IG-idle-greedy,42,11629,30.29960058501456,2.304917744347673,run-20260725-161906-2aae,2026-07-25T16:19:06Z
vrf/VFR200_20_6_Gap,Large,200,20,IG-idle-greedy,123,11792,15.40158867801074,3.7388932875868743,run-20260725-161921-ca09,2026-07-25T16:19:21Z
vrf/VFR200_20_6_Gap,Large,200,20,IG-idle-greedy,456,11657,15.536230024066754,2.5512448315298673,run-20260725-161937-a578,2026-07-25T16:19:37Z
vrf/VFR200_20_6_Gap,Large,200,20,IG-idle-greedy,789,11683,15.991096500074491,2.779977126770476,run-20260725-161953-4a79,2026-07-25T16:19:53Z
vrf/VFR200_20_6_Gap,Large,200,20,IG-idle-greedy,2025,11672,15.607196657103486,2.6832057710917567,run-20260725-162008-c990,2026-07-25T16:20:08Z
vrf/VFR200_20_7_Gap,Large,200,20,IG-idle-greedy,42,11736,15.409333100076765,3.1282952548330405,run-20260725-162024-d515,2026-07-25T16:20:24Z
vrf/VFR200_20_7_Gap,Large,200,20,IG-idle-greedy,123,11618,15.757638068986125,2.0913884007029875,run-20260725-162039-d43d,2026-07-25T16:20:39Z
vrf/VFR200_20_7_Gap,Large,200,20,IG-idle-greedy,456,11632,15.887581462040544,2.2144112478031635,run-20260725-162055-93ed,2026-07-25T16:20:55Z
vrf/VFR200_20_7_Gap,Large,200,20,IG-idle-greedy,789,11657,15.492276400909759,2.4340949033391914,run-20260725-162111-5ec3,2026-07-25T16:21:11Z
vrf/VFR200_20_7_Gap,Large,200,20,IG-idle-greedy,2025,11607,15.65180060302373,1.9947275922671353,run-20260725-162126-2001,2026-07-25T16:21:26Z
vrf/VFR200_20_8_Gap,Large,200,20,IG-idle-greedy,42,11397,15.401706355973147,2.297818867247105,run-20260725-162142-cabc,2026-07-25T16:21:42Z
vrf/VFR200_20_8_Gap,Large,200,20,IG-idle-greedy,123,11307,16.26912642410025,1.4899919217305448,run-20260725-162158-8d11,2026-07-25T16:21:58Z
vrf/VFR200_20_8_Gap,Large,200,20,IG-idle-greedy,456,11363,15.408539486001246,1.992639798940849,run-20260725-162214-db45,2026-07-25T16:22:14Z
vrf/VFR200_20_8_Gap,Large,200,20,IG-idle-greedy,789,11404,15.27697216393426,2.360649851898393,run-20260725-162229-836e,2026-07-25T16:22:29Z
vrf/VFR200_20_8_Gap,Large,200,20,IG-idle-greedy,2025,11313,15.660250557935797,1.543847051431649,run-20260725-162244-b019,2026-07-25T16:22:44Z
vrf/VFR200_20_9_Gap,Large,200,20,IG-idle-greedy,42,11395,15.56366602203343,2.4453834397195,run-20260725-162300-f793,2026-07-25T16:23:00Z
vrf/VFR200_20_9_Gap,Large,200,20,IG-idle-greedy,123,11324,15.687690144055523,1.807066438910366,run-20260725-162316-690e,2026-07-25T16:23:16Z
vrf/VFR200_20_9_Gap,Large,200,20,IG-idle-greedy,456,11355,15.679414758109488,2.085768227996044,run-20260725-162331-a1af,2026-07-25T16:23:31Z
vrf/VFR200_20_9_Gap,Large,200,20,IG-idle-greedy,789,11387,15.49503779807128,2.3734603973748087,run-20260725-162347-61ab,2026-07-25T16:23:47Z
vrf/VFR200_20_9_Gap,Large,200,20,IG-idle-greedy,2025,11327,16.534144900972024,1.8340375797896251,run-20260725-162403-7b35,2026-07-25T16:24:03Z
vrf/VFR200_40_10_Gap,Large,200,40,IG-idle-greedy,42,13639,29.768393720965832,3.1070456607196855,run-20260725-162433-8c77,2026-07-25T16:24:33Z
vrf/VFR200_40_10_Gap,Large,200,40,IG-idle-greedy,123,13539,31.22113144909963,2.3510734804959177,run-20260725-162504-861f,2026-07-25T16:25:04Z
vrf/VFR200_40_10_Gap,Large,200,40,IG-idle-greedy,456,13613,30.18827974400483,2.910492893861506,run-20260725-162535-c9ca,2026-07-25T16:25:35Z
vrf/VFR200_40_10_Gap,Large,200,40,IG-idle-greedy,789,13550,31.212796731037088,2.434230420320532,run-20260725-162606-5bfd,2026-07-25T16:26:06Z
vrf/VFR200_40_10_Gap,Large,200,40,IG-idle-greedy,2025,13640,29.67493212991394,3.114605382521923,run-20260725-162635-4859,2026-07-25T16:26:35Z
vrf/VFR200_40_1_Gap,Large,200,40,IG-idle-greedy,42,13650,31.164531461079605,3.9445628997867805,run-20260725-162707-d449,2026-07-25T16:27:07Z
vrf/VFR200_40_1_Gap,Large,200,40,IG-idle-greedy,123,13752,29.734712019911967,4.721291501675297,run-20260725-162736-e59a,2026-07-25T16:27:36Z
vrf/VFR200_40_1_Gap,Large,200,40,IG-idle-greedy,456,13598,31.94399646902457,3.5485836125494976,run-20260725-162808-28a7,2026-07-25T16:28:08Z
vrf/VFR200_40_1_Gap,Large,200,40,IG-idle-greedy,789,13637,30.05071960692294,3.8455680779774597,run-20260725-162838-4b53,2026-07-25T16:28:38Z
vrf/VFR200_40_1_Gap,Large,200,40,IG-idle-greedy,2025,13757,29.674673020024784,4.75936643314042,run-20260725-162908-19e7,2026-07-25T16:29:08Z
vrf/VFR200_40_2_Gap,Large,200,40,IG-idle-greedy,42,13628,29.31721699296031,4.0146542512593495,run-20260725-162937-a4df,2026-07-25T16:29:37Z
vrf/VFR200_40_2_Gap,Large,200,40,IG-idle-greedy,123,13603,29.539101967937313,3.823843687986567,run-20260725-163007-57d2,2026-07-25T16:30:07Z
vrf/VFR200_40_2_Gap,Large,200,40,IG-idle-greedy,456,13459,30.4180994030321,2.724774843535338,run-20260725-163037-793f,2026-07-25T16:30:37Z
vrf/VFR200_40_2_Gap,Large,200,40,IG-idle-greedy,789,13482,30.1037189749768,2.900320561746298,run-20260725-163107-2058,2026-07-25T16:31:07Z
vrf/VFR200_40_2_Gap,Large,200,40,IG-idle-greedy,2025,13543,29.983334357035346,3.365898336131888,run-20260725-163137-4a8d,2026-07-25T16:31:37Z
vrf/VFR200_40_3_Gap,Large,200,40,IG-idle-greedy,42,13700,30.857697239960544,3.287092882991556,run-20260725-163208-14ae,2026-07-25T16:32:08Z
vrf/VFR200_40_3_Gap,Large,200,40,IG-idle-greedy,123,13709,31.340194215998054,3.3549457177322073,run-20260725-163240-5aec,2026-07-25T16:32:40Z
vrf/VFR200_40_3_Gap,Large,200,40,IG-idle-greedy,456,13686,30.982428503106348,3.181544028950543,run-20260725-163311-c994,2026-07-25T16:33:11Z
vrf/VFR200_40_3_Gap,Large,200,40,IG-idle-greedy,789,13784,30.370015262975357,3.9203860072376355,run-20260725-163341-6eef,2026-07-25T16:33:41Z
vrf/VFR200_40_3_Gap,Large,200,40,IG-idle-greedy,2025,13802,29.76059327996336,4.056091676718938,run-20260725-163411-057f,2026-07-25T16:34:11Z
vrf/VFR200_40_4_Gap,Large,200,40,IG-idle-greedy,42,13561,32.03503442497458,2.48639661426844,run-20260725-163443-5e35,2026-07-25T16:34:43Z
vrf/VFR200_40_4_Gap,Large,200,40,IG-idle-greedy,123,13641,30.017028462025337,3.0909915356711,run-20260725-163513-8e24,2026-07-25T16:35:13Z
vrf/VFR200_40_4_Gap,Large,200,40,IG-idle-greedy,456,13538,31.679431927972473,2.3125755743651752,run-20260725-163545-9c3c,2026-07-25T16:35:45Z
vrf/VFR200_40_4_Gap,Large,200,40,IG-idle-greedy,789,13624,29.804958377964795,2.962515114873035,run-20260725-163614-03fa,2026-07-25T16:36:14Z
vrf/VFR200_40_4_Gap,Large,200,40,IG-idle-greedy,2025,13582,30.330162642989308,2.6451027811366385,run-20260725-163645-fb36,2026-07-25T16:36:45Z
vrf/VFR200_40_5_Gap,Large,200,40,IG-idle-greedy,42,13367,59.69221841101535,2.4840910833397225,run-20260725-163744-f70d,2026-07-25T16:37:44Z
vrf/VFR200_40_5_Gap,Large,200,40,IG-idle-greedy,123,13415,29.739546985947527,2.8521045771678293,run-20260725-163814-3f27,2026-07-25T16:38:14Z
vrf/VFR200_40_5_Gap,Large,200,40,IG-idle-greedy,456,13465,29.860153464018367,3.2354519665721075,run-20260725-163844-2100,2026-07-25T16:38:44Z
vrf/VFR200_40_5_Gap,Large,200,40,IG-idle-greedy,789,13371,30.154989506001584,2.5147588744920646,run-20260725-163914-abb1,2026-07-25T16:39:14Z
vrf/VFR200_40_5_Gap,Large,200,40,IG-idle-greedy,2025,13320,32.32050603395328,2.123744537299701,run-20260725-163946-e4e9,2026-07-25T16:39:46Z
vrf/VFR200_40_6_Gap,Large,200,40,IG-idle-greedy,42,13561,31.534696124028414,3.329777506857665,run-20260725-164018-5de3,2026-07-25T16:40:18Z
vrf/VFR200_40_6_Gap,Large,200,40,IG-idle-greedy,123,13466,35.04584513697773,2.605912831453825,run-20260725-164053-ac23,2026-07-25T16:40:53Z
vrf/VFR200_40_6_Gap,Large,200,40,IG-idle-greedy,456,13555,30.8248584959656,3.284059737884791,run-20260725-164124-0c4a,2026-07-25T16:41:24Z
vrf/VFR200_40_6_Gap,Large,200,40,IG-idle-greedy,789,13643,29.780292937066406,3.954587016153612,run-20260725-164154-a76b,2026-07-25T16:41:54Z
vrf/VFR200_40_6_Gap,Large,200,40,IG-idle-greedy,2025,13584,29.95171138702426,3.5050289545870164,run-20260725-164224-3cd5,2026-07-25T16:42:24Z
vrf/VFR200_40_7_Gap,Large,200,40,IG-idle-greedy,42,13630,30.41487594600767,2.488908940521844,run-20260725-164254-8c2c,2026-07-25T16:42:54Z
vrf/VFR200_40_7_Gap,Large,200,40,IG-idle-greedy,123,13626,32.505473008030094,2.4588314910895557,run-20260725-164327-fe40,2026-07-25T16:43:27Z
vrf/VFR200_40_7_Gap,Large,200,40,IG-idle-greedy,456,13640,32.81502884905785,2.5641025641025643,run-20260725-164359-8bd5,2026-07-25T16:43:59Z
vrf/VFR200_40_7_Gap,Large,200,40,IG-idle-greedy,789,13621,31.57070141204167,2.4212346792991952,run-20260725-164431-080d,2026-07-25T16:44:31Z
vrf/VFR200_40_7_Gap,Large,200,40,IG-idle-greedy,2025,13687,30.397656645975076,2.91751259493195,run-20260725-164501-265d,2026-07-25T16:45:01Z
vrf/VFR200_40_8_Gap,Large,200,40,IG-idle-greedy,42,13591,29.76712959399447,2.666565946517601,run-20260725-164531-5620,2026-07-25T16:45:31Z
vrf/VFR200_40_8_Gap,Large,200,40,IG-idle-greedy,123,13575,30.72523453994654,2.545701767638616,run-20260725-164602-3050,2026-07-25T16:46:02Z
vrf/VFR200_40_8_Gap,Large,200,40,IG-idle-greedy,456,13609,30.92727288696915,2.802538147756459,run-20260725-164633-ff4c,2026-07-25T16:46:33Z
vrf/VFR200_40_8_Gap,Large,200,40,IG-idle-greedy,789,13681,29.90482765296474,3.34642695271189,run-20260725-164703-8382,2026-07-25T16:47:03Z
vrf/VFR200_40_8_Gap,Large,200,40,IG-idle-greedy,2025,13682,29.618047347059473,3.3539809638918268,run-20260725-164732-5a21,2026-07-25T16:47:32Z
vrf/VFR200_40_9_Gap,Large,200,40,IG-idle-greedy,42,13449,59.82307301904075,2.149475922831536,run-20260725-164832-49c6,2026-07-25T16:48:32Z
vrf/VFR200_40_9_Gap,Large,200,40,IG-idle-greedy,123,13491,30.100703660049476,2.4684794166793256,run-20260725-164902-4889,2026-07-25T16:49:02Z
vrf/VFR200_40_9_Gap,Large,200,40,IG-idle-greedy,456,13453,33.2864881970454,2.1798572079598966,run-20260725-164935-f09d,2026-07-25T16:49:35Z
vrf/VFR200_40_9_Gap,Large,200,40,IG-idle-greedy,789,13661,29.444504398969002,3.759684034634665,run-20260725-165005-57f7,2026-07-25T16:50:05Z
vrf/VFR200_40_9_Gap,Large,200,40,IG-idle-greedy,2025,13549,29.576857384992763,2.909008051040559,run-20260725-165035-f05f,2026-07-25T16:50:35Z
vrf/VFR200_60_10_Gap,Large,200,60,IG-idle-greedy,42,15500,86.29195008205716,3.3333333333333335,run-20260725-165201-69ea,2026-07-25T16:52:01Z
vrf/VFR200_60_10_Gap,Large,200,60,IG-idle-greedy,123,15364,45.875742958975025,2.4266666666666667,run-20260725-165247-e3d7,2026-07-25T16:52:47Z
vrf/VFR200_60_10_Gap,Large,200,60,IG-idle-greedy,456,15462,44.437963581993245,3.08,run-20260725-165331-3b39,2026-07-25T16:53:31Z
vrf/VFR200_60_10_Gap,Large,200,60,IG-idle-greedy,789,15482,44.026053128996864,3.2133333333333334,run-20260725-165415-e236,2026-07-25T16:54:15Z
vrf/VFR200_60_10_Gap,Large,200,60,IG-idle-greedy,2025,15475,44.34280823392328,3.1666666666666665,run-20260725-165459-82cd,2026-07-25T16:54:59Z
vrf/VFR200_60_1_Gap,Large,200,60,IG-idle-greedy,42,15340,61.59177248599008,2.334889926617745,run-20260725-165601-1dfc,2026-07-25T16:56:01Z
vrf/VFR200_60_1_Gap,Large,200,60,IG-idle-greedy,123,15503,44.21771163796075,3.422281521014009,run-20260725-165645-499e,2026-07-25T16:56:45Z
vrf/VFR200_60_1_Gap,Large,200,60,IG-idle-greedy,456,15491,44.68752364302054,3.342228152101401,run-20260725-165730-c863,2026-07-25T16:57:30Z
vrf/VFR200_60_1_Gap,Large,200,60,IG-idle-greedy,789,15531,44.40389851410873,3.6090727151434288,run-20260725-165814-25a9,2026-07-25T16:58:14Z
vrf/VFR200_60_1_Gap,Large,200,60,IG-idle-greedy,2025,15455,48.26755889097694,3.1020680453635756,run-20260725-165903-3d5b,2026-07-25T16:59:03Z
vrf/VFR200_60_2_Gap,Large,200,60,IG-idle-greedy,42,15307,91.5947490199469,2.360572422094423,run-20260725-170034-947e,2026-07-25T17:00:34Z
vrf/VFR200_60_2_Gap,Large,200,60,IG-idle-greedy,123,15429,44.3334396550199,3.1764076501270564,run-20260725-170119-a37e,2026-07-25T17:01:19Z
vrf/VFR200_60_2_Gap,Large,200,60,IG-idle-greedy,456,15553,43.52163925394416,4.005617226160225,run-20260725-170202-907c,2026-07-25T17:02:02Z
vrf/VFR200_60_2_Gap,Large,200,60,IG-idle-greedy,789,15392,44.85490948194638,2.9289822121171594,run-20260725-170247-d2a3,2026-07-25T17:02:47Z
vrf/VFR200_60_2_Gap,Large,200,60,IG-idle-greedy,2025,15363,44.46642760804389,2.735054166109402,run-20260725-170331-d865,2026-07-25T17:03:31Z
vrf/VFR200_60_3_Gap,Large,200,60,IG-idle-greedy,42,15757,43.645566637977026,3.664473684210526,run-20260725-170415-fd3e,2026-07-25T17:04:15Z
vrf/VFR200_60_3_Gap,Large,200,60,IG-idle-greedy,123,15673,44.2573401699774,3.111842105263158,run-20260725-170459-f43d,2026-07-25T17:04:59Z
vrf/VFR200_60_3_Gap,Large,200,60,IG-idle-greedy,456,15612,44.83048853103537,2.710526315789474,run-20260725-170544-48a0,2026-07-25T17:05:44Z
vrf/VFR200_60_3_Gap,Large,200,60,IG-idle-greedy,789,15657,44.9556999480119,3.0065789473684212,run-20260725-170629-759f,2026-07-25T17:06:29Z
vrf/VFR200_60_3_Gap,Large,200,60,IG-idle-greedy,2025,15728,44.03597078996245,3.473684210526316,run-20260725-170713-cb15,2026-07-25T17:07:13Z
vrf/VFR200_60_4_Gap,Large,200,60,IG-idle-greedy,42,15592,44.16555195301771,3.6426482318532307,run-20260725-170757-b3b5,2026-07-25T17:07:57Z
vrf/VFR200_60_4_Gap,Large,200,60,IG-idle-greedy,123,15616,43.94396377296653,3.8021802712044668,run-20260725-170841-e561,2026-07-25T17:08:41Z
vrf/VFR200_60_4_Gap,Large,200,60,IG-idle-greedy,456,15595,43.595086519024335,3.662589736772135,run-20260725-170925-ed58,2026-07-25T17:09:25Z
vrf/VFR200_60_4_Gap,Large,200,60,IG-idle-greedy,789,15652,43.52085425099358,4.041478330231321,run-20260725-171008-704d,2026-07-25T17:10:08Z
vrf/VFR200_60_4_Gap,Large,200,60,IG-idle-greedy,2025,15545,43.73913136404008,3.330231321457059,run-20260725-171052-e710,2026-07-25T17:10:52Z
vrf/VFR200_60_5_Gap,Large,200,60,IG-idle-greedy,42,15601,44.11298784299288,3.1130204890945143,run-20260725-171136-4acd,2026-07-25T17:11:36Z
vrf/VFR200_60_5_Gap,Large,200,60,IG-idle-greedy,123,15611,44.17296952102333,3.17911434236616,run-20260725-171220-8d12,2026-07-25T17:12:20Z
vrf/VFR200_60_5_Gap,Large,200,60,IG-idle-greedy,456,15637,43.617682085954584,3.350958360872439,run-20260725-171304-1de2,2026-07-25T17:13:04Z
vrf/VFR200_60_5_Gap,Large,200,60,IG-idle-greedy,789,15674,43.91612003103364,3.595505617977528,run-20260725-171348-3a90,2026-07-25T17:13:48Z
vrf/VFR200_60_5_Gap,Large,200,60,IG-idle-greedy,2025,15668,44.0179432479199,3.5558493060145406,run-20260725-171432-ae3d,2026-07-25T17:14:32Z
vrf/VFR200_60_6_Gap,Large,200,60,IG-idle-greedy,42,15419,45.552557613002136,2.55404057199867,run-20260725-171518-bcdf,2026-07-25T17:15:18Z
vrf/VFR200_60_6_Gap,Large,200,60,IG-idle-greedy,123,15537,44.01991336001083,3.3388759561024277,run-20260725-171602-96e9,2026-07-25T17:16:02Z
vrf/VFR200_60_6_Gap,Large,200,60,IG-idle-greedy,456,15552,44.04801979707554,3.4386431659461256,run-20260725-171646-82b0,2026-07-25T17:16:46Z
vrf/VFR200_60_6_Gap,Large,200,60,IG-idle-greedy,789,15566,43.582489209016785,3.5317592284669104,run-20260725-171729-2213,2026-07-25T17:17:29Z
vrf/VFR200_60_6_Gap,Large,200,60,IG-idle-greedy,2025,15595,43.62248016207013,3.7246425008313935,run-20260725-171813-772b,2026-07-25T17:18:13Z
vrf/VFR200_60_7_Gap,Large,200,60,IG-idle-greedy,42,15472,44.57762550399639,2.872340425531915,run-20260725-171857-c8f5,2026-07-25T17:18:57Z
vrf/VFR200_60_7_Gap,Large,200,60,IG-idle-greedy,123,15435,44.02520882699173,2.6263297872340425,run-20260725-171941-0c37,2026-07-25T17:19:41Z
vrf/VFR200_60_7_Gap,Large,200,60,IG-idle-greedy,456,15523,87.81154935795348,3.211436170212766,run-20260725-172109-d7fb,2026-07-25T17:21:09Z
vrf/VFR200_60_7_Gap,Large,200,60,IG-idle-greedy,789,15461,45.85447920195293,2.7992021276595747,run-20260725-172155-fdf0,2026-07-25T17:21:55Z
vrf/VFR200_60_7_Gap,Large,200,60,IG-idle-greedy,2025,15397,54.38558134401683,2.3736702127659575,run-20260725-172250-7e0f,2026-07-25T17:22:50Z
vrf/VFR200_60_8_Gap,Large,200,60,IG-idle-greedy,42,15545,43.579637099057436,3.8548904329235705,run-20260725-172333-c792,2026-07-25T17:23:33Z
vrf/VFR200_60_8_Gap,Large,200,60,IG-idle-greedy,123,15295,48.3648691510316,2.1846606092998395,run-20260725-172422-3d32,2026-07-25T17:24:22Z
vrf/VFR200_60_8_Gap,Large,200,60,IG-idle-greedy,456,15537,43.51673940999899,3.801443078567611,run-20260725-172505-767b,2026-07-25T17:25:05Z
vrf/VFR200_60_8_Gap,Large,200,60,IG-idle-greedy,789,15475,45.075860686949454,3.3872260823089255,run-20260725-172550-f75e,2026-07-25T17:25:50Z
vrf/VFR200_60_8_Gap,Large,200,60,IG-idle-greedy,2025,15362,48.381567931966856,2.6322822020309995,run-20260725-172638-e413,2026-07-25T17:26:38Z
vrf/VFR200_60_9_Gap,Large,200,60,IG-idle-greedy,42,15570,43.5789669189835,3.647982958327786,run-20260725-172722-69fa,2026-07-25T17:27:22Z
vrf/VFR200_60_9_Gap,Large,200,60,IG-idle-greedy,123,15406,48.640356512973085,2.556250832112901,run-20260725-172811-2fd4,2026-07-25T17:28:11Z
vrf/VFR200_60_9_Gap,Large,200,60,IG-idle-greedy,456,15443,44.49547900003381,2.802556250832113,run-20260725-172855-21ee,2026-07-25T17:28:55Z
vrf/VFR200_60_9_Gap,Large,200,60,IG-idle-greedy,789,15462,44.74605752900243,2.9290374117960325,run-20260725-172940-b347,2026-07-25T17:29:40Z
vrf/VFR200_60_9_Gap,Large,200,60,IG-idle-greedy,2025,15487,43.927210591966286,3.0954599920117163,run-20260725-173024-18bd,2026-07-25T17:30:24Z
vrf/VFR300_20_10_Gap,Large,300,20,IG-idle-greedy,42,17057,25.843935601995327,0.9349665660689982,run-20260725-173050-40d5,2026-07-25T17:30:50Z
vrf/VFR300_20_10_Gap,Large,300,20,IG-idle-greedy,123,17071,26.43522596801631,1.0178117048346056,run-20260725-173116-c445,2026-07-25T17:31:16Z
vrf/VFR300_20_10_Gap,Large,300,20,IG-idle-greedy,456,17051,26.544658914091997,0.8994615065980236,run-20260725-173143-b1ec,2026-07-25T17:31:43Z
vrf/VFR300_20_10_Gap,Large,300,20,IG-idle-greedy,789,17103,25.895726292044856,1.2071720220131368,run-20260725-173209-5ddf,2026-07-25T17:32:09Z
vrf/VFR300_20_10_Gap,Large,300,20,IG-idle-greedy,2025,17148,26.120460422011092,1.4734599680454465,run-20260725-173235-8eac,2026-07-25T17:32:35Z
vrf/VFR300_20_1_Gap,Large,300,20,IG-idle-greedy,42,16406,26.714566471986473,1.5914298098953497,run-20260725-173301-c92b,2026-07-25T17:33:01Z
vrf/VFR300_20_1_Gap,Large,300,20,IG-idle-greedy,123,16482,26.370439834077843,2.062047185584247,run-20260725-173328-fedf,2026-07-25T17:33:28Z
vrf/VFR300_20_1_Gap,Large,300,20,IG-idle-greedy,456,16404,52.19043955300003,1.5790451421140628,run-20260725-173420-76ca,2026-07-25T17:34:20Z
vrf/VFR300_20_1_Gap,Large,300,20,IG-idle-greedy,789,16421,26.234364474075846,1.6843148182550003,run-20260725-173446-c5a6,2026-07-25T17:34:46Z
vrf/VFR300_20_1_Gap,Large,300,20,IG-idle-greedy,2025,16388,28.049954295973293,1.4799677998637686,run-20260725-173514-940b,2026-07-25T17:35:14Z
vrf/VFR300_20_2_Gap,Large,300,20,IG-idle-greedy,42,16834,51.435175410006195,1.9500968992248062,run-20260725-173606-015b,2026-07-25T17:36:06Z
vrf/VFR300_20_2_Gap,Large,300,20,IG-idle-greedy,123,16934,25.77504403400235,2.555717054263566,run-20260725-173632-7194,2026-07-25T17:36:32Z
vrf/VFR300_20_2_Gap,Large,300,20,IG-idle-greedy,456,16840,25.874425631016493,1.9864341085271318,run-20260725-173657-ad12,2026-07-25T17:36:57Z
vrf/VFR300_20_2_Gap,Large,300,20,IG-idle-greedy,789,16780,26.93239078100305,1.623062015503876,run-20260725-173724-57f7,2026-07-25T17:37:24Z
vrf/VFR300_20_2_Gap,Large,300,20,IG-idle-greedy,2025,16734,26.697682784986682,1.3444767441860466,run-20260725-173751-89e4,2026-07-25T17:37:51Z
vrf/VFR300_20_3_Gap,Large,300,20,IG-idle-greedy,42,16599,26.17273816803936,2.6340196624002967,run-20260725-173817-ea7f,2026-07-25T17:38:17Z
vrf/VFR300_20_3_Gap,Large,300,20,IG-idle-greedy,123,16624,25.865083588054404,2.7885982810857604,run-20260725-173843-68fb,2026-07-25T17:38:43Z
vrf/VFR300_20_3_Gap,Large,300,20,IG-idle-greedy,456,16613,50.9341472130036,2.7205836888641564,run-20260725-173934-e1d5,2026-07-25T17:39:34Z
vrf/VFR300_20_3_Gap,Large,300,20,IG-idle-greedy,789,16709,25.64160637697205,3.314165584616336,run-20260725-174000-fd80,2026-07-25T17:40:00Z
vrf/VFR300_20_3_Gap,Large,300,20,IG-idle-greedy,2025,16508,26.25654464692343,2.07135349038521,run-20260725-174026-eece,2026-07-25T17:40:26Z
vrf/VFR300_20_4_Gap,Large,300,20,IG-idle-greedy,42,16583,26.292142251040787,2.4843952784129533,run-20260725-174052-7240,2026-07-25T17:40:52Z
vrf/VFR300_20_4_Gap,Large,300,20,IG-idle-greedy,123,16518,27.80969229200855,2.0826895741919533,run-20260725-174120-efb1,2026-07-25T17:41:20Z
vrf/VFR300_20_4_Gap,Large,300,20,IG-idle-greedy,456,16449,42.146132018067874,1.656263518941969,run-20260725-174202-3faf,2026-07-25T17:42:02Z
vrf/VFR300_20_4_Gap,Large,300,20,IG-idle-greedy,789,16473,27.0230752651114,1.8045856251158767,run-20260725-174229-fd31,2026-07-25T17:42:29Z
vrf/VFR300_20_4_Gap,Large,300,20,IG-idle-greedy,2025,16533,59.1437472240068,2.175390890550646,run-20260725-174328-ae20,2026-07-25T17:43:28Z
vrf/VFR300_20_5_Gap,Large,300,20,IG-idle-greedy,42,16651,27.075277272961102,1.8908334353200342,run-20260725-174355-379a,2026-07-25T17:43:55Z
vrf/VFR300_20_5_Gap,Large,300,20,IG-idle-greedy,123,16729,25.979504119954072,2.3681311956920816,run-20260725-174421-05c1,2026-07-25T17:44:21Z
vrf/VFR300_20_5_Gap,Large,300,20,IG-idle-greedy,456,16760,25.774674148997292,2.5578264594296902,run-20260725-174447-7db6,2026-07-25T17:44:47Z
vrf/VFR300_20_5_Gap,Large,300,20,IG-idle-greedy,789,16690,51.24353937897831,2.129482315506058,run-20260725-174538-ae96,2026-07-25T17:45:38Z
vrf/VFR300_20_5_Gap,Large,300,20,IG-idle-greedy,2025,16722,25.837742066010833,2.3252967812997185,run-20260725-174604-e483,2026-07-25T17:46:04Z
vrf/VFR300_20_6_Gap,Large,300,20,IG-idle-greedy,42,16424,26.25812834291719,1.778521410423251,run-20260725-174631-3390,2026-07-25T17:46:31Z
vrf/VFR300_20_6_Gap,Large,300,20,IG-idle-greedy,123,16518,25.88039598800242,2.3610336493772075,run-20260725-174656-7d23,2026-07-25T17:46:56Z
vrf/VFR300_20_6_Gap,Large,300,20,IG-idle-greedy,456,16480,25.921105255023576,2.1255499783107146,run-20260725-174722-2c06,2026-07-25T17:47:22Z
vrf/VFR300_20_6_Gap,Large,300,20,IG-idle-greedy,789,16453,51.46559715399053,1.9582326330792588,run-20260725-174814-8dc3,2026-07-25T17:48:14Z
vrf/VFR300_20_6_Gap,Large,300,20,IG-idle-greedy,2025,16420,27.0723127219826,1.7537336555741463,run-20260725-174841-43dd,2026-07-25T17:48:41Z
vrf/VFR300_20_7_Gap,Large,300,20,IG-idle-greedy,42,16474,26.503334861947224,1.27874093200541,run-20260725-174907-5336,2026-07-25T17:49:07Z
vrf/VFR300_20_7_Gap,Large,300,20,IG-idle-greedy,123,16496,26.542587610078044,1.4139923767367515,run-20260725-174934-7d9e,2026-07-25T17:49:34Z
vrf/VFR300_20_7_Gap,Large,300,20,IG-idle-greedy,456,16527,26.300368372933008,1.6045739579490963,run-20260725-175000-689b,2026-07-25T17:50:00Z
vrf/VFR300_20_7_Gap,Large,300,20,IG-idle-greedy,789,16587,25.946567432954907,1.9734415344891183,run-20260725-175026-98ef,2026-07-25T17:50:26Z
vrf/VFR300_20_7_Gap,Large,300,20,IG-idle-greedy,2025,16551,26.00571807497181,1.7521209885651052,run-20260725-175052-cdbb,2026-07-25T17:50:52Z
vrf/VFR300_20_8_Gap,Large,300,20,IG-idle-greedy,42,16692,27.34374449204188,1.6812865497076024,run-20260725-175120-e2bf,2026-07-25T17:51:20Z
vrf/VFR300_20_8_Gap,Large,300,20,IG-idle-greedy,123,16812,26.014590025064535,2.412280701754386,run-20260725-175146-f40c,2026-07-25T17:51:46Z
vrf/VFR300_20_8_Gap,Large,300,20,IG-idle-greedy,456,16809,25.90603396901861,2.3940058479532165,run-20260725-175211-e65d,2026-07-25T17:52:11Z
vrf/VFR300_20_8_Gap,Large,300,20,IG-idle-greedy,789,16750,56.452374815009534,2.034600389863548,run-20260725-175308-bf27,2026-07-25T17:53:08Z
vrf/VFR300_20_8_Gap,Large,300,20,IG-idle-greedy,2025,16784,25.79453881306108,2.2417153996101367,run-20260725-175334-cf82,2026-07-25T17:53:34Z
vrf/VFR300_20_9_Gap,Large,300,20,IG-idle-greedy,42,16733,25.85960036504548,2.180019540791402,run-20260725-175400-9eab,2026-07-25T17:54:00Z
vrf/VFR300_20_9_Gap,Large,300,20,IG-idle-greedy,123,16552,52.36204137804452,1.074743527112848,run-20260725-175452-0fa9,2026-07-25T17:54:52Z
vrf/VFR300_20_9_Gap,Large,300,20,IG-idle-greedy,456,16613,25.991774418973364,1.44723986321446,run-20260725-175518-c37a,2026-07-25T17:55:18Z
vrf/VFR300_20_9_Gap,Large,300,20,IG-idle-greedy,789,16613,26.07389024202712,1.44723986321446,run-20260725-175544-534e,2026-07-25T17:55:44Z
vrf/VFR300_20_9_Gap,Large,300,20,IG-idle-greedy,2025,16636,26.213494146009907,1.5876893014167073,run-20260725-175610-8a9e,2026-07-25T17:56:10Z
vrf/VFR300_40_10_Gap,Large,300,40,IG-idle-greedy,42,18733,101.02166283701081,1.8042497690342916,run-20260725-175751-5379,2026-07-25T17:57:51Z
vrf/VFR300_40_10_Gap,Large,300,40,IG-idle-greedy,123,18932,99.84203110006638,2.885712733003641,run-20260725-175931-8c8b,2026-07-25T17:59:31Z
vrf/VFR300_40_10_Gap,Large,300,40,IG-idle-greedy,456,18844,50.6793031420093,2.4074778544644313,run-20260725-180022-02c2,2026-07-25T18:00:22Z
vrf/VFR300_40_10_Gap,Large,300,40,IG-idle-greedy,789,18770,55.29417938995175,2.005325797511005,run-20260725-180117-ee8e,2026-07-25T18:01:17Z
vrf/VFR300_40_10_Gap,Large,300,40,IG-idle-greedy,2025,18865,51.578108417917974,2.521602086843106,run-20260725-180209-3fdc,2026-07-25T18:02:09Z
vrf/VFR300_40_1_Gap,Large,300,40,IG-idle-greedy,42,18699,52.485081279068254,2.191496338397639,run-20260725-180301-b0ac,2026-07-25T18:03:01Z
vrf/VFR300_40_1_Gap,Large,300,40,IG-idle-greedy,123,18830,50.23656273004599,2.9074215761285385,run-20260725-180351-3b75,2026-07-25T18:03:51Z
vrf/VFR300_40_1_Gap,Large,300,40,IG-idle-greedy,456,18815,50.05309459101409,2.825445403869275,run-20260725-180441-54e4,2026-07-25T18:04:41Z
vrf/VFR300_40_1_Gap,Large,300,40,IG-idle-greedy,789,18687,51.85043956199661,2.1259154005902285,run-20260725-180533-e8f8,2026-07-25T18:05:33Z
vrf/VFR300_40_1_Gap,Large,300,40,IG-idle-greedy,2025,19028,49.53031959699001,3.9895070499508143,run-20260725-180623-ac99,2026-07-25T18:06:23Z
vrf/VFR300_40_2_Gap,Large,300,40,IG-idle-greedy,42,18893,56.40008216397837,2.378888045952097,run-20260725-180719-1b2f,2026-07-25T18:07:19Z
vrf/VFR300_40_2_Gap,Large,300,40,IG-idle-greedy,123,18922,98.59786170499865,2.536035547848705,run-20260725-180858-8b9b,2026-07-25T18:08:58Z
vrf/VFR300_40_2_Gap,Large,300,40,IG-idle-greedy,456,19012,49.784370915964246,3.0237346916657635,run-20260725-180948-646b,2026-07-25T18:09:48Z
vrf/VFR300_40_2_Gap,Large,300,40,IG-idle-greedy,789,18933,50.548275017994456,2.595643220981901,run-20260725-181038-1229,2026-07-25T18:10:38Z
vrf/VFR300_40_2_Gap,Large,300,40,IG-idle-greedy,2025,18922,51.55765064898878,2.536035547848705,run-20260725-181130-4053,2026-07-25T18:11:30Z
vrf/VFR300_40_3_Gap,Large,300,40,IG-idle-greedy,42,19015,50.316285158041865,3.023243213956764,run-20260725-181220-f39d,2026-07-25T18:12:20Z
vrf/VFR300_40_3_Gap,Large,300,40,IG-idle-greedy,123,18944,52.99124274996575,2.6385653139730185,run-20260725-181313-1f66,2026-07-25T18:13:13Z
vrf/VFR300_40_3_Gap,Large,300,40,IG-idle-greedy,456,19068,49.8453212629538,3.310397139296744,run-20260725-181403-dc05,2026-07-25T18:14:03Z
vrf/VFR300_40_3_Gap,Large,300,40,IG-idle-greedy,789,19088,50.164042436052114,3.418757111123151,run-20260725-181453-d3aa,2026-07-25T18:14:53Z
vrf/VFR300_40_3_Gap,Large,300,40,IG-idle-greedy,2025,18922,51.01315087499097,2.5193693449639705,run-20260725-181544-1528,2026-07-25T18:15:44Z
vrf/VFR300_40_4_Gap,Large,300,40,IG-idle-greedy,42,19038,49.28456564503722,3.743665195357201,run-20260725-181633-c508,2026-07-25T18:16:33Z
vrf/VFR300_40_4_Gap,Large,300,40,IG-idle-greedy,123,18937,49.294533434091136,3.1932864694022123,run-20260725-181723-1ef9,2026-07-25T18:17:23Z
vrf/VFR300_40_4_Gap,Large,300,40,IG-idle-greedy,456,18944,49.89207060902845,3.2314315296169145,run-20260725-181813-c58b,2026-07-25T18:18:13Z
vrf/VFR300_40_4_Gap,Large,300,40,IG-idle-greedy,789,18992,49.41586575098336,3.492997656803444,run-20260725-181902-dcaa,2026-07-25T18:19:02Z
vrf/VFR300_40_4_Gap,Large,300,40,IG-idle-greedy,2025,18866,59.75458313000854,2.8063865729388042,run-20260725-182002-b383,2026-07-25T18:20:02Z
vrf/VFR300_40_5_Gap,Large,300,40,IG-idle-greedy,42,19024,49.89367749495432,2.921445574550963,run-20260725-182052-a671,2026-07-25T18:20:52Z
vrf/VFR300_40_5_Gap,Large,300,40,IG-idle-greedy,123,18967,51.447569877956994,2.613070763903917,run-20260725-182143-e398,2026-07-25T18:21:43Z
vrf/VFR300_40_5_Gap,Large,300,40,IG-idle-greedy,456,18919,50.90921982598957,2.3533867128327204,run-20260725-182234-b20a,2026-07-25T18:22:34Z
vrf/VFR300_40_5_Gap,Large,300,40,IG-idle-greedy,789,19081,49.84253461007029,3.229820385198009,run-20260725-182324-f9be,2026-07-25T18:23:24Z
vrf/VFR300_40_5_Gap,Large,300,40,IG-idle-greedy,2025,19072,49.80312507599592,3.1811296256221597,run-20260725-182414-4cd2,2026-07-25T18:24:14Z
vrf/VFR300_40_6_Gap,Large,300,40,IG-idle-greedy,42,18874,54.87525794596877,2.3036478941948073,run-20260725-182509-1a73,2026-07-25T18:25:09Z
vrf/VFR300_40_6_Gap,Large,300,40,IG-idle-greedy,123,19017,49.59412970591802,3.078757656241531,run-20260725-182558-af8e,2026-07-25T18:25:58Z
vrf/VFR300_40_6_Gap,Large,300,40,IG-idle-greedy,456,18876,50.05685379100032,2.3144885901674885,run-20260725-182648-1770,2026-07-25T18:26:48Z
vrf/VFR300_40_6_Gap,Large,300,40,IG-idle-greedy,789,18905,49.684142639976926,2.47167868177137,run-20260725-182738-5f79,2026-07-25T18:27:38Z
vrf/VFR300_40_6_Gap,Large,300,40,IG-idle-greedy,2025,18977,49.78323742595967,2.861943736787902,run-20260725-182828-8da4,2026-07-25T18:28:28Z
vrf/VFR300_40_7_Gap,Large,300,40,IG-idle-greedy,42,18923,51.986919458955526,2.7363049025462836,run-20260725-182920-3002,2026-07-25T18:29:20Z
vrf/VFR300_40_7_Gap,Large,300,40,IG-idle-greedy,123,18991,49.46460287203081,3.1054888973342742,run-20260725-183009-170f,2026-07-25T18:30:09Z
vrf/VFR300_40_7_Gap,Large,300,40,IG-idle-greedy,456,19036,49.13683795102406,3.349801835061621,run-20260725-183058-bfa0,2026-07-25T18:30:58Z
vrf/VFR300_40_7_Gap,Large,300,40,IG-idle-greedy,789,18970,49.19487686792854,2.9914761930615126,run-20260725-183147-68c2,2026-07-25T18:31:47Z
vrf/VFR300_40_7_Gap,Large,300,40,IG-idle-greedy,2025,18963,50.339522939990275,2.9534719583039255,run-20260725-183238-cd4b,2026-07-25T18:32:38Z
vrf/VFR300_40_8_Gap,Large,300,40,IG-idle-greedy,42,18904,49.846381123992614,2.7838190517616357,run-20260725-183328-3999,2026-07-25T18:33:28Z
vrf/VFR300_40_8_Gap,Large,300,40,IG-idle-greedy,123,18791,51.354714167071506,2.169421487603306,run-20260725-183419-5c81,2026-07-25T18:34:19Z
vrf/VFR300_40_8_Gap,Large,300,40,IG-idle-greedy,456,18837,50.06861148797907,2.419530230535015,run-20260725-183509-52f5,2026-07-25T18:35:09Z
vrf/VFR300_40_8_Gap,Large,300,40,IG-idle-greedy,789,18843,50.84961709298659,2.452153110047847,run-20260725-183600-2d05,2026-07-25T18:36:00Z
vrf/VFR300_40_8_Gap,Large,300,40,IG-idle-greedy,2025,18695,112.7562820710009,1.6474554153979992,run-20260725-183753-da87,2026-07-25T18:37:53Z
vrf/VFR300_40_9_Gap,Large,300,40,IG-idle-greedy,42,18960,51.186999691068195,3.077090355550723,run-20260725-183844-a2fb,2026-07-25T18:38:44Z
vrf/VFR300_40_9_Gap,Large,300,40,IG-idle-greedy,123,18968,49.79049328400288,3.1205827987387194,run-20260725-183934-e4ad,2026-07-25T18:39:34Z
vrf/VFR300_40_9_Gap,Large,300,40,IG-idle-greedy,456,19047,49.356831334065646,3.5500706752201805,run-20260725-184023-f873,2026-07-25T18:40:23Z
vrf/VFR300_40_9_Gap,Large,300,40,IG-idle-greedy,789,19143,48.98832687200047,4.071979993476133,run-20260725-184112-d6c1,2026-07-25T18:41:12Z
vrf/VFR300_40_9_Gap,Large,300,40,IG-idle-greedy,2025,18978,49.70031583600212,3.1749483527237143,run-20260725-184202-01ea,2026-07-25T18:42:02Z
vrf/VFR300_60_10_Gap,Large,300,60,IG-idle-greedy,42,21076,95.39153957203962,2.950371238765143,run-20260725-184337-c787,2026-07-25T18:43:37Z
vrf/VFR300_60_10_Gap,Large,300,60,IG-idle-greedy,123,21161,93.81332163093612,3.3655724892536147,run-20260725-184511-c58f,2026-07-25T18:45:11Z
vrf/VFR300_60_10_Gap,Large,300,60,IG-idle-greedy,456,21211,92.72701967693865,3.609808518952716,run-20260725-184644-7ebd,2026-07-25T18:46:44Z
vrf/VFR300_60_10_Gap,Large,300,60,IG-idle-greedy,789,21168,93.17373204405885,3.3997655334114887,run-20260725-184817-57b1,2026-07-25T18:48:17Z
vrf/VFR300_60_10_Gap,Large,300,60,IG-idle-greedy,2025,21091,94.9733900190331,3.023642047674873,run-20260725-184952-ef15,2026-07-25T18:49:52Z
vrf/VFR300_60_1_Gap,Large,300,60,IG-idle-greedy,42,21111,95.59530705504585,2.8700906344410875,run-20260725-185127-ea95,2026-07-25T18:51:27Z
vrf/VFR300_60_1_Gap,Large,300,60,IG-idle-greedy,123,20980,95.28015547303949,2.2317512912971447,run-20260725-185303-3da7,2026-07-25T18:53:03Z
vrf/VFR300_60_1_Gap,Large,300,60,IG-idle-greedy,456,21040,95.85261995601468,2.524120456095897,run-20260725-185439-23b7,2026-07-25T18:54:39Z
vrf/VFR300_60_1_Gap,Large,300,60,IG-idle-greedy,789,20983,99.20390415599104,2.2463697495370822,run-20260725-185618-b218,2026-07-25T18:56:18Z
vrf/VFR300_60_1_Gap,Large,300,60,IG-idle-greedy,2025,21062,96.40150152798742,2.631322483188773,run-20260725-185754-06da,2026-07-25T18:57:54Z
vrf/VFR300_60_2_Gap,Large,300,60,IG-idle-greedy,42,20984,97.96254417300224,2.8677876366488553,run-20260725-185932-bbae,2026-07-25T18:59:32Z
vrf/VFR300_60_2_Gap,Large,300,60,IG-idle-greedy,123,20934,111.77791672898456,2.6226775822344233,run-20260725-190124-a017,2026-07-25T19:01:24Z
vrf/VFR300_60_2_Gap,Large,300,60,IG-idle-greedy,456,21057,93.37937134201638,3.225648316093926,run-20260725-190257-bf55,2026-07-25T19:02:57Z
vrf/VFR300_60_2_Gap,Large,300,60,IG-idle-greedy,789,20871,103.75056928908452,2.313838913672239,run-20260725-190441-69a0,2026-07-25T19:04:41Z
vrf/VFR300_60_2_Gap,Large,300,60,IG-idle-greedy,2025,21081,93.73179358197376,3.3433011422128533,run-20260725-190615-c38f,2026-07-25T19:06:15Z
vrf/VFR300_60_3_Gap,Large,300,60,IG-idle-greedy,42,21124,94.46450173307676,3.37672506606636,run-20260725-190749-5ce5,2026-07-25T19:07:49Z
vrf/VFR300_60_3_Gap,Large,300,60,IG-idle-greedy,123,21189,89.91032278700732,3.6948223548986983,run-20260725-190919-5410,2026-07-25T19:09:19Z
vrf/VFR300_60_3_Gap,Large,300,60,IG-idle-greedy,456,21118,93.70926028303802,3.347362239404913,run-20260725-191053-97fb,2026-07-25T19:10:53Z
vrf/VFR300_60_3_Gap,Large,300,60,IG-idle-greedy,789,21187,93.94477791897953,3.6850347460115493,run-20260725-191227-cfa6,2026-07-25T19:12:27Z
vrf/VFR300_60_3_Gap,Large,300,60,IG-idle-greedy,2025,21070,94.87849285104312,3.1124596261133406,run-20260725-191402-f6e9,2026-07-25T19:14:02Z
vrf/VFR300_60_4_Gap,Large,300,60,IG-idle-greedy,42,20854,94.75573925604112,2.250551605785732,run-20260725-191537-073c,2026-07-25T19:15:37Z
vrf/VFR300_60_4_Gap,Large,300,60,IG-idle-greedy,123,20799,120.37210454593878,1.980877666094631,run-20260725-191737-0827,2026-07-25T19:17:37Z
vrf/VFR300_60_4_Gap,Large,300,60,IG-idle-greedy,456,20944,186.11380745097995,2.6918362343711695,run-20260725-192043-79c7,2026-07-25T19:20:43Z
vrf/VFR300_60_4_Gap,Large,300,60,IG-idle-greedy,789,20801,100.2989285789663,1.9906839911743075,run-20260725-192223-e484,2026-07-25T19:22:23Z
vrf/VFR300_60_4_Gap,Large,300,60,IG-idle-greedy,2025,20996,93.81721771799494,2.9468006864427556,run-20260725-192357-a34d,2026-07-25T19:23:57Z
vrf/VFR300_60_5_Gap,Large,300,60,IG-idle-greedy,42,20749,99.3646760249976,2.00580109139177,run-20260725-192537-1c5b,2026-07-25T19:25:37Z
vrf/VFR300_60_5_Gap,Large,300,60,IG-idle-greedy,123,20706,101.89776914392132,1.7944053881323436,run-20260725-192718-b203,2026-07-25T19:27:18Z
vrf/VFR300_60_5_Gap,Large,300,60,IG-idle-greedy,456,20902,99.00086342904251,2.757976500663684,run-20260725-192857-464a,2026-07-25T19:28:57Z
vrf/VFR300_60_5_Gap,Large,300,60,IG-idle-greedy,789,21027,93.63596993498504,3.3724988938596923,run-20260725-193031-935f,2026-07-25T19:30:31Z
vrf/VFR300_60_5_Gap,Large,300,60,IG-idle-greedy,2025,20900,95.12399044097401,2.748144142372548,run-20260725-193206-56d4,2026-07-25T19:32:06Z
vrf/VFR300_60_6_Gap,Large,300,60,IG-idle-greedy,42,20856,183.9058829980204,2.2954679223072394,run-20260725-193510-973b,2026-07-25T19:35:10Z
vrf/VFR300_60_6_Gap,Large,300,60,IG-idle-greedy,123,20816,95.50407059898134,2.0992740827938,run-20260725-193646-74c6,2026-07-25T19:36:46Z
vrf/VFR300_60_6_Gap,Large,300,60,IG-idle-greedy,456,20925,93.59252532804385,2.633902295467922,run-20260725-193819-4760,2026-07-25T19:38:19Z
vrf/VFR300_60_6_Gap,Large,300,60,IG-idle-greedy,789,20878,94.74388026597444,2.403374534039631,run-20260725-193954-6a4f,2026-07-25T19:39:54Z
vrf/VFR300_60_6_Gap,Large,300,60,IG-idle-greedy,2025,20847,94.08002516510896,2.2513243084167156,run-20260725-194128-baa3,2026-07-25T19:41:28Z
vrf/VFR300_60_7_Gap,Large,300,60,IG-idle-greedy,42,21196,93.42774339695461,3.61245539424158,run-20260725-194301-3519,2026-07-25T19:43:01Z
vrf/VFR300_60_7_Gap,Large,300,60,IG-idle-greedy,123,21118,95.50300813594367,3.2311678154177055,run-20260725-194437-ffdc,2026-07-25T19:44:37Z
vrf/VFR300_60_7_Gap,Large,300,60,IG-idle-greedy,456,21056,94.67793887096923,2.9280930732756514,run-20260725-194612-3922,2026-07-25T19:46:12Z
vrf/VFR300_60_7_Gap,Large,300,60,IG-idle-greedy,789,21015,96.41563388204668,2.7276726792784864,run-20260725-194748-8b2c,2026-07-25T19:47:48Z
vrf/VFR300_60_7_Gap,Large,300,60,IG-idle-greedy,2025,21014,106.40128309605643,2.7227843769858726,run-20260725-194934-db6e,2026-07-25T19:49:34Z
vrf/VFR300_60_8_Gap,Large,300,60,IG-idle-greedy,42,20956,102.84422861610074,2.6751592356687897,run-20260725-195117-8325,2026-07-25T19:51:17Z
vrf/VFR300_60_8_Gap,Large,300,60,IG-idle-greedy,123,21125,92.89875088492408,3.5031847133757963,run-20260725-195250-57dc,2026-07-25T19:52:50Z
vrf/VFR300_60_8_Gap,Large,300,60,IG-idle-greedy,456,21082,92.88603438902646,3.29250367466928,run-20260725-195423-49a5,2026-07-25T19:54:23Z
vrf/VFR300_60_8_Gap,Large,300,60,IG-idle-greedy,789,20931,97.31972807296552,2.552670259676629,run-20260725-195600-245f,2026-07-25T19:56:00Z
vrf/VFR300_60_8_Gap,Large,300,60,IG-idle-greedy,2025,20856,217.0928894500248,2.185203331700147,run-20260725-195938-8c38,2026-07-25T19:59:38Z
vrf/VFR300_60_9_Gap,Large,300,60,IG-idle-greedy,42,21108,93.75372714002151,2.7203270232128083,run-20260725-200111-b259,2026-07-25T20:01:11Z
vrf/VFR300_60_9_Gap,Large,300,60,IG-idle-greedy,123,21079,74.64083959895652,2.579200934352037,run-20260725-200226-e700,2026-07-25T20:02:26Z
vrf/VFR300_60_9_Gap,Large,300,60,IG-idle-greedy,456,21084,95.09237002197187,2.6035330186383767,run-20260725-200401-fd7f,2026-07-25T20:04:01Z
vrf/VFR300_60_9_Gap,Large,300,60,IG-idle-greedy,789,21034,95.95413953904063,2.360212175774977,run-20260725-200537-eb23,2026-07-25T20:05:37Z
vrf/VFR300_60_9_Gap,Large,300,60,IG-idle-greedy,2025,21066,97.12097360298503,2.5159375152075527,run-20260725-200714-1807,2026-07-25T20:07:14Z
vrf/VFR400_20_10_Gap,Large,400,20,IG-idle-greedy,42,21706,42.934040908003226,0.7800167146438852,run-20260725-200757-38e5,2026-07-25T20:07:57Z
vrf/VFR400_20_10_Gap,Large,400,20,IG-idle-greedy,123,21802,38.795903937891126,1.2257405515832482,run-20260725-200836-6ebd,2026-07-25T20:08:36Z
vrf/VFR400_20_10_Gap,Large,400,20,IG-idle-greedy,456,21787,39.15754805796314,1.1560962020614727,run-20260725-200915-ffa2,2026-07-25T20:09:15Z
vrf/VFR400_20_10_Gap,Large,400,20,IG-idle-greedy,789,21844,48.98503131209873,1.4207447302442195,run-20260725-201004-e676,2026-07-25T20:10:04Z
vrf/VFR400_20_10_Gap,Large,400,20,IG-idle-greedy,2025,21825,38.5933963409625,1.3325285541833038,run-20260725-201043-9d57,2026-07-25T20:10:43Z
vrf/VFR400_20_1_Gap,Large,400,20,IG-idle-greedy,42,21441,40.10406074102502,1.5198863636363635,run-20260725-201123-6366,2026-07-25T20:11:23Z
vrf/VFR400_20_1_Gap,Large,400,20,IG-idle-greedy,123,21500,38.8150308909826,1.7992424242424243,run-20260725-201202-0f18,2026-07-25T20:12:02Z
vrf/VFR400_20_1_Gap,Large,400,20,IG-idle-greedy,456,21437,39.472688997979276,1.5009469696969697,run-20260725-201241-7f00,2026-07-25T20:12:41Z
vrf/VFR400_20_1_Gap,Large,400,20,IG-idle-greedy,789,21352,76.62924802105408,1.0984848484848484,run-20260725-201358-b37e,2026-07-25T20:13:58Z
vrf/VFR400_20_1_Gap,Large,400,20,IG-idle-greedy,2025,21454,39.26630618900526,1.581439393939394,run-20260725-201437-792d,2026-07-25T20:14:37Z
vrf/VFR400_20_2_Gap,Large,400,20,IG-idle-greedy,42,21704,39.108300318941474,1.1511394882788832,run-20260725-201516-b318,2026-07-25T20:15:16Z
vrf/VFR400_20_2_Gap,Large,400,20,IG-idle-greedy,123,21750,38.66139485395979,1.365521741156732,run-20260725-201555-82cf,2026-07-25T20:15:55Z
vrf/VFR400_20_2_Gap,Large,400,20,IG-idle-greedy,456,21673,41.22055413201451,1.0066644917742462,run-20260725-201636-4f0b,2026-07-25T20:16:36Z
vrf/VFR400_20_2_Gap,Large,400,20,IG-idle-greedy,789,21701,39.137039029970765,1.1371580370042411,run-20260725-201715-839d,2026-07-25T20:17:15Z
vrf/VFR400_20_2_Gap,Large,400,20,IG-idle-greedy,2025,21700,38.862154870061204,1.1324975532460269,run-20260725-201754-6777,2026-07-25T20:17:54Z
vrf/VFR400_20_3_Gap,Large,400,20,IG-idle-greedy,42,21854,38.58558497193735,1.9262161279791055,run-20260725-201832-8ac0,2026-07-25T20:18:32Z
vrf/VFR400_20_3_Gap,Large,400,20,IG-idle-greedy,123,21728,39.620012570987456,1.3385569702905649,run-20260725-201912-8a91,2026-07-25T20:19:12Z
vrf/VFR400_20_3_Gap,Large,400,20,IG-idle-greedy,456,21747,38.94915533903986,1.4271722401007416,run-20260725-201951-71ae,2026-07-25T20:19:51Z
vrf/VFR400_20_3_Gap,Large,400,20,IG-idle-greedy,789,21813,38.804986273054965,1.7349937036518819,run-20260725-202030-da96,2026-07-25T20:20:30Z
vrf/VFR400_20_3_Gap,Large,400,20,IG-idle-greedy,2025,21751,38.873749052057974,1.4458280863765682,run-20260725-202109-bca7,2026-07-25T20:21:09Z
vrf/VFR400_20_4_Gap,Large,400,20,IG-idle-greedy,42,21686,38.322985311970115,2.0661740481009083,run-20260725-202147-dc27,2026-07-25T20:21:47Z
vrf/VFR400_20_4_Gap,Large,400,20,IG-idle-greedy,123,21623,39.065691747004166,1.769661599284605,run-20260725-202226-eafc,2026-07-25T20:22:26Z
vrf/VFR400_20_4_Gap,Large,400,20,IG-idle-greedy,456,21545,39.45300000999123,1.4025509483691816,run-20260725-202306-620e,2026-07-25T20:23:06Z
vrf/VFR400_20_4_Gap,Large,400,20,IG-idle-greedy,789,21618,38.79157742194366,1.746128865251565,run-20260725-202344-cffc,2026-07-25T20:23:44Z
vrf/VFR400_20_4_Gap,Large,400,20,IG-idle-greedy,2025,21630,38.76188659993932,1.8026074269308607,run-20260725-202423-b768,2026-07-25T20:24:23Z
vrf/VFR400_20_5_Gap,Large,400,20,IG-idle-greedy,42,21892,38.71131884492934,1.572866886280332,run-20260725-202502-8500,2026-07-25T20:25:02Z
vrf/VFR400_20_5_Gap,Large,400,20,IG-idle-greedy,123,21847,39.76011587702669,1.3640792465086067,run-20260725-202542-4d35,2026-07-25T20:25:42Z
vrf/VFR400_20_5_Gap,Large,400,20,IG-idle-greedy,456,21847,39.134394002030604,1.3640792465086067,run-20260725-202621-608b,2026-07-25T20:26:21Z
vrf/VFR400_20_5_Gap,Large,400,20,IG-idle-greedy,789,21843,38.95028916699812,1.3455203451955644,run-20260725-202700-0571,2026-07-25T20:27:00Z
vrf/VFR400_20_5_Gap,Large,400,20,IG-idle-greedy,2025,21902,76.78614127601031,1.619264139562938,run-20260725-202817-dfb5,2026-07-25T20:28:17Z
vrf/VFR400_20_6_Gap,Large,400,20,IG-idle-greedy,42,21552,39.72267628798727,1.593287451682851,run-20260725-202856-5610,2026-07-25T20:28:56Z
vrf/VFR400_20_6_Gap,Large,400,20,IG-idle-greedy,123,21621,38.7919783690013,1.9185443574997643,run-20260725-202935-8d3b,2026-07-25T20:29:35Z
vrf/VFR400_20_6_Gap,Large,400,20,IG-idle-greedy,456,21655,39.13946094701532,2.0788158763080986,run-20260725-203014-65f1,2026-07-25T20:30:14Z
vrf/VFR400_20_6_Gap,Large,400,20,IG-idle-greedy,789,21600,38.97826128907036,1.8195531252946167,run-20260725-203053-fa2e,2026-07-25T20:30:53Z
vrf/VFR400_20_6_Gap,Large,400,20,IG-idle-greedy,2025,21629,38.810772598022595,1.9562553031017254,run-20260725-203132-7d8b,2026-07-25T20:31:32Z
vrf/VFR400_20_7_Gap,Large,400,20,IG-idle-greedy,42,21929,39.39163141499739,1.4057803468208092,run-20260725-203211-e6c2,2026-07-25T20:32:11Z
vrf/VFR400_20_7_Gap,Large,400,20,IG-idle-greedy,123,21909,40.940641933935694,1.3132947976878613,run-20260725-203252-dccb,2026-07-25T20:32:52Z
vrf/VFR400_20_7_Gap,Large,400,20,IG-idle-greedy,456,21986,38.786518153967336,1.669364161849711,run-20260725-203331-a3c9,2026-07-25T20:33:31Z
vrf/VFR400_20_7_Gap,Large,400,20,IG-idle-greedy,789,21839,40.54568453296088,0.9895953757225433,run-20260725-203412-04b8,2026-07-25T20:34:12Z
vrf/VFR400_20_7_Gap,Large,400,20,IG-idle-greedy,2025,21954,39.34933518106118,1.5213872832369941,run-20260725-203451-d5f0,2026-07-25T20:34:51Z
vrf/VFR400_20_8_Gap,Large,400,20,IG-idle-greedy,42,21746,38.60414763004519,2.204258119095737,run-20260725-203530-cc02,2026-07-25T20:35:30Z
vrf/VFR400_20_8_Gap,Large,400,20,IG-idle-greedy,123,21694,38.50858772592619,1.9598627626075105,run-20260725-203608-7157,2026-07-25T20:36:08Z
vrf/VFR400_20_8_Gap,Large,400,20,IG-idle-greedy,456,21582,38.818506795098074,1.4334727640174836,run-20260725-203647-106f,2026-07-25T20:36:47Z
vrf/VFR400_20_8_Gap,Large,400,20,IG-idle-greedy,789,21627,39.198431130032986,1.6449687455938338,run-20260725-203726-27c2,2026-07-25T20:37:26Z
vrf/VFR400_20_8_Gap,Large,400,20,IG-idle-greedy,2025,21625,38.75589075789321,1.6355689241904403,run-20260725-203805-4053,2026-07-25T20:38:05Z
vrf/VFR400_20_9_Gap,Large,400,20,IG-idle-greedy,42,21618,39.025929584982805,1.27424341797058,run-20260725-203844-3c63,2026-07-25T20:38:44Z
vrf/VFR400_20_9_Gap,Large,400,20,IG-idle-greedy,123,21620,39.77801230805926,1.2836128548674224,run-20260725-203924-13ec,2026-07-25T20:39:24Z
vrf/VFR400_20_9_Gap,Large,400,20,IG-idle-greedy,456,21737,38.65153591893613,1.8317249133327087,run-20260725-204002-d4e7,2026-07-25T20:40:02Z
vrf/VFR400_20_9_Gap,Large,400,20,IG-idle-greedy,789,21742,38.74408647697419,1.855148505574815,run-20260725-204041-a4ed,2026-07-25T20:40:41Z
vrf/VFR400_20_9_Gap,Large,400,20,IG-idle-greedy,2025,21686,38.97776587307453,1.592804272463225,run-20260725-204120-4b6c,2026-07-25T20:41:20Z
vrf/VFR400_40_10_Gap,Large,400,40,IG-idle-greedy,42,24437,190.30276524298824,3.0227655986509276,run-20260725-204430-ba24,2026-07-25T20:44:30Z
vrf/VFR400_40_10_Gap,Large,400,40,IG-idle-greedy,123,24398,74.50100949208718,2.8583473861720066,run-20260725-204545-fb06,2026-07-25T20:45:45Z
vrf/VFR400_40_10_Gap,Large,400,40,IG-idle-greedy,456,24424,96.26115671906155,2.9679595278246205,run-20260725-204721-8047,2026-07-25T20:47:21Z
vrf/VFR400_40_10_Gap,Large,400,40,IG-idle-greedy,789,24459,95.96680842502974,3.115514333895447,run-20260725-204857-1414,2026-07-25T20:48:57Z
vrf/VFR400_40_10_Gap,Large,400,40,IG-idle-greedy,2025,24273,189.97763851191849,2.3313659359190555,run-20260725-205207-768e,2026-07-25T20:52:07Z
vrf/VFR400_40_1_Gap,Large,400,40,IG-idle-greedy,42,24040,102.39346372603904,1.9594537280515736,run-20260725-205350-9789,2026-07-25T20:53:50Z
vrf/VFR400_40_1_Gap,Large,400,40,IG-idle-greedy,123,24086,98.6400972789852,2.154550852489609,run-20260725-205528-c9ab,2026-07-25T20:55:28Z
vrf/VFR400_40_1_Gap,Large,400,40,IG-idle-greedy,456,24077,99.49408627697267,2.1163796759691236,run-20260725-205708-c1fc,2026-07-25T20:57:08Z
vrf/VFR400_40_1_Gap,Large,400,40,IG-idle-greedy,789,24029,100.0297961969627,1.9128000678598693,run-20260725-205848-0abe,2026-07-25T20:58:48Z
vrf/VFR400_40_1_Gap,Large,400,40,IG-idle-greedy,2025,24137,98.65787488804199,2.3708541861056918,run-20260725-210026-baff,2026-07-25T21:00:26Z
vrf/VFR400_40_2_Gap,Large,400,40,IG-idle-greedy,42,24012,99.57833507098258,2.370395634379263,run-20260725-210206-4793,2026-07-25T21:02:06Z
vrf/VFR400_40_2_Gap,Large,400,40,IG-idle-greedy,123,24027,75.67601436504629,2.434345156889495,run-20260725-210322-f963,2026-07-25T21:03:22Z
vrf/VFR400_40_2_Gap,Large,400,40,IG-idle-greedy,456,24098,99.1678453850327,2.7370395634379263,run-20260725-210501-9361,2026-07-25T21:05:01Z
vrf/VFR400_40_2_Gap,Large,400,40,IG-idle-greedy,789,24228,95.54882058606017,3.291268758526603,run-20260725-210636-a329,2026-07-25T21:06:36Z
vrf/VFR400_40_2_Gap,Large,400,40,IG-idle-greedy,2025,24089,99.06085267895833,2.6986698499317874,run-20260725-210815-c632,2026-07-25T21:08:15Z
vrf/VFR400_40_3_Gap,Large,400,40,IG-idle-greedy,42,24148,96.94964847504161,2.430540827147402,run-20260725-210952-0891,2026-07-25T21:09:52Z
vrf/VFR400_40_3_Gap,Large,400,40,IG-idle-greedy,123,24236,74.47060231096111,2.8038176033934255,run-20260725-211107-ec1e,2026-07-25T21:11:07Z
vrf/VFR400_40_3_Gap,Large,400,40,IG-idle-greedy,456,24211,74.17443178000394,2.6977730646871687,run-20260725-211221-d78f,2026-07-25T21:12:21Z
vrf/VFR400_40_3_Gap,Large,400,40,IG-idle-greedy,789,24182,75.38383528694976,2.574761399787911,run-20260725-211336-64f6,2026-07-25T21:13:36Z
vrf/VFR400_40_3_Gap,Large,400,40,IG-idle-greedy,2025,24118,145.86763903999235,2.303287380699894,run-20260725-211602-d45b,2026-07-25T21:16:02Z
vrf/VFR400_40_4_Gap,Large,400,40,IG-idle-greedy,42,24107,96.91365108301397,2.981759152462728,run-20260725-211739-dc11,2026-07-25T21:17:39Z
vrf/VFR400_40_4_Gap,Large,400,40,IG-idle-greedy,123,24049,190.32933886302635,2.7339911999658253,run-20260725-212050-9fa9,2026-07-25T21:20:50Z
vrf/VFR400_40_4_Gap,Large,400,40,IG-idle-greedy,456,23950,79.26314362208359,2.3110769362211117,run-20260725-212209-daff,2026-07-25T21:22:09Z
vrf/VFR400_40_4_Gap,Large,400,40,IG-idle-greedy,789,23978,146.15732707700226,2.430689051219616,run-20260725-212435-9722,2026-07-25T21:24:35Z
vrf/VFR400_40_4_Gap,Large,400,40,IG-idle-greedy,2025,23971,81.9316030680202,2.40078602246999,run-20260725-212557-dd7b,2026-07-25T21:25:57Z
vrf/VFR400_40_5_Gap,Large,400,40,IG-idle-greedy,42,23864,74.54001992801204,2.2494537041004325,run-20260725-212711-0db3,2026-07-25T21:27:11Z
vrf/VFR400_40_5_Gap,Large,400,40,IG-idle-greedy,123,23877,98.4436247930862,2.3051544624876814,run-20260725-212850-13c1,2026-07-25T21:28:50Z
vrf/VFR400_40_5_Gap,Large,400,40,IG-idle-greedy,456,23838,191.58354412694462,2.1380521873259353,run-20260725-213201-2e73,2026-07-25T21:32:01Z
vrf/VFR400_40_5_Gap,Large,400,40,IG-idle-greedy,789,23971,95.82035482197534,2.7079137923647116,run-20260725-213337-7835,2026-07-25T21:33:37Z
vrf/VFR400_40_5_Gap,Large,400,40,IG-idle-greedy,2025,24018,96.02062003896572,2.9092934573032263,run-20260725-213513-d388,2026-07-25T21:35:13Z
vrf/VFR400_40_6_Gap,Large,400,40,IG-idle-greedy,42,24089,98.54562144796364,2.7512369902746974,run-20260725-213652-0474,2026-07-25T21:36:52Z
vrf/VFR400_40_6_Gap,Large,400,40,IG-idle-greedy,123,24083,97.99679020408075,2.7256440880395836,run-20260725-213830-84d3,2026-07-25T21:38:30Z
vrf/VFR400_40_6_Gap,Large,400,40,IG-idle-greedy,456,24257,95.72437973902561,3.467838252857874,run-20260725-214006-5166,2026-07-25T21:40:06Z
vrf/VFR400_40_6_Gap,Large,400,40,IG-idle-greedy,789,24034,98.13349055999424,2.516635386452824,run-20260725-214144-c688,2026-07-25T21:41:44Z
vrf/VFR400_40_6_Gap,Large,400,40,IG-idle-greedy,2025,23974,103.52474647201598,2.260706364101689,run-20260725-214327-d2f9,2026-07-25T21:43:27Z
vrf/VFR400_40_7_Gap,Large,400,40,IG-idle-greedy,42,24338,95.53331410198007,3.3197486839870947,run-20260725-214503-1aa3,2026-07-25T21:45:03Z
vrf/VFR400_40_7_Gap,Large,400,40,IG-idle-greedy,123,24332,96.08034080802463,3.294277466462897,run-20260725-214639-5d4d,2026-07-25T21:46:39Z
vrf/VFR400_40_7_Gap,Large,400,40,IG-idle-greedy,456,24321,96.08827252604533,3.247580234335201,run-20260725-214815-0ccd,2026-07-25T21:48:15Z
vrf/VFR400_40_7_Gap,Large,400,40,IG-idle-greedy,789,24318,95.80047099594958,3.2348446255731025,run-20260725-214951-be74,2026-07-25T21:49:51Z
vrf/VFR400_40_7_Gap,Large,400,40,IG-idle-greedy,2025,24321,95.84770585503429,3.247580234335201,run-20260725-215127-1d1a,2026-07-25T21:51:27Z
vrf/VFR400_40_8_Gap,Large,400,40,IG-idle-greedy,42,24062,96.53522441501264,2.780744094656358,run-20260725-215303-b3b2,2026-07-25T21:53:03Z
vrf/VFR400_40_8_Gap,Large,400,40,IG-idle-greedy,123,23918,99.98465357301757,2.165648626713938,run-20260725-215443-2a6d,2026-07-25T21:54:43Z
vrf/VFR400_40_8_Gap,Large,400,40,IG-idle-greedy,456,23980,98.04347695305478,2.430481397633591,run-20260725-215621-d6cb,2026-07-25T21:56:21Z
vrf/VFR400_40_8_Gap,Large,400,40,IG-idle-greedy,789,24028,97.28575864899904,2.6355132202810645,run-20260725-215758-fc2d,2026-07-25T21:57:58Z
vrf/VFR400_40_8_Gap,Large,400,40,IG-idle-greedy,2025,24017,96.88350061990786,2.588526760924352,run-20260725-215935-c8ca,2026-07-25T21:59:35Z
vrf/VFR400_40_9_Gap,Large,400,40,IG-idle-greedy,42,24215,96.21351191098802,2.4453187798790035,run-20260725-220112-3140,2026-07-25T22:01:12Z
vrf/VFR400_40_9_Gap,Large,400,40,IG-idle-greedy,123,24279,95.49558294401504,2.716080720903668,run-20260725-220247-4d77,2026-07-25T22:02:47Z
vrf/VFR400_40_9_Gap,Large,400,40,IG-idle-greedy,456,24244,96.23728829808533,2.5680077844058045,run-20260725-220423-db61,2026-07-25T22:04:23Z
vrf/VFR400_40_9_Gap,Large,400,40,IG-idle-greedy,789,24098,100.555836281972,1.9503321064432881,run-20260725-220604-e34a,2026-07-25T22:06:04Z
vrf/VFR400_40_9_Gap,Large,400,40,IG-idle-greedy,2025,24178,96.92977903306019,2.2887845327241187,run-20260725-220741-b0ab,2026-07-25T22:07:41Z
vrf/VFR400_60_10_Gap,Large,400,60,IG-idle-greedy,42,26396,146.8264719240833,2.4411068420848374,run-20260725-221008-08d9,2026-07-25T22:10:08Z
vrf/VFR400_60_10_Gap,Large,400,60,IG-idle-greedy,123,26550,139.54992413602304,3.038770520433112,run-20260725-221227-12de,2026-07-25T22:12:27Z
vrf/VFR400_60_10_Gap,Large,400,60,IG-idle-greedy,456,26299,147.5614903110545,2.0646563433849496,run-20260725-221455-50c6,2026-07-25T22:14:55Z
vrf/VFR400_60_10_Gap,Large,400,60,IG-idle-greedy,789,26586,139.91050795000046,3.1784841075794623,run-20260725-221715-8adf,2026-07-25T22:17:15Z
vrf/VFR400_60_10_Gap,Large,400,60,IG-idle-greedy,2025,26426,141.19356551894452,2.557534831373462,run-20260725-221936-7b2e,2026-07-25T22:19:36Z
vrf/VFR400_60_1_Gap,Large,400,60,IG-idle-greedy,42,26226,142.5220001869602,2.4173077674073498,run-20260725-222158-9903,2026-07-25T22:21:58Z
vrf/VFR400_60_1_Gap,Large,400,60,IG-idle-greedy,123,26258,143.4677897830261,2.542273597063303,run-20260725-222422-3526,2026-07-25T22:24:22Z
vrf/VFR400_60_1_Gap,Large,400,60,IG-idle-greedy,456,26216,149.22610115702264,2.378255945639864,run-20260725-222651-975d,2026-07-25T22:26:51Z
vrf/VFR400_60_1_Gap,Large,400,60,IG-idle-greedy,789,26398,140.15936799091287,3.0889991018080996,run-20260725-222911-2f49,2026-07-25T22:29:11Z
vrf/VFR400_60_1_Gap,Large,400,60,IG-idle-greedy,2025,26437,138.907663567923,3.2413012067012925,run-20260725-223130-f1b3,2026-07-25T22:31:30Z
vrf/VFR400_60_2_Gap,Large,400,60,IG-idle-greedy,42,26155,285.34155482507776,1.94496414094169,run-20260725-223616-fe1b,2026-07-25T22:36:16Z
vrf/VFR400_60_2_Gap,Large,400,60,IG-idle-greedy,123,26328,142.70674969500396,2.619270346117867,run-20260725-223838-eee3,2026-07-25T22:38:38Z
vrf/VFR400_60_2_Gap,Large,400,60,IG-idle-greedy,456,26384,139.3222921199631,2.8375428749610228,run-20260725-224058-29c9,2026-07-25T22:40:58Z
vrf/VFR400_60_2_Gap,Large,400,60,IG-idle-greedy,789,26063,154.84257829305716,1.5863735578422202,run-20260725-224332-94bb,2026-07-25T22:43:32Z
vrf/VFR400_60_2_Gap,Large,400,60,IG-idle-greedy,2025,26121,163.74157382606063,1.8124415341440598,run-20260725-224616-3d4c,2026-07-25T22:46:16Z
vrf/VFR400_60_3_Gap,Large,400,60,IG-idle-greedy,42,26340,291.1013096689712,2.009991867084931,run-20260725-225107-bcb9,2026-07-25T22:51:07Z
vrf/VFR400_60_3_Gap,Large,400,60,IG-idle-greedy,123,26470,142.06405220809393,2.51345803803106,run-20260725-225329-69df,2026-07-25T22:53:29Z
vrf/VFR400_60_3_Gap,Large,400,60,IG-idle-greedy,456,26486,140.7814608879853,2.57542310522443,run-20260725-225550-1240,2026-07-25T22:55:50Z
vrf/VFR400_60_3_Gap,Large,400,60,IG-idle-greedy,789,26452,142.26037317793816,2.443747337438519,run-20260725-225812-2b52,2026-07-25T22:58:12Z
vrf/VFR400_60_3_Gap,Large,400,60,IG-idle-greedy,2025,26288,158.05753116309643,1.8086053987064792,run-20260725-230050-12f3,2026-07-25T23:00:50Z
vrf/VFR400_60_4_Gap,Large,400,60,IG-idle-greedy,42,26396,148.42314507998526,2.1635638812555635,run-20260725-230319-a4b0,2026-07-25T23:03:19Z
vrf/VFR400_60_4_Gap,Large,400,60,IG-idle-greedy,123,26516,141.242189404089,2.628014088322948,run-20260725-230540-aa0f,2026-07-25T23:05:40Z
vrf/VFR400_60_4_Gap,Large,400,60,IG-idle-greedy,456,26472,278.1954419030808,2.457715679064907,run-20260725-231018-6af3,2026-07-25T23:10:18Z
vrf/VFR400_60_4_Gap,Large,400,60,IG-idle-greedy,789,26554,142.38811202696525,2.775089987227619,run-20260725-231241-07af,2026-07-25T23:12:41Z
vrf/VFR400_60_4_Gap,Large,400,60,IG-idle-greedy,2025,26453,148.12914445402566,2.384177729612571,run-20260725-231509-ae90,2026-07-25T23:15:09Z
vrf/VFR400_60_5_Gap,Large,400,60,IG-idle-greedy,42,26483,140.8108687249478,2.3418479731035284,run-20260725-231730-6e6a,2026-07-25T23:17:30Z
vrf/VFR400_60_5_Gap,Large,400,60,IG-idle-greedy,123,26530,140.56920542300213,2.523476446265023,run-20260725-231950-6300,2026-07-25T23:19:50Z
vrf/VFR400_60_5_Gap,Large,400,60,IG-idle-greedy,456,26583,140.34924673603382,2.728291533021602,run-20260725-232211-b5db,2026-07-25T23:22:11Z
vrf/VFR400_60_5_Gap,Large,400,60,IG-idle-greedy,789,26589,140.56651362997945,2.7514781466166864,run-20260725-232431-d8fb,2026-07-25T23:24:31Z
vrf/VFR400_60_5_Gap,Large,400,60,IG-idle-greedy,2025,26488,141.4221604859922,2.361170151099432,run-20260725-232653-c4b4,2026-07-25T23:26:53Z
vrf/VFR400_60_6_Gap,Large,400,60,IG-idle-greedy,42,26152,139.67726159200538,2.412280701754386,run-20260725-232912-764e,2026-07-25T23:29:12Z
vrf/VFR400_60_6_Gap,Large,400,60,IG-idle-greedy,123,26161,140.2953288370045,2.447525062656642,run-20260725-233133-9f1e,2026-07-25T23:31:33Z
vrf/VFR400_60_6_Gap,Large,400,60,IG-idle-greedy,456,26300,139.73456410004292,2.9918546365914787,run-20260725-233352-2647,2026-07-25T23:33:52Z
vrf/VFR400_60_6_Gap,Large,400,60,IG-idle-greedy,789,26194,140.20788396999706,2.5767543859649122,run-20260725-233613-6951,2026-07-25T23:36:13Z
vrf/VFR400_60_6_Gap,Large,400,60,IG-idle-greedy,2025,26215,140.81562931102235,2.6589912280701755,run-20260725-233833-90f7,2026-07-25T23:38:33Z
vrf/VFR400_60_7_Gap,Large,400,60,IG-idle-greedy,42,26068,283.81306005700026,1.828125,run-20260725-234317-2d19,2026-07-25T23:43:17Z
vrf/VFR400_60_7_Gap,Large,400,60,IG-idle-greedy,123,26119,144.77207633503713,2.02734375,run-20260725-234542-7d3e,2026-07-25T23:45:42Z
vrf/VFR400_60_7_Gap,Large,400,60,IG-idle-greedy,456,26207,150.44924027391244,2.37109375,run-20260725-234812-23c6,2026-07-25T23:48:12Z
vrf/VFR400_60_7_Gap,Large,400,60,IG-idle-greedy,789,26139,145.17444719106425,2.10546875,run-20260725-235038-00fa,2026-07-25T23:50:38Z
vrf/VFR400_60_7_Gap,Large,400,60,IG-idle-greedy,2025,26277,141.58077057392802,2.64453125,run-20260725-235259-e403,2026-07-25T23:52:59Z
vrf/VFR400_60_8_Gap,Large,400,60,IG-idle-greedy,42,26552,141.44102771801408,2.9147286821705425,run-20260725-235521-37c3,2026-07-25T23:55:21Z
vrf/VFR400_60_8_Gap,Large,400,60,IG-idle-greedy,123,26292,168.95312075095717,1.9069767441860466,run-20260725-235810-893a,2026-07-25T23:58:10Z
vrf/VFR400_60_8_Gap,Large,400,60,IG-idle-greedy,456,26563,141.07265735196415,2.9573643410852712,run-20260726-000031-9a79,2026-07-26T00:00:31Z
vrf/VFR400_60_8_Gap,Large,400,60,IG-idle-greedy,789,26384,137.32956092897803,2.2635658914728682,run-20260726-000248-a69b,2026-07-26T00:02:48Z
vrf/VFR400_60_8_Gap,Large,400,60,IG-idle-greedy,2025,26437,135.5292213279754,2.4689922480620154,run-20260726-000504-94f3,2026-07-26T00:05:04Z
vrf/VFR400_60_9_Gap,Large,400,60,IG-idle-greedy,42,26577,140.7882852330804,2.685263889962136,run-20260726-000724-0df7,2026-07-26T00:07:24Z
vrf/VFR400_60_9_Gap,Large,400,60,IG-idle-greedy,123,26533,144.2717217230238,2.5152615717487055,run-20260726-000949-8a6f,2026-07-26T00:09:49Z
vrf/VFR400_60_9_Gap,Large,400,60,IG-idle-greedy,456,26566,140.37632406898774,2.642763310408778,run-20260726-001209-0111,2026-07-26T00:12:09Z
vrf/VFR400_60_9_Gap,Large,400,60,IG-idle-greedy,789,26534,145.80948190495837,2.519125260799011,run-20260726-001435-1c02,2026-07-26T00:14:35Z
vrf/VFR400_60_9_Gap,Large,400,60,IG-idle-greedy,2025,26394,149.24494781997055,1.9782087937562784,run-20260726-001704-2a80,2026-07-26T00:17:04Z
vrf/VFR500_20_10_Gap,Large,500,20,IG-idle-greedy,42,26429,54.001995067927055,1.3692850567658792,run-20260726-001758-253e,2026-07-26T00:17:58Z
vrf/VFR500_20_10_Gap,Large,500,20,IG-idle-greedy,123,26371,53.93746661697514,1.1468241791960725,run-20260726-001852-28e1,2026-07-26T00:18:52Z
vrf/VFR500_20_10_Gap,Large,500,20,IG-idle-greedy,456,26457,54.07338184991386,1.4766799631788892,run-20260726-001946-a8d7,2026-07-26T00:19:46Z
vrf/VFR500_20_10_Gap,Large,500,20,IG-idle-greedy,789,26566,53.0979264419293,1.8947529917152501,run-20260726-002039-1606,2026-07-26T00:20:39Z
vrf/VFR500_20_10_Gap,Large,500,20,IG-idle-greedy,2025,26461,53.293701053014956,1.492022092666462,run-20260726-002132-fcb5,2026-07-26T00:21:32Z
vrf/VFR500_20_1_Gap,Large,500,20,IG-idle-greedy,42,26894,53.114833379979245,1.8287834614365226,run-20260726-002226-6ba3,2026-07-26T00:22:26Z
vrf/VFR500_20_1_Gap,Large,500,20,IG-idle-greedy,123,26872,53.03480761789251,1.7454848358638446,run-20260726-002319-a745,2026-07-26T00:23:19Z
vrf/VFR500_20_1_Gap,Large,500,20,IG-idle-greedy,456,26941,52.96824773203116,2.006739616069062,run-20260726-002412-bca3,2026-07-26T00:24:12Z
vrf/VFR500_20_1_Gap,Large,500,20,IG-idle-greedy,789,26860,52.892793706967495,1.700049221915111,run-20260726-002505-44d7,2026-07-26T00:25:05Z
vrf/VFR500_20_1_Gap,Large,500,20,IG-idle-greedy,2025,26760,53.896400548983365,1.3214191056756655,run-20260726-002558-2b25,2026-07-26T00:25:58Z
vrf/VFR500_20_2_Gap,Large,500,20,IG-idle-greedy,42,27071,53.17027678806335,1.4617143285484053,run-20260726-002652-e5a1,2026-07-26T00:26:52Z
vrf/VFR500_20_2_Gap,Large,500,20,IG-idle-greedy,123,27139,53.060169521020725,1.716577339679922,run-20260726-002745-c96a,2026-07-26T00:27:45Z
vrf/VFR500_20_2_Gap,Large,500,20,IG-idle-greedy,456,27141,52.9521013519261,1.7240733105955548,run-20260726-002838-1c7c,2026-07-26T00:28:38Z
vrf/VFR500_20_2_Gap,Large,500,20,IG-idle-greedy,789,27203,52.57301517797168,1.9564484089801732,run-20260726-002930-0b0f,2026-07-26T00:29:30Z
vrf/VFR500_20_2_Gap,Large,500,20,IG-idle-greedy,2025,27106,52.64261747302953,1.59289381957198,run-20260726-003023-a3a7,2026-07-26T00:30:23Z
vrf/VFR500_20_3_Gap,Large,500,20,IG-idle-greedy,42,26795,53.775106037035584,1.4616229315763565,run-20260726-003117-11fe,2026-07-26T00:31:17Z
vrf/VFR500_20_3_Gap,Large,500,20,IG-idle-greedy,123,26842,53.10478242288809,1.6395925631413533,run-20260726-003210-646f,2026-07-26T00:32:10Z
vrf/VFR500_20_3_Gap,Large,500,20,IG-idle-greedy,456,26958,52.99405078100972,2.078836760195388,run-20260726-003303-fa84,2026-07-26T00:33:03Z
vrf/VFR500_20_3_Gap,Large,500,20,IG-idle-greedy,789,26926,52.93487713090144,1.9576659472149647,run-20260726-003356-f528,2026-07-26T00:33:56Z
vrf/VFR500_20_3_Gap,Large,500,20,IG-idle-greedy,2025,26693,53.94632550992537,1.0753909652012572,run-20260726-003450-38a6,2026-07-26T00:34:50Z
vrf/VFR500_20_4_Gap,Large,500,20,IG-idle-greedy,42,26519,52.90679998300038,1.5120195988363192,run-20260726-003543-0feb,2026-07-26T00:35:43Z
vrf/VFR500_20_4_Gap,Large,500,20,IG-idle-greedy,123,26620,53.372084975009784,1.898637268412188,run-20260726-003636-323d,2026-07-26T00:36:36Z
vrf/VFR500_20_4_Gap,Large,500,20,IG-idle-greedy,456,26406,54.28333342901897,1.0794671566375746,run-20260726-003730-e526,2026-07-26T00:37:30Z
vrf/VFR500_20_4_Gap,Large,500,20,IG-idle-greedy,789,26459,53.70560199697502,1.2823457357219414,run-20260726-003824-d83e,2026-07-26T00:38:24Z
vrf/VFR500_20_4_Gap,Large,500,20,IG-idle-greedy,2025,26529,52.883810485946015,1.5502985760220487,run-20260726-003917-331d,2026-07-26T00:39:17Z
vrf/VFR500_20_5_Gap,Large,500,20,IG-idle-greedy,42,27089,53.618482863064855,1.1500690788245398,run-20260726-004010-5cb4,2026-07-26T00:40:10Z
vrf/VFR500_20_5_Gap,Large,500,20,IG-idle-greedy,123,27139,52.98413376498502,1.3367686046077443,run-20260726-004103-6943,2026-07-26T00:41:03Z
vrf/VFR500_20_5_Gap,Large,500,20,IG-idle-greedy,456,27131,52.93437733105384,1.3068966804824316,run-20260726-004156-c1a0,2026-07-26T00:41:56Z
vrf/VFR500_20_5_Gap,Large,500,20,IG-idle-greedy,789,27078,53.45495862001553,1.1089951831522349,run-20260726-004250-80c5,2026-07-26T00:42:50Z
vrf/VFR500_20_5_Gap,Large,500,20,IG-idle-greedy,2025,27104,53.255375236971304,1.206078936559501,run-20260726-004343-db21,2026-07-26T00:43:43Z
vrf/VFR500_20_6_Gap,Large,500,20,IG-idle-greedy,42,26736,53.55894067103509,1.1080437166736,run-20260726-004437-df6c,2026-07-26T00:44:37Z
vrf/VFR500_20_6_Gap,Large,500,20,IG-idle-greedy,123,26731,104.9810269959271,1.0891351208259274,run-20260726-004622-ec37,2026-07-26T00:46:22Z
vrf/VFR500_20_6_Gap,Large,500,20,IG-idle-greedy,456,26774,53.46991418406833,1.2517490451159097,run-20260726-004715-a52f,2026-07-26T00:47:15Z
vrf/VFR500_20_6_Gap,Large,500,20,IG-idle-greedy,789,26661,54.29648194601759,0.8244147789585146,run-20260726-004809-0a37,2026-07-26T00:48:09Z
vrf/VFR500_20_6_Gap,Large,500,20,IG-idle-greedy,2025,26747,53.37884448096156,1.149642627538479,run-20260726-004903-eb0c,2026-07-26T00:49:03Z
vrf/VFR500_20_7_Gap,Large,500,20,IG-idle-greedy,42,26825,53.347984334104694,1.4829947414217077,run-20260726-004956-0d25,2026-07-26T00:49:56Z
vrf/VFR500_20_7_Gap,Large,500,20,IG-idle-greedy,123,26714,54.008855022955686,1.0630651080089282,run-20260726-005050-ab60,2026-07-26T00:50:50Z
vrf/VFR500_20_7_Gap,Large,500,20,IG-idle-greedy,456,26641,107.22027478495147,0.7868951689176408,run-20260726-005237-9c4c,2026-07-26T00:52:37Z
vrf/VFR500_20_7_Gap,Large,500,20,IG-idle-greedy,789,26726,54.89126629498787,1.1084629062157152,run-20260726-005332-5cc2,2026-07-26T00:53:32Z
vrf/VFR500_20_7_Gap,Large,500,20,IG-idle-greedy,2025,26774,53.747070341953076,1.290054099042863,run-20260726-005426-adc9,2026-07-26T00:54:26Z
vrf/VFR500_20_8_Gap,Large,500,20,IG-idle-greedy,42,26984,52.98745648888871,2.530587430655825,run-20260726-005519-66c5,2026-07-26T00:55:19Z
vrf/VFR500_20_8_Gap,Large,500,20,IG-idle-greedy,123,26910,53.126146452035755,2.2494110494718442,run-20260726-005612-5c33,2026-07-26T00:56:12Z
vrf/VFR500_20_8_Gap,Large,500,20,IG-idle-greedy,456,26739,105.94797086797189,1.5996656280872408,run-20260726-005758-6782,2026-07-26T00:57:58Z
vrf/VFR500_20_8_Gap,Large,500,20,IG-idle-greedy,789,26761,131.43236975802574,1.6832586062770727,run-20260726-010009-036d,2026-07-26T01:00:09Z
vrf/VFR500_20_8_Gap,Large,500,20,IG-idle-greedy,2025,26872,53.78646839200519,2.1050231780530435,run-20260726-010103-d01c,2026-07-26T01:01:03Z
vrf/VFR500_20_9_Gap,Large,500,20,IG-idle-greedy,42,27026,53.32295351091307,2.2086075183420317,run-20260726-010157-dbf5,2026-07-26T01:01:57Z
vrf/VFR500_20_9_Gap,Large,500,20,IG-idle-greedy,123,26945,53.18674374802504,1.902276681037743,run-20260726-010250-1f5d,2026-07-26T01:02:50Z
vrf/VFR500_20_9_Gap,Large,500,20,IG-idle-greedy,456,27017,53.05959439801518,2.174570758641555,run-20260726-010343-102f,2026-07-26T01:03:43Z
vrf/VFR500_20_9_Gap,Large,500,20,IG-idle-greedy,789,26883,53.38252909609582,1.6678012253233492,run-20260726-010436-afae,2026-07-26T01:04:36Z
vrf/VFR500_20_9_Gap,Large,500,20,IG-idle-greedy,2025,26970,52.67676515993662,1.996823235761289,run-20260726-010529-22f4,2026-07-26T01:05:29Z
vrf/VFR500_40_10_Gap,Large,500,40,IG-idle-greedy,42,29434,137.96671847894322,2.350650253842409,run-20260726-010747-f019,2026-07-26T01:07:47Z
vrf/VFR500_40_10_Gap,Large,500,40,IG-idle-greedy,123,29396,132.47520989901386,2.2185131093956465,run-20260726-010959-ca88,2026-07-26T01:09:59Z
vrf/VFR500_40_10_Gap,Large,500,40,IG-idle-greedy,456,29347,137.41055520705413,2.048125738924821,run-20260726-011217-249d,2026-07-26T01:12:17Z
vrf/VFR500_40_10_Gap,Large,500,40,IG-idle-greedy,789,29419,132.31608134694397,2.298490854718687,run-20260726-011429-d261,2026-07-26T01:14:29Z
vrf/VFR500_40_10_Gap,Large,500,40,IG-idle-greedy,2025,29523,132.65144996892195,2.660129355309827,run-20260726-011642-2d4b,2026-07-26T01:16:42Z
vrf/VFR500_40_1_Gap,Large,500,40,IG-idle-greedy,42,29189,131.75284222897608,2.245341179767409,run-20260726-011854-53bf,2026-07-26T01:18:54Z
vrf/VFR500_40_1_Gap,Large,500,40,IG-idle-greedy,123,29208,131.8160212059738,2.3118957545187055,run-20260726-012105-d3e6,2026-07-26T01:21:05Z
vrf/VFR500_40_1_Gap,Large,500,40,IG-idle-greedy,456,29248,132.64394013094716,2.45201064873196,run-20260726-012318-37bd,2026-07-26T01:23:18Z
vrf/VFR500_40_1_Gap,Large,500,40,IG-idle-greedy,789,29234,131.59951948199887,2.402970435757321,run-20260726-012530-c3e6,2026-07-26T01:25:30Z
vrf/VFR500_40_1_Gap,Large,500,40,IG-idle-greedy,2025,29204,131.76268460496794,2.29788426509738,run-20260726-012741-f713,2026-07-26T01:27:41Z
vrf/VFR500_40_2_Gap,Large,500,40,IG-idle-greedy,42,29438,131.80169478990138,2.240127808842427,run-20260726-012953-304e,2026-07-26T01:29:53Z
vrf/VFR500_40_2_Gap,Large,500,40,IG-idle-greedy,123,29494,131.01265741395764,2.4346195255791336,run-20260726-013204-abde,2026-07-26T01:32:04Z
vrf/VFR500_40_2_Gap,Large,500,40,IG-idle-greedy,456,29346,137.1573403700022,1.92060570277498,run-20260726-013421-e354,2026-07-26T01:34:21Z
vrf/VFR500_40_2_Gap,Large,500,40,IG-idle-greedy,789,29426,132.79421782505233,2.1984510123988468,run-20260726-013634-1d1a,2026-07-26T01:36:34Z
vrf/VFR500_40_2_Gap,Large,500,40,IG-idle-greedy,2025,29340,134.9036371880211,1.89976730455319,run-20260726-013849-e652,2026-07-26T01:38:49Z
vrf/VFR500_40_3_Gap,Large,500,40,IG-idle-greedy,42,29428,131.69056487595662,2.8699269409585066,run-20260726-014101-32de,2026-07-26T01:41:01Z
vrf/VFR500_40_3_Gap,Large,500,40,IG-idle-greedy,123,29377,131.24261839606334,2.691648897123082,run-20260726-014312-ff15,2026-07-26T01:43:12Z
vrf/VFR500_40_3_Gap,Large,500,40,IG-idle-greedy,456,29425,131.84644825896248,2.8594399972034816,run-20260726-014524-175f,2026-07-26T01:45:24Z
vrf/VFR500_40_3_Gap,Large,500,40,IG-idle-greedy,789,29300,133.73484785598703,2.4224840074107736,run-20260726-014738-ae8e,2026-07-26T01:47:38Z
vrf/VFR500_40_3_Gap,Large,500,40,IG-idle-greedy,2025,29199,136.88063611497637,2.0694235676582653,run-20260726-014954-817f,2026-07-26T01:49:54Z
vrf/VFR500_40_4_Gap,Large,500,40,IG-idle-greedy,42,29449,132.12942275195383,2.154155681975857,run-20260726-015207-7683,2026-07-26T01:52:07Z
vrf/VFR500_40_4_Gap,Large,500,40,IG-idle-greedy,123,29629,131.24341524404008,2.7785486332732066,run-20260726-015418-758b,2026-07-26T01:54:18Z
vrf/VFR500_40_4_Gap,Large,500,40,IG-idle-greedy,456,29280,144.8320819590008,1.567920077702234,run-20260726-015643-0204,2026-07-26T01:56:43Z
vrf/VFR500_40_4_Gap,Large,500,40,IG-idle-greedy,789,29492,101.1619146449957,2.3033162203413347,run-20260726-015824-bed6,2026-07-26T01:58:24Z
vrf/VFR500_40_4_Gap,Large,500,40,IG-idle-greedy,2025,29404,132.1910768460948,1.9980574441515193,run-20260726-020036-05b2,2026-07-26T02:00:36Z
vrf/VFR500_40_5_Gap,Large,500,40,IG-idle-greedy,42,29479,131.49754192004912,2.7751629885297913,run-20260726-020248-7137,2026-07-26T02:02:48Z
vrf/VFR500_40_5_Gap,Large,500,40,IG-idle-greedy,123,29344,136.01209675497375,2.304500923892201,run-20260726-020504-1c84,2026-07-26T02:05:04Z
vrf/VFR500_40_5_Gap,Large,500,40,IG-idle-greedy,456,29392,133.48927371797618,2.471847435763344,run-20260726-020717-a2cd,2026-07-26T02:07:17Z
vrf/VFR500_40_5_Gap,Large,500,40,IG-idle-greedy,789,29346,135.43108347209636,2.3114736952201653,run-20260726-020932-6daa,2026-07-26T02:09:32Z
vrf/VFR500_40_5_Gap,Large,500,40,IG-idle-greedy,2025,29393,134.65860855393112,2.475333821427326,run-20260726-021147-6654,2026-07-26T02:11:47Z
vrf/VFR500_40_6_Gap,Large,500,40,IG-idle-greedy,42,29231,131.32240030402318,2.4786145000701163,run-20260726-021358-07c0,2026-07-26T02:13:58Z
vrf/VFR500_40_6_Gap,Large,500,40,IG-idle-greedy,123,29033,269.3172862720676,1.7844622072640584,run-20260726-021828-0727,2026-07-26T02:18:28Z
vrf/VFR500_40_6_Gap,Large,500,40,IG-idle-greedy,456,29339,131.4633330020588,2.8572430234188753,run-20260726-022039-f21e,2026-07-26T02:20:39Z
vrf/VFR500_40_6_Gap,Large,500,40,IG-idle-greedy,789,29372,130.38604092400055,2.972935072219885,run-20260726-022250-291e,2026-07-26T02:22:50Z
vrf/VFR500_40_6_Gap,Large,500,40,IG-idle-greedy,2025,29277,131.45360589504708,2.639882204459403,run-20260726-022501-097e,2026-07-26T02:25:01Z
vrf/VFR500_40_7_Gap,Large,500,40,IG-idle-greedy,42,29127,151.19635599607136,1.2760778859527122,run-20260726-022732-8000,2026-07-26T02:27:32Z
vrf/VFR500_40_7_Gap,Large,500,40,IG-idle-greedy,123,29536,130.868957425002,2.698191933240612,run-20260726-022943-1200,2026-07-26T02:29:43Z
vrf/VFR500_40_7_Gap,Large,500,40,IG-idle-greedy,456,29398,133.90653264103457,2.2183588317107095,run-20260726-023157-4d64,2026-07-26T02:31:57Z
vrf/VFR500_40_7_Gap,Large,500,40,IG-idle-greedy,789,29565,130.74700399802532,2.799026425591099,run-20260726-023408-2cbd,2026-07-26T02:34:08Z
vrf/VFR500_40_7_Gap,Large,500,40,IG-idle-greedy,2025,29207,149.7728136429796,1.5542420027816413,run-20260726-023638-f711,2026-07-26T02:36:38Z
vrf/VFR500_40_8_Gap,Large,500,40,IG-idle-greedy,42,29213,134.94721030408982,1.7945501428670987,run-20260726-023853-9418,2026-07-26T02:38:53Z
vrf/VFR500_40_8_Gap,Large,500,40,IG-idle-greedy,123,29378,131.68082886992488,2.369503101261412,run-20260726-024104-1ad8,2026-07-26T02:41:04Z
vrf/VFR500_40_8_Gap,Large,500,40,IG-idle-greedy,456,29276,263.33264656795654,2.0140776360722,run-20260726-024528-a275,2026-07-26T02:45:28Z
vrf/VFR500_40_8_Gap,Large,500,40,IG-idle-greedy,789,29430,131.6481507809367,2.550700397240226,run-20260726-024739-2dde,2026-07-26T02:47:39Z
vrf/VFR500_40_8_Gap,Large,500,40,IG-idle-greedy,2025,29439,131.10365913191345,2.5820614676980975,run-20260726-024950-6258,2026-07-26T02:49:50Z
vrf/VFR500_40_9_Gap,Large,500,40,IG-idle-greedy,42,29558,132.84844724705908,2.3830966401108418,run-20260726-025203-8e0c,2026-07-26T02:52:03Z
vrf/VFR500_40_9_Gap,Large,500,40,IG-idle-greedy,123,29425,140.4197479709983,1.9224108070661587,run-20260726-025424-9e28,2026-07-26T02:54:24Z
vrf/VFR500_40_9_Gap,Large,500,40,IG-idle-greedy,456,29668,130.99833053105976,2.7641149982680986,run-20260726-025635-fb30,2026-07-26T02:56:35Z
vrf/VFR500_40_9_Gap,Large,500,40,IG-idle-greedy,789,29497,137.96027894993313,2.171804641496363,run-20260726-025853-10a6,2026-07-26T02:58:53Z
vrf/VFR500_40_9_Gap,Large,500,40,IG-idle-greedy,2025,29497,144.3975970899919,2.171804641496363,run-20260726-030117-540e,2026-07-26T03:01:17Z
vrf/VFR500_60_10_Gap,Large,500,60,IG-idle-greedy,42,31659,377.0191950859735,1.961352657004831,run-20260726-030734-8b18,2026-07-26T03:07:34Z
vrf/VFR500_60_10_Gap,Large,500,60,IG-idle-greedy,123,31829,201.83348180097528,2.5088566827697263,run-20260726-031056-b32e,2026-07-26T03:10:56Z
vrf/VFR500_60_10_Gap,Large,500,60,IG-idle-greedy,456,31683,206.7206329460023,2.0386473429951693,run-20260726-031423-b4b8,2026-07-26T03:14:23Z
vrf/VFR500_60_10_Gap,Large,500,60,IG-idle-greedy,789,31746,200.1089234399842,2.241545893719807,run-20260726-031743-9328,2026-07-26T03:17:43Z
vrf/VFR500_60_10_Gap,Large,500,60,IG-idle-greedy,2025,31638,203.5141007489292,1.893719806763285,run-20260726-032106-25e9,2026-07-26T03:21:06Z
vrf/VFR500_60_1_Gap,Large,500,60,IG-idle-greedy,42,31524,202.5187960100593,2.148342568290075,run-20260726-032429-9e38,2026-07-26T03:24:29Z
vrf/VFR500_60_1_Gap,Large,500,60,IG-idle-greedy,123,31643,201.17031091300305,2.5339425164447036,run-20260726-032750-4f82,2026-07-26T03:27:50Z
vrf/VFR500_60_1_Gap,Large,500,60,IG-idle-greedy,456,31532,203.33494634204544,2.174265253880302,run-20260726-033113-4ad3,2026-07-26T03:31:13Z
vrf/VFR500_60_1_Gap,Large,500,60,IG-idle-greedy,789,31395,402.3786026800517,1.7303392631476622,run-20260726-033756-ee25,2026-07-26T03:37:56Z
vrf/VFR500_60_1_Gap,Large,500,60,IG-idle-greedy,2025,31258,423.79625766002573,1.2864132724150221,run-20260726-034459-4af5,2026-07-26T03:44:59Z
vrf/VFR500_60_2_Gap,Large,500,60,IG-idle-greedy,42,31500,199.59183994098566,2.1798365122615806,run-20260726-034819-f2d2,2026-07-26T03:48:19Z
vrf/VFR500_60_2_Gap,Large,500,60,IG-idle-greedy,123,31436,208.40949163609184,1.9722330349033346,run-20260726-035147-a60f,2026-07-26T03:51:47Z
vrf/VFR500_60_2_Gap,Large,500,60,IG-idle-greedy,456,31188,237.7214052870404,1.1677695601401323,run-20260726-035545-54fe,2026-07-26T03:55:45Z
vrf/VFR500_60_2_Gap,Large,500,60,IG-idle-greedy,789,31505,201.84447475802153,2.1960555339301933,run-20260726-035907-c419,2026-07-26T03:59:07Z
vrf/VFR500_60_2_Gap,Large,500,60,IG-idle-greedy,2025,31288,239.66416098899208,1.4921499935123914,run-20260726-040307-1521,2026-07-26T04:03:07Z
vrf/VFR500_60_3_Gap,Large,500,60,IG-idle-greedy,42,31740,204.29756470699795,1.9759036144578312,run-20260726-040631-33e9,2026-07-26T04:06:31Z
vrf/VFR500_60_3_Gap,Large,500,60,IG-idle-greedy,123,31758,218.47244677192066,2.0337349397590363,run-20260726-041010-8751,2026-07-26T04:10:10Z
vrf/VFR500_60_3_Gap,Large,500,60,IG-idle-greedy,456,31879,199.45784456504043,2.4224899598393574,run-20260726-041329-29cf,2026-07-26T04:13:29Z
vrf/VFR500_60_3_Gap,Large,500,60,IG-idle-greedy,789,31777,204.78423923498485,2.0947791164658636,run-20260726-041654-c730,2026-07-26T04:16:54Z
vrf/VFR500_60_3_Gap,Large,500,60,IG-idle-greedy,2025,31819,198.03728209098335,2.229718875502008,run-20260726-042012-6b2e,2026-07-26T04:20:12Z
vrf/VFR500_60_4_Gap,Large,500,60,IG-idle-greedy,42,31683,206.0460281020496,2.441153647180548,run-20260726-042338-76f0,2026-07-26T04:23:38Z
vrf/VFR500_60_4_Gap,Large,500,60,IG-idle-greedy,123,31788,199.0701583320042,2.7806518365235386,run-20260726-042657-4821,2026-07-26T04:26:57Z
vrf/VFR500_60_4_Gap,Large,500,60,IG-idle-greedy,456,31672,207.30296218104195,2.405587170201759,run-20260726-043024-63f7,2026-07-26T04:30:24Z
vrf/VFR500_60_4_Gap,Large,500,60,IG-idle-greedy,789,31787,198.56849736499134,2.7774185204345576,run-20260726-043343-8aa5,2026-07-26T04:33:43Z
vrf/VFR500_60_4_Gap,Large,500,60,IG-idle-greedy,2025,31854,198.20543330092914,2.994050698396275,run-20260726-043701-d861,2026-07-26T04:37:01Z
vrf/VFR500_60_5_Gap,Large,500,60,IG-idle-greedy,42,31610,202.53701392596122,2.1819945046064326,run-20260726-044024-3d4e,2026-07-26T04:40:24Z
vrf/VFR500_60_5_Gap,Large,500,60,IG-idle-greedy,123,31624,200.84873533598147,2.227250686924196,run-20260726-044344-6a87,2026-07-26T04:43:44Z
vrf/VFR500_60_5_Gap,Large,500,60,IG-idle-greedy,456,31703,199.5071919070324,2.48262485857443,run-20260726-044704-5db7,2026-07-26T04:47:04Z
vrf/VFR500_60_5_Gap,Large,500,60,IG-idle-greedy,789,31712,200.05659930594265,2.5117181186358493,run-20260726-045024-966a,2026-07-26T04:50:24Z
vrf/VFR500_60_5_Gap,Large,500,60,IG-idle-greedy,2025,31784,198.3902667980874,2.744464199127202,run-20260726-045342-b7b6,2026-07-26T04:53:42Z
vrf/VFR500_60_6_Gap,Large,500,60,IG-idle-greedy,42,31733,203.15583692095242,2.2754375221581205,run-20260726-045706-942e,2026-07-26T04:57:06Z
vrf/VFR500_60_6_Gap,Large,500,60,IG-idle-greedy,123,31781,198.49972075899132,2.4301414896702873,run-20260726-050024-0af7,2026-07-26T05:00:24Z
vrf/VFR500_60_6_Gap,Large,500,60,IG-idle-greedy,456,31886,197.2576650059782,2.768556418603152,run-20260726-050341-a0ec,2026-07-26T05:03:41Z
vrf/VFR500_60_6_Gap,Large,500,60,IG-idle-greedy,789,31794,199.11368617299013,2.472040480871499,run-20260726-050700-09e2,2026-07-26T05:07:00Z
vrf/VFR500_60_6_Gap,Large,500,60,IG-idle-greedy,2025,31746,205.50482684606686,2.317336513359332,run-20260726-051026-967f,2026-07-26T05:10:26Z
vrf/VFR500_60_7_Gap,Large,500,60,IG-idle-greedy,42,31672,199.25654442899395,2.405587170201759,run-20260726-051345-f8bb,2026-07-26T05:13:45Z
vrf/VFR500_60_7_Gap,Large,500,60,IG-idle-greedy,123,31688,200.06700499204453,2.457320227625453,run-20260726-051705-e4ca,2026-07-26T05:17:05Z
vrf/VFR500_60_7_Gap,Large,500,60,IG-idle-greedy,456,31635,203.08483391604386,2.285954474909467,run-20260726-052028-d3ec,2026-07-26T05:20:28Z
vrf/VFR500_60_7_Gap,Large,500,60,IG-idle-greedy,789,31423,343.09520494099706,1.600491464045525,run-20260726-052611-ef1f,2026-07-26T05:26:11Z
vrf/VFR500_60_7_Gap,Large,500,60,IG-idle-greedy,2025,31505,215.38290874799713,1.8656233833419555,run-20260726-052947-ef2e,2026-07-26T05:29:47Z
vrf/VFR500_60_8_Gap,Large,500,60,IG-idle-greedy,42,31750,204.30813483102247,2.459016393442623,run-20260726-053311-a4fd,2026-07-26T05:33:11Z
vrf/VFR500_60_8_Gap,Large,500,60,IG-idle-greedy,123,31777,200.79998631600756,2.5461468955724795,run-20260726-053632-bcb3,2026-07-26T05:36:32Z
vrf/VFR500_60_8_Gap,Large,500,60,IG-idle-greedy,456,31748,199.01326314895414,2.4525622821737447,run-20260726-053951-fe40,2026-07-26T05:39:51Z
vrf/VFR500_60_8_Gap,Large,500,60,IG-idle-greedy,789,31540,228.97151480102912,1.781334710210404,run-20260726-054340-68e2,2026-07-26T05:43:40Z
vrf/VFR500_60_8_Gap,Large,500,60,IG-idle-greedy,2025,31668,207.9967665610602,2.1943978314186134,run-20260726-054708-5657,2026-07-26T05:47:08Z
vrf/VFR500_60_9_Gap,Large,500,60,IG-idle-greedy,42,31490,206.16258201398887,1.6527858480211763,run-20260726-055034-b06d,2026-07-26T05:50:34Z
vrf/VFR500_60_9_Gap,Large,500,60,IG-idle-greedy,123,31642,197.33015010505915,2.143456646652463,run-20260726-055351-a392,2026-07-26T05:53:51Z
vrf/VFR500_60_9_Gap,Large,500,60,IG-idle-greedy,456,31349,231.81827205291484,1.1976241203434697,run-20260726-055743-1f0f,2026-07-26T05:57:43Z
vrf/VFR500_60_9_Gap,Large,500,60,IG-idle-greedy,789,31711,197.15628247405402,2.366195364452192,run-20260726-060100-cb69,2026-07-26T06:01:00Z
vrf/VFR500_60_9_Gap,Large,500,60,IG-idle-greedy,2025,31515,198.60714089905377,1.7334882820065853,run-20260726-060419-5195,2026-07-26T06:04:19Z
vrf/VFR600_20_10_Gap,Large,600,20,IG-idle-greedy,42,31612,72.39357630198356,1.5483456472855766,run-20260726-060531-93a6,2026-07-26T06:05:31Z
vrf/VFR600_20_10_Gap,Large,600,20,IG-idle-greedy,123,31605,72.02587986399885,1.5258592997108897,run-20260726-060644-60d9,2026-07-26T06:06:44Z
vrf/VFR600_20_10_Gap,Large,600,20,IG-idle-greedy,456,31479,72.63374656694941,1.1211050433665275,run-20260726-060756-6ba0,2026-07-26T06:07:56Z
vrf/VFR600_20_10_Gap,Large,600,20,IG-idle-greedy,789,31523,73.73571615898982,1.262447799550273,run-20260726-060910-873a,2026-07-26T06:09:10Z
vrf/VFR600_20_10_Gap,Large,600,20,IG-idle-greedy,2025,31596,72.68050952802878,1.4969482814005781,run-20260726-061023-f3c8,2026-07-26T06:10:23Z
vrf/VFR600_20_1_Gap,Large,600,20,IG-idle-greedy,42,31823,73.27266814094037,1.2407342601724303,run-20260726-061136-d568,2026-07-26T06:11:36Z
vrf/VFR600_20_1_Gap,Large,600,20,IG-idle-greedy,123,31787,73.01651243807282,1.1262049438488213,run-20260726-061249-e868,2026-07-26T06:12:49Z
vrf/VFR600_20_1_Gap,Large,600,20,IG-idle-greedy,456,31851,71.95850922900718,1.329812617313015,run-20260726-061401-09e5,2026-07-26T06:14:01Z
vrf/VFR600_20_1_Gap,Large,600,20,IG-idle-greedy,789,31693,73.52948723791633,0.8271561734482868,run-20260726-061514-566c,2026-07-26T06:15:14Z
vrf/VFR600_20_1_Gap,Large,600,20,IG-idle-greedy,2025,31781,72.25371212000027,1.1071167244615532,run-20260726-061627-c489,2026-07-26T06:16:27Z
vrf/VFR600_20_2_Gap,Large,600,20,IG-idle-greedy,42,31733,74.12862990808208,1.00260996880769,run-20260726-061741-4b75,2026-07-26T06:17:41Z
vrf/VFR600_20_2_Gap,Large,600,20,IG-idle-greedy,123,31883,72.71376504201908,1.4800432872875422,run-20260726-061853-a476,2026-07-26T06:18:53Z
vrf/VFR600_20_2_Gap,Large,600,20,IG-idle-greedy,456,31839,72.59612274507526,1.3399961805334522,run-20260726-062006-d237,2026-07-26T06:20:06Z
vrf/VFR600_20_2_Gap,Large,600,20,IG-idle-greedy,789,31826,72.88448037602939,1.2986186262651982,run-20260726-062119-302c,2026-07-26T06:21:19Z
vrf/VFR600_20_2_Gap,Large,600,20,IG-idle-greedy,2025,31810,72.67221595905721,1.2476924056273473,run-20260726-062232-4591,2026-07-26T06:22:32Z
vrf/VFR600_20_3_Gap,Large,600,20,IG-idle-greedy,42,31808,75.02383342199028,1.2058926469184512,run-20260726-062347-6230,2026-07-26T06:23:47Z
vrf/VFR600_20_3_Gap,Large,600,20,IG-idle-greedy,123,31792,75.39451136696152,1.1549842502147698,run-20260726-062502-aeda,2026-07-26T06:25:02Z
vrf/VFR600_20_3_Gap,Large,600,20,IG-idle-greedy,456,31770,75.44728601304814,1.084985204747208,run-20260726-062618-4203,2026-07-26T06:26:18Z
vrf/VFR600_20_3_Gap,Large,600,20,IG-idle-greedy,789,31743,79.94411978498101,0.9990772853097458,run-20260726-062737-e21f,2026-07-26T06:27:37Z
vrf/VFR600_20_3_Gap,Large,600,20,IG-idle-greedy,2025,31819,73.34052515600342,1.240892169652232,run-20260726-062851-467c,2026-07-26T06:28:51Z
vrf/VFR600_20_4_Gap,Large,600,20,IG-idle-greedy,42,31704,73.64248986798339,0.49767014296129586,run-20260726-063004-3b2e,2026-07-26T06:30:04Z
vrf/VFR600_20_4_Gap,Large,600,20,IG-idle-greedy,123,31855,72.39162127906457,0.9763210447903129,run-20260726-063117-67e5,2026-07-26T06:31:17Z
vrf/VFR600_20_4_Gap,Large,600,20,IG-idle-greedy,456,31793,72.47586124204099,0.7797888864234317,run-20260726-063229-40a8,2026-07-26T06:32:29Z
vrf/VFR600_20_4_Gap,Large,600,20,IG-idle-greedy,789,31769,72.73790593200829,0.7037119218943164,run-20260726-063342-ffbc,2026-07-26T06:33:42Z
vrf/VFR600_20_4_Gap,Large,600,20,IG-idle-greedy,2025,31718,74.90191669506021,0.5420483722699464,run-20260726-063457-0058,2026-07-26T06:34:57Z
vrf/VFR600_20_5_Gap,Large,600,20,IG-idle-greedy,42,31735,72.50116927293129,0.9126176545408293,run-20260726-063609-bfdc,2026-07-26T06:36:09Z
vrf/VFR600_20_5_Gap,Large,600,20,IG-idle-greedy,123,31770,72.5774496459635,1.0239124904604426,run-20260726-063722-a8f2,2026-07-26T06:37:22Z
vrf/VFR600_20_5_Gap,Large,600,20,IG-idle-greedy,456,31747,73.07873733900487,0.9507758839989825,run-20260726-063835-537b,2026-07-26T06:38:35Z
vrf/VFR600_20_5_Gap,Large,600,20,IG-idle-greedy,789,31657,74.88779149402399,0.6645891630628339,run-20260726-063950-c37d,2026-07-26T06:39:50Z
vrf/VFR600_20_5_Gap,Large,600,20,IG-idle-greedy,2025,31707,73.01890533103142,0.8235817858051386,run-20260726-064103-50ca,2026-07-26T06:41:03Z
vrf/VFR600_20_6_Gap,Large,600,20,IG-idle-greedy,42,31947,75.07484388293233,0.7251631617113851,run-20260726-064218-b10a,2026-07-26T06:42:18Z
vrf/VFR600_20_6_Gap,Large,600,20,IG-idle-greedy,123,32118,72.35663020098582,1.264306208027241,run-20260726-064330-837f,2026-07-26T06:43:30Z
vrf/VFR600_20_6_Gap,Large,600,20,IG-idle-greedy,456,32086,72.2878934199689,1.1634139420500047,run-20260726-064443-c589,2026-07-26T06:44:43Z
vrf/VFR600_20_6_Gap,Large,600,20,IG-idle-greedy,789,32117,72.70956692495383,1.2611533247154523,run-20260726-064556-1913,2026-07-26T06:45:56Z
vrf/VFR600_20_6_Gap,Large,600,20,IG-idle-greedy,2025,32081,73.09628891304601,1.1476495254910615,run-20260726-064709-c8b5,2026-07-26T06:47:09Z
vrf/VFR600_20_7_Gap,Large,600,20,IG-idle-greedy,42,31761,72.33548636303749,0.7422209534684556,run-20260726-064821-e59b,2026-07-26T06:48:21Z
vrf/VFR600_20_7_Gap,Large,600,20,IG-idle-greedy,123,31678,72.36184649995994,0.4789545468963111,run-20260726-064933-14a2,2026-07-26T06:49:33Z
vrf/VFR600_20_7_Gap,Large,600,20,IG-idle-greedy,456,31774,143.10747398692183,0.7834554508833698,run-20260726-065156-af69,2026-07-26T06:51:56Z
vrf/VFR600_20_7_Gap,Large,600,20,IG-idle-greedy,789,31826,72.73914608894847,0.9483934405430267,run-20260726-065309-b470,2026-07-26T06:53:09Z
vrf/VFR600_20_7_Gap,Large,600,20,IG-idle-greedy,2025,31756,144.01898726297077,0.7263615313857963,run-20260726-065533-29da,2026-07-26T06:55:33Z
vrf/VFR600_20_8_Gap,Large,600,20,IG-idle-greedy,42,31799,144.0336438929662,0.7445190723609175,run-20260726-065757-3cb0,2026-07-26T06:57:57Z
vrf/VFR600_20_8_Gap,Large,600,20,IG-idle-greedy,123,31889,72.40831513796002,1.029654036243822,run-20260726-065910-c259,2026-07-26T06:59:10Z
vrf/VFR600_20_8_Gap,Large,600,20,IG-idle-greedy,456,31801,74.11990828998387,0.7508554048916487,run-20260726-070024-fdea,2026-07-26T07:00:24Z
vrf/VFR600_20_8_Gap,Large,600,20,IG-idle-greedy,789,31893,72.41030678304378,1.0423267013052846,run-20260726-070136-6950,2026-07-26T07:01:36Z
vrf/VFR600_20_8_Gap,Large,600,20,IG-idle-greedy,2025,31901,143.61071773804724,1.0676720314282093,run-20260726-070400-7c27,2026-07-26T07:04:00Z
vrf/VFR600_20_9_Gap,Large,600,20,IG-idle-greedy,42,31770,177.5291803010041,0.6112043576020522,run-20260726-070657-2a97,2026-07-26T07:06:57Z
vrf/VFR600_20_9_Gap,Large,600,20,IG-idle-greedy,123,31839,73.1935103329597,0.829717832599677,run-20260726-070811-8772,2026-07-26T07:08:11Z
vrf/VFR600_20_9_Gap,Large,600,20,IG-idle-greedy,456,31765,74.88019667298067,0.5953700478196156,run-20260726-070925-4717,2026-07-26T07:09:25Z
vrf/VFR600_20_9_Gap,Large,600,20,IG-idle-greedy,789,31815,73.04259872098919,0.7537131456439814,run-20260726-071038-be3e,2026-07-26T07:10:38Z
vrf/VFR600_20_9_Gap,Large,600,20,IG-idle-greedy,2025,31943,143.46415162098128,1.159071476074358,run-20260726-071302-36eb,2026-07-26T07:13:02Z
vrf/VFR600_40_10_Gap,Large,600,40,IG-idle-greedy,42,34379,185.9950074389344,2.1907139884667974,run-20260726-071608-9a50,2026-07-26T07:16:08Z
vrf/VFR600_40_10_Gap,Large,600,40,IG-idle-greedy,123,34434,185.924287277041,2.354200107009096,run-20260726-071914-bed9,2026-07-26T07:19:14Z
vrf/VFR600_40_10_Gap,Large,600,40,IG-idle-greedy,456,34388,186.87506857991684,2.2174662624100825,run-20260726-072221-2385,2026-07-26T07:22:21Z
vrf/VFR600_40_10_Gap,Large,600,40,IG-idle-greedy,789,34556,182.2287474970799,2.7168420426847395,run-20260726-072523-8d86,2026-07-26T07:25:23Z
vrf/VFR600_40_10_Gap,Large,600,40,IG-idle-greedy,2025,34336,190.09078219602816,2.062897568515546,run-20260726-072833-34fd,2026-07-26T07:28:33Z
vrf/VFR600_40_1_Gap,Large,600,40,IG-idle-greedy,42,34715,182.1614207610255,2.588728981352877,run-20260726-073135-817b,2026-07-26T07:31:35Z
vrf/VFR600_40_1_Gap,Large,600,40,IG-idle-greedy,123,34599,184.43458055402152,2.2459292532285233,run-20260726-073440-55dc,2026-07-26T07:34:40Z
vrf/VFR600_40_1_Gap,Large,600,40,IG-idle-greedy,456,34637,182.518565146951,2.3582257158899496,run-20260726-073742-3bc3,2026-07-26T07:37:42Z
vrf/VFR600_40_1_Gap,Large,600,40,IG-idle-greedy,789,34539,185.052003958961,2.0686190490262715,run-20260726-074047-bc19,2026-07-26T07:40:47Z
vrf/VFR600_40_1_Gap,Large,600,40,IG-idle-greedy,2025,34479,193.83066211896949,1.8913088448240196,run-20260726-074401-5237,2026-07-26T07:44:01Z
vrf/VFR600_40_2_Gap,Large,600,40,IG-idle-greedy,42,34350,184.91551922401413,2.6384199360564136,run-20260726-074706-f90e,2026-07-26T07:47:06Z
vrf/VFR600_40_2_Gap,Large,600,40,IG-idle-greedy,123,34386,183.81543368508574,2.745988585771058,run-20260726-075010-d65a,2026-07-26T07:50:10Z
vrf/VFR600_40_2_Gap,Large,600,40,IG-idle-greedy,456,34412,184.85924980789423,2.823677055009412,run-20260726-075315-3526,2026-07-26T07:53:15Z
vrf/VFR600_40_2_Gap,Large,600,40,IG-idle-greedy,789,34399,182.55815345305018,2.784832820390235,run-20260726-075617-aebf,2026-07-26T07:56:17Z
vrf/VFR600_40_2_Gap,Large,600,40,IG-idle-greedy,2025,34399,183.44453072408214,2.784832820390235,run-20260726-075921-cafd,2026-07-26T07:59:21Z
vrf/VFR600_40_3_Gap,Large,600,40,IG-idle-greedy,42,34434,191.10148772993125,1.6771983700466544,run-20260726-080232-210e,2026-07-26T08:02:32Z
vrf/VFR600_40_3_Gap,Large,600,40,IG-idle-greedy,123,34442,190.21312084503006,1.7008208823008326,run-20260726-080542-97c2,2026-07-26T08:05:42Z
vrf/VFR600_40_3_Gap,Large,600,40,IG-idle-greedy,456,34502,185.2305789119564,1.8779897242071695,run-20260726-080847-edf8,2026-07-26T08:08:47Z
vrf/VFR600_40_3_Gap,Large,600,40,IG-idle-greedy,789,34253,373.35038195201196,1.142739030295872,run-20260726-081501-f5b9,2026-07-26T08:15:01Z
vrf/VFR600_40_3_Gap,Large,600,40,IG-idle-greedy,2025,34410,193.95608746097423,1.6063308332841197,run-20260726-081815-7106,2026-07-26T08:18:15Z
vrf/VFR600_40_4_Gap,Large,600,40,IG-idle-greedy,42,34436,185.72449902503286,2.205205829103968,run-20260726-082120-59b0,2026-07-26T08:21:20Z
vrf/VFR600_40_4_Gap,Large,600,40,IG-idle-greedy,123,34199,208.31021954701282,1.5017956252040483,run-20260726-082449-3e5a,2026-07-26T08:24:49Z
vrf/VFR600_40_4_Gap,Large,600,40,IG-idle-greedy,456,34374,196.15980997204315,2.021191345383314,run-20260726-082805-7c4e,2026-07-26T08:28:05Z
vrf/VFR600_40_4_Gap,Large,600,40,IG-idle-greedy,789,34449,184.59633606602438,2.2437895111744277,run-20260726-083109-9ffc,2026-07-26T08:31:09Z
vrf/VFR600_40_4_Gap,Large,600,40,IG-idle-greedy,2025,34397,185.28367331100162,2.089454782892589,run-20260726-083415-0e48,2026-07-26T08:34:15Z
vrf/VFR600_40_5_Gap,Large,600,40,IG-idle-greedy,42,34334,183.8265460319817,2.3276607158823355,run-20260726-083719-77eb,2026-07-26T08:37:19Z
vrf/VFR600_40_5_Gap,Large,600,40,IG-idle-greedy,123,34436,183.94669595197774,2.6316573778797725,run-20260726-084022-14fa,2026-07-26T08:40:22Z
vrf/VFR600_40_5_Gap,Large,600,40,IG-idle-greedy,456,34308,186.6159611599287,2.2501713706673026,run-20260726-084329-75e8,2026-07-26T08:43:29Z
vrf/VFR600_40_5_Gap,Large,600,40,IG-idle-greedy,789,34447,182.11167854606174,2.664441331624594,run-20260726-084631-fe29,2026-07-26T08:46:31Z
vrf/VFR600_40_5_Gap,Large,600,40,IG-idle-greedy,2025,34135,372.89312221610453,1.7345691890441988,run-20260726-085244-1eee,2026-07-26T08:52:44Z
vrf/VFR600_40_6_Gap,Large,600,40,IG-idle-greedy,42,34607,182.48896993498784,2.3603182584518914,run-20260726-085547-c5c0,2026-07-26T08:55:47Z
vrf/VFR600_40_6_Gap,Large,600,40,IG-idle-greedy,123,34584,185.42421892296989,2.29228903546393,run-20260726-085852-c3ef,2026-07-26T08:58:52Z
vrf/VFR600_40_6_Gap,Large,600,40,IG-idle-greedy,456,34592,183.42348137497902,2.315951373894525,run-20260726-090155-a221,2026-07-26T09:01:55Z
vrf/VFR600_40_6_Gap,Large,600,40,IG-idle-greedy,789,34545,184.62187435198575,2.176935135614777,run-20260726-090500-c5c1,2026-07-26T09:05:00Z
vrf/VFR600_40_6_Gap,Large,600,40,IG-idle-greedy,2025,34546,187.12324788991828,2.1798929279186017,run-20260726-090807-3bfc,2026-07-26T09:08:07Z
vrf/VFR600_40_7_Gap,Large,600,40,IG-idle-greedy,42,34530,183.05580808303785,2.5054918957430385,run-20260726-091110-5603,2026-07-26T09:11:10Z
vrf/VFR600_40_7_Gap,Large,600,40,IG-idle-greedy,123,34362,197.73754050198477,2.0067683904292584,run-20260726-091428-1c58,2026-07-26T09:14:28Z
vrf/VFR600_40_7_Gap,Large,600,40,IG-idle-greedy,456,34371,188.28236152103636,2.033485721071068,run-20260726-091736-ca67,2026-07-26T09:17:36Z
vrf/VFR600_40_7_Gap,Large,600,40,IG-idle-greedy,789,34399,190.74426447995938,2.1166063052900315,run-20260726-092047-ac6d,2026-07-26T09:20:47Z
vrf/VFR600_40_7_Gap,Large,600,40,IG-idle-greedy,2025,34240,261.8237463829573,1.6446001306180609,run-20260726-092509-5081,2026-07-26T09:25:09Z
vrf/VFR600_40_8_Gap,Large,600,40,IG-idle-greedy,42,34175,219.1184259109432,2.069768831013679,run-20260726-092848-a271,2026-07-26T09:28:48Z
vrf/VFR600_40_8_Gap,Large,600,40,IG-idle-greedy,123,34368,187.94608059502207,2.6461979571112835,run-20260726-093156-f2bf,2026-07-26T09:31:56Z
vrf/VFR600_40_8_Gap,Large,600,40,IG-idle-greedy,456,34202,187.4003128190525,2.150409175079147,run-20260726-093503-7b13,2026-07-26T09:35:03Z
vrf/VFR600_40_8_Gap,Large,600,40,IG-idle-greedy,789,34158,197.87608781200834,2.0189952810465326,run-20260726-093821-76c9,2026-07-26T09:38:21Z
vrf/VFR600_40_8_Gap,Large,600,40,IG-idle-greedy,2025,34295,364.79766554699745,2.428170360193537,run-20260726-094426-029f,2026-07-26T09:44:26Z
vrf/VFR600_40_9_Gap,Large,600,40,IG-idle-greedy,42,34436,186.15960828308016,2.1930735673798853,run-20260726-094732-f558,2026-07-26T09:47:32Z
vrf/VFR600_40_9_Gap,Large,600,40,IG-idle-greedy,123,34414,186.07843178801704,2.1277858563076832,run-20260726-095038-f643,2026-07-26T09:50:38Z
vrf/VFR600_40_9_Gap,Large,600,40,IG-idle-greedy,456,34350,187.95436139800586,1.9378579695521856,run-20260726-095346-c26f,2026-07-26T09:53:46Z
vrf/VFR600_40_9_Gap,Large,600,40,IG-idle-greedy,789,34399,187.96999042108655,2.0832715078493633,run-20260726-095654-9244,2026-07-26T09:56:54Z
vrf/VFR600_40_9_Gap,Large,600,40,IG-idle-greedy,2025,34296,201.1260887000244,1.7776063151022345,run-20260726-100015-6b94,2026-07-26T10:00:15Z
vrf/VFR600_60_10_Gap,Large,600,60,IG-idle-greedy,42,36918,266.29703199199867,2.087769266930288,run-20260726-100442-2528,2026-07-26T10:04:42Z
vrf/VFR600_60_10_Gap,Large,600,60,IG-idle-greedy,123,36983,278.39761654194444,2.267510991897796,run-20260726-100920-0c93,2026-07-26T10:09:20Z
vrf/VFR600_60_10_Gap,Large,600,60,IG-idle-greedy,456,36522,737.8770595319802,0.9927273732820839,run-20260726-102138-4082,2026-07-26T10:21:38Z
vrf/VFR600_60_10_Gap,Large,600,60,IG-idle-greedy,789,36883,282.76392285793554,1.9909852611785526,run-20260726-102621-e5bf,2026-07-26T10:26:21Z
vrf/VFR600_60_10_Gap,Large,600,60,IG-idle-greedy,2025,36790,299.4965011369204,1.7338163316096562,run-20260726-103120-4c2c,2026-07-26T10:31:20Z
vrf/VFR600_60_1_Gap,Large,600,60,IG-idle-greedy,42,37058,279.66324232600164,2.3758218686115256,run-20260726-103600-e215,2026-07-26T10:36:00Z
vrf/VFR600_60_1_Gap,Large,600,60,IG-idle-greedy,123,36823,302.1568090390647,1.7266147300955854,run-20260726-104102-0873,2026-07-26T10:41:02Z
vrf/VFR600_60_1_Gap,Large,600,60,IG-idle-greedy,456,37042,279.2513348190114,2.3316205315210787,run-20260726-104541-068d,2026-07-26T10:45:41Z
vrf/VFR600_60_1_Gap,Large,600,60,IG-idle-greedy,789,37047,275.6581439189613,2.345433449361843,run-20260726-105017-5768,2026-07-26T10:50:17Z
vrf/VFR600_60_1_Gap,Large,600,60,IG-idle-greedy,2025,37065,280.6617217180319,2.395159953588596,run-20260726-105458-8057,2026-07-26T10:54:58Z
vrf/VFR600_60_2_Gap,Large,600,60,IG-idle-greedy,42,37014,276.1951207619859,2.2938315277470704,run-20260726-105934-2102,2026-07-26T10:59:34Z
vrf/VFR600_60_2_Gap,Large,600,60,IG-idle-greedy,123,36890,267.5211645279778,1.9511386248065443,run-20260726-110401-bdc5,2026-07-26T11:04:01Z
vrf/VFR600_60_2_Gap,Large,600,60,IG-idle-greedy,456,37086,273.2762948500458,2.492814503648021,run-20260726-110835-a03c,2026-07-26T11:08:35Z
vrf/VFR600_60_2_Gap,Large,600,60,IG-idle-greedy,789,36841,287.7092532860115,1.8157196550961752,run-20260726-111322-6a5b,2026-07-26T11:13:22Z
vrf/VFR600_60_2_Gap,Large,600,60,IG-idle-greedy,2025,36869,288.66877828200813,1.8931019235021003,run-20260726-111811-ca0f,2026-07-26T11:18:11Z
vrf/VFR600_60_3_Gap,Large,600,60,IG-idle-greedy,42,37012,284.4012112469645,2.240269605811994,run-20260726-112255-6b90,2026-07-26T11:22:55Z
vrf/VFR600_60_3_Gap,Large,600,60,IG-idle-greedy,123,37152,279.0444964389317,2.6269992541642497,run-20260726-112735-b800,2026-07-26T11:27:35Z
vrf/VFR600_60_3_Gap,Large,600,60,IG-idle-greedy,456,36958,283.27729503496084,2.091102455733267,run-20260726-113218-6f67,2026-07-26T11:32:18Z
vrf/VFR600_60_3_Gap,Large,600,60,IG-idle-greedy,789,37068,278.7694743530592,2.3949614651528965,run-20260726-113657-2348,2026-07-26T11:36:57Z
vrf/VFR600_60_3_Gap,Large,600,60,IG-idle-greedy,2025,37014,284.094878369011,2.245794315074169,run-20260726-114141-a4e3,2026-07-26T11:41:41Z
vrf/VFR600_60_4_Gap,Large,600,60,IG-idle-greedy,42,37100,276.44352424598765,2.667699800752712,run-20260726-114617-843f,2026-07-26T11:46:17Z
vrf/VFR600_60_4_Gap,Large,600,60,IG-idle-greedy,123,37100,275.84439706103876,2.667699800752712,run-20260726-115053-e907,2026-07-26T11:50:53Z
vrf/VFR600_60_4_Gap,Large,600,60,IG-idle-greedy,456,37167,275.4116224440513,2.853110471551915,run-20260726-115528-9377,2026-07-26T11:55:28Z
vrf/VFR600_60_4_Gap,Large,600,60,IG-idle-greedy,789,37069,276.57320658897515,2.581912773965021,run-20260726-120005-46ec,2026-07-26T12:00:05Z
vrf/VFR600_60_4_Gap,Large,600,60,IG-idle-greedy,2025,36785,284.0971380530391,1.7959929156519814,run-20260726-120449-ab98,2026-07-26T12:04:49Z
vrf/VFR600_60_5_Gap,Large,600,60,IG-idle-greedy,42,36853,292.2718286169693,1.936215528448538,run-20260726-120941-8d67,2026-07-26T12:09:41Z
vrf/VFR600_60_5_Gap,Large,600,60,IG-idle-greedy,123,37117,277.75890823395457,2.6664453848919867,run-20260726-121419-0ced,2026-07-26T12:14:19Z
vrf/VFR600_60_5_Gap,Large,600,60,IG-idle-greedy,456,37077,277.9508575920481,2.5558044975520704,run-20260726-121857-67e3,2026-07-26T12:18:57Z
vrf/VFR600_60_5_Gap,Large,600,60,IG-idle-greedy,789,36953,285.4392453620676,2.212817746798329,run-20260726-122343-22be,2026-07-26T12:23:43Z
vrf/VFR600_60_5_Gap,Large,600,60,IG-idle-greedy,2025,37048,276.64974715490825,2.475589854230631,run-20260726-122819-f3a4,2026-07-26T12:28:19Z
vrf/VFR600_60_6_Gap,Large,600,60,IG-idle-greedy,42,37033,276.0433743909234,2.539040868313213,run-20260726-123255-c39b,2026-07-26T12:32:55Z
vrf/VFR600_60_6_Gap,Large,600,60,IG-idle-greedy,123,36929,279.5609085089527,2.251079853804408,run-20260726-123735-3b33,2026-07-26T12:37:35Z
vrf/VFR600_60_6_Gap,Large,600,60,IG-idle-greedy,456,36971,276.51400830806233,2.3673718019714256,run-20260726-124211-639d,2026-07-26T12:42:11Z
vrf/VFR600_60_6_Gap,Large,600,60,IG-idle-greedy,789,36835,279.71434804599266,1.9908073983829881,run-20260726-124651-1fd3,2026-07-26T12:46:51Z
vrf/VFR600_60_6_Gap,Large,600,60,IG-idle-greedy,2025,36927,279.1091513080755,2.245542141986931,run-20260726-125130-9742,2026-07-26T12:51:30Z
vrf/VFR600_60_7_Gap,Large,600,60,IG-idle-greedy,42,36989,281.6063918740256,2.2388678515160727,run-20260726-125612-4ed0,2026-07-26T12:56:12Z
vrf/VFR600_60_7_Gap,Large,600,60,IG-idle-greedy,123,37037,281.57100777397864,2.3715415019762847,run-20260726-130053-a57a,2026-07-26T13:00:53Z
vrf/VFR600_60_7_Gap,Large,600,60,IG-idle-greedy,456,37147,276.9373896520119,2.6755852842809364,run-20260726-130530-1570,2026-07-26T13:05:30Z
vrf/VFR600_60_7_Gap,Large,600,60,IG-idle-greedy,789,37031,279.2918249689974,2.354957295668758,run-20260726-131010-8c5d,2026-07-26T13:10:10Z
vrf/VFR600_60_7_Gap,Large,600,60,IG-idle-greedy,2025,36870,290.48646802303847,1.9099477597501313,run-20260726-131500-7264,2026-07-26T13:15:00Z
vrf/VFR600_60_8_Gap,Large,600,60,IG-idle-greedy,42,36839,283.73666654899716,1.8073787481000414,run-20260726-131944-bb08,2026-07-26T13:19:44Z
vrf/VFR600_60_8_Gap,Large,600,60,IG-idle-greedy,123,36780,284.57904282107484,1.6443277601215973,run-20260726-132428-dd9f,2026-07-26T13:24:28Z
vrf/VFR600_60_8_Gap,Large,600,60,IG-idle-greedy,456,37059,275.80070298095234,2.415365482934918,run-20260726-132904-1da3,2026-07-26T13:29:04Z
vrf/VFR600_60_8_Gap,Large,600,60,IG-idle-greedy,789,36926,281.08113009308,2.0478098659665607,run-20260726-133345-b959,2026-07-26T13:33:45Z
vrf/VFR600_60_8_Gap,Large,600,60,IG-idle-greedy,2025,36920,284.3351797260111,2.0312284095619733,run-20260726-133830-e0d9,2026-07-26T13:38:30Z
vrf/VFR600_60_9_Gap,Large,600,60,IG-idle-greedy,42,36946,282.60283794801217,2.0748722199198784,run-20260726-134312-7d49,2026-07-26T13:43:12Z
vrf/VFR600_60_9_Gap,Large,600,60,IG-idle-greedy,123,36961,276.7197941009654,2.1163144080674128,run-20260726-134749-2a0c,2026-07-26T13:47:49Z
vrf/VFR600_60_9_Gap,Large,600,60,IG-idle-greedy,456,36920,280.8577072820626,2.003039093797486,run-20260726-135230-32e0,2026-07-26T13:52:30Z
vrf/VFR600_60_9_Gap,Large,600,60,IG-idle-greedy,789,36820,292.9714330919087,1.7267578394805911,run-20260726-135723-a8aa,2026-07-26T13:57:23Z
vrf/VFR600_60_9_Gap,Large,600,60,IG-idle-greedy,2025,36844,285.8860863860464,1.793065340516646,run-20260726-140209-1fcf,2026-07-26T14:02:09Z
vrf/VFR700_20_10_Gap,Large,700,20,IG-idle-greedy,42,36591,93.20174570195377,0.47779883021665703,run-20260726-140342-05a2,2026-07-26T14:03:42Z
vrf/VFR700_20_10_Gap,Large,700,20,IG-idle-greedy,123,36591,93.69779773103073,0.47779883021665703,run-20260726-140516-31ac,2026-07-26T14:05:16Z
vrf/VFR700_20_10_Gap,Large,700,20,IG-idle-greedy,456,36621,92.42638773901854,0.5601779388747014,run-20260726-140648-0024,2026-07-26T14:06:48Z
vrf/VFR700_20_10_Gap,Large,700,20,IG-idle-greedy,789,36591,92.79291723493952,0.47779883021665703,run-20260726-140821-5b10,2026-07-26T14:08:21Z
vrf/VFR700_20_10_Gap,Large,700,20,IG-idle-greedy,2025,36591,92.5390635789372,0.47779883021665703,run-20260726-140953-03c5,2026-07-26T14:09:53Z
vrf/VFR700_20_1_Gap,Large,700,20,IG-idle-greedy,42,36763,93.37693018792197,1.0139033906687915,run-20260726-141127-a3e8,2026-07-26T14:11:27Z
vrf/VFR700_20_1_Gap,Large,700,20,IG-idle-greedy,123,36737,92.82443935389165,0.9424630433587954,run-20260726-141300-4ce4,2026-07-26T14:13:00Z
vrf/VFR700_20_1_Gap,Large,700,20,IG-idle-greedy,456,36690,184.83307981397957,0.8133208770676486,run-20260726-141604-1cd7,2026-07-26T14:16:04Z
vrf/VFR700_20_1_Gap,Large,700,20,IG-idle-greedy,789,36717,93.75574216688983,0.8875089300434138,run-20260726-141738-23b6,2026-07-26T14:17:38Z
vrf/VFR700_20_1_Gap,Large,700,20,IG-idle-greedy,2025,36727,94.6584382019937,0.9149859867011045,run-20260726-141913-ebf3,2026-07-26T14:19:13Z
vrf/VFR700_20_2_Gap,Large,700,20,IG-idle-greedy,42,36808,93.19029213907197,1.296199466108925,run-20260726-142046-a181,2026-07-26T14:20:46Z
vrf/VFR700_20_2_Gap,Large,700,20,IG-idle-greedy,123,36664,94.10259644500911,0.8999091834768969,run-20260726-142220-3f18,2026-07-26T14:22:20Z
vrf/VFR700_20_2_Gap,Large,700,20,IG-idle-greedy,456,36692,93.9095889920136,0.9769656273220134,run-20260726-142354-b559,2026-07-26T14:23:54Z
vrf/VFR700_20_2_Gap,Large,700,20,IG-idle-greedy,789,36781,92.2613086849451,1.2218950381154194,run-20260726-142526-3000,2026-07-26T14:25:26Z
vrf/VFR700_20_2_Gap,Large,700,20,IG-idle-greedy,2025,36773,92.76723717199638,1.199878911302529,run-20260726-142659-4bb2,2026-07-26T14:26:59Z
vrf/VFR700_20_3_Gap,Large,700,20,IG-idle-greedy,42,36916,92.77189068601001,0.9516517173485014,run-20260726-142832-c9bd,2026-07-26T14:28:32Z
vrf/VFR700_20_3_Gap,Large,700,20,IG-idle-greedy,123,36852,92.99228860193398,0.7766353095602713,run-20260726-143005-d0f9,2026-07-26T14:30:05Z
vrf/VFR700_20_3_Gap,Large,700,20,IG-idle-greedy,456,36886,93.54976091394201,0.8696127761977686,run-20260726-143138-2df3,2026-07-26T14:31:38Z
vrf/VFR700_20_3_Gap,Large,700,20,IG-idle-greedy,789,36854,93.30991055699997,0.7821045723036535,run-20260726-143312-6207,2026-07-26T14:33:12Z
vrf/VFR700_20_3_Gap,Large,700,20,IG-idle-greedy,2025,36878,92.68245324597228,0.8477357252242398,run-20260726-143444-f371,2026-07-26T14:34:44Z
vrf/VFR700_20_4_Gap,Large,700,20,IG-idle-greedy,42,36839,93.05233264900744,1.0616701415560188,run-20260726-143617-469f,2026-07-26T14:36:17Z
vrf/VFR700_20_4_Gap,Large,700,20,IG-idle-greedy,123,36732,93.19914896902628,0.7681334357511248,run-20260726-143751-850d,2026-07-26T14:37:51Z
vrf/VFR700_20_4_Gap,Large,700,20,IG-idle-greedy,456,36691,93.46152859705035,0.6556567540875672,run-20260726-143924-a1af,2026-07-26T14:39:24Z
vrf/VFR700_20_4_Gap,Large,700,20,IG-idle-greedy,789,36681,94.0787941920571,0.6282234170964556,run-20260726-144058-e5bb,2026-07-26T14:40:58Z
vrf/VFR700_20_4_Gap,Large,700,20,IG-idle-greedy,2025,36773,92.45422201696783,0.8806101174146823,run-20260726-144231-58c4,2026-07-26T14:42:31Z
vrf/VFR700_20_5_Gap,Large,700,20,IG-idle-greedy,42,36902,95.81457356596366,0.8692324513448502,run-20260726-144407-c43a,2026-07-26T14:44:07Z
vrf/VFR700_20_5_Gap,Large,700,20,IG-idle-greedy,123,36950,93.44334343797527,1.000437349661054,run-20260726-144540-ea9a,2026-07-26T14:45:40Z
vrf/VFR700_20_5_Gap,Large,700,20,IG-idle-greedy,456,36935,95.68144901492633,0.9594358189372403,run-20260726-144716-ca4d,2026-07-26T14:47:16Z
vrf/VFR700_20_5_Gap,Large,700,20,IG-idle-greedy,789,36843,101.11203030194156,0.707959763831183,run-20260726-144857-181e,2026-07-26T14:48:57Z
vrf/VFR700_20_5_Gap,Large,700,20,IG-idle-greedy,2025,37009,93.79768676601816,1.161710037174721,run-20260726-145031-5898,2026-07-26T14:50:31Z
vrf/VFR700_20_6_Gap,Large,700,20,IG-idle-greedy,42,36939,92.78236303909216,0.7308227209511603,run-20260726-145203-d783,2026-07-26T14:52:03Z
vrf/VFR700_20_6_Gap,Large,700,20,IG-idle-greedy,123,37042,93.15343558602035,1.011698617436121,run-20260726-145337-3276,2026-07-26T14:53:37Z
vrf/VFR700_20_6_Gap,Large,700,20,IG-idle-greedy,456,36955,93.45729029201902,0.7744539281721251,run-20260726-145510-ee32,2026-07-26T14:55:10Z
vrf/VFR700_20_6_Gap,Large,700,20,IG-idle-greedy,789,36967,92.67671602696646,0.8071773335878487,run-20260726-145643-8038,2026-07-26T14:56:43Z
vrf/VFR700_20_6_Gap,Large,700,20,IG-idle-greedy,2025,37039,92.07331540691666,1.0035177660821903,run-20260726-145815-611b,2026-07-26T14:58:15Z
vrf/VFR700_20_7_Gap,Large,700,20,IG-idle-greedy,42,36928,93.4016046889592,0.8300567933595456,run-20260726-145948-a71b,2026-07-26T14:59:48Z
vrf/VFR700_20_7_Gap,Large,700,20,IG-idle-greedy,123,36917,93.3973188069649,0.8000218435998252,run-20260726-150122-dd48,2026-07-26T15:01:22Z
vrf/VFR700_20_7_Gap,Large,700,20,IG-idle-greedy,456,37040,92.79834584600758,1.1358671909130624,run-20260726-150254-ad72,2026-07-26T15:02:54Z
vrf/VFR700_20_7_Gap,Large,700,20,IG-idle-greedy,789,36995,93.18500133196358,1.0129969418960245,run-20260726-150428-9a64,2026-07-26T15:04:28Z
vrf/VFR700_20_7_Gap,Large,700,20,IG-idle-greedy,2025,36891,93.79304624302313,0.7290301441677588,run-20260726-150601-62bd,2026-07-26T15:06:01Z
vrf/VFR700_20_8_Gap,Large,700,20,IG-idle-greedy,42,36907,93.16406035399996,1.0541591369585455,run-20260726-150734-3377,2026-07-26T15:07:34Z
vrf/VFR700_20_8_Gap,Large,700,20,IG-idle-greedy,123,36841,184.45577530702576,0.8734461420513663,run-20260726-151039-44e5,2026-07-26T15:10:39Z
vrf/VFR700_20_8_Gap,Large,700,20,IG-idle-greedy,456,36920,92.64200885803439,1.089754120803899,run-20260726-151212-0162,2026-07-26T15:12:12Z
vrf/VFR700_20_8_Gap,Large,700,20,IG-idle-greedy,789,36929,93.24021514097694,1.1143968019276054,run-20260726-151345-9edc,2026-07-26T15:13:45Z
vrf/VFR700_20_8_Gap,Large,700,20,IG-idle-greedy,2025,36896,93.74070096900687,1.0240403044740156,run-20260726-151519-454c,2026-07-26T15:15:19Z
vrf/VFR700_20_9_Gap,Large,700,20,IG-idle-greedy,42,36669,93.30669052293524,0.9358914365933552,run-20260726-151652-8b13,2026-07-26T15:16:52Z
vrf/VFR700_20_9_Gap,Large,700,20,IG-idle-greedy,123,36537,95.26216020190623,0.5725453494453467,run-20260726-151827-f729,2026-07-26T15:18:27Z
vrf/VFR700_20_9_Gap,Large,700,20,IG-idle-greedy,456,36548,95.17359182506334,0.6028241900410141,run-20260726-152002-3902,2026-07-26T15:20:02Z
vrf/VFR700_20_9_Gap,Large,700,20,IG-idle-greedy,789,36576,93.98327042197343,0.6798976024663492,run-20260726-152136-b46f,2026-07-26T15:21:36Z
vrf/VFR700_20_9_Gap,Large,700,20,IG-idle-greedy,2025,36592,93.66549331799615,0.7239395524236836,run-20260726-152310-f4b4,2026-07-26T15:23:10Z
vrf/VFR700_40_10_Gap,Large,700,40,IG-idle-greedy,42,39742,245.3104636759963,2.296010296010296,run-20260726-152715-782d,2026-07-26T15:27:15Z
vrf/VFR700_40_10_Gap,Large,700,40,IG-idle-greedy,123,39632,457.3278638420161,2.012870012870013,run-20260726-153453-335a,2026-07-26T15:34:53Z
vrf/VFR700_40_10_Gap,Large,700,40,IG-idle-greedy,456,39786,241.28960973699577,2.4092664092664093,run-20260726-153854-6fc5,2026-07-26T15:38:54Z
vrf/VFR700_40_10_Gap,Large,700,40,IG-idle-greedy,789,39662,255.157880825107,2.09009009009009,run-20260726-154309-d8bf,2026-07-26T15:43:09Z
vrf/VFR700_40_10_Gap,Large,700,40,IG-idle-greedy,2025,39718,248.22481053101365,2.234234234234234,run-20260726-154717-def3,2026-07-26T15:47:17Z
vrf/VFR700_40_1_Gap,Large,700,40,IG-idle-greedy,42,39821,241.6000016219914,2.1994661739041166,run-20260726-155119-b80b,2026-07-26T15:51:19Z
vrf/VFR700_40_1_Gap,Large,700,40,IG-idle-greedy,123,39777,241.53652210789733,2.0865414228518633,run-20260726-155520-2b48,2026-07-26T15:55:20Z
vrf/VFR700_40_1_Gap,Large,700,40,IG-idle-greedy,456,39861,241.16676116304006,2.302125038497074,run-20260726-155922-3958,2026-07-26T15:59:22Z
vrf/VFR700_40_1_Gap,Large,700,40,IG-idle-greedy,789,39723,249.01421061495785,1.9479519556513705,run-20260726-160331-80a5,2026-07-26T16:03:31Z
vrf/VFR700_40_1_Gap,Large,700,40,IG-idle-greedy,2025,39798,480.2911794909742,2.140437326763166,run-20260726-161131-6ae2,2026-07-26T16:11:31Z
vrf/VFR700_40_2_Gap,Large,700,40,IG-idle-greedy,42,39474,482.1293864570325,1.8027079303675049,run-20260726-161933-834b,2026-07-26T16:19:33Z
vrf/VFR700_40_2_Gap,Large,700,40,IG-idle-greedy,123,39702,240.29629986500368,2.390715667311412,run-20260726-162333-8bba,2026-07-26T16:23:33Z
vrf/VFR700_40_2_Gap,Large,700,40,IG-idle-greedy,456,39625,241.157960320008,2.1921341070277243,run-20260726-162735-c6be,2026-07-26T16:27:35Z
vrf/VFR700_40_2_Gap,Large,700,40,IG-idle-greedy,789,39478,247.1032915019896,1.813023855577047,run-20260726-163142-9958,2026-07-26T16:31:42Z
vrf/VFR700_40_2_Gap,Large,700,40,IG-idle-greedy,2025,39597,243.53469269291963,2.1199226305609282,run-20260726-163545-60e5,2026-07-26T16:35:45Z
vrf/VFR700_40_3_Gap,Large,700,40,IG-idle-greedy,42,39328,245.30276939901523,1.830610289738743,run-20260726-163951-f2fc,2026-07-26T16:39:51Z
vrf/VFR700_40_3_Gap,Large,700,40,IG-idle-greedy,123,39297,248.19558069796767,1.7503430776002693,run-20260726-164359-a5f2,2026-07-26T16:43:59Z
vrf/VFR700_40_3_Gap,Large,700,40,IG-idle-greedy,456,39498,242.23800614103675,2.270785324046503,run-20260726-164801-a857,2026-07-26T16:48:01Z
vrf/VFR700_40_3_Gap,Large,700,40,IG-idle-greedy,789,39388,242.4963249870343,1.9859661842003056,run-20260726-165203-fdad,2026-07-26T16:52:03Z
vrf/VFR700_40_3_Gap,Large,700,40,IG-idle-greedy,2025,39409,242.0207429890288,2.0403407472618524,run-20260726-165606-0625,2026-07-26T16:56:06Z
vrf/VFR700_40_4_Gap,Large,700,40,IG-idle-greedy,42,39733,240.35772901109885,2.444243908727601,run-20260726-170006-12c0,2026-07-26T17:00:06Z
vrf/VFR700_40_4_Gap,Large,700,40,IG-idle-greedy,123,39652,245.08460820408072,2.2354002836147995,run-20260726-170411-63ac,2026-07-26T17:04:11Z
vrf/VFR700_40_4_Gap,Large,700,40,IG-idle-greedy,456,39813,239.40822341898456,2.650509217480985,run-20260726-170810-aec2,2026-07-26T17:08:10Z
vrf/VFR700_40_4_Gap,Large,700,40,IG-idle-greedy,789,39595,241.76578944106586,2.0884362511280132,run-20260726-171212-b172,2026-07-26T17:12:12Z
vrf/VFR700_40_4_Gap,Large,700,40,IG-idle-greedy,2025,39754,238.7088990979828,2.4983885522753644,run-20260726-171611-30fc,2026-07-26T17:16:11Z
vrf/VFR700_40_5_Gap,Large,700,40,IG-idle-greedy,42,39613,240.04990198207088,2.435933903959039,run-20260726-172011-79d6,2026-07-26T17:20:11Z
vrf/VFR700_40_5_Gap,Large,700,40,IG-idle-greedy,123,39671,241.0776955659967,2.5859170954979183,run-20260726-172412-0b32,2026-07-26T17:24:12Z
vrf/VFR700_40_5_Gap,Large,700,40,IG-idle-greedy,456,39457,244.04581547202542,2.0325308370613637,run-20260726-172816-3f5c,2026-07-26T17:28:16Z
vrf/VFR700_40_5_Gap,Large,700,40,IG-idle-greedy,789,39621,240.37716210703366,2.4566212407230226,run-20260726-173216-453c,2026-07-26T17:32:16Z
vrf/VFR700_40_5_Gap,Large,700,40,IG-idle-greedy,2025,39515,247.8503005739767,2.182514028600243,run-20260726-173624-7ee7,2026-07-26T17:36:24Z
vrf/VFR700_40_6_Gap,Large,700,40,IG-idle-greedy,42,39409,246.1761613759445,1.8057349522087316,run-20260726-174030-2d8f,2026-07-26T17:40:30Z
vrf/VFR700_40_6_Gap,Large,700,40,IG-idle-greedy,123,39436,245.71230665501207,1.8754843709635753,run-20260726-174436-7d78,2026-07-26T17:44:36Z
vrf/VFR700_40_6_Gap,Large,700,40,IG-idle-greedy,456,39408,253.71171067503747,1.8031516404029966,run-20260726-174850-661f,2026-07-26T17:48:50Z
vrf/VFR700_40_6_Gap,Large,700,40,IG-idle-greedy,789,39206,484.15043105906807,1.2813226556445363,run-20260726-175654-700f,2026-07-26T17:56:54Z
vrf/VFR700_40_6_Gap,Large,700,40,IG-idle-greedy,2025,39553,240.7902340539731,2.177731852234565,run-20260726-180055-051d,2026-07-26T18:00:55Z
vrf/VFR700_40_7_Gap,Large,700,40,IG-idle-greedy,42,39219,245.6898399789352,1.643125566930154,run-20260726-180501-7ce5,2026-07-26T18:05:01Z
vrf/VFR700_40_7_Gap,Large,700,40,IG-idle-greedy,123,39173,252.6748107339954,1.5239082545030451,run-20260726-180913-301a,2026-07-26T18:09:13Z
vrf/VFR700_40_7_Gap,Large,700,40,IG-idle-greedy,456,39140,246.5600279320497,1.4383827912401193,run-20260726-181320-ffac,2026-07-26T18:13:20Z
vrf/VFR700_40_7_Gap,Large,700,40,IG-idle-greedy,789,39264,246.68014011206105,1.759751198652326,run-20260726-181726-7d98,2026-07-26T18:17:26Z
vrf/VFR700_40_7_Gap,Large,700,40,IG-idle-greedy,2025,39286,245.56764321401715,1.8167681741609434,run-20260726-182132-2c42,2026-07-26T18:21:32Z
vrf/VFR700_40_8_Gap,Large,700,40,IG-idle-greedy,42,39827,242.62052264099475,1.9662561765534192,run-20260726-182535-8519,2026-07-26T18:25:35Z
vrf/VFR700_40_8_Gap,Large,700,40,IG-idle-greedy,123,39663,259.9610584300244,1.5463785555185745,run-20260726-182955-f0a7,2026-07-26T18:29:55Z
vrf/VFR700_40_8_Gap,Large,700,40,IG-idle-greedy,456,39729,244.67479869001545,1.715353695691134,run-20260726-183359-1206,2026-07-26T18:33:59Z
vrf/VFR700_40_8_Gap,Large,700,40,IG-idle-greedy,789,39846,243.20943889894988,2.014900535087944,run-20260726-183803-b866,2026-07-26T18:38:03Z
vrf/VFR700_40_8_Gap,Large,700,40,IG-idle-greedy,2025,39922,240.59383883397095,2.2094779692260427,run-20260726-184203-5887,2026-07-26T18:42:03Z
vrf/VFR700_40_9_Gap,Large,700,40,IG-idle-greedy,42,39583,466.1939502240857,1.9812438810738393,run-20260726-184949-7380,2026-07-26T18:49:49Z
vrf/VFR700_40_9_Gap,Large,700,40,IG-idle-greedy,123,39600,243.12772854592185,2.025042510434379,run-20260726-185352-fd88,2026-07-26T18:53:52Z
vrf/VFR700_40_9_Gap,Large,700,40,IG-idle-greedy,456,39681,246.44926710391883,2.2337300973875407,run-20260726-185759-af26,2026-07-26T18:57:59Z
vrf/VFR700_40_9_Gap,Large,700,40,IG-idle-greedy,789,39653,244.05270159395877,2.161591178440769,run-20260726-190203-632e,2026-07-26T19:02:03Z
vrf/VFR700_40_9_Gap,Large,700,40,IG-idle-greedy,2025,39703,243.68330776900984,2.290410676560004,run-20260726-190607-1326,2026-07-26T19:06:07Z
vrf/VFR700_60_10_Gap,Large,700,60,IG-idle-greedy,42,42142,363.39004922204185,1.8488532276385432,run-20260726-191210-e624,2026-07-26T19:12:10Z
vrf/VFR700_60_10_Gap,Large,700,60,IG-idle-greedy,123,42236,368.0931080300361,2.076032578485632,run-20260726-191818-b852,2026-07-26T19:18:18Z
vrf/VFR700_60_10_Gap,Large,700,60,IG-idle-greedy,456,42235,368.93563862598967,2.073615776880876,run-20260726-192427-0e79,2026-07-26T19:24:27Z
vrf/VFR700_60_10_Gap,Large,700,60,IG-idle-greedy,789,42204,392.9704682510346,1.9986949271334316,run-20260726-193100-dbc9,2026-07-26T19:31:00Z
vrf/VFR700_60_10_Gap,Large,700,60,IG-idle-greedy,2025,42342,363.50285473198164,2.332213548589796,run-20260726-193704-b041,2026-07-26T19:37:04Z
vrf/VFR700_60_1_Gap,Large,700,60,IG-idle-greedy,42,42093,392.35644381598104,1.5855777584708948,run-20260726-194336-5f43,2026-07-26T19:43:36Z
vrf/VFR700_60_1_Gap,Large,700,60,IG-idle-greedy,123,41882,441.75904548494145,1.0763587218843518,run-20260726-195058-7b82,2026-07-26T19:50:58Z
vrf/VFR700_60_1_Gap,Large,700,60,IG-idle-greedy,456,42199,385.5660102539696,1.8413939569456512,run-20260726-195723-966e,2026-07-26T19:57:23Z
vrf/VFR700_60_1_Gap,Large,700,60,IG-idle-greedy,789,42048,735.9247924210504,1.476976542137272,run-20260726-200939-5dd4,2026-07-26T20:09:39Z
vrf/VFR700_60_1_Gap,Large,700,60,IG-idle-greedy,2025,42293,369.3296110020019,2.0682498310647746,run-20260726-201549-8ba5,2026-07-26T20:15:49Z
vrf/VFR700_60_2_Gap,Large,700,60,IG-idle-greedy,42,42195,365.30766489496455,1.9818731117824773,run-20260726-202154-4d7b,2026-07-26T20:21:54Z
vrf/VFR700_60_2_Gap,Large,700,60,IG-idle-greedy,123,42007,374.442567253951,1.5274924471299094,run-20260726-202808-6f2a,2026-07-26T20:28:08Z
vrf/VFR700_60_2_Gap,Large,700,60,IG-idle-greedy,456,42069,372.9534249730641,1.6773413897280967,run-20260726-203421-407e,2026-07-26T20:34:21Z
vrf/VFR700_60_2_Gap,Large,700,60,IG-idle-greedy,789,42358,361.23302900604904,2.37583081570997,run-20260726-204023-cc3b,2026-07-26T20:40:23Z
vrf/VFR700_60_2_Gap,Large,700,60,IG-idle-greedy,2025,42082,367.20416845101863,1.708761329305136,run-20260726-204630-3ea5,2026-07-26T20:46:30Z
vrf/VFR700_60_3_Gap,Large,700,60,IG-idle-greedy,42,42191,372.0761205179151,2.1153520342716075,run-20260726-205242-4d7a,2026-07-26T20:52:42Z
vrf/VFR700_60_3_Gap,Large,700,60,IG-idle-greedy,123,42264,366.22818138392176,2.292034755669579,run-20260726-205848-5cb9,2026-07-26T20:58:48Z
vrf/VFR700_60_3_Gap,Large,700,60,IG-idle-greedy,456,42380,358.5197303860914,2.5727908609047123,run-20260726-210447-85d1,2026-07-26T21:04:47Z
vrf/VFR700_60_3_Gap,Large,700,60,IG-idle-greedy,789,42170,367.7889856379479,2.06452549797904,run-20260726-211054-4684,2026-07-26T21:10:54Z
vrf/VFR700_60_3_Gap,Large,700,60,IG-idle-greedy,2025,42241,366.7608139360091,2.2363675968729577,run-20260726-211701-debb,2026-07-26T21:17:01Z
vrf/VFR700_60_4_Gap,Large,700,60,IG-idle-greedy,42,42365,359.11432918999344,2.3284461727977583,run-20260726-212300-d23c,2026-07-26T21:23:00Z
vrf/VFR700_60_4_Gap,Large,700,60,IG-idle-greedy,123,42230,359.3958313850453,2.002367092582305,run-20260726-212900-ea3e,2026-07-26T21:29:00Z
vrf/VFR700_60_4_Gap,Large,700,60,IG-idle-greedy,456,41958,389.3889429909177,1.3453781309630202,run-20260726-213529-de06,2026-07-26T21:35:29Z
vrf/VFR700_60_4_Gap,Large,700,60,IG-idle-greedy,789,41947,405.8617753330618,1.3188087244269462,run-20260726-214215-7ef8,2026-07-26T21:42:15Z
vrf/VFR700_60_4_Gap,Large,700,60,IG-idle-greedy,2025,42209,362.0332813980058,1.9516436801043453,run-20260726-214817-50b4,2026-07-26T21:48:17Z
vrf/VFR700_60_5_Gap,Large,700,60,IG-idle-greedy,42,42311,358.91599730891176,2.542290727545926,run-20260726-215416-6f64,2026-07-26T21:54:16Z
vrf/VFR700_60_5_Gap,Large,700,60,IG-idle-greedy,123,42229,361.74596798198763,2.3435606611410016,run-20260726-220018-e793,2026-07-26T22:00:18Z
vrf/VFR700_60_5_Gap,Large,700,60,IG-idle-greedy,456,42175,367.8295295999851,2.212689641801173,run-20260726-220626-82bf,2026-07-26T22:06:26Z
vrf/VFR700_60_5_Gap,Large,700,60,IG-idle-greedy,789,42335,358.8680004430935,2.6004556250302944,run-20260726-221224-a054,2026-07-26T22:12:24Z
vrf/VFR700_60_5_Gap,Large,700,60,IG-idle-greedy,2025,42028,380.19372329709586,1.856429644709418,run-20260726-221845-4a1d,2026-07-26T22:18:45Z
vrf/VFR700_60_6_Gap,Large,700,60,IG-idle-greedy,42,42412,359.73069793498144,2.5931301402999516,run-20260726-222444-06da,2026-07-26T22:24:44Z
vrf/VFR700_60_6_Gap,Large,700,60,IG-idle-greedy,123,42154,388.74252567405347,1.96903725205612,run-20260726-223113-0b3d,2026-07-26T22:31:13Z
vrf/VFR700_60_6_Gap,Large,700,60,IG-idle-greedy,456,42325,360.39842557290103,2.382680212868892,run-20260726-223714-f53c,2026-07-26T22:37:14Z
vrf/VFR700_60_6_Gap,Large,700,60,IG-idle-greedy,789,42247,360.01498448697384,2.194000967585873,run-20260726-224314-4d32,2026-07-26T22:43:14Z
vrf/VFR700_60_6_Gap,Large,700,60,IG-idle-greedy,2025,42369,359.97113507497124,2.48911465892598,run-20260726-224914-8e1f,2026-07-26T22:49:14Z
vrf/VFR700_60_7_Gap,Large,700,60,IG-idle-greedy,42,41668,369.8975596189266,1.9375672766415502,run-20260726-225523-b493,2026-07-26T22:55:23Z
vrf/VFR700_60_7_Gap,Large,700,60,IG-idle-greedy,123,41742,368.9779662579531,2.118602602994422,run-20260726-230132-a212,2026-07-26T23:01:32Z
vrf/VFR700_60_7_Gap,Large,700,60,IG-idle-greedy,456,41810,362.4909718140261,2.284959389372737,run-20260726-230735-2596,2026-07-26T23:07:35Z
vrf/VFR700_60_7_Gap,Large,700,60,IG-idle-greedy,789,41970,360.19877129001543,2.6763871220275957,run-20260726-231335-eee1,2026-07-26T23:13:35Z
vrf/VFR700_60_7_Gap,Large,700,60,IG-idle-greedy,2025,41668,362.8257583610248,1.9375672766415502,run-20260726-231938-a8e5,2026-07-26T23:19:38Z
vrf/VFR700_60_8_Gap,Large,700,60,IG-idle-greedy,42,42314,367.61991993000265,2.0253652890967837,run-20260726-232546-f4a1,2026-07-26T23:25:46Z
vrf/VFR700_60_8_Gap,Large,700,60,IG-idle-greedy,123,42316,368.2131384660024,2.0301875874041566,run-20260726-233154-34b8,2026-07-26T23:31:54Z
vrf/VFR700_60_8_Gap,Large,700,60,IG-idle-greedy,456,42387,360.7222889099503,2.201379177315909,run-20260726-233755-8bb0,2026-07-26T23:37:55Z
vrf/VFR700_60_8_Gap,Large,700,60,IG-idle-greedy,789,42340,369.7058208390372,2.0880551670926364,run-20260726-234404-9508,2026-07-26T23:44:04Z
vrf/VFR700_60_8_Gap,Large,700,60,IG-idle-greedy,2025,42413,363.0163451930275,2.2640690553117615,run-20260726-235007-940c,2026-07-26T23:50:07Z
vrf/VFR700_60_9_Gap,Large,700,60,IG-idle-greedy,42,42010,373.39115327293985,1.7412995568041463,run-20260726-235621-97f5,2026-07-26T23:56:21Z
vrf/VFR700_60_9_Gap,Large,700,60,IG-idle-greedy,123,41881,731.3353449689457,1.4288828073914412,run-20260727-000832-9510,2026-07-27T00:08:32Z
vrf/VFR700_60_9_Gap,Large,700,60,IG-idle-greedy,456,41934,386.79417081701104,1.5572400765299945,run-20260727-001459-6008,2026-07-27T00:14:59Z
vrf/VFR700_60_9_Gap,Large,700,60,IG-idle-greedy,789,41728,432.9198657890083,1.0583420115763726,run-20260727-002212-7428,2026-07-27T00:22:12Z
vrf/VFR700_60_9_Gap,Large,700,60,IG-idle-greedy,2025,41890,376.62462954199873,1.4506793247923275,run-20260727-002828-7973,2026-07-27T00:28:28Z
vrf/VFR800_20_10_Gap,Large,800,20,IG-idle-greedy,42,41882,116.58622030599508,0.7408476451628422,run-20260727-003025-b66b,2026-07-27T00:30:25Z
vrf/VFR800_20_10_Gap,Large,800,20,IG-idle-greedy,123,41867,160.8930384280393,0.7047674027036128,run-20260727-003306-9ba9,2026-07-27T00:33:06Z
vrf/VFR800_20_10_Gap,Large,800,20,IG-idle-greedy,456,41899,160.86589382693637,0.7817385866166354,run-20260727-003547-0226,2026-07-27T00:35:47Z
vrf/VFR800_20_10_Gap,Large,800,20,IG-idle-greedy,789,41828,163.117171564023,0.6109587723096166,run-20260727-003830-12c4,2026-07-27T00:38:30Z
vrf/VFR800_20_10_Gap,Large,800,20,IG-idle-greedy,2025,41842,160.39046329201665,0.644633665271564,run-20260727-004110-f88b,2026-07-27T00:41:10Z
vrf/VFR800_20_1_Gap,Large,800,20,IG-idle-greedy,42,41735,163.1684251630213,0.42591077530198757,run-20260727-004353-9ae7,2026-07-27T00:43:53Z
vrf/VFR800_20_1_Gap,Large,800,20,IG-idle-greedy,123,41809,160.84018791292328,0.6039751672361519,run-20260727-004634-95c2,2026-07-27T00:46:34Z
vrf/VFR800_20_1_Gap,Large,800,20,IG-idle-greedy,456,41781,164.33387178496923,0.5365994513691708,run-20260727-004919-3c58,2026-07-27T00:49:19Z
vrf/VFR800_20_1_Gap,Large,800,20,IG-idle-greedy,789,41835,159.1660359890666,0.6665383319697772,run-20260727-005158-3315,2026-07-27T00:51:58Z
vrf/VFR800_20_1_Gap,Large,800,20,IG-idle-greedy,2025,41706,164.49903971492313,0.3561287838683286,run-20260727-005442-9316,2026-07-27T00:54:42Z
vrf/VFR800_20_2_Gap,Large,800,20,IG-idle-greedy,42,41799,159.01869878708385,0.9466998333615089,run-20260727-005721-c1ef,2026-07-27T00:57:21Z
vrf/VFR800_20_2_Gap,Large,800,20,IG-idle-greedy,123,41716,160.58707743301056,0.7462506339507813,run-20260727-010002-95f3,2026-07-27T01:00:02Z
vrf/VFR800_20_2_Gap,Large,800,20,IG-idle-greedy,456,41733,161.3299919400597,0.7873064940710508,run-20260727-010243-ac2e,2026-07-27T01:02:43Z
vrf/VFR800_20_2_Gap,Large,800,20,IG-idle-greedy,789,41766,160.47764717892278,0.8670031637162798,run-20260727-010524-890c,2026-07-27T01:05:24Z
vrf/VFR800_20_2_Gap,Large,800,20,IG-idle-greedy,2025,41805,160.26985259505454,0.9611901369333687,run-20260727-010804-b711,2026-07-27T01:08:04Z
vrf/VFR800_20_3_Gap,Large,800,20,IG-idle-greedy,42,41835,162.7528865688946,0.9897404948702474,run-20260727-011047-f643,2026-07-27T01:10:47Z
vrf/VFR800_20_3_Gap,Large,800,20,IG-idle-greedy,123,41962,159.0354415270267,1.296318648159324,run-20260727-011326-fc98,2026-07-27T01:13:26Z
vrf/VFR800_20_3_Gap,Large,800,20,IG-idle-greedy,456,41900,159.32397992699407,1.1466505733252867,run-20260727-011605-79a1,2026-07-27T01:16:05Z
vrf/VFR800_20_3_Gap,Large,800,20,IG-idle-greedy,789,41938,158.43181553203613,1.2383826191913097,run-20260727-011844-8b59,2026-07-27T01:18:44Z
vrf/VFR800_20_3_Gap,Large,800,20,IG-idle-greedy,2025,41931,158.91628583008423,1.2214846107423054,run-20260727-012122-3d76,2026-07-27T01:21:22Z
vrf/VFR800_20_4_Gap,Large,800,20,IG-idle-greedy,42,41878,161.26665557199158,1.091102206343842,run-20260727-012404-2cd5,2026-07-27T01:24:04Z
vrf/VFR800_20_4_Gap,Large,800,20,IG-idle-greedy,123,41824,161.48254550504498,0.9607492878868343,run-20260727-012645-29cf,2026-07-27T01:26:45Z
vrf/VFR800_20_4_Gap,Large,800,20,IG-idle-greedy,456,41676,171.38205746305175,0.6034857335972578,run-20260727-012937-34da,2026-07-27T01:29:37Z
vrf/VFR800_20_4_Gap,Large,800,20,IG-idle-greedy,789,41634,171.45607367402408,0.5021001303529185,run-20260727-013228-560d,2026-07-27T01:32:28Z
vrf/VFR800_20_4_Gap,Large,800,20,IG-idle-greedy,2025,41672,174.87007236503996,0.5938299618597016,run-20260727-013523-fadf,2026-07-27T01:35:23Z
vrf/VFR800_20_5_Gap,Large,800,20,IG-idle-greedy,42,42058,160.14828805997968,0.8343322944138096,run-20260727-013803-f21b,2026-07-27T01:38:03Z
vrf/VFR800_20_5_Gap,Large,800,20,IG-idle-greedy,123,42062,160.4704148650635,0.8439223207863822,run-20260727-014044-cf34,2026-07-27T01:40:44Z
vrf/VFR800_20_5_Gap,Large,800,20,IG-idle-greedy,456,42031,159.47974879003596,0.7695996163989451,run-20260727-014323-9194,2026-07-27T01:43:23Z
vrf/VFR800_20_5_Gap,Large,800,20,IG-idle-greedy,789,42096,159.52203571109567,0.9254375449532486,run-20260727-014603-a622,2026-07-27T01:46:03Z
vrf/VFR800_20_5_Gap,Large,800,20,IG-idle-greedy,2025,41950,162.16469054901972,0.5754015823543515,run-20260727-014845-9477,2026-07-27T01:48:45Z
vrf/VFR800_20_6_Gap,Large,800,20,IG-idle-greedy,42,42227,162.21612884802744,0.5165436800761724,run-20260727-015127-fb5a,2026-07-27T01:51:27Z
vrf/VFR800_20_6_Gap,Large,800,20,IG-idle-greedy,123,42228,159.63893075298984,0.5189240656986431,run-20260727-015407-f271,2026-07-27T01:54:07Z
vrf/VFR800_20_6_Gap,Large,800,20,IG-idle-greedy,456,42261,158.02307249396108,0.5974767912401809,run-20260727-015645-591f,2026-07-27T01:56:45Z
vrf/VFR800_20_6_Gap,Large,800,20,IG-idle-greedy,789,42231,159.80104473198298,0.5260652225660557,run-20260727-015924-1d24,2026-07-27T01:59:24Z
vrf/VFR800_20_6_Gap,Large,800,20,IG-idle-greedy,2025,42228,158.92176158493385,0.5189240656986431,run-20260727-020203-9ffb,2026-07-27T02:02:03Z
vrf/VFR800_20_7_Gap,Large,800,20,IG-idle-greedy,42,41877,158.56803114002105,1.0911285455642727,run-20260727-020442-856c,2026-07-27T02:04:42Z
vrf/VFR800_20_7_Gap,Large,800,20,IG-idle-greedy,123,41695,160.17709927202668,0.651780325890163,run-20260727-020722-74f6,2026-07-27T02:07:22Z
vrf/VFR800_20_7_Gap,Large,800,20,IG-idle-greedy,456,41816,158.2066111000022,0.943874471937236,run-20260727-021000-0c04,2026-07-27T02:10:00Z
vrf/VFR800_20_7_Gap,Large,800,20,IG-idle-greedy,789,41710,159.30974667100236,0.687990343995172,run-20260727-021240-15f9,2026-07-27T02:12:40Z
vrf/VFR800_20_7_Gap,Large,800,20,IG-idle-greedy,2025,41642,159.6013078149408,0.523838261919131,run-20260727-021519-e8f8,2026-07-27T02:15:19Z
vrf/VFR800_20_8_Gap,Large,800,20,IG-idle-greedy,42,41747,161.9409637610661,0.6145763038658054,run-20260727-021801-47ca,2026-07-27T02:18:01Z
vrf/VFR800_20_8_Gap,Large,800,20,IG-idle-greedy,123,41795,158.8704096050933,0.7302612551817218,run-20260727-022040-0ee6,2026-07-27T02:20:40Z
vrf/VFR800_20_8_Gap,Large,800,20,IG-idle-greedy,456,41794,159.0279845559271,0.7278511520293068,run-20260727-022319-255a,2026-07-27T02:23:19Z
vrf/VFR800_20_8_Gap,Large,800,20,IG-idle-greedy,789,41717,162.16618302895222,0.5422732092933578,run-20260727-022601-1648,2026-07-27T02:26:01Z
vrf/VFR800_20_8_Gap,Large,800,20,IG-idle-greedy,2025,41798,313.29522492096294,0.7374915646389666,run-20260727-023115-7e2b,2026-07-27T02:31:15Z
vrf/VFR800_20_9_Gap,Large,800,20,IG-idle-greedy,42,42007,158.73048651393037,0.5048329983730501,run-20260727-023353-16bc,2026-07-27T02:33:53Z
vrf/VFR800_20_9_Gap,Large,800,20,IG-idle-greedy,123,42038,158.01002020109445,0.5790027753852043,run-20260727-023631-1c93,2026-07-27T02:36:31Z
vrf/VFR800_20_9_Gap,Large,800,20,IG-idle-greedy,456,41937,160.20556998404209,0.3373528567327017,run-20260727-023912-d85b,2026-07-27T02:39:12Z
vrf/VFR800_20_9_Gap,Large,800,20,IG-idle-greedy,789,41943,160.81000947707798,0.35170829744473153,run-20260727-024152-9ee4,2026-07-27T02:41:52Z
vrf/VFR800_20_9_Gap,Large,800,20,IG-idle-greedy,2025,41978,158.75350206391886,0.43544836826490574,run-20260727-024431-fe6f,2026-07-27T02:44:31Z
vrf/VFR800_40_10_Gap,Large,800,40,IG-idle-greedy,42,44628,307.53471998800524,1.7487061398508925,run-20260727-024939-4e7e,2026-07-27T02:49:39Z
vrf/VFR800_40_10_Gap,Large,800,40,IG-idle-greedy,123,44547,300.2384794430109,1.5640318278197032,run-20260727-025439-cc60,2026-07-27T02:54:39Z
vrf/VFR800_40_10_Gap,Large,800,40,IG-idle-greedy,456,44663,308.0533404039452,1.8285036820865916,run-20260727-025947-0eed,2026-07-27T02:59:47Z
vrf/VFR800_40_10_Gap,Large,800,40,IG-idle-greedy,789,44515,316.62649496702943,1.4910740749184925,run-20260727-030504-9049,2026-07-27T03:05:04Z
vrf/VFR800_40_10_Gap,Large,800,40,IG-idle-greedy,2025,44569,313.04941072303336,1.6141902829392856,run-20260727-031017-00ff,2026-07-27T03:10:17Z
vrf/VFR800_40_1_Gap,Large,800,40,IG-idle-greedy,42,44309,368.5607050129911,1.4609237251265141,run-20260727-031625-6192,2026-07-27T03:16:25Z
vrf/VFR800_40_1_Gap,Large,800,40,IG-idle-greedy,123,44428,310.24285823397804,1.7334157679008952,run-20260727-032135-ed43,2026-07-27T03:21:35Z
vrf/VFR800_40_1_Gap,Large,800,40,IG-idle-greedy,456,44509,308.88033645192627,1.91889354491539,run-20260727-032644-a121,2026-07-27T03:26:44Z
vrf/VFR800_40_1_Gap,Large,800,40,IG-idle-greedy,789,44292,327.4307667670073,1.4219962904444596,run-20260727-033212-31f0,2026-07-27T03:32:12Z
vrf/VFR800_40_1_Gap,Large,800,40,IG-idle-greedy,2025,44401,310.22594476595987,1.671589842229397,run-20260727-033722-3274,2026-07-27T03:37:22Z
vrf/VFR800_40_2_Gap,Large,800,40,IG-idle-greedy,42,44618,310.4911378649995,1.9933251040095095,run-20260727-034232-1a80,2026-07-27T03:42:32Z
vrf/VFR800_40_2_Gap,Large,800,40,IG-idle-greedy,123,44631,308.0842613199493,2.023042106706899,run-20260727-034741-4876,2026-07-27T03:47:41Z
vrf/VFR800_40_2_Gap,Large,800,40,IG-idle-greedy,456,44427,309.10404154495336,1.5567137566863256,run-20260727-035250-602a,2026-07-27T03:52:50Z
vrf/VFR800_40_2_Gap,Large,800,40,IG-idle-greedy,789,44407,316.8423414930003,1.5109952909980342,run-20260727-035807-e9ff,2026-07-27T03:58:07Z
vrf/VFR800_40_2_Gap,Large,800,40,IG-idle-greedy,2025,44540,308.2031549209496,1.8150230878251725,run-20260727-040315-1bf4,2026-07-27T04:03:15Z
vrf/VFR800_40_3_Gap,Large,800,40,IG-idle-greedy,42,44395,307.5961318650516,1.476605179546961,run-20260727-040822-485f,2026-07-27T04:08:22Z
vrf/VFR800_40_3_Gap,Large,800,40,IG-idle-greedy,123,44318,315.9378250819864,1.300601156597865,run-20260727-041338-5be3,2026-07-27T04:13:38Z
vrf/VFR800_40_3_Gap,Large,800,40,IG-idle-greedy,456,44442,302.38007675204426,1.5840362065418638,run-20260727-041841-1341,2026-07-27T04:18:41Z
vrf/VFR800_40_3_Gap,Large,800,40,IG-idle-greedy,789,44568,307.5200737901032,1.8720427895494753,run-20260727-042348-1ae8,2026-07-27T04:23:48Z
vrf/VFR800_40_3_Gap,Large,800,40,IG-idle-greedy,2025,44415,319.50369191204663,1.52232051018309,run-20260727-042908-a0ec,2026-07-27T04:29:08Z
vrf/VFR800_40_4_Gap,Large,800,40,IG-idle-greedy,42,44514,306.3916006369982,1.4171147361706005,run-20260727-043414-02af,2026-07-27T04:34:14Z
vrf/VFR800_40_4_Gap,Large,800,40,IG-idle-greedy,123,44606,307.7261408099439,1.6267201312312038,run-20260727-043922-37cd,2026-07-27T04:39:22Z
vrf/VFR800_40_4_Gap,Large,800,40,IG-idle-greedy,456,44476,310.8193684290163,1.3305385947325252,run-20260727-044433-eb98,2026-07-27T04:44:33Z
vrf/VFR800_40_4_Gap,Large,800,40,IG-idle-greedy,789,44618,307.7190752689494,1.6540599653695434,run-20260727-044940-a612,2026-07-27T04:49:40Z
vrf/VFR800_40_4_Gap,Large,800,40,IG-idle-greedy,2025,44556,309.1773973930394,1.512804155654789,run-20260727-045450-a60a,2026-07-27T04:54:50Z
vrf/VFR800_40_5_Gap,Large,800,40,IG-idle-greedy,42,44742,304.98311888298485,1.9063887939870174,run-20260727-045955-cbf8,2026-07-27T04:59:55Z
vrf/VFR800_40_5_Gap,Large,800,40,IG-idle-greedy,123,44671,310.2702832520008,1.7446760050108188,run-20260727-050505-1fcd,2026-07-27T05:05:05Z
vrf/VFR800_40_5_Gap,Large,800,40,IG-idle-greedy,456,44734,304.29674180794973,1.8881676346657557,run-20260727-051009-6e4d,2026-07-27T05:10:09Z
vrf/VFR800_40_5_Gap,Large,800,40,IG-idle-greedy,789,44766,304.0507586799795,1.9610522719508028,run-20260727-051513-3c5f,2026-07-27T05:15:13Z
vrf/VFR800_40_5_Gap,Large,800,40,IG-idle-greedy,2025,44567,318.5503872339614,1.5078009338344152,run-20260727-052032-ee51,2026-07-27T05:20:32Z
vrf/VFR800_40_6_Gap,Large,800,40,IG-idle-greedy,42,44504,299.630351705011,1.5817945264887814,run-20260727-052531-81da,2026-07-27T05:25:31Z
vrf/VFR800_40_6_Gap,Large,800,40,IG-idle-greedy,123,44531,614.6102247439558,1.643422884663669,run-20260727-053546-12db,2026-07-27T05:35:46Z
vrf/VFR800_40_6_Gap,Large,800,40,IG-idle-greedy,456,44579,308.6393583830213,1.7529844103079135,run-20260727-054055-5a98,2026-07-27T05:40:55Z
vrf/VFR800_40_6_Gap,Large,800,40,IG-idle-greedy,789,44586,295.89188849693164,1.7689621327976992,run-20260727-054551-89c5,2026-07-27T05:45:51Z
vrf/VFR800_40_6_Gap,Large,800,40,IG-idle-greedy,2025,44398,623.8279496600153,1.3398461573577412,run-20260727-055614-a2c2,2026-07-27T05:56:14Z
vrf/VFR800_40_7_Gap,Large,800,40,IG-idle-greedy,42,44407,313.0368016259745,1.4646072293561212,run-20260727-060127-93a3,2026-07-27T06:01:27Z
vrf/VFR800_40_7_Gap,Large,800,40,IG-idle-greedy,123,44469,298.8738958890317,1.606269707078554,run-20260727-060626-1961,2026-07-27T06:06:26Z
vrf/VFR800_40_7_Gap,Large,800,40,IG-idle-greedy,456,44437,297.6193752809195,1.5331535895443953,run-20260727-061124-6507,2026-07-27T06:11:24Z
vrf/VFR800_40_7_Gap,Large,800,40,IG-idle-greedy,789,44529,307.945332681993,1.743362427455102,run-20260727-061632-e174,2026-07-27T06:16:32Z
vrf/VFR800_40_7_Gap,Large,800,40,IG-idle-greedy,2025,44395,317.2504089749418,1.4371886852808116,run-20260727-062149-ec8c,2026-07-27T06:21:49Z
vrf/VFR800_40_8_Gap,Large,800,40,IG-idle-greedy,42,44753,303.1520052670967,2.0849015716599375,run-20260727-062652-a626,2026-07-27T06:26:52Z
vrf/VFR800_40_8_Gap,Large,800,40,IG-idle-greedy,123,44367,337.9909260880668,1.2044070348319988,run-20260727-063230-4269,2026-07-27T06:32:30Z
vrf/VFR800_40_8_Gap,Large,800,40,IG-idle-greedy,456,44596,569.5996623600367,1.7267729647117862,run-20260727-064200-49f2,2026-07-27T06:42:00Z
vrf/VFR800_40_8_Gap,Large,800,40,IG-idle-greedy,789,44525,609.9574943230255,1.5648167157097561,run-20260727-065210-5b15,2026-07-27T06:52:10Z
vrf/VFR800_40_8_Gap,Large,800,40,IG-idle-greedy,2025,44410,757.3851882240269,1.3024932138050593,run-20260727-070447-a0f2,2026-07-27T07:04:47Z
vrf/VFR800_40_9_Gap,Large,800,40,IG-idle-greedy,42,44342,342.94467904395424,1.0551744570295585,run-20260727-071030-8476,2026-07-27T07:10:30Z
vrf/VFR800_40_9_Gap,Large,800,40,IG-idle-greedy,123,44378,317.6993296100991,1.137218259303995,run-20260727-071548-7f3a,2026-07-27T07:15:48Z
vrf/VFR800_40_9_Gap,Large,800,40,IG-idle-greedy,456,44494,317.4921174469637,1.4015816221882906,run-20260727-072105-5aa3,2026-07-27T07:21:05Z
vrf/VFR800_40_9_Gap,Large,800,40,IG-idle-greedy,789,44483,317.90584006893914,1.376512682604435,run-20260727-072623-39d2,2026-07-27T07:26:23Z
vrf/VFR800_40_9_Gap,Large,800,40,IG-idle-greedy,2025,44625,460.8504495039815,1.7001299026869345,run-20260727-073404-81ba,2026-07-27T07:34:04Z
vrf/VFR800_60_10_Gap,Large,800,60,IG-idle-greedy,42,47253,466.3474512830144,2.1819046795259927,run-20260727-074151-7fef,2026-07-27T07:41:51Z
vrf/VFR800_60_10_Gap,Large,800,60,IG-idle-greedy,123,47275,439.3565961510176,2.229478418821901,run-20260727-074910-1e1d,2026-07-27T07:49:10Z
vrf/VFR800_60_10_Gap,Large,800,60,IG-idle-greedy,456,47147,481.5630874099443,1.9526857538275235,run-20260727-075711-6372,2026-07-27T07:57:11Z
vrf/VFR800_60_10_Gap,Large,800,60,IG-idle-greedy,789,47300,458.31437909207307,2.283539486203616,run-20260727-080450-582a,2026-07-27T08:04:50Z
vrf/VFR800_60_10_Gap,Large,800,60,IG-idle-greedy,2025,47267,464.0357615350513,2.2121788772597526,run-20260727-081234-2855,2026-07-27T08:12:34Z
vrf/VFR800_60_1_Gap,Large,800,60,IG-idle-greedy,42,47396,461.0440950059565,1.992683451689262,run-20260727-082015-067e,2026-07-27T08:20:15Z
vrf/VFR800_60_1_Gap,Large,800,60,IG-idle-greedy,123,46999,590.7842176710255,1.1383688401119,run-20260727-083006-e924,2026-07-27T08:30:06Z
vrf/VFR800_60_1_Gap,Large,800,60,IG-idle-greedy,456,47257,480.1657318759244,1.693565741338498,run-20260727-083806-58da,2026-07-27T08:38:06Z
vrf/VFR800_60_1_Gap,Large,800,60,IG-idle-greedy,789,47400,462.1594638400711,2.001291155584248,run-20260727-084548-003a,2026-07-27T08:45:48Z
vrf/VFR800_60_1_Gap,Large,800,60,IG-idle-greedy,2025,47417,464.3850984899327,2.0378738971379384,run-20260727-085332-9720,2026-07-27T08:53:32Z
vrf/VFR800_60_2_Gap,Large,800,60,IG-idle-greedy,42,47191,491.8745418699691,1.5013012711590992,run-20260727-090144-bb4a,2026-07-27T09:01:44Z
vrf/VFR800_60_2_Gap,Large,800,60,IG-idle-greedy,123,47341,462.54475640004966,1.8239304841589057,run-20260727-090927-d655,2026-07-27T09:09:27Z
vrf/VFR800_60_2_Gap,Large,800,60,IG-idle-greedy,456,47180,477.34857432707213,1.4776417955391135,run-20260727-091724-d27f,2026-07-27T09:17:24Z
vrf/VFR800_60_2_Gap,Large,800,60,IG-idle-greedy,789,47354,454.7356780990958,1.851891682618889,run-20260727-092459-4df6,2026-07-27T09:24:59Z
vrf/VFR800_60_2_Gap,Large,800,60,IG-idle-greedy,2025,47155,516.0682986449683,1.4238702600391457,run-20260727-093335-e762,2026-07-27T09:33:35Z
vrf/VFR800_60_3_Gap,Large,800,60,IG-idle-greedy,42,47328,459.94795191299636,2.024186768414926,run-20260727-094115-c010,2026-07-27T09:41:15Z
vrf/VFR800_60_3_Gap,Large,800,60,IG-idle-greedy,123,47242,909.9163930750219,1.8387979909030159,run-20260727-095625-403d,2026-07-27T09:56:25Z
vrf/VFR800_60_3_Gap,Large,800,60,IG-idle-greedy,456,47109,550.3966389760608,1.5520920907973874,run-20260727-100535-855f,2026-07-27T10:05:35Z
vrf/VFR800_60_3_Gap,Large,800,60,IG-idle-greedy,789,47314,457.5131550990045,1.9940071999827544,run-20260727-101313-0211,2026-07-27T10:13:13Z
vrf/VFR800_60_3_Gap,Large,800,60,IG-idle-greedy,2025,47446,451.46237563795876,2.278557416628942,run-20260727-102044-0fc2,2026-07-27T10:20:44Z
vrf/VFR800_60_4_Gap,Large,800,60,IG-idle-greedy,42,47334,452.4092342170188,1.887767182555912,run-20260727-102817-2cc7,2026-07-27T10:28:17Z
vrf/VFR800_60_4_Gap,Large,800,60,IG-idle-greedy,123,47213,466.4511760309106,1.627311277094948,run-20260727-103603-6b69,2026-07-27T10:36:03Z
vrf/VFR800_60_4_Gap,Large,800,60,IG-idle-greedy,456,47248,462.8702152230544,1.70264976214564,run-20260727-104346-5e57,2026-07-27T10:43:46Z
vrf/VFR800_60_4_Gap,Large,800,60,IG-idle-greedy,789,47304,457.16384859301616,1.8231913382267473,run-20260727-105123-49ee,2026-07-27T10:51:23Z
vrf/VFR800_60_4_Gap,Large,800,60,IG-idle-greedy,2025,47410,451.2751342279371,2.0513593215231287,run-20260727-105855-9bb2,2026-07-27T10:58:55Z
vrf/VFR800_60_5_Gap,Large,800,60,IG-idle-greedy,42,47349,463.50492774206214,2.0430594168229135,run-20260727-110638-48e0,2026-07-27T11:06:38Z
vrf/VFR800_60_5_Gap,Large,800,60,IG-idle-greedy,123,47443,454.7077288220171,2.2456412577315144,run-20260727-111413-4311,2026-07-27T11:14:13Z
vrf/VFR800_60_5_Gap,Large,800,60,IG-idle-greedy,456,47367,460.4410328279482,2.0818516842309434,run-20260727-112153-49f0,2026-07-27T11:21:53Z
vrf/VFR800_60_5_Gap,Large,800,60,IG-idle-greedy,789,47097,483.89751882397104,1.4999676731104934,run-20260727-112957-1ee0,2026-07-27T11:29:57Z
vrf/VFR800_60_5_Gap,Large,800,60,IG-idle-greedy,2025,47141,514.4577575239819,1.5947932156634554,run-20260727-113832-5e37,2026-07-27T11:38:32Z
vrf/VFR800_60_6_Gap,Large,800,60,IG-idle-greedy,42,47341,478.45655311399605,1.981861657439521,run-20260727-114630-6076,2026-07-27T11:46:30Z
vrf/VFR800_60_6_Gap,Large,800,60,IG-idle-greedy,123,47418,472.1777961109765,2.1477348613773937,run-20260727-115422-90ae,2026-07-27T11:54:22Z
vrf/VFR800_60_6_Gap,Large,800,60,IG-idle-greedy,456,47584,460.0168225390371,2.505331638698003,run-20260727-120202-2931,2026-07-27T12:02:02Z
vrf/VFR800_60_6_Gap,Large,800,60,IG-idle-greedy,789,47701,454.2546989020193,2.7573727407854203,run-20260727-120937-2f0a,2026-07-27T12:09:37Z
vrf/VFR800_60_6_Gap,Large,800,60,IG-idle-greedy,2025,47672,454.54865767096635,2.6949010146270007,run-20260727-121711-d84d,2026-07-27T12:17:11Z
vrf/VFR800_60_7_Gap,Large,800,60,IG-idle-greedy,42,47142,465.2428818459157,1.7768086530365508,run-20260727-122456-50e7,2026-07-27T12:24:56Z
vrf/VFR800_60_7_Gap,Large,800,60,IG-idle-greedy,123,47266,452.79375575401355,2.0445173686823983,run-20260727-123229-bee2,2026-07-27T12:32:29Z
vrf/VFR800_60_7_Gap,Large,800,60,IG-idle-greedy,456,47078,478.6186717499513,1.6386364127032103,run-20260727-124028-e880,2026-07-27T12:40:28Z
vrf/VFR800_60_7_Gap,Large,800,60,IG-idle-greedy,789,47309,454.1132003068924,2.1373518426563614,run-20260727-124802-72f2,2026-07-27T12:48:02Z
vrf/VFR800_60_7_Gap,Large,800,60,IG-idle-greedy,2025,47327,449.50911824195646,2.1762127852501134,run-20260727-125531-0a64,2026-07-27T12:55:31Z
vrf/VFR800_60_8_Gap,Large,800,60,IG-idle-greedy,42,47462,454.152394614066,2.125919869174162,run-20260727-130306-ab96,2026-07-27T13:03:06Z
vrf/VFR800_60_8_Gap,Large,800,60,IG-idle-greedy,123,47510,456.2083995429566,2.229203425571287,run-20260727-131042-1052,2026-07-27T13:10:42Z
vrf/VFR800_60_8_Gap,Large,800,60,IG-idle-greedy,456,47283,465.90771269297693,1.7407582734432157,run-20260727-131828-019a,2026-07-27T13:18:28Z
vrf/VFR800_60_8_Gap,Large,800,60,IG-idle-greedy,789,47444,457.3102790369885,2.08718853552524,run-20260727-132605-8842,2026-07-27T13:26:05Z
vrf/VFR800_60_8_Gap,Large,800,60,IG-idle-greedy,2025,47494,458.95646668202244,2.1947755734389123,run-20260727-133344-f7d7,2026-07-27T13:33:44Z
vrf/VFR800_60_9_Gap,Large,800,60,IG-idle-greedy,42,47153,514.1378090189537,1.3215007090979414,run-20260727-134218-f7f7,2026-07-27T13:42:18Z
vrf/VFR800_60_9_Gap,Large,800,60,IG-idle-greedy,123,47133,925.5895102239447,1.2785250762817482,run-20260727-135744-0ed3,2026-07-27T13:57:44Z
vrf/VFR800_60_9_Gap,Large,800,60,IG-idle-greedy,456,47505,456.7703469740227,2.077871846662942,run-20260727-140521-19d8,2026-07-27T14:05:21Z
vrf/VFR800_60_9_Gap,Large,800,60,IG-idle-greedy,789,47095,530.8565467309672,1.196871373930981,run-20260727-141411-514e,2026-07-27T14:14:11Z
vrf/VFR800_60_9_Gap,Large,800,60,IG-idle-greedy,2025,47481,460.6941117120441,2.0263010872835103,run-20260727-142152-eb1d,2026-07-27T14:21:52Z
vrf/VFR10_10_10_Gap,Small,10,10,IG-idle-greedy,42,1107,0.39734459400642663,0.7279344858962693,run-20260727-142152-b355,2026-07-27T14:21:52Z
vrf/VFR10_10_10_Gap,Small,10,10,IG-idle-greedy,123,1107,0.39750505902338773,0.7279344858962693,run-20260727-142153-b66f,2026-07-27T14:21:53Z
vrf/VFR10_10_10_Gap,Small,10,10,IG-idle-greedy,456,1107,0.39477816701401025,0.7279344858962693,run-20260727-142153-166b,2026-07-27T14:21:53Z
vrf/VFR10_10_10_Gap,Small,10,10,IG-idle-greedy,789,1107,0.401693430962041,0.7279344858962693,run-20260727-142154-2aa7,2026-07-27T14:21:54Z
vrf/VFR10_10_10_Gap,Small,10,10,IG-idle-greedy,2025,1107,0.40024206996895373,0.7279344858962693,run-20260727-142154-d426,2026-07-27T14:21:54Z
vrf/VFR10_10_1_Gap,Small,10,10,IG-idle-greedy,42,1105,0.6650057260412723,0.7292616226071102,run-20260727-142155-e336,2026-07-27T14:21:55Z
vrf/VFR10_10_1_Gap,Small,10,10,IG-idle-greedy,123,1097,0.6726273079402745,0.0,run-20260727-142155-623e,2026-07-27T14:21:55Z
vrf/VFR10_10_1_Gap,Small,10,10,IG-idle-greedy,456,1097,0.6760570590849966,0.0,run-20260727-142156-6ee1,2026-07-27T14:21:56Z
vrf/VFR10_10_1_Gap,Small,10,10,IG-idle-greedy,789,1101,0.6518179379636422,0.3646308113035551,run-20260727-142157-5709,2026-07-27T14:21:57Z
vrf/VFR10_10_1_Gap,Small,10,10,IG-idle-greedy,2025,1101,0.6535990199772641,0.3646308113035551,run-20260727-142157-038e,2026-07-27T14:21:57Z
vrf/VFR10_10_2_Gap,Small,10,10,IG-idle-greedy,42,1146,0.689783014007844,0.0,run-20260727-142158-5010,2026-07-27T14:21:58Z
vrf/VFR10_10_2_Gap,Small,10,10,IG-idle-greedy,123,1146,0.6958638259675354,0.0,run-20260727-142159-6ffc,2026-07-27T14:21:59Z
vrf/VFR10_10_2_Gap,Small,10,10,IG-idle-greedy,456,1146,0.6904508359730244,0.0,run-20260727-142159-530c,2026-07-27T14:21:59Z
vrf/VFR10_10_2_Gap,Small,10,10,IG-idle-greedy,789,1146,0.6947265170747414,0.0,run-20260727-142200-37d5,2026-07-27T14:22:00Z
vrf/VFR10_10_2_Gap,Small,10,10,IG-idle-greedy,2025,1146,0.6956177849788219,0.0,run-20260727-142201-b52f,2026-07-27T14:22:01Z
vrf/VFR10_10_3_Gap,Small,10,10,IG-idle-greedy,42,1124,0.8075929840561002,0.0,run-20260727-142202-07df,2026-07-27T14:22:02Z
vrf/VFR10_10_3_Gap,Small,10,10,IG-idle-greedy,123,1124,0.4595216439338401,0.0,run-20260727-142202-add1,2026-07-27T14:22:02Z
vrf/VFR10_10_3_Gap,Small,10,10,IG-idle-greedy,456,1124,0.42674879101105034,0.0,run-20260727-142203-4e44,2026-07-27T14:22:03Z
vrf/VFR10_10_3_Gap,Small,10,10,IG-idle-greedy,789,1124,0.4156721349572763,0.0,run-20260727-142203-be60,2026-07-27T14:22:03Z
vrf/VFR10_10_3_Gap,Small,10,10,IG-idle-greedy,2025,1124,0.40409624006133527,0.0,run-20260727-142203-6773,2026-07-27T14:22:03Z
vrf/VFR10_10_4_Gap,Small,10,10,IG-idle-greedy,42,1038,0.6583542340667918,0.0,run-20260727-142204-b612,2026-07-27T14:22:04Z
vrf/VFR10_10_4_Gap,Small,10,10,IG-idle-greedy,123,1038,0.6585805880604312,0.0,run-20260727-142205-4055,2026-07-27T14:22:05Z
vrf/VFR10_10_4_Gap,Small,10,10,IG-idle-greedy,456,1038,0.6523074200376868,0.0,run-20260727-142205-3714,2026-07-27T14:22:05Z
vrf/VFR10_10_4_Gap,Small,10,10,IG-idle-greedy,789,1038,0.6512636600527912,0.0,run-20260727-142206-a393,2026-07-27T14:22:06Z
vrf/VFR10_10_4_Gap,Small,10,10,IG-idle-greedy,2025,1038,0.6510674350429326,0.0,run-20260727-142207-5285,2026-07-27T14:22:07Z
vrf/VFR10_10_5_Gap,Small,10,10,IG-idle-greedy,42,1093,0.674980710959062,0.0,run-20260727-142207-ad16,2026-07-27T14:22:07Z
vrf/VFR10_10_5_Gap,Small,10,10,IG-idle-greedy,123,1093,0.6730030729668215,0.0,run-20260727-142208-e1e6,2026-07-27T14:22:08Z
vrf/VFR10_10_5_Gap,Small,10,10,IG-idle-greedy,456,1093,0.6791367880068719,0.0,run-20260727-142209-8d24,2026-07-27T14:22:09Z
vrf/VFR10_10_5_Gap,Small,10,10,IG-idle-greedy,789,1093,0.6715001109987497,0.0,run-20260727-142209-639b,2026-07-27T14:22:09Z
vrf/VFR10_10_5_Gap,Small,10,10,IG-idle-greedy,2025,1093,0.6716255880892277,0.0,run-20260727-142210-83ff,2026-07-27T14:22:10Z
vrf/VFR10_10_6_Gap,Small,10,10,IG-idle-greedy,42,1086,0.6071623719763011,0.09216589861751152,run-20260727-142211-5f50,2026-07-27T14:22:11Z
vrf/VFR10_10_6_Gap,Small,10,10,IG-idle-greedy,123,1086,0.6088014530250803,0.09216589861751152,run-20260727-142211-0525,2026-07-27T14:22:11Z
vrf/VFR10_10_6_Gap,Small,10,10,IG-idle-greedy,456,1086,0.6057575709419325,0.09216589861751152,run-20260727-142212-dfb9,2026-07-27T14:22:12Z
vrf/VFR10_10_6_Gap,Small,10,10,IG-idle-greedy,789,1086,0.6175972810015082,0.09216589861751152,run-20260727-142213-5293,2026-07-27T14:22:13Z
vrf/VFR10_10_6_Gap,Small,10,10,IG-idle-greedy,2025,1086,0.6144672620575875,0.09216589861751152,run-20260727-142213-989b,2026-07-27T14:22:13Z
vrf/VFR10_10_7_Gap,Small,10,10,IG-idle-greedy,42,1115,0.7986427220748737,0.0,run-20260727-142214-8a28,2026-07-27T14:22:14Z
vrf/VFR10_10_7_Gap,Small,10,10,IG-idle-greedy,123,1115,0.8075721019413322,0.0,run-20260727-142215-835a,2026-07-27T14:22:15Z
vrf/VFR10_10_7_Gap,Small,10,10,IG-idle-greedy,456,1115,0.7985417870804667,0.0,run-20260727-142216-b8d8,2026-07-27T14:22:16Z
vrf/VFR10_10_7_Gap,Small,10,10,IG-idle-greedy,789,1115,0.8132876029703766,0.0,run-20260727-142216-3efa,2026-07-27T14:22:16Z
vrf/VFR10_10_7_Gap,Small,10,10,IG-idle-greedy,2025,1115,0.7964007849805057,0.0,run-20260727-142217-86a3,2026-07-27T14:22:17Z
vrf/VFR10_10_8_Gap,Small,10,10,IG-idle-greedy,42,1128,0.3960733530111611,1.3477088948787062,run-20260727-142218-6023,2026-07-27T14:22:18Z
vrf/VFR10_10_8_Gap,Small,10,10,IG-idle-greedy,123,1113,0.3961904130410403,0.0,run-20260727-142218-f1d1,2026-07-27T14:22:18Z
vrf/VFR10_10_8_Gap,Small,10,10,IG-idle-greedy,456,1128,0.3941029340494424,1.3477088948787062,run-20260727-142218-5410,2026-07-27T14:22:18Z
vrf/VFR10_10_8_Gap,Small,10,10,IG-idle-greedy,789,1113,0.39575693395454437,0.0,run-20260727-142219-135f,2026-07-27T14:22:19Z
vrf/VFR10_10_8_Gap,Small,10,10,IG-idle-greedy,2025,1128,0.39713770407252014,1.3477088948787062,run-20260727-142219-b376,2026-07-27T14:22:19Z
vrf/VFR10_10_9_Gap,Small,10,10,IG-idle-greedy,42,1056,0.3941335960989818,1.0526315789473684,run-20260727-142220-2312,2026-07-27T14:22:20Z
vrf/VFR10_10_9_Gap,Small,10,10,IG-idle-greedy,123,1056,0.39437560900114477,1.0526315789473684,run-20260727-142220-8c0a,2026-07-27T14:22:20Z
vrf/VFR10_10_9_Gap,Small,10,10,IG-idle-greedy,456,1056,0.3938960740342736,1.0526315789473684,run-20260727-142220-132c,2026-07-27T14:22:20Z
vrf/VFR10_10_9_Gap,Small,10,10,IG-idle-greedy,789,1056,0.39363221707753837,1.0526315789473684,run-20260727-142221-494d,2026-07-27T14:22:21Z
vrf/VFR10_10_9_Gap,Small,10,10,IG-idle-greedy,2025,1056,0.39387669798452407,1.0526315789473684,run-20260727-142221-2341,2026-07-27T14:22:21Z
vrf/VFR10_15_10_Gap,Small,10,15,IG-idle-greedy,42,1465,0.56968518497888,0.2737850787132101,run-20260727-142222-8ae0,2026-07-27T14:22:22Z
vrf/VFR10_15_10_Gap,Small,10,15,IG-idle-greedy,123,1465,0.5776630369946361,0.2737850787132101,run-20260727-142222-1295,2026-07-27T14:22:22Z
vrf/VFR10_15_10_Gap,Small,10,15,IG-idle-greedy,456,1465,0.5776944390963763,0.2737850787132101,run-20260727-142223-0f6f,2026-07-27T14:22:23Z
vrf/VFR10_15_10_Gap,Small,10,15,IG-idle-greedy,789,1465,0.5805734599707648,0.2737850787132101,run-20260727-142223-8eae,2026-07-27T14:22:23Z
vrf/VFR10_15_10_Gap,Small,10,15,IG-idle-greedy,2025,1465,0.5799588279332966,0.2737850787132101,run-20260727-142224-5242,2026-07-27T14:22:24Z
vrf/VFR10_15_1_Gap,Small,10,15,IG-idle-greedy,42,1307,0.5920224649598822,0.0,run-20260727-142225-4e3c,2026-07-27T14:22:25Z
vrf/VFR10_15_1_Gap,Small,10,15,IG-idle-greedy,123,1307,0.5868462019134313,0.0,run-20260727-142225-f93a,2026-07-27T14:22:25Z
vrf/VFR10_15_1_Gap,Small,10,15,IG-idle-greedy,456,1307,0.5970602449961007,0.0,run-20260727-142226-f7f8,2026-07-27T14:22:26Z
vrf/VFR10_15_1_Gap,Small,10,15,IG-idle-greedy,789,1307,0.5944226749707013,0.0,run-20260727-142226-ce1b,2026-07-27T14:22:26Z
vrf/VFR10_15_1_Gap,Small,10,15,IG-idle-greedy,2025,1307,0.5827500789891928,0.0,run-20260727-142227-4327,2026-07-27T14:22:27Z
vrf/VFR10_15_2_Gap,Small,10,15,IG-idle-greedy,42,1417,0.9453607189934701,1.2866333095067906,run-20260727-142228-5267,2026-07-27T14:22:28Z
vrf/VFR10_15_2_Gap,Small,10,15,IG-idle-greedy,123,1417,0.9456555040087551,1.2866333095067906,run-20260727-142229-281a,2026-07-27T14:22:29Z
vrf/VFR10_15_2_Gap,Small,10,15,IG-idle-greedy,456,1417,0.9454230709234253,1.2866333095067906,run-20260727-142230-aa23,2026-07-27T14:22:30Z
vrf/VFR10_15_2_Gap,Small,10,15,IG-idle-greedy,789,1417,0.9445314650656655,1.2866333095067906,run-20260727-142231-f6ce,2026-07-27T14:22:31Z
vrf/VFR10_15_2_Gap,Small,10,15,IG-idle-greedy,2025,1417,0.9440540900686756,1.2866333095067906,run-20260727-142232-cebc,2026-07-27T14:22:32Z
vrf/VFR10_15_3_Gap,Small,10,15,IG-idle-greedy,42,1398,0.949762509088032,0.0,run-20260727-142233-efd4,2026-07-27T14:22:33Z
vrf/VFR10_15_3_Gap,Small,10,15,IG-idle-greedy,123,1398,0.9486290089553222,0.0,run-20260727-142234-282f,2026-07-27T14:22:34Z
vrf/VFR10_15_3_Gap,Small,10,15,IG-idle-greedy,456,1398,0.9429952050559223,0.0,run-20260727-142235-ea01,2026-07-27T14:22:35Z
vrf/VFR10_15_3_Gap,Small,10,15,IG-idle-greedy,789,1398,0.9462355880532414,0.0,run-20260727-142235-7b47,2026-07-27T14:22:35Z
vrf/VFR10_15_3_Gap,Small,10,15,IG-idle-greedy,2025,1398,0.9530583679443225,0.0,run-20260727-142236-464f,2026-07-27T14:22:36Z
vrf/VFR10_15_4_Gap,Small,10,15,IG-idle-greedy,42,1463,0.5712014740565792,0.7575757575757576,run-20260727-142237-d4ed,2026-07-27T14:22:37Z
vrf/VFR10_15_4_Gap,Small,10,15,IG-idle-greedy,123,1463,0.5675681459251791,0.7575757575757576,run-20260727-142238-6255,2026-07-27T14:22:38Z
vrf/VFR10_15_4_Gap,Small,10,15,IG-idle-greedy,456,1463,0.5766660800436512,0.7575757575757576,run-20260727-142238-5441,2026-07-27T14:22:38Z
vrf/VFR10_15_4_Gap,Small,10,15,IG-idle-greedy,789,1463,0.5769475230481476,0.7575757575757576,run-20260727-142239-c7aa,2026-07-27T14:22:39Z
vrf/VFR10_15_4_Gap,Small,10,15,IG-idle-greedy,2025,1463,0.5752497699577361,0.7575757575757576,run-20260727-142239-4501,2026-07-27T14:22:39Z
vrf/VFR10_15_5_Gap,Small,10,15,IG-idle-greedy,42,1376,0.9963873900705948,0.21849963583394028,run-20260727-142240-36da,2026-07-27T14:22:40Z
vrf/VFR10_15_5_Gap,Small,10,15,IG-idle-greedy,123,1376,0.9899198049679399,0.21849963583394028,run-20260727-142241-48b2,2026-07-27T14:22:41Z
vrf/VFR10_15_5_Gap,Small,10,15,IG-idle-greedy,456,1376,0.9824289380339906,0.21849963583394028,run-20260727-142242-004f,2026-07-27T14:22:42Z
vrf/VFR10_15_5_Gap,Small,10,15,IG-idle-greedy,789,1376,0.9140853390563279,0.21849963583394028,run-20260727-142243-e5d4,2026-07-27T14:22:43Z
vrf/VFR10_15_5_Gap,Small,10,15,IG-idle-greedy,2025,1373,0.9821171530056745,0.0,run-20260727-142244-8df6,2026-07-27T14:22:44Z
vrf/VFR10_15_6_Gap,Small,10,15,IG-idle-greedy,42,1331,0.5699885280337185,0.1504890895410083,run-20260727-142245-3ca1,2026-07-27T14:22:45Z
vrf/VFR10_15_6_Gap,Small,10,15,IG-idle-greedy,123,1331,0.5676496950909495,0.1504890895410083,run-20260727-142245-7967,2026-07-27T14:22:45Z
vrf/VFR10_15_6_Gap,Small,10,15,IG-idle-greedy,456,1331,0.5696774390526116,0.1504890895410083,run-20260727-142246-5a7e,2026-07-27T14:22:46Z
vrf/VFR10_15_6_Gap,Small,10,15,IG-idle-greedy,789,1331,0.5688836249755695,0.1504890895410083,run-20260727-142246-c60d,2026-07-27T14:22:46Z
vrf/VFR10_15_6_Gap,Small,10,15,IG-idle-greedy,2025,1331,0.5685893559129909,0.1504890895410083,run-20260727-142247-5340,2026-07-27T14:22:47Z
vrf/VFR10_15_7_Gap,Small,10,15,IG-idle-greedy,42,1445,0.6961290820036083,0.0,run-20260727-142248-d6c8,2026-07-27T14:22:48Z
vrf/VFR10_15_7_Gap,Small,10,15,IG-idle-greedy,123,1445,0.7036166990874335,0.0,run-20260727-142248-8923,2026-07-27T14:22:48Z
vrf/VFR10_15_7_Gap,Small,10,15,IG-idle-greedy,456,1445,0.705843085073866,0.0,run-20260727-142249-6a3d,2026-07-27T14:22:49Z
vrf/VFR10_15_7_Gap,Small,10,15,IG-idle-greedy,789,1445,0.7085042119724676,0.0,run-20260727-142250-a59e,2026-07-27T14:22:50Z
vrf/VFR10_15_7_Gap,Small,10,15,IG-idle-greedy,2025,1445,0.7091643830062822,0.0,run-20260727-142251-b424,2026-07-27T14:22:51Z
vrf/VFR10_15_8_Gap,Small,10,15,IG-idle-greedy,42,1443,0.6273317619925365,0.0,run-20260727-142251-f920,2026-07-27T14:22:51Z
vrf/VFR10_15_8_Gap,Small,10,15,IG-idle-greedy,123,1443,0.6199018040206283,0.0,run-20260727-142252-77dc,2026-07-27T14:22:52Z
vrf/VFR10_15_8_Gap,Small,10,15,IG-idle-greedy,456,1443,0.6697845680173486,0.0,run-20260727-142252-546f,2026-07-27T14:22:52Z
vrf/VFR10_15_8_Gap,Small,10,15,IG-idle-greedy,789,1443,0.6293447830248624,0.0,run-20260727-142253-ccd0,2026-07-27T14:22:53Z
vrf/VFR10_15_8_Gap,Small,10,15,IG-idle-greedy,2025,1443,0.6146202869713306,0.0,run-20260727-142254-789f,2026-07-27T14:22:54Z
vrf/VFR10_15_9_Gap,Small,10,15,IG-idle-greedy,42,1428,0.5694435880286619,0.0,run-20260727-142254-31fb,2026-07-27T14:22:54Z
vrf/VFR10_15_9_Gap,Small,10,15,IG-idle-greedy,123,1428,0.5701073099626228,0.0,run-20260727-142255-43e0,2026-07-27T14:22:55Z
vrf/VFR10_15_9_Gap,Small,10,15,IG-idle-greedy,456,1428,0.7597982439910993,0.0,run-20260727-142256-0b02,2026-07-27T14:22:56Z
vrf/VFR10_15_9_Gap,Small,10,15,IG-idle-greedy,789,1428,0.7688574880594388,0.0,run-20260727-142256-3925,2026-07-27T14:22:56Z
vrf/VFR10_15_9_Gap,Small,10,15,IG-idle-greedy,2025,1428,0.7581285280175507,0.0,run-20260727-142257-ac80,2026-07-27T14:22:57Z
vrf/VFR10_20_10_Gap,Small,10,20,IG-idle-greedy,42,1663,1.2323437290033326,0.0,run-20260727-142258-4d4d,2026-07-27T14:22:58Z
vrf/VFR10_20_10_Gap,Small,10,20,IG-idle-greedy,123,1663,1.2345090170856565,0.0,run-20260727-142300-cfed,2026-07-27T14:23:00Z
vrf/VFR10_20_10_Gap,Small,10,20,IG-idle-greedy,456,1663,1.2362019459251314,0.0,run-20260727-142301-623b,2026-07-27T14:23:01Z
vrf/VFR10_20_10_Gap,Small,10,20,IG-idle-greedy,789,1663,1.2352264489745721,0.0,run-20260727-142302-0d38,2026-07-27T14:23:02Z
vrf/VFR10_20_10_Gap,Small,10,20,IG-idle-greedy,2025,1663,1.234139290987514,0.0,run-20260727-142303-ee12,2026-07-27T14:23:03Z
vrf/VFR10_20_1_Gap,Small,10,20,IG-idle-greedy,42,1652,0.7448537329910323,0.0,run-20260727-142304-aada,2026-07-27T14:23:04Z
vrf/VFR10_20_1_Gap,Small,10,20,IG-idle-greedy,123,1652,0.7433694890933111,0.0,run-20260727-142305-d98d,2026-07-27T14:23:05Z
vrf/VFR10_20_1_Gap,Small,10,20,IG-idle-greedy,456,1652,0.7538634720258415,0.0,run-20260727-142306-70a5,2026-07-27T14:23:06Z
vrf/VFR10_20_1_Gap,Small,10,20,IG-idle-greedy,789,1652,0.7532789719989523,0.0,run-20260727-142306-5445,2026-07-27T14:23:06Z
vrf/VFR10_20_1_Gap,Small,10,20,IG-idle-greedy,2025,1652,0.7494416850386187,0.0,run-20260727-142307-1a40,2026-07-27T14:23:07Z
vrf/VFR10_20_2_Gap,Small,10,20,IG-idle-greedy,42,1761,0.747920801048167,0.1137009664582149,run-20260727-142308-20b7,2026-07-27T14:23:08Z
vrf/VFR10_20_2_Gap,Small,10,20,IG-idle-greedy,123,1759,1.382818913902156,0.0,run-20260727-142309-0698,2026-07-27T14:23:09Z
vrf/VFR10_20_2_Gap,Small,10,20,IG-idle-greedy,456,1759,1.3615301030222327,0.0,run-20260727-142311-2547,2026-07-27T14:23:11Z
vrf/VFR10_20_2_Gap,Small,10,20,IG-idle-greedy,789,1760,0.7480935270432383,0.05685048322910745,run-20260727-142311-bde5,2026-07-27T14:23:11Z
vrf/VFR10_20_2_Gap,Small,10,20,IG-idle-greedy,2025,1761,0.7431601249845698,0.1137009664582149,run-20260727-142312-61ef,2026-07-27T14:23:12Z
vrf/VFR10_20_3_Gap,Small,10,20,IG-idle-greedy,42,1752,0.7397439850028604,1.5063731170336037,run-20260727-142313-13e9,2026-07-27T14:23:13Z
vrf/VFR10_20_3_Gap,Small,10,20,IG-idle-greedy,123,1752,0.7401193759869784,1.5063731170336037,run-20260727-142314-5f9e,2026-07-27T14:23:14Z
vrf/VFR10_20_3_Gap,Small,10,20,IG-idle-greedy,456,1752,0.7392632220871747,1.5063731170336037,run-20260727-142314-f264,2026-07-27T14:23:14Z
vrf/VFR10_20_3_Gap,Small,10,20,IG-idle-greedy,789,1752,0.7406050250865519,1.5063731170336037,run-20260727-142315-5b7d,2026-07-27T14:23:15Z
vrf/VFR10_20_3_Gap,Small,10,20,IG-idle-greedy,2025,1752,0.7406714609824121,1.5063731170336037,run-20260727-142316-a023,2026-07-27T14:23:16Z
vrf/VFR10_20_4_Gap,Small,10,20,IG-idle-greedy,42,1693,1.2315697700250894,0.8939213349225268,run-20260727-142317-a9c3,2026-07-27T14:23:17Z
vrf/VFR10_20_4_Gap,Small,10,20,IG-idle-greedy,123,1687,0.7520810840651393,0.5363528009535161,run-20260727-142318-85c1,2026-07-27T14:23:18Z
vrf/VFR10_20_4_Gap,Small,10,20,IG-idle-greedy,456,1693,1.2559185449499637,0.8939213349225268,run-20260727-142319-cd18,2026-07-27T14:23:19Z
vrf/VFR10_20_4_Gap,Small,10,20,IG-idle-greedy,789,1687,0.7562231939518824,0.5363528009535161,run-20260727-142320-727e,2026-07-27T14:23:20Z
vrf/VFR10_20_4_Gap,Small,10,20,IG-idle-greedy,2025,1687,0.7572341940831393,0.5363528009535161,run-20260727-142321-10c3,2026-07-27T14:23:21Z
vrf/VFR10_20_5_Gap,Small,10,20,IG-idle-greedy,42,1712,0.7558783739805222,0.7058823529411765,run-20260727-142321-ba51,2026-07-27T14:23:21Z
vrf/VFR10_20_5_Gap,Small,10,20,IG-idle-greedy,123,1712,0.753962817019783,0.7058823529411765,run-20260727-142322-c9e7,2026-07-27T14:23:22Z
vrf/VFR10_20_5_Gap,Small,10,20,IG-idle-greedy,456,1712,0.7462104560108855,0.7058823529411765,run-20260727-142323-4ffc,2026-07-27T14:23:23Z
vrf/VFR10_20_5_Gap,Small,10,20,IG-idle-greedy,789,1712,0.7488652030006051,0.7058823529411765,run-20260727-142324-a8b6,2026-07-27T14:23:24Z
vrf/VFR10_20_5_Gap,Small,10,20,IG-idle-greedy,2025,1712,0.7421908109681681,0.7058823529411765,run-20260727-142324-fab6,2026-07-27T14:23:24Z
vrf/VFR10_20_6_Gap,Small,10,20,IG-idle-greedy,42,1889,0.744064987055026,0.0,run-20260727-142325-1df6,2026-07-27T14:23:25Z
vrf/VFR10_20_6_Gap,Small,10,20,IG-idle-greedy,123,1889,0.741656985017471,0.0,run-20260727-142326-d995,2026-07-27T14:23:26Z
vrf/VFR10_20_6_Gap,Small,10,20,IG-idle-greedy,456,1889,0.7433651780011132,0.0,run-20260727-142327-317d,2026-07-27T14:23:27Z
vrf/VFR10_20_6_Gap,Small,10,20,IG-idle-greedy,789,1889,0.7407590639777482,0.0,run-20260727-142327-a0c6,2026-07-27T14:23:27Z
vrf/VFR10_20_6_Gap,Small,10,20,IG-idle-greedy,2025,1889,0.7419846400152892,0.0,run-20260727-142328-1027,2026-07-27T14:23:28Z
vrf/VFR10_20_7_Gap,Small,10,20,IG-idle-greedy,42,1683,1.231261522974819,0.29797377830750893,run-20260727-142329-966f,2026-07-27T14:23:29Z
vrf/VFR10_20_7_Gap,Small,10,20,IG-idle-greedy,123,1683,1.2356705820420757,0.29797377830750893,run-20260727-142331-66b7,2026-07-27T14:23:31Z
vrf/VFR10_20_7_Gap,Small,10,20,IG-idle-greedy,456,1683,1.2310801990097389,0.29797377830750893,run-20260727-142332-c927,2026-07-27T14:23:32Z
vrf/VFR10_20_7_Gap,Small,10,20,IG-idle-greedy,789,1683,1.2404840770177543,0.29797377830750893,run-20260727-142333-145a,2026-07-27T14:23:33Z
vrf/VFR10_20_7_Gap,Small,10,20,IG-idle-greedy,2025,1683,1.2415773179382086,0.29797377830750893,run-20260727-142334-361b,2026-07-27T14:23:34Z
vrf/VFR10_20_8_Gap,Small,10,20,IG-idle-greedy,42,1677,0.7496127750491723,1.3293051359516617,run-20260727-142335-ea96,2026-07-27T14:23:35Z
vrf/VFR10_20_8_Gap,Small,10,20,IG-idle-greedy,123,1655,1.3232663279632106,0.0,run-20260727-142336-fb5f,2026-07-27T14:23:36Z
vrf/VFR10_20_8_Gap,Small,10,20,IG-idle-greedy,456,1670,0.7537522380007431,0.9063444108761329,run-20260727-142337-da49,2026-07-27T14:23:37Z
vrf/VFR10_20_8_Gap,Small,10,20,IG-idle-greedy,789,1655,1.3340598159702495,0.0,run-20260727-142338-978d,2026-07-27T14:23:38Z
vrf/VFR10_20_8_Gap,Small,10,20,IG-idle-greedy,2025,1677,0.7561631290009245,1.3293051359516617,run-20260727-142339-0717,2026-07-27T14:23:39Z
vrf/VFR10_20_9_Gap,Small,10,20,IG-idle-greedy,42,1740,0.7504279100103304,1.9929660023446658,run-20260727-142340-0e04,2026-07-27T14:23:40Z
vrf/VFR10_20_9_Gap,Small,10,20,IG-idle-greedy,123,1740,0.7448310469044372,1.9929660023446658,run-20260727-142341-b690,2026-07-27T14:23:41Z
vrf/VFR10_20_9_Gap,Small,10,20,IG-idle-greedy,456,1740,0.7442514599533752,1.9929660023446658,run-20260727-142341-07b5,2026-07-27T14:23:41Z
vrf/VFR10_20_9_Gap,Small,10,20,IG-idle-greedy,789,1740,0.7441310579888523,1.9929660023446658,run-20260727-142342-5386,2026-07-27T14:23:42Z
vrf/VFR10_20_9_Gap,Small,10,20,IG-idle-greedy,2025,1740,0.7441739439964294,1.9929660023446658,run-20260727-142343-456d,2026-07-27T14:23:43Z
vrf/VFR10_5_10_Gap,Small,10,5,IG-idle-greedy,42,664,0.30646180699113756,0.0,run-20260727-142343-ab87,2026-07-27T14:23:43Z
vrf/VFR10_5_10_Gap,Small,10,5,IG-idle-greedy,123,664,0.3065136889927089,0.0,run-20260727-142343-a970,2026-07-27T14:23:43Z
vrf/VFR10_5_10_Gap,Small,10,5,IG-idle-greedy,456,664,0.3081865659914911,0.0,run-20260727-142344-27f4,2026-07-27T14:23:44Z
vrf/VFR10_5_10_Gap,Small,10,5,IG-idle-greedy,789,664,0.3074143650010228,0.0,run-20260727-142344-46d3,2026-07-27T14:23:44Z
vrf/VFR10_5_10_Gap,Small,10,5,IG-idle-greedy,2025,664,0.30685633805114776,0.0,run-20260727-142344-369b,2026-07-27T14:23:44Z
vrf/VFR10_5_1_Gap,Small,10,5,IG-idle-greedy,42,695,0.3674587480491027,0.0,run-20260727-142345-1859,2026-07-27T14:23:45Z
vrf/VFR10_5_1_Gap,Small,10,5,IG-idle-greedy,123,695,0.3714669520268217,0.0,run-20260727-142345-30c1,2026-07-27T14:23:45Z
vrf/VFR10_5_1_Gap,Small,10,5,IG-idle-greedy,456,695,0.36665223096497357,0.0,run-20260727-142346-7c83,2026-07-27T14:23:46Z
vrf/VFR10_5_1_Gap,Small,10,5,IG-idle-greedy,789,695,0.36860146396793425,0.0,run-20260727-142346-f592,2026-07-27T14:23:46Z
vrf/VFR10_5_1_Gap,Small,10,5,IG-idle-greedy,2025,695,0.36857615190092474,0.0,run-20260727-142346-cc6b,2026-07-27T14:23:46Z
vrf/VFR10_5_2_Gap,Small,10,5,IG-idle-greedy,42,712,0.3677569190040231,2.005730659025788,run-20260727-142347-f197,2026-07-27T14:23:47Z
vrf/VFR10_5_2_Gap,Small,10,5,IG-idle-greedy,123,707,0.29378648998681456,1.2893982808022924,run-20260727-142347-ac21,2026-07-27T14:23:47Z
vrf/VFR10_5_2_Gap,Small,10,5,IG-idle-greedy,456,698,0.2253271359950304,0.0,run-20260727-142347-1460,2026-07-27T14:23:47Z
vrf/VFR10_5_2_Gap,Small,10,5,IG-idle-greedy,789,698,0.3357403400586918,0.0,run-20260727-142348-cf22,2026-07-27T14:23:48Z
vrf/VFR10_5_2_Gap,Small,10,5,IG-idle-greedy,2025,712,0.3603132429998368,2.005730659025788,run-20260727-142348-5a2d,2026-07-27T14:23:48Z
vrf/VFR10_5_3_Gap,Small,10,5,IG-idle-greedy,42,728,0.327051842934452,0.0,run-20260727-142348-945c,2026-07-27T14:23:48Z
vrf/VFR10_5_3_Gap,Small,10,5,IG-idle-greedy,123,728,0.32609150907956064,0.0,run-20260727-142349-3b33,2026-07-27T14:23:49Z
vrf/VFR10_5_3_Gap,Small,10,5,IG-idle-greedy,456,728,0.22790580207947642,0.0,run-20260727-142349-6d9b,2026-07-27T14:23:49Z
vrf/VFR10_5_3_Gap,Small,10,5,IG-idle-greedy,789,728,0.2217057670932263,0.0,run-20260727-142349-2f44,2026-07-27T14:23:49Z
vrf/VFR10_5_3_Gap,Small,10,5,IG-idle-greedy,2025,728,0.32951766799669713,0.0,run-20260727-142349-6e26,2026-07-27T14:23:49Z
vrf/VFR10_5_4_Gap,Small,10,5,IG-idle-greedy,42,697,0.22020800004247576,0.0,run-20260727-142350-0f0e,2026-07-27T14:23:50Z
vrf/VFR10_5_4_Gap,Small,10,5,IG-idle-greedy,123,697,0.2202032229397446,0.0,run-20260727-142350-5519,2026-07-27T14:23:50Z
vrf/VFR10_5_4_Gap,Small,10,5,IG-idle-greedy,456,697,0.2209702479885891,0.0,run-20260727-142350-f7f9,2026-07-27T14:23:50Z
vrf/VFR10_5_4_Gap,Small,10,5,IG-idle-greedy,789,697,0.22280043095815927,0.0,run-20260727-142350-4f32,2026-07-27T14:23:50Z
vrf/VFR10_5_4_Gap,Small,10,5,IG-idle-greedy,2025,697,0.22123389202170074,0.0,run-20260727-142350-02b7,2026-07-27T14:23:50Z
vrf/VFR10_5_5_Gap,Small,10,5,IG-idle-greedy,42,713,0.31656650896184146,0.0,run-20260727-142351-fd7b,2026-07-27T14:23:51Z
vrf/VFR10_5_5_Gap,Small,10,5,IG-idle-greedy,123,713,0.31642505002673715,0.0,run-20260727-142351-e082,2026-07-27T14:23:51Z
vrf/VFR10_5_5_Gap,Small,10,5,IG-idle-greedy,456,713,0.3183082479517907,0.0,run-20260727-142351-753d,2026-07-27T14:23:51Z
vrf/VFR10_5_5_Gap,Small,10,5,IG-idle-greedy,789,713,0.32209727296140045,0.0,run-20260727-142352-5dab,2026-07-27T14:23:52Z
vrf/VFR10_5_5_Gap,Small,10,5,IG-idle-greedy,2025,713,0.31653043907135725,0.0,run-20260727-142352-bed8,2026-07-27T14:23:52Z
vrf/VFR10_5_6_Gap,Small,10,5,IG-idle-greedy,42,748,0.2230588709935546,0.0,run-20260727-142352-1026,2026-07-27T14:23:52Z
vrf/VFR10_5_6_Gap,Small,10,5,IG-idle-greedy,123,748,0.2209634529426694,0.0,run-20260727-142352-2f2d,2026-07-27T14:23:52Z
vrf/VFR10_5_6_Gap,Small,10,5,IG-idle-greedy,456,748,0.22122220299206674,0.0,run-20260727-142353-ba29,2026-07-27T14:23:53Z
vrf/VFR10_5_6_Gap,Small,10,5,IG-idle-greedy,789,748,0.21975250996183604,0.0,run-20260727-142353-fb61,2026-07-27T14:23:53Z
vrf/VFR10_5_6_Gap,Small,10,5,IG-idle-greedy,2025,748,0.21974498906638473,0.0,run-20260727-142353-57ef,2026-07-27T14:23:53Z
vrf/VFR10_5_7_Gap,Small,10,5,IG-idle-greedy,42,729,0.36195935495197773,0.13736263736263737,run-20260727-142353-be86,2026-07-27T14:23:53Z
vrf/VFR10_5_7_Gap,Small,10,5,IG-idle-greedy,123,729,0.3613183860434219,0.13736263736263737,run-20260727-142354-ad40,2026-07-27T14:23:54Z
vrf/VFR10_5_7_Gap,Small,10,5,IG-idle-greedy,456,729,0.362066984991543,0.13736263736263737,run-20260727-142354-2401,2026-07-27T14:23:54Z
vrf/VFR10_5_7_Gap,Small,10,5,IG-idle-greedy,789,729,0.36195792199578136,0.13736263736263737,run-20260727-142355-aab3,2026-07-27T14:23:55Z
vrf/VFR10_5_7_Gap,Small,10,5,IG-idle-greedy,2025,729,0.3644645280437544,0.13736263736263737,run-20260727-142355-553c,2026-07-27T14:23:55Z
vrf/VFR10_5_8_Gap,Small,10,5,IG-idle-greedy,42,683,0.22505733894649893,0.0,run-20260727-142355-5c3e,2026-07-27T14:23:55Z
vrf/VFR10_5_8_Gap,Small,10,5,IG-idle-greedy,123,683,0.3059983600396663,0.0,run-20260727-142355-2d94,2026-07-27T14:23:55Z
vrf/VFR10_5_8_Gap,Small,10,5,IG-idle-greedy,456,683,0.26921743294224143,0.0,run-20260727-142356-ff6e,2026-07-27T14:23:56Z
vrf/VFR10_5_8_Gap,Small,10,5,IG-idle-greedy,789,683,0.23284342605620623,0.0,run-20260727-142356-1a37,2026-07-27T14:23:56Z
vrf/VFR10_5_8_Gap,Small,10,5,IG-idle-greedy,2025,683,0.2594638749724254,0.0,run-20260727-142356-a651,2026-07-27T14:23:56Z
vrf/VFR10_5_9_Gap,Small,10,5,IG-idle-greedy,42,761,0.22432382393162698,0.0,run-20260727-142356-d122,2026-07-27T14:23:56Z
vrf/VFR10_5_9_Gap,Small,10,5,IG-idle-greedy,123,761,0.22460886696353555,0.0,run-20260727-142357-1605,2026-07-27T14:23:57Z
vrf/VFR10_5_9_Gap,Small,10,5,IG-idle-greedy,456,761,0.22283456299919635,0.0,run-20260727-142357-adc2,2026-07-27T14:23:57Z
vrf/VFR10_5_9_Gap,Small,10,5,IG-idle-greedy,789,761,0.22191478800959885,0.0,run-20260727-142357-803f,2026-07-27T14:23:57Z
vrf/VFR10_5_9_Gap,Small,10,5,IG-idle-greedy,2025,761,0.2223335129674524,0.0,run-20260727-142357-9699,2026-07-27T14:23:57Z
vrf/VFR20_10_10_Gap,Small,20,10,IG-idle-greedy,42,1522,0.6804778430378065,2.216252518468771,run-20260727-142358-8b91,2026-07-27T14:23:58Z
vrf/VFR20_10_10_Gap,Small,20,10,IG-idle-greedy,123,1559,0.6705574269872159,4.701141705842848,run-20260727-142359-ba95,2026-07-27T14:23:59Z
vrf/VFR20_10_10_Gap,Small,20,10,IG-idle-greedy,456,1565,0.669276423053816,5.104096709200806,run-20260727-142359-33c8,2026-07-27T14:23:59Z
vrf/VFR20_10_10_Gap,Small,20,10,IG-idle-greedy,789,1525,1.3393196730175987,2.4177300201477503,run-20260727-142401-7516,2026-07-27T14:24:01Z
vrf/VFR20_10_10_Gap,Small,20,10,IG-idle-greedy,2025,1524,1.6659973439527676,2.350570852921424,run-20260727-142402-677c,2026-07-27T14:24:02Z
vrf/VFR20_10_1_Gap,Small,20,10,IG-idle-greedy,42,1546,0.6754442990059033,0.9138381201044387,run-20260727-142403-ed36,2026-07-27T14:24:03Z
vrf/VFR20_10_1_Gap,Small,20,10,IG-idle-greedy,123,1545,0.6756171659799293,0.8485639686684073,run-20260727-142404-1969,2026-07-27T14:24:04Z
vrf/VFR20_10_1_Gap,Small,20,10,IG-idle-greedy,456,1561,0.6756700120167807,1.8929503916449086,run-20260727-142404-bd11,2026-07-27T14:24:04Z
vrf/VFR20_10_1_Gap,Small,20,10,IG-idle-greedy,789,1565,0.6829948070226237,2.154046997389034,run-20260727-142405-5cee,2026-07-27T14:24:05Z
vrf/VFR20_10_1_Gap,Small,20,10,IG-idle-greedy,2025,1571,0.6748526099836454,2.545691906005222,run-20260727-142406-b84c,2026-07-27T14:24:06Z
vrf/VFR20_10_2_Gap,Small,20,10,IG-idle-greedy,42,1563,0.6798476469703019,2.4918032786885247,run-20260727-142406-304f,2026-07-27T14:24:06Z
vrf/VFR20_10_2_Gap,Small,20,10,IG-idle-greedy,123,1563,1.2037085259798914,2.4918032786885247,run-20260727-142408-a00e,2026-07-27T14:24:08Z
vrf/VFR20_10_2_Gap,Small,20,10,IG-idle-greedy,456,1565,0.6747297180118039,2.622950819672131,run-20260727-142408-d7d7,2026-07-27T14:24:08Z
vrf/VFR20_10_2_Gap,Small,20,10,IG-idle-greedy,789,1547,1.2432704449165612,1.4426229508196722,run-20260727-142410-bb04,2026-07-27T14:24:10Z
vrf/VFR20_10_2_Gap,Small,20,10,IG-idle-greedy,2025,1582,0.6847287779673934,3.737704918032787,run-20260727-142410-a1f1,2026-07-27T14:24:10Z
vrf/VFR20_10_3_Gap,Small,20,10,IG-idle-greedy,42,1654,1.2131185079924762,3.8944723618090453,run-20260727-142411-691b,2026-07-27T14:24:11Z
vrf/VFR20_10_3_Gap,Small,20,10,IG-idle-greedy,123,1654,1.1997092510573566,3.8944723618090453,run-20260727-142413-9876,2026-07-27T14:24:13Z
vrf/VFR20_10_3_Gap,Small,20,10,IG-idle-greedy,456,1654,1.20003278600052,3.8944723618090453,run-20260727-142414-50fa,2026-07-27T14:24:14Z
vrf/VFR20_10_3_Gap,Small,20,10,IG-idle-greedy,789,1654,1.1987463210243732,3.8944723618090453,run-20260727-142415-ea00,2026-07-27T14:24:15Z
vrf/VFR20_10_3_Gap,Small,20,10,IG-idle-greedy,2025,1654,1.1967078249435872,3.8944723618090453,run-20260727-142416-a73b,2026-07-27T14:24:16Z
vrf/VFR20_10_4_Gap,Small,20,10,IG-idle-greedy,42,1465,0.795898427022621,1.59500693481276,run-20260727-142417-0c5d,2026-07-27T14:24:17Z
vrf/VFR20_10_4_Gap,Small,20,10,IG-idle-greedy,123,1489,0.6703689789865166,3.259361997226075,run-20260727-142418-4973,2026-07-27T14:24:18Z
vrf/VFR20_10_4_Gap,Small,20,10,IG-idle-greedy,456,1489,0.6721770170843229,3.259361997226075,run-20260727-142418-767c,2026-07-27T14:24:18Z
vrf/VFR20_10_4_Gap,Small,20,10,IG-idle-greedy,789,1488,0.6728315469808877,3.19001386962552,run-20260727-142419-f61c,2026-07-27T14:24:19Z
vrf/VFR20_10_4_Gap,Small,20,10,IG-idle-greedy,2025,1485,0.6827916069887578,2.9819694868238558,run-20260727-142420-21bf,2026-07-27T14:24:20Z
vrf/VFR20_10_5_Gap,Small,20,10,IG-idle-greedy,42,1667,0.6721961669391021,3.9276807980049875,run-20260727-142420-5a6b,2026-07-27T14:24:20Z
vrf/VFR20_10_5_Gap,Small,20,10,IG-idle-greedy,123,1650,0.6824007870163769,2.8678304239401498,run-20260727-142421-1962,2026-07-27T14:24:21Z
vrf/VFR20_10_5_Gap,Small,20,10,IG-idle-greedy,456,1640,1.8561019150074571,2.2443890274314215,run-20260727-142423-71d8,2026-07-27T14:24:23Z
vrf/VFR20_10_5_Gap,Small,20,10,IG-idle-greedy,789,1650,0.6830084309913218,2.8678304239401498,run-20260727-142424-ecf3,2026-07-27T14:24:24Z
vrf/VFR20_10_5_Gap,Small,20,10,IG-idle-greedy,2025,1642,0.6737959920428693,2.369077306733167,run-20260727-142424-b9da,2026-07-27T14:24:24Z
vrf/VFR20_10_6_Gap,Small,20,10,IG-idle-greedy,42,1612,1.7190046949544922,2.284263959390863,run-20260727-142426-642f,2026-07-27T14:24:26Z
vrf/VFR20_10_6_Gap,Small,20,10,IG-idle-greedy,123,1613,0.7182578159263358,2.3477157360406093,run-20260727-142427-f5c4,2026-07-27T14:24:27Z
vrf/VFR20_10_6_Gap,Small,20,10,IG-idle-greedy,456,1603,0.6844004360027611,1.7131979695431472,run-20260727-142428-8451,2026-07-27T14:24:28Z
vrf/VFR20_10_6_Gap,Small,20,10,IG-idle-greedy,789,1611,1.1592803340172395,2.220812182741117,run-20260727-142429-d14e,2026-07-27T14:24:29Z
vrf/VFR20_10_6_Gap,Small,20,10,IG-idle-greedy,2025,1592,0.7037022419972345,1.015228426395939,run-20260727-142429-1fb8,2026-07-27T14:24:29Z
vrf/VFR20_10_7_Gap,Small,20,10,IG-idle-greedy,42,1596,0.6725311240879819,0.3142677561282212,run-20260727-142430-0523,2026-07-27T14:24:30Z
vrf/VFR20_10_7_Gap,Small,20,10,IG-idle-greedy,123,1608,1.2027210859814659,1.0685103708359522,run-20260727-142431-a0d4,2026-07-27T14:24:31Z
vrf/VFR20_10_7_Gap,Small,20,10,IG-idle-greedy,456,1611,0.6774465759517625,1.2570710245128849,run-20260727-142432-4c0a,2026-07-27T14:24:32Z
vrf/VFR20_10_7_Gap,Small,20,10,IG-idle-greedy,789,1616,0.6713172079762444,1.5713387806411063,run-20260727-142433-22b2,2026-07-27T14:24:33Z
vrf/VFR20_10_7_Gap,Small,20,10,IG-idle-greedy,2025,1599,0.6741379230516031,0.502828409805154,run-20260727-142433-e9d9,2026-07-27T14:24:33Z
vrf/VFR20_10_8_Gap,Small,20,10,IG-idle-greedy,42,1591,0.6763714289991185,1.0800508259212198,run-20260727-142434-8dff,2026-07-27T14:24:34Z
vrf/VFR20_10_8_Gap,Small,20,10,IG-idle-greedy,123,1598,0.6762706089066342,1.5247776365946633,run-20260727-142435-76ea,2026-07-27T14:24:35Z
vrf/VFR20_10_8_Gap,Small,20,10,IG-idle-greedy,456,1601,1.2008651250507683,1.7153748411689962,run-20260727-142436-698d,2026-07-27T14:24:36Z
vrf/VFR20_10_8_Gap,Small,20,10,IG-idle-greedy,789,1591,0.6849209050415084,1.0800508259212198,run-20260727-142437-944b,2026-07-27T14:24:37Z
vrf/VFR20_10_8_Gap,Small,20,10,IG-idle-greedy,2025,1591,0.6773544090101495,1.0800508259212198,run-20260727-142437-3437,2026-07-27T14:24:37Z
vrf/VFR20_10_9_Gap,Small,20,10,IG-idle-greedy,42,1558,0.6736494170036167,1.8300653594771241,run-20260727-142438-cc3b,2026-07-27T14:24:38Z
vrf/VFR20_10_9_Gap,Small,20,10,IG-idle-greedy,123,1553,0.6716424720361829,1.5032679738562091,run-20260727-142439-14b2,2026-07-27T14:24:39Z
vrf/VFR20_10_9_Gap,Small,20,10,IG-idle-greedy,456,1553,0.6713452729163691,1.5032679738562091,run-20260727-142439-43fc,2026-07-27T14:24:39Z
vrf/VFR20_10_9_Gap,Small,20,10,IG-idle-greedy,789,1557,0.6829535199794918,1.7647058823529411,run-20260727-142440-0b40,2026-07-27T14:24:40Z
vrf/VFR20_10_9_Gap,Small,20,10,IG-idle-greedy,2025,1546,0.7188274229411036,1.0457516339869282,run-20260727-142441-6db0,2026-07-27T14:24:41Z
vrf/VFR20_15_10_Gap,Small,20,15,IG-idle-greedy,42,1896,1.4846496459795162,1.8807092960773777,run-20260727-142442-529d,2026-07-27T14:24:42Z
vrf/VFR20_15_10_Gap,Small,20,15,IG-idle-greedy,123,1913,0.9844321280252188,2.7941966684578183,run-20260727-142443-6384,2026-07-27T14:24:43Z
vrf/VFR20_15_10_Gap,Small,20,15,IG-idle-greedy,456,1910,2.1029386239824817,2.6329930145083287,run-20260727-142445-379f,2026-07-27T14:24:45Z
vrf/VFR20_15_10_Gap,Small,20,15,IG-idle-greedy,789,1925,1.9839410820277408,3.4390112842557765,run-20260727-142447-f5d8,2026-07-27T14:24:47Z
vrf/VFR20_15_10_Gap,Small,20,15,IG-idle-greedy,2025,1915,0.9643303760094568,2.9016657710908116,run-20260727-142448-a794,2026-07-27T14:24:48Z
vrf/VFR20_15_1_Gap,Small,20,15,IG-idle-greedy,42,1960,1.7243489519460127,1.2396694214876034,run-20260727-142450-f14b,2026-07-27T14:24:50Z
vrf/VFR20_15_1_Gap,Small,20,15,IG-idle-greedy,123,1971,0.9931525309802964,1.8078512396694215,run-20260727-142451-c14d,2026-07-27T14:24:51Z
vrf/VFR20_15_1_Gap,Small,20,15,IG-idle-greedy,456,1954,1.7325574300484732,0.9297520661157025,run-20260727-142453-3c9e,2026-07-27T14:24:53Z
vrf/VFR20_15_1_Gap,Small,20,15,IG-idle-greedy,789,1963,1.7261917479336262,1.3946280991735538,run-20260727-142454-2474,2026-07-27T14:24:54Z
vrf/VFR20_15_1_Gap,Small,20,15,IG-idle-greedy,2025,1969,0.9931644030148163,1.7045454545454546,run-20260727-142455-be30,2026-07-27T14:24:55Z
vrf/VFR20_15_2_Gap,Small,20,15,IG-idle-greedy,42,1936,0.9838641959941015,1.627296587926509,run-20260727-142456-adf2,2026-07-27T14:24:56Z
vrf/VFR20_15_2_Gap,Small,20,15,IG-idle-greedy,123,1968,0.979112509987317,3.3070866141732282,run-20260727-142457-a3db,2026-07-27T14:24:57Z
vrf/VFR20_15_2_Gap,Small,20,15,IG-idle-greedy,456,1941,0.9819329690653831,1.889763779527559,run-20260727-142458-5014,2026-07-27T14:24:58Z
vrf/VFR20_15_2_Gap,Small,20,15,IG-idle-greedy,789,1968,0.9813876079861075,3.3070866141732282,run-20260727-142459-396a,2026-07-27T14:24:59Z
vrf/VFR20_15_2_Gap,Small,20,15,IG-idle-greedy,2025,1926,0.9911798930261284,1.1023622047244095,run-20260727-142500-9c41,2026-07-27T14:25:00Z
vrf/VFR20_15_3_Gap,Small,20,15,IG-idle-greedy,42,1828,0.9792330820346251,1.668520578420467,run-20260727-142501-21f5,2026-07-27T14:25:01Z
vrf/VFR20_15_3_Gap,Small,20,15,IG-idle-greedy,123,1831,0.9762620719848201,1.835372636262514,run-20260727-142502-3268,2026-07-27T14:25:02Z
vrf/VFR20_15_3_Gap,Small,20,15,IG-idle-greedy,456,1831,0.9694492429262027,1.835372636262514,run-20260727-142503-ce0b,2026-07-27T14:25:03Z
vrf/VFR20_15_3_Gap,Small,20,15,IG-idle-greedy,789,1831,0.9631636530393735,1.835372636262514,run-20260727-142504-a0f5,2026-07-27T14:25:04Z
vrf/VFR20_15_3_Gap,Small,20,15,IG-idle-greedy,2025,1831,0.9620736839715391,1.835372636262514,run-20260727-142505-d3a1,2026-07-27T14:25:05Z
vrf/VFR20_15_4_Gap,Small,20,15,IG-idle-greedy,42,1888,0.971337299910374,4.136789851075565,run-20260727-142506-d859,2026-07-27T14:25:06Z
vrf/VFR20_15_4_Gap,Small,20,15,IG-idle-greedy,123,1889,0.9644909289199859,4.191947049089906,run-20260727-142507-aaa0,2026-07-27T14:25:07Z
vrf/VFR20_15_4_Gap,Small,20,15,IG-idle-greedy,456,1892,0.9682720090495422,4.357418643132929,run-20260727-142508-7a5f,2026-07-27T14:25:08Z
vrf/VFR20_15_4_Gap,Small,20,15,IG-idle-greedy,789,1873,0.9734468179522082,3.309431880860452,run-20260727-142509-fb13,2026-07-27T14:25:09Z
vrf/VFR20_15_4_Gap,Small,20,15,IG-idle-greedy,2025,1894,0.9713034461019561,4.467733039161611,run-20260727-142510-a363,2026-07-27T14:25:10Z
vrf/VFR20_15_5_Gap,Small,20,15,IG-idle-greedy,42,1897,0.970774283981882,1.1733333333333333,run-20260727-142511-76f7,2026-07-27T14:25:11Z
vrf/VFR20_15_5_Gap,Small,20,15,IG-idle-greedy,123,1893,0.9690761079546064,0.96,run-20260727-142512-a2b0,2026-07-27T14:25:12Z
vrf/VFR20_15_5_Gap,Small,20,15,IG-idle-greedy,456,1929,0.9649201680440456,2.88,run-20260727-142513-df7f,2026-07-27T14:25:13Z
vrf/VFR20_15_5_Gap,Small,20,15,IG-idle-greedy,789,1912,0.9749653720064089,1.9733333333333334,run-20260727-142514-9b2a,2026-07-27T14:25:14Z
vrf/VFR20_15_5_Gap,Small,20,15,IG-idle-greedy,2025,1896,0.9702758260536939,1.12,run-20260727-142515-897a,2026-07-27T14:25:15Z
vrf/VFR20_15_6_Gap,Small,20,15,IG-idle-greedy,42,2029,0.9649179179687053,3.520408163265306,run-20260727-142516-fd8b,2026-07-27T14:25:16Z
vrf/VFR20_15_6_Gap,Small,20,15,IG-idle-greedy,123,2002,1.7529316539876163,2.142857142857143,run-20260727-142518-a6ed,2026-07-27T14:25:18Z
vrf/VFR20_15_6_Gap,Small,20,15,IG-idle-greedy,456,2027,0.9658844530349597,3.4183673469387754,run-20260727-142519-2721,2026-07-27T14:25:19Z
vrf/VFR20_15_6_Gap,Small,20,15,IG-idle-greedy,789,2033,0.9838098440086469,3.7244897959183674,run-20260727-142519-587f,2026-07-27T14:25:19Z
vrf/VFR20_15_6_Gap,Small,20,15,IG-idle-greedy,2025,2015,1.3066128459759057,2.806122448979592,run-20260727-142521-7212,2026-07-27T14:25:21Z
vrf/VFR20_15_7_Gap,Small,20,15,IG-idle-greedy,42,1934,0.9953473879722878,0.05173305742369374,run-20260727-142522-f09d,2026-07-27T14:25:22Z
vrf/VFR20_15_7_Gap,Small,20,15,IG-idle-greedy,123,1955,1.7321835909970105,1.1381272633212622,run-20260727-142524-10a7,2026-07-27T14:25:24Z
vrf/VFR20_15_7_Gap,Small,20,15,IG-idle-greedy,456,1952,2.1232259849784896,0.9829280910501811,run-20260727-142526-3c35,2026-07-27T14:25:26Z
vrf/VFR20_15_7_Gap,Small,20,15,IG-idle-greedy,789,1959,0.9822867929469794,1.3450594930160373,run-20260727-142527-04c6,2026-07-27T14:25:27Z
vrf/VFR20_15_7_Gap,Small,20,15,IG-idle-greedy,2025,1956,1.123653711983934,1.189860320744956,run-20260727-142528-7850,2026-07-27T14:25:28Z
vrf/VFR20_15_8_Gap,Small,20,15,IG-idle-greedy,42,1840,1.0297630480490625,0.9879253567508233,run-20260727-142529-fd5e,2026-07-27T14:25:29Z
vrf/VFR20_15_8_Gap,Small,20,15,IG-idle-greedy,123,1875,0.9658777540316805,2.9088913282107574,run-20260727-142530-d47e,2026-07-27T14:25:30Z
vrf/VFR20_15_8_Gap,Small,20,15,IG-idle-greedy,456,1887,0.9659861309919506,3.5675082327113063,run-20260727-142531-8b2a,2026-07-27T14:25:31Z
vrf/VFR20_15_8_Gap,Small,20,15,IG-idle-greedy,789,1846,1.731802144087851,1.3172338090010978,run-20260727-142532-f7c2,2026-07-27T14:25:32Z
vrf/VFR20_15_8_Gap,Small,20,15,IG-idle-greedy,2025,1875,0.9706234590848908,2.9088913282107574,run-20260727-142533-0c2e,2026-07-27T14:25:33Z
vrf/VFR20_15_9_Gap,Small,20,15,IG-idle-greedy,42,1968,0.9707456229953095,1.443298969072165,run-20260727-142534-5e9d,2026-07-27T14:25:34Z
vrf/VFR20_15_9_Gap,Small,20,15,IG-idle-greedy,123,1968,0.9844846549676731,1.443298969072165,run-20260727-142535-7e7a,2026-07-27T14:25:35Z
vrf/VFR20_15_9_Gap,Small,20,15,IG-idle-greedy,456,1964,0.9834156449651346,1.2371134020618557,run-20260727-142536-492d,2026-07-27T14:25:36Z
vrf/VFR20_15_9_Gap,Small,20,15,IG-idle-greedy,789,1968,0.9832368369679898,1.443298969072165,run-20260727-142537-42c0,2026-07-27T14:25:37Z
vrf/VFR20_15_9_Gap,Small,20,15,IG-idle-greedy,2025,1968,0.9726807510014623,1.443298969072165,run-20260727-142538-c0de,2026-07-27T14:25:38Z
vrf/VFR20_20_10_Gap,Small,20,20,IG-idle-greedy,42,2261,1.2771750730462372,2.819463392451114,run-20260727-142540-7330,2026-07-27T14:25:40Z
vrf/VFR20_20_10_Gap,Small,20,20,IG-idle-greedy,123,2261,1.2764637439977378,2.819463392451114,run-20260727-142541-2f5e,2026-07-27T14:25:41Z
vrf/VFR20_20_10_Gap,Small,20,20,IG-idle-greedy,456,2261,1.2872262650635093,2.819463392451114,run-20260727-142542-c535,2026-07-27T14:25:42Z
vrf/VFR20_20_10_Gap,Small,20,20,IG-idle-greedy,789,2261,1.258713694056496,2.819463392451114,run-20260727-142543-6833,2026-07-27T14:25:43Z
vrf/VFR20_20_10_Gap,Small,20,20,IG-idle-greedy,2025,2261,2.2529476890340447,2.819463392451114,run-20260727-142546-53c3,2026-07-27T14:25:46Z
vrf/VFR20_20_1_Gap,Small,20,20,IG-idle-greedy,42,2288,2.2508556379470974,0.7929515418502202,run-20260727-142548-a3c1,2026-07-27T14:25:48Z
vrf/VFR20_20_1_Gap,Small,20,20,IG-idle-greedy,123,2305,2.075905087054707,1.5418502202643172,run-20260727-142550-eac1,2026-07-27T14:25:50Z
vrf/VFR20_20_1_Gap,Small,20,20,IG-idle-greedy,456,2311,1.2617436280706897,1.8061674008810573,run-20260727-142551-c790,2026-07-27T14:25:51Z
vrf/VFR20_20_1_Gap,Small,20,20,IG-idle-greedy,789,2293,1.292632075957954,1.013215859030837,run-20260727-142553-f2f4,2026-07-27T14:25:53Z
vrf/VFR20_20_1_Gap,Small,20,20,IG-idle-greedy,2025,2288,2.251009966013953,0.7929515418502202,run-20260727-142555-4c43,2026-07-27T14:25:55Z
vrf/VFR20_20_2_Gap,Small,20,20,IG-idle-greedy,42,2236,1.256220533978194,3.0414746543778803,run-20260727-142556-1753,2026-07-27T14:25:56Z
vrf/VFR20_20_2_Gap,Small,20,20,IG-idle-greedy,123,2236,1.2526797079481184,3.0414746543778803,run-20260727-142557-4f3c,2026-07-27T14:25:57Z
vrf/VFR20_20_2_Gap,Small,20,20,IG-idle-greedy,456,2236,1.256366195040755,3.0414746543778803,run-20260727-142559-fffb,2026-07-27T14:25:59Z
vrf/VFR20_20_2_Gap,Small,20,20,IG-idle-greedy,789,2186,1.2721781199797988,0.7373271889400922,run-20260727-142600-d0f5,2026-07-27T14:26:00Z
vrf/VFR20_20_2_Gap,Small,20,20,IG-idle-greedy,2025,2236,1.2581475209444761,3.0414746543778803,run-20260727-142601-6531,2026-07-27T14:26:01Z
vrf/VFR20_20_3_Gap,Small,20,20,IG-idle-greedy,42,2330,1.2576555189443752,2.3276240667545016,run-20260727-142602-726a,2026-07-27T14:26:02Z
vrf/VFR20_20_3_Gap,Small,20,20,IG-idle-greedy,123,2297,3.0881869250442833,0.8783487044356609,run-20260727-142605-ad44,2026-07-27T14:26:05Z
vrf/VFR20_20_3_Gap,Small,20,20,IG-idle-greedy,456,2297,3.1752089778892696,0.8783487044356609,run-20260727-142609-6904,2026-07-27T14:26:09Z
vrf/VFR20_20_3_Gap,Small,20,20,IG-idle-greedy,789,2318,1.2820200689602643,1.800614844093105,run-20260727-142610-24e0,2026-07-27T14:26:10Z
vrf/VFR20_20_3_Gap,Small,20,20,IG-idle-greedy,2025,2321,2.087818069034256,1.932367149758454,run-20260727-142612-9002,2026-07-27T14:26:12Z
vrf/VFR20_20_4_Gap,Small,20,20,IG-idle-greedy,42,2228,1.2653276439523324,2.9099307159353347,run-20260727-142613-6d45,2026-07-27T14:26:13Z
vrf/VFR20_20_4_Gap,Small,20,20,IG-idle-greedy,123,2211,2.2656698980135843,2.1247113163972284,run-20260727-142616-3ed8,2026-07-27T14:26:16Z
vrf/VFR20_20_4_Gap,Small,20,20,IG-idle-greedy,456,2211,1.2625201019691303,2.1247113163972284,run-20260727-142617-015f,2026-07-27T14:26:17Z
vrf/VFR20_20_4_Gap,Small,20,20,IG-idle-greedy,789,2199,1.286704309983179,1.5704387990762125,run-20260727-142618-2b92,2026-07-27T14:26:18Z
vrf/VFR20_20_4_Gap,Small,20,20,IG-idle-greedy,2025,2218,1.3199724020669237,2.448036951501155,run-20260727-142619-3e46,2026-07-27T14:26:19Z
vrf/VFR20_20_5_Gap,Small,20,20,IG-idle-greedy,42,2242,1.268406426999718,0.7640449438202247,run-20260727-142621-9367,2026-07-27T14:26:21Z
vrf/VFR20_20_5_Gap,Small,20,20,IG-idle-greedy,123,2230,1.3169717700220644,0.2247191011235955,run-20260727-142622-0784,2026-07-27T14:26:22Z
vrf/VFR20_20_5_Gap,Small,20,20,IG-idle-greedy,456,2288,1.2538372590206563,2.831460674157303,run-20260727-142623-6213,2026-07-27T14:26:23Z
vrf/VFR20_20_5_Gap,Small,20,20,IG-idle-greedy,789,2288,1.2527932559605688,2.831460674157303,run-20260727-142625-637b,2026-07-27T14:26:25Z
vrf/VFR20_20_5_Gap,Small,20,20,IG-idle-greedy,2025,2257,1.266480418969877,1.4382022471910112,run-20260727-142626-c3dc,2026-07-27T14:26:26Z
vrf/VFR20_20_6_Gap,Small,20,20,IG-idle-greedy,42,2353,1.2545387370046228,2.7062418158009605,run-20260727-142627-c778,2026-07-27T14:26:27Z
vrf/VFR20_20_6_Gap,Small,20,20,IG-idle-greedy,123,2381,1.2777861789800227,3.92841553906591,run-20260727-142628-41ab,2026-07-27T14:26:28Z
vrf/VFR20_20_6_Gap,Small,20,20,IG-idle-greedy,456,2353,1.2785706199938431,2.7062418158009605,run-20260727-142630-330a,2026-07-27T14:26:30Z
vrf/VFR20_20_6_Gap,Small,20,20,IG-idle-greedy,789,2381,1.2811339099425822,3.92841553906591,run-20260727-142631-f95d,2026-07-27T14:26:31Z
vrf/VFR20_20_6_Gap,Small,20,20,IG-idle-greedy,2025,2353,1.2787281159544364,2.7062418158009605,run-20260727-142632-3cb9,2026-07-27T14:26:32Z
vrf/VFR20_20_7_Gap,Small,20,20,IG-idle-greedy,42,2288,2.310699760913849,0.26292725679228746,run-20260727-142635-bca9,2026-07-27T14:26:35Z
vrf/VFR20_20_7_Gap,Small,20,20,IG-idle-greedy,123,2304,1.3124084039591253,0.9640666082383874,run-20260727-142636-748f,2026-07-27T14:26:36Z
vrf/VFR20_20_7_Gap,Small,20,20,IG-idle-greedy,456,2308,1.2927410920383409,1.1393514460999123,run-20260727-142637-1726,2026-07-27T14:26:37Z
vrf/VFR20_20_7_Gap,Small,20,20,IG-idle-greedy,789,2339,1.2787961240392178,2.497808939526731,run-20260727-142638-cde1,2026-07-27T14:26:38Z
vrf/VFR20_20_7_Gap,Small,20,20,IG-idle-greedy,2025,2338,1.2957393300021067,2.4539877300613497,run-20260727-142640-7247,2026-07-27T14:26:40Z
vrf/VFR20_20_8_Gap,Small,20,20,IG-idle-greedy,42,2218,2.255912890075706,1.8365472910927456,run-20260727-142642-23bd,2026-07-27T14:26:42Z
vrf/VFR20_20_8_Gap,Small,20,20,IG-idle-greedy,123,2218,2.251549298991449,1.8365472910927456,run-20260727-142644-79fe,2026-07-27T14:26:44Z
vrf/VFR20_20_8_Gap,Small,20,20,IG-idle-greedy,456,2233,2.2570244319504127,2.525252525252525,run-20260727-142646-91a0,2026-07-27T14:26:46Z
vrf/VFR20_20_8_Gap,Small,20,20,IG-idle-greedy,789,2218,2.250625552958809,1.8365472910927456,run-20260727-142649-cc98,2026-07-27T14:26:49Z
vrf/VFR20_20_8_Gap,Small,20,20,IG-idle-greedy,2025,2218,2.25579252501484,1.8365472910927456,run-20260727-142651-79eb,2026-07-27T14:26:51Z
vrf/VFR20_20_9_Gap,Small,20,20,IG-idle-greedy,42,2397,1.26053680293262,1.826677994902294,run-20260727-142652-c8ef,2026-07-27T14:26:52Z
vrf/VFR20_20_9_Gap,Small,20,20,IG-idle-greedy,123,2393,1.2606728059472516,1.6567544604927782,run-20260727-142653-aea2,2026-07-27T14:26:53Z
vrf/VFR20_20_9_Gap,Small,20,20,IG-idle-greedy,456,2393,1.2591271799756214,1.6567544604927782,run-20260727-142655-e105,2026-07-27T14:26:55Z
vrf/VFR20_20_9_Gap,Small,20,20,IG-idle-greedy,789,2439,1.2647575959563255,3.610875106202209,run-20260727-142656-b1a1,2026-07-27T14:26:56Z
vrf/VFR20_20_9_Gap,Small,20,20,IG-idle-greedy,2025,2436,2.260001393966377,3.4834324553950724,run-20260727-142658-b7c7,2026-07-27T14:26:58Z
vrf/VFR20_5_10_Gap,Small,20,5,IG-idle-greedy,42,1243,0.3779456870397553,0.0,run-20260727-142659-674e,2026-07-27T14:26:59Z
vrf/VFR20_5_10_Gap,Small,20,5,IG-idle-greedy,123,1243,0.373722410062328,0.0,run-20260727-142659-f419,2026-07-27T14:26:59Z
vrf/VFR20_5_10_Gap,Small,20,5,IG-idle-greedy,456,1243,0.3739839249756187,0.0,run-20260727-142659-1f8e,2026-07-27T14:26:59Z
vrf/VFR20_5_10_Gap,Small,20,5,IG-idle-greedy,789,1243,0.6929809469729662,0.0,run-20260727-142700-099f,2026-07-27T14:27:00Z
vrf/VFR20_5_10_Gap,Small,20,5,IG-idle-greedy,2025,1243,0.3728127640206367,0.0,run-20260727-142700-4f69,2026-07-27T14:27:00Z
vrf/VFR20_5_1_Gap,Small,20,5,IG-idle-greedy,42,1197,0.6631937529891729,0.41946308724832215,run-20260727-142701-2835,2026-07-27T14:27:01Z
vrf/VFR20_5_1_Gap,Small,20,5,IG-idle-greedy,123,1209,0.655985006946139,1.4261744966442953,run-20260727-142702-18fe,2026-07-27T14:27:02Z
vrf/VFR20_5_1_Gap,Small,20,5,IG-idle-greedy,456,1209,0.6551830190001056,1.4261744966442953,run-20260727-142702-f90a,2026-07-27T14:27:02Z
vrf/VFR20_5_1_Gap,Small,20,5,IG-idle-greedy,789,1197,0.6578345879679546,0.41946308724832215,run-20260727-142703-8b4c,2026-07-27T14:27:03Z
vrf/VFR20_5_1_Gap,Small,20,5,IG-idle-greedy,2025,1197,0.4295511790551245,0.41946308724832215,run-20260727-142704-b0ed,2026-07-27T14:27:04Z
vrf/VFR20_5_2_Gap,Small,20,5,IG-idle-greedy,42,1286,0.5134051020722836,0.8627450980392157,run-20260727-142704-c5a1,2026-07-27T14:27:04Z
vrf/VFR20_5_2_Gap,Small,20,5,IG-idle-greedy,123,1286,0.5127031920710579,0.8627450980392157,run-20260727-142705-4d72,2026-07-27T14:27:05Z
vrf/VFR20_5_2_Gap,Small,20,5,IG-idle-greedy,456,1286,0.5138071900000796,0.8627450980392157,run-20260727-142705-7697,2026-07-27T14:27:05Z
vrf/VFR20_5_2_Gap,Small,20,5,IG-idle-greedy,789,1286,0.5160303459269926,0.8627450980392157,run-20260727-142706-4999,2026-07-27T14:27:06Z
vrf/VFR20_5_2_Gap,Small,20,5,IG-idle-greedy,2025,1286,0.5147872519446537,0.8627450980392157,run-20260727-142706-5969,2026-07-27T14:27:06Z
vrf/VFR20_5_3_Gap,Small,20,5,IG-idle-greedy,42,1325,0.38148439896758646,0.15117157974300832,run-20260727-142707-81f6,2026-07-27T14:27:07Z
vrf/VFR20_5_3_Gap,Small,20,5,IG-idle-greedy,123,1325,0.7757011810317636,0.15117157974300832,run-20260727-142707-5a2a,2026-07-27T14:27:07Z
vrf/VFR20_5_3_Gap,Small,20,5,IG-idle-greedy,456,1325,0.3725253150332719,0.15117157974300832,run-20260727-142708-a216,2026-07-27T14:27:08Z
vrf/VFR20_5_3_Gap,Small,20,5,IG-idle-greedy,789,1325,0.3768646080279723,0.15117157974300832,run-20260727-142708-fb03,2026-07-27T14:27:08Z
vrf/VFR20_5_3_Gap,Small,20,5,IG-idle-greedy,2025,1325,0.6591320380102843,0.15117157974300832,run-20260727-142709-f70d,2026-07-27T14:27:09Z
vrf/VFR20_5_4_Gap,Small,20,5,IG-idle-greedy,42,1142,0.3759275139309466,1.3309671694764862,run-20260727-142709-d00a,2026-07-27T14:27:09Z
vrf/VFR20_5_4_Gap,Small,20,5,IG-idle-greedy,123,1148,0.37481869000475854,1.8633540372670807,run-20260727-142709-ef63,2026-07-27T14:27:09Z
vrf/VFR20_5_4_Gap,Small,20,5,IG-idle-greedy,456,1148,0.3735763559816405,1.8633540372670807,run-20260727-142710-4d87,2026-07-27T14:27:10Z
vrf/VFR20_5_4_Gap,Small,20,5,IG-idle-greedy,789,1148,0.3712553590303287,1.8633540372670807,run-20260727-142710-c163,2026-07-27T14:27:10Z
vrf/VFR20_5_4_Gap,Small,20,5,IG-idle-greedy,2025,1130,0.38024206703994423,0.26619343389529726,run-20260727-142711-0c9b,2026-07-27T14:27:11Z
vrf/VFR20_5_5_Gap,Small,20,5,IG-idle-greedy,42,1339,0.3695654319599271,0.0,run-20260727-142711-f9a3,2026-07-27T14:27:11Z
vrf/VFR20_5_5_Gap,Small,20,5,IG-idle-greedy,123,1339,0.3720471999840811,0.0,run-20260727-142711-e5fd,2026-07-27T14:27:11Z
vrf/VFR20_5_5_Gap,Small,20,5,IG-idle-greedy,456,1339,0.6873689179774374,0.0,run-20260727-142712-c265,2026-07-27T14:27:12Z
vrf/VFR20_5_5_Gap,Small,20,5,IG-idle-greedy,789,1339,0.6560274490620941,0.0,run-20260727-142713-55da,2026-07-27T14:27:13Z
vrf/VFR20_5_5_Gap,Small,20,5,IG-idle-greedy,2025,1339,0.36803986004088074,0.0,run-20260727-142713-229d,2026-07-27T14:27:13Z
vrf/VFR20_5_6_Gap,Small,20,5,IG-idle-greedy,42,1070,0.3696676150429994,0.37523452157598497,run-20260727-142713-f91f,2026-07-27T14:27:13Z
vrf/VFR20_5_6_Gap,Small,20,5,IG-idle-greedy,123,1070,0.37091404502280056,0.37523452157598497,run-20260727-142714-2017,2026-07-27T14:27:14Z
vrf/VFR20_5_6_Gap,Small,20,5,IG-idle-greedy,456,1070,0.37531863001640886,0.37523452157598497,run-20260727-142714-f252,2026-07-27T14:27:14Z
vrf/VFR20_5_6_Gap,Small,20,5,IG-idle-greedy,789,1066,0.3736172750359401,0.0,run-20260727-142715-08e9,2026-07-27T14:27:15Z
vrf/VFR20_5_6_Gap,Small,20,5,IG-idle-greedy,2025,1070,0.3702475769678131,0.37523452157598497,run-20260727-142715-536d,2026-07-27T14:27:15Z
vrf/VFR20_5_7_Gap,Small,20,5,IG-idle-greedy,42,1157,0.6516736580524594,0.25996533795493937,run-20260727-142716-9d08,2026-07-27T14:27:16Z
vrf/VFR20_5_7_Gap,Small,20,5,IG-idle-greedy,123,1157,0.6548503750236705,0.25996533795493937,run-20260727-142716-943b,2026-07-27T14:27:16Z
vrf/VFR20_5_7_Gap,Small,20,5,IG-idle-greedy,456,1157,0.6572944559156895,0.25996533795493937,run-20260727-142717-7bc1,2026-07-27T14:27:17Z
vrf/VFR20_5_7_Gap,Small,20,5,IG-idle-greedy,789,1157,0.6671619239496067,0.25996533795493937,run-20260727-142718-1c2e,2026-07-27T14:27:18Z
vrf/VFR20_5_7_Gap,Small,20,5,IG-idle-greedy,2025,1157,0.6621161659713835,0.25996533795493937,run-20260727-142718-5200,2026-07-27T14:27:18Z
vrf/VFR20_5_8_Gap,Small,20,5,IG-idle-greedy,42,1106,0.6645909800427034,0.3629764065335753,run-20260727-142719-d84c,2026-07-27T14:27:19Z
vrf/VFR20_5_8_Gap,Small,20,5,IG-idle-greedy,123,1137,0.37168146192561835,3.176043557168784,run-20260727-142719-b562,2026-07-27T14:27:19Z
vrf/VFR20_5_8_Gap,Small,20,5,IG-idle-greedy,456,1124,0.3741466909414157,1.9963702359346642,run-20260727-142720-e101,2026-07-27T14:27:20Z
vrf/VFR20_5_8_Gap,Small,20,5,IG-idle-greedy,789,1136,0.37072182609699667,3.0852994555353903,run-20260727-142720-8d8f,2026-07-27T14:27:20Z
vrf/VFR20_5_8_Gap,Small,20,5,IG-idle-greedy,2025,1106,0.6576494459295645,0.3629764065335753,run-20260727-142721-b52d,2026-07-27T14:27:21Z
vrf/VFR20_5_9_Gap,Small,20,5,IG-idle-greedy,42,1317,0.36948674207087606,0.0,run-20260727-142721-4bdd,2026-07-27T14:27:21Z
vrf/VFR20_5_9_Gap,Small,20,5,IG-idle-greedy,123,1317,0.6560457230079919,0.0,run-20260727-142722-e9bf,2026-07-27T14:27:22Z
vrf/VFR20_5_9_Gap,Small,20,5,IG-idle-greedy,456,1317,0.6588281809818,0.0,run-20260727-142722-6e7f,2026-07-27T14:27:22Z
vrf/VFR20_5_9_Gap,Small,20,5,IG-idle-greedy,789,1317,0.37138928507920355,0.0,run-20260727-142723-6f8a,2026-07-27T14:27:23Z
vrf/VFR20_5_9_Gap,Small,20,5,IG-idle-greedy,2025,1317,0.6571236229501665,0.0,run-20260727-142723-254b,2026-07-27T14:27:23Z
vrf/VFR30_10_10_Gap,Small,30,10,IG-idle-greedy,42,1962,0.9653456390369684,2.454308093994778,run-20260727-142724-1b47,2026-07-27T14:27:24Z
vrf/VFR30_10_10_Gap,Small,30,10,IG-idle-greedy,123,1947,1.073976123938337,1.671018276762402,run-20260727-142725-9929,2026-07-27T14:27:25Z
vrf/VFR30_10_10_Gap,Small,30,10,IG-idle-greedy,456,1970,0.951334425015375,2.8720626631853787,run-20260727-142726-ddfc,2026-07-27T14:27:26Z
vrf/VFR30_10_10_Gap,Small,30,10,IG-idle-greedy,789,1967,0.972811046987772,2.715404699738903,run-20260727-142727-0707,2026-07-27T14:27:27Z
vrf/VFR30_10_10_Gap,Small,30,10,IG-idle-greedy,2025,1959,0.9727416330715641,2.297650130548303,run-20260727-142728-a70e,2026-07-27T14:27:28Z
vrf/VFR30_10_1_Gap,Small,30,10,IG-idle-greedy,42,1995,0.9672017759876326,2.623456790123457,run-20260727-142729-fcfb,2026-07-27T14:27:29Z
vrf/VFR30_10_1_Gap,Small,30,10,IG-idle-greedy,123,1995,0.9616305440431461,2.623456790123457,run-20260727-142730-9bd0,2026-07-27T14:27:30Z
vrf/VFR30_10_1_Gap,Small,30,10,IG-idle-greedy,456,1976,1.0067879420239478,1.646090534979424,run-20260727-142731-836e,2026-07-27T14:27:31Z
vrf/VFR30_10_1_Gap,Small,30,10,IG-idle-greedy,789,2005,1.7505159589927644,3.1378600823045266,run-20260727-142733-357b,2026-07-27T14:27:33Z
vrf/VFR30_10_1_Gap,Small,30,10,IG-idle-greedy,2025,1986,0.9645673230988905,2.1604938271604937,run-20260727-142734-9676,2026-07-27T14:27:34Z
vrf/VFR30_10_2_Gap,Small,30,10,IG-idle-greedy,42,2152,0.9499099070671946,2.573879885605338,run-20260727-142735-4a12,2026-07-27T14:27:35Z
vrf/VFR30_10_2_Gap,Small,30,10,IG-idle-greedy,123,2152,0.9508018650813028,2.573879885605338,run-20260727-142736-8a9a,2026-07-27T14:27:36Z
vrf/VFR30_10_2_Gap,Small,30,10,IG-idle-greedy,456,2161,1.7535942449467257,3.0028598665395614,run-20260727-142738-94ed,2026-07-27T14:27:38Z
vrf/VFR30_10_2_Gap,Small,30,10,IG-idle-greedy,789,2152,0.9497896539978683,2.573879885605338,run-20260727-142739-cc6c,2026-07-27T14:27:39Z
vrf/VFR30_10_2_Gap,Small,30,10,IG-idle-greedy,2025,2152,0.957568223006092,2.573879885605338,run-20260727-142740-7dc1,2026-07-27T14:27:40Z
vrf/VFR30_10_3_Gap,Small,30,10,IG-idle-greedy,42,2139,0.95827761804685,2.985074626865672,run-20260727-142741-1eff,2026-07-27T14:27:41Z
vrf/VFR30_10_3_Gap,Small,30,10,IG-idle-greedy,123,2138,0.9538464769721031,2.936928261916225,run-20260727-142741-f8a9,2026-07-27T14:27:41Z
vrf/VFR30_10_3_Gap,Small,30,10,IG-idle-greedy,456,2126,1.779218713985756,2.3591718825228694,run-20260727-142743-1ac2,2026-07-27T14:27:43Z
vrf/VFR30_10_3_Gap,Small,30,10,IG-idle-greedy,789,2127,0.9540570490062237,2.407318247472316,run-20260727-142744-6da2,2026-07-27T14:27:44Z
vrf/VFR30_10_3_Gap,Small,30,10,IG-idle-greedy,2025,2139,0.9535362209426239,2.985074626865672,run-20260727-142745-8727,2026-07-27T14:27:45Z
vrf/VFR30_10_4_Gap,Small,30,10,IG-idle-greedy,42,2006,0.9677796659525484,3.1362467866323906,run-20260727-142746-e137,2026-07-27T14:27:46Z
vrf/VFR30_10_4_Gap,Small,30,10,IG-idle-greedy,123,2047,0.9517183949938044,5.244215938303342,run-20260727-142747-b239,2026-07-27T14:27:47Z
vrf/VFR30_10_4_Gap,Small,30,10,IG-idle-greedy,456,2042,1.777055228012614,4.987146529562982,run-20260727-142749-9a0a,2026-07-27T14:27:49Z
vrf/VFR30_10_4_Gap,Small,30,10,IG-idle-greedy,789,2030,0.9881332090590149,4.370179948586118,run-20260727-142750-6e6e,2026-07-27T14:27:50Z
vrf/VFR30_10_4_Gap,Small,30,10,IG-idle-greedy,2025,2042,0.9569895650492981,4.987146529562982,run-20260727-142751-919b,2026-07-27T14:27:51Z
vrf/VFR30_10_5_Gap,Small,30,10,IG-idle-greedy,42,2099,0.957032134057954,3.7567968363816115,run-20260727-142752-0762,2026-07-27T14:27:52Z
vrf/VFR30_10_5_Gap,Small,30,10,IG-idle-greedy,123,2107,0.9571311579784378,4.1522491349480966,run-20260727-142753-c45a,2026-07-27T14:27:53Z
vrf/VFR30_10_5_Gap,Small,30,10,IG-idle-greedy,456,2107,0.9509957650443539,4.1522491349480966,run-20260727-142754-4b77,2026-07-27T14:27:54Z
vrf/VFR30_10_5_Gap,Small,30,10,IG-idle-greedy,789,2107,0.9553708219900727,4.1522491349480966,run-20260727-142755-fc99,2026-07-27T14:27:55Z
vrf/VFR30_10_5_Gap,Small,30,10,IG-idle-greedy,2025,2099,0.9535023589851335,3.7567968363816115,run-20260727-142756-fc18,2026-07-27T14:27:56Z
vrf/VFR30_10_6_Gap,Small,30,10,IG-idle-greedy,42,2095,0.9525537409354001,2.5452765540871267,run-20260727-142757-87d4,2026-07-27T14:27:57Z
vrf/VFR30_10_6_Gap,Small,30,10,IG-idle-greedy,123,2112,0.9519116400042549,3.3773861967694567,run-20260727-142757-7d92,2026-07-27T14:27:57Z
vrf/VFR30_10_6_Gap,Small,30,10,IG-idle-greedy,456,2084,0.9617501619504765,2.006852667645619,run-20260727-142758-2fb6,2026-07-27T14:27:58Z
vrf/VFR30_10_6_Gap,Small,30,10,IG-idle-greedy,789,2093,0.9515380429802462,2.447381302006853,run-20260727-142759-d223,2026-07-27T14:27:59Z
vrf/VFR30_10_6_Gap,Small,30,10,IG-idle-greedy,2025,2103,0.969342099968344,2.9368575624082234,run-20260727-142800-70eb,2026-07-27T14:28:00Z
vrf/VFR30_10_7_Gap,Small,30,10,IG-idle-greedy,42,2007,2.08806281699799,2.0335536349771224,run-20260727-142802-5e4f,2026-07-27T14:28:02Z
vrf/VFR30_10_7_Gap,Small,30,10,IG-idle-greedy,123,2020,1.9752019410952926,2.694458566344687,run-20260727-142804-bb1f,2026-07-27T14:28:04Z
vrf/VFR30_10_7_Gap,Small,30,10,IG-idle-greedy,456,2026,0.9605359130073339,2.9994916115912558,run-20260727-142805-8b6f,2026-07-27T14:28:05Z
vrf/VFR30_10_7_Gap,Small,30,10,IG-idle-greedy,789,2030,0.950607817969285,3.202846975088968,run-20260727-142806-723c,2026-07-27T14:28:06Z
vrf/VFR30_10_7_Gap,Small,30,10,IG-idle-greedy,2025,2025,0.9635668749688193,2.9486527707168277,run-20260727-142807-7585,2026-07-27T14:28:07Z
vrf/VFR30_10_8_Gap,Small,30,10,IG-idle-greedy,42,1959,0.9710520119406283,3.3227848101265822,run-20260727-142808-062b,2026-07-27T14:28:08Z
vrf/VFR30_10_8_Gap,Small,30,10,IG-idle-greedy,123,1951,0.9669287799624726,2.9008438818565403,run-20260727-142809-8b9d,2026-07-27T14:28:09Z
vrf/VFR30_10_8_Gap,Small,30,10,IG-idle-greedy,456,1971,0.9586938210995868,3.9556962025316458,run-20260727-142810-061c,2026-07-27T14:28:10Z
vrf/VFR30_10_8_Gap,Small,30,10,IG-idle-greedy,789,1931,1.4749328600009903,1.8459915611814346,run-20260727-142812-6079,2026-07-27T14:28:12Z
vrf/VFR30_10_8_Gap,Small,30,10,IG-idle-greedy,2025,1953,0.9613556830445305,3.0063291139240507,run-20260727-142813-314e,2026-07-27T14:28:13Z
vrf/VFR30_10_9_Gap,Small,30,10,IG-idle-greedy,42,1934,1.2959163419436663,1.3626834381551363,run-20260727-142814-c0d7,2026-07-27T14:28:14Z
vrf/VFR30_10_9_Gap,Small,30,10,IG-idle-greedy,123,2002,0.9491663000080734,4.926624737945493,run-20260727-142815-58ea,2026-07-27T14:28:15Z
vrf/VFR30_10_9_Gap,Small,30,10,IG-idle-greedy,456,1934,1.7715897299349308,1.3626834381551363,run-20260727-142817-10ef,2026-07-27T14:28:17Z
vrf/VFR30_10_9_Gap,Small,30,10,IG-idle-greedy,789,1993,0.9514317449647933,4.454926624737945,run-20260727-142818-f773,2026-07-27T14:28:18Z
vrf/VFR30_10_9_Gap,Small,30,10,IG-idle-greedy,2025,1931,0.964589103939943,1.2054507337526206,run-20260727-142819-03ee,2026-07-27T14:28:19Z
vrf/VFR30_15_10_Gap,Small,30,15,IG-idle-greedy,42,2478,1.36710963700898,3.89937106918239,run-20260727-142820-5be8,2026-07-27T14:28:20Z
vrf/VFR30_15_10_Gap,Small,30,15,IG-idle-greedy,123,2473,1.3815432640258223,3.689727463312369,run-20260727-142821-1f36,2026-07-27T14:28:21Z
vrf/VFR30_15_10_Gap,Small,30,15,IG-idle-greedy,456,2480,1.372544237994589,3.9832285115303985,run-20260727-142823-24bc,2026-07-27T14:28:23Z
vrf/VFR30_15_10_Gap,Small,30,15,IG-idle-greedy,789,2467,1.385396650992334,3.438155136268344,run-20260727-142824-eb18,2026-07-27T14:28:24Z
vrf/VFR30_15_10_Gap,Small,30,15,IG-idle-greedy,2025,2433,2.6726010319544002,2.0125786163522013,run-20260727-142827-1bb9,2026-07-27T14:28:27Z
vrf/VFR30_15_1_Gap,Small,30,15,IG-idle-greedy,42,2470,1.3708743130555376,3.7379252414951702,run-20260727-142828-d902,2026-07-27T14:28:28Z
vrf/VFR30_15_1_Gap,Small,30,15,IG-idle-greedy,123,2444,1.3930433890782297,2.6459470810583787,run-20260727-142830-a6fc,2026-07-27T14:28:30Z
vrf/VFR30_15_1_Gap,Small,30,15,IG-idle-greedy,456,2430,1.4501214060001075,2.0579588408231837,run-20260727-142831-54ed,2026-07-27T14:28:31Z
vrf/VFR30_15_1_Gap,Small,30,15,IG-idle-greedy,789,2513,1.3736946729477495,5.543889122217555,run-20260727-142832-0d13,2026-07-27T14:28:32Z
vrf/VFR30_15_1_Gap,Small,30,15,IG-idle-greedy,2025,2466,2.5322978029726073,3.5699286014279714,run-20260727-142835-e174,2026-07-27T14:28:35Z
vrf/VFR30_15_2_Gap,Small,30,15,IG-idle-greedy,42,2436,1.3647334699053317,5.090595340811044,run-20260727-142836-9ab8,2026-07-27T14:28:36Z
vrf/VFR30_15_2_Gap,Small,30,15,IG-idle-greedy,123,2436,1.3666038049850613,5.090595340811044,run-20260727-142838-f092,2026-07-27T14:28:38Z
vrf/VFR30_15_2_Gap,Small,30,15,IG-idle-greedy,456,2423,1.3722934409743175,4.5297670405522,run-20260727-142839-486a,2026-07-27T14:28:39Z
vrf/VFR30_15_2_Gap,Small,30,15,IG-idle-greedy,789,2436,1.3667460069991648,5.090595340811044,run-20260727-142840-c098,2026-07-27T14:28:40Z
vrf/VFR30_15_2_Gap,Small,30,15,IG-idle-greedy,2025,2436,1.370058101019822,5.090595340811044,run-20260727-142842-53c7,2026-07-27T14:28:42Z
vrf/VFR30_15_3_Gap,Small,30,15,IG-idle-greedy,42,2376,1.3878877700772136,3.125,run-20260727-142843-f01d,2026-07-27T14:28:43Z
vrf/VFR30_15_3_Gap,Small,30,15,IG-idle-greedy,123,2419,1.372394188074395,4.991319444444445,run-20260727-142845-875d,2026-07-27T14:28:45Z
vrf/VFR30_15_3_Gap,Small,30,15,IG-idle-greedy,456,2419,1.3760594089981169,4.991319444444445,run-20260727-142846-a9f7,2026-07-27T14:28:46Z
vrf/VFR30_15_3_Gap,Small,30,15,IG-idle-greedy,789,2386,1.4172184390481561,3.5590277777777777,run-20260727-142847-16b7,2026-07-27T14:28:47Z
vrf/VFR30_15_3_Gap,Small,30,15,IG-idle-greedy,2025,2385,1.3820518259890378,3.515625,run-20260727-142849-f874,2026-07-27T14:28:49Z
vrf/VFR30_15_4_Gap,Small,30,15,IG-idle-greedy,42,2544,1.3707146010128781,4.091653027823241,run-20260727-142850-6b0c,2026-07-27T14:28:50Z
vrf/VFR30_15_4_Gap,Small,30,15,IG-idle-greedy,123,2550,1.381607957999222,4.337152209492635,run-20260727-142851-cb9f,2026-07-27T14:28:51Z
vrf/VFR30_15_4_Gap,Small,30,15,IG-idle-greedy,456,2544,1.3890877879457548,4.091653027823241,run-20260727-142853-e98a,2026-07-27T14:28:53Z
vrf/VFR30_15_4_Gap,Small,30,15,IG-idle-greedy,789,2511,2.5726983239874244,2.741407528641571,run-20260727-142855-9efd,2026-07-27T14:28:55Z
vrf/VFR30_15_4_Gap,Small,30,15,IG-idle-greedy,2025,2485,1.4297235059784725,1.6775777414075286,run-20260727-142857-19af,2026-07-27T14:28:57Z
vrf/VFR30_15_5_Gap,Small,30,15,IG-idle-greedy,42,2452,1.3832476729294285,1.1968633924886505,run-20260727-142858-72d3,2026-07-27T14:28:58Z
vrf/VFR30_15_5_Gap,Small,30,15,IG-idle-greedy,123,2489,1.3660309909610078,2.723895996698308,run-20260727-142900-2f85,2026-07-27T14:29:00Z
vrf/VFR30_15_5_Gap,Small,30,15,IG-idle-greedy,456,2469,1.3671308750053868,1.8984729673957903,run-20260727-142901-e3d3,2026-07-27T14:29:01Z
vrf/VFR30_15_5_Gap,Small,30,15,IG-idle-greedy,789,2448,2.6010920100379735,1.031778786628147,run-20260727-142904-123e,2026-07-27T14:29:04Z
vrf/VFR30_15_5_Gap,Small,30,15,IG-idle-greedy,2025,2452,1.3686994599411264,1.1968633924886505,run-20260727-142905-320d,2026-07-27T14:29:05Z
vrf/VFR30_15_6_Gap,Small,30,15,IG-idle-greedy,42,2412,1.3628618530929089,4.5967042497831745,run-20260727-142906-48d6,2026-07-27T14:29:06Z
vrf/VFR30_15_6_Gap,Small,30,15,IG-idle-greedy,123,2369,1.3685617599403486,2.7320034692107544,run-20260727-142908-ad63,2026-07-27T14:29:08Z
vrf/VFR30_15_6_Gap,Small,30,15,IG-idle-greedy,456,2365,2.1998408579966053,2.5585429314830876,run-20260727-142910-4778,2026-07-27T14:29:10Z
vrf/VFR30_15_6_Gap,Small,30,15,IG-idle-greedy,789,2412,1.3702065059915185,4.5967042497831745,run-20260727-142911-341b,2026-07-27T14:29:11Z
vrf/VFR30_15_6_Gap,Small,30,15,IG-idle-greedy,2025,2390,1.3767935279756784,3.642671292281006,run-20260727-142913-722d,2026-07-27T14:29:13Z
vrf/VFR30_15_7_Gap,Small,30,15,IG-idle-greedy,42,2403,1.379871853045188,3.756476683937824,run-20260727-142914-e728,2026-07-27T14:29:14Z
vrf/VFR30_15_7_Gap,Small,30,15,IG-idle-greedy,123,2391,1.3719515450065956,3.238341968911917,run-20260727-142915-a92f,2026-07-27T14:29:15Z
vrf/VFR30_15_7_Gap,Small,30,15,IG-idle-greedy,456,2403,1.3641106740105897,3.756476683937824,run-20260727-142917-8bea,2026-07-27T14:29:17Z
vrf/VFR30_15_7_Gap,Small,30,15,IG-idle-greedy,789,2382,1.619163759984076,2.849740932642487,run-20260727-142918-91f9,2026-07-27T14:29:18Z
vrf/VFR30_15_7_Gap,Small,30,15,IG-idle-greedy,2025,2382,2.5445317450212315,2.849740932642487,run-20260727-142921-865c,2026-07-27T14:29:21Z
vrf/VFR30_15_8_Gap,Small,30,15,IG-idle-greedy,42,2434,1.3971500899642706,2.8740490278951816,run-20260727-142922-f424,2026-07-27T14:29:22Z
vrf/VFR30_15_8_Gap,Small,30,15,IG-idle-greedy,123,2468,2.852723755990155,4.311073541842773,run-20260727-142925-14f3,2026-07-27T14:29:25Z
vrf/VFR30_15_8_Gap,Small,30,15,IG-idle-greedy,456,2445,1.40749353391584,3.338968723584108,run-20260727-142927-3d8f,2026-07-27T14:29:27Z
vrf/VFR30_15_8_Gap,Small,30,15,IG-idle-greedy,789,2436,1.3851814719382674,2.9585798816568047,run-20260727-142928-facc,2026-07-27T14:29:28Z
vrf/VFR30_15_8_Gap,Small,30,15,IG-idle-greedy,2025,2426,2.532983749988489,2.53592561284869,run-20260727-142931-f651,2026-07-27T14:29:31Z
vrf/VFR30_15_9_Gap,Small,30,15,IG-idle-greedy,42,2294,1.751138843013905,1.5493581230633025,run-20260727-142932-cce5,2026-07-27T14:29:32Z
vrf/VFR30_15_9_Gap,Small,30,15,IG-idle-greedy,123,2323,1.3750852979719639,2.83311199645861,run-20260727-142934-c045,2026-07-27T14:29:34Z
vrf/VFR30_15_9_Gap,Small,30,15,IG-idle-greedy,456,2288,1.442583117983304,1.2837538733953076,run-20260727-142935-a2e7,2026-07-27T14:29:35Z
vrf/VFR30_15_9_Gap,Small,30,15,IG-idle-greedy,789,2341,1.367896076058969,3.6299247454625942,run-20260727-142936-ea1c,2026-07-27T14:29:36Z
vrf/VFR30_15_9_Gap,Small,30,15,IG-idle-greedy,2025,2344,1.3731073470553383,3.7627268702965915,run-20260727-142938-f23a,2026-07-27T14:29:38Z
vrf/VFR30_20_10_Gap,Small,30,20,IG-idle-greedy,42,2904,1.7812162479385734,3.5294117647058822,run-20260727-142940-b0f0,2026-07-27T14:29:40Z
vrf/VFR30_20_10_Gap,Small,30,20,IG-idle-greedy,123,2844,1.7932147039100528,1.3903743315508021,run-20260727-142941-d330,2026-07-27T14:29:41Z
vrf/VFR30_20_10_Gap,Small,30,20,IG-idle-greedy,456,2909,1.8034806419163942,3.7076648841354722,run-20260727-142943-5e28,2026-07-27T14:29:43Z
vrf/VFR30_20_10_Gap,Small,30,20,IG-idle-greedy,789,2897,1.784276464022696,3.2798573975044563,run-20260727-142945-cde2,2026-07-27T14:29:45Z
vrf/VFR30_20_10_Gap,Small,30,20,IG-idle-greedy,2025,2854,1.8488806539680809,1.7468805704099821,run-20260727-142947-f9a9,2026-07-27T14:29:47Z
vrf/VFR30_20_1_Gap,Small,30,20,IG-idle-greedy,42,2699,1.7995748770190403,2.1188043889519483,run-20260727-142949-6fa2,2026-07-27T14:29:49Z
vrf/VFR30_20_1_Gap,Small,30,20,IG-idle-greedy,123,2714,2.0922340400284156,2.686341278849792,run-20260727-142951-b1be,2026-07-27T14:29:51Z
vrf/VFR30_20_1_Gap,Small,30,20,IG-idle-greedy,456,2727,1.8059622690780088,3.1782065834279227,run-20260727-142953-9743,2026-07-27T14:29:53Z
vrf/VFR30_20_1_Gap,Small,30,20,IG-idle-greedy,789,2699,3.737933903001249,2.1188043889519483,run-20260727-142956-b4cd,2026-07-27T14:29:56Z
vrf/VFR30_20_1_Gap,Small,30,20,IG-idle-greedy,2025,2735,1.803116719936952,3.480892924706773,run-20260727-142958-c270,2026-07-27T14:29:58Z
vrf/VFR30_20_2_Gap,Small,30,20,IG-idle-greedy,42,2944,3.306079189060256,3.8447971781305115,run-20260727-143001-10d9,2026-07-27T14:30:01Z
vrf/VFR30_20_2_Gap,Small,30,20,IG-idle-greedy,123,2907,1.9261511410586536,2.5396825396825395,run-20260727-143003-2df5,2026-07-27T14:30:03Z
vrf/VFR30_20_2_Gap,Small,30,20,IG-idle-greedy,456,2995,1.785285401972942,5.64373897707231,run-20260727-143005-34b8,2026-07-27T14:30:05Z
vrf/VFR30_20_2_Gap,Small,30,20,IG-idle-greedy,789,2995,1.7776125309756026,5.64373897707231,run-20260727-143007-7625,2026-07-27T14:30:07Z
vrf/VFR30_20_2_Gap,Small,30,20,IG-idle-greedy,2025,2918,1.802479577017948,2.927689594356261,run-20260727-143009-8ea4,2026-07-27T14:30:09Z
vrf/VFR30_20_3_Gap,Small,30,20,IG-idle-greedy,42,2843,3.643413055106066,2.1559468199784404,run-20260727-143012-e4ca,2026-07-27T14:30:12Z
vrf/VFR30_20_3_Gap,Small,30,20,IG-idle-greedy,123,2849,1.822565235896036,2.3715415019762847,run-20260727-143014-2984,2026-07-27T14:30:14Z
vrf/VFR30_20_3_Gap,Small,30,20,IG-idle-greedy,456,2872,1.78796504100319,3.19798778296802,run-20260727-143016-350a,2026-07-27T14:30:16Z
vrf/VFR30_20_3_Gap,Small,30,20,IG-idle-greedy,789,2900,1.7871561259962618,4.204096298957959,run-20260727-143018-ba62,2026-07-27T14:30:18Z
vrf/VFR30_20_3_Gap,Small,30,20,IG-idle-greedy,2025,2844,3.33867715310771,2.191879266978081,run-20260727-143021-cc13,2026-07-27T14:30:21Z
vrf/VFR30_20_4_Gap,Small,30,20,IG-idle-greedy,42,2787,3.293225844972767,3.9925373134328357,run-20260727-143024-3f2b,2026-07-27T14:30:24Z
vrf/VFR30_20_4_Gap,Small,30,20,IG-idle-greedy,123,2794,1.7857233559479937,4.253731343283582,run-20260727-143026-4df0,2026-07-27T14:30:26Z
vrf/VFR30_20_4_Gap,Small,30,20,IG-idle-greedy,456,2755,3.3108296719146892,2.798507462686567,run-20260727-143029-f987,2026-07-27T14:30:29Z
vrf/VFR30_20_4_Gap,Small,30,20,IG-idle-greedy,789,2779,1.8082192550646141,3.6940298507462686,run-20260727-143031-b738,2026-07-27T14:30:31Z
vrf/VFR30_20_4_Gap,Small,30,20,IG-idle-greedy,2025,2763,3.8064542170614004,3.0970149253731343,run-20260727-143035-c1d8,2026-07-27T14:30:35Z
vrf/VFR30_20_5_Gap,Small,30,20,IG-idle-greedy,42,2736,3.460447590914555,2.395209580838323,run-20260727-143039-1319,2026-07-27T14:30:39Z
vrf/VFR30_20_5_Gap,Small,30,20,IG-idle-greedy,123,2746,1.792503442033194,2.769461077844311,run-20260727-143040-9e93,2026-07-27T14:30:40Z
vrf/VFR30_20_5_Gap,Small,30,20,IG-idle-greedy,456,2747,1.8095536769833416,2.80688622754491,run-20260727-143042-be18,2026-07-27T14:30:42Z
vrf/VFR30_20_5_Gap,Small,30,20,IG-idle-greedy,789,2763,1.7838040819624439,3.405688622754491,run-20260727-143044-530b,2026-07-27T14:30:44Z
vrf/VFR30_20_5_Gap,Small,30,20,IG-idle-greedy,2025,2757,1.794800475006923,3.181137724550898,run-20260727-143046-5a82,2026-07-27T14:30:46Z
vrf/VFR30_20_6_Gap,Small,30,20,IG-idle-greedy,42,2811,3.5482523419195786,3.5359116022099446,run-20260727-143049-812a,2026-07-27T14:30:49Z
vrf/VFR30_20_6_Gap,Small,30,20,IG-idle-greedy,123,2776,1.962274375022389,2.2467771639042358,run-20260727-143051-8f6e,2026-07-27T14:30:51Z
vrf/VFR30_20_6_Gap,Small,30,20,IG-idle-greedy,456,2783,2.499719872022979,2.5046040515653774,run-20260727-143054-297c,2026-07-27T14:30:54Z
vrf/VFR30_20_6_Gap,Small,30,20,IG-idle-greedy,789,2812,1.910467713023536,3.572744014732965,run-20260727-143056-152f,2026-07-27T14:30:56Z
vrf/VFR30_20_6_Gap,Small,30,20,IG-idle-greedy,2025,2796,1.8376336300279945,2.983425414364641,run-20260727-143058-3561,2026-07-27T14:30:58Z
vrf/VFR30_20_7_Gap,Small,30,20,IG-idle-greedy,42,2811,1.7817152029601857,3.650442477876106,run-20260727-143059-18f5,2026-07-27T14:30:59Z
vrf/VFR30_20_7_Gap,Small,30,20,IG-idle-greedy,123,2811,1.8004692560061812,3.650442477876106,run-20260727-143101-c38c,2026-07-27T14:31:01Z
vrf/VFR30_20_7_Gap,Small,30,20,IG-idle-greedy,456,2811,1.789128610980697,3.650442477876106,run-20260727-143103-f68a,2026-07-27T14:31:03Z
vrf/VFR30_20_7_Gap,Small,30,20,IG-idle-greedy,789,2811,1.78643859596923,3.650442477876106,run-20260727-143105-2bcd,2026-07-27T14:31:05Z
vrf/VFR30_20_7_Gap,Small,30,20,IG-idle-greedy,2025,2810,1.8254775840323418,3.6135693215339235,run-20260727-143107-a579,2026-07-27T14:31:07Z
vrf/VFR30_20_8_Gap,Small,30,20,IG-idle-greedy,42,2873,1.9345274158986285,2.1692745376955904,run-20260727-143108-94fe,2026-07-27T14:31:08Z
vrf/VFR30_20_8_Gap,Small,30,20,IG-idle-greedy,123,2911,1.8086092598969117,3.5206258890469417,run-20260727-143110-9956,2026-07-27T14:31:10Z
vrf/VFR30_20_8_Gap,Small,30,20,IG-idle-greedy,456,2905,4.511725078918971,3.3072546230440967,run-20260727-143115-96d7,2026-07-27T14:31:15Z
vrf/VFR30_20_8_Gap,Small,30,20,IG-idle-greedy,789,2910,1.8068754420382902,3.485064011379801,run-20260727-143117-7632,2026-07-27T14:31:17Z
vrf/VFR30_20_8_Gap,Small,30,20,IG-idle-greedy,2025,2928,1.7870918530970812,4.125177809388336,run-20260727-143118-90bb,2026-07-27T14:31:18Z
vrf/VFR30_20_9_Gap,Small,30,20,IG-idle-greedy,42,2847,1.7889171759597957,1.8604651162790697,run-20260727-143120-7b2b,2026-07-27T14:31:20Z
vrf/VFR30_20_9_Gap,Small,30,20,IG-idle-greedy,123,2860,1.7955038219224662,2.3255813953488373,run-20260727-143122-99ce,2026-07-27T14:31:22Z
vrf/VFR30_20_9_Gap,Small,30,20,IG-idle-greedy,456,2865,1.7875113129848614,2.5044722719141324,run-20260727-143124-99f4,2026-07-27T14:31:24Z
vrf/VFR30_20_9_Gap,Small,30,20,IG-idle-greedy,789,2867,1.793303822982125,2.5760286225402504,run-20260727-143126-8efe,2026-07-27T14:31:26Z
vrf/VFR30_20_9_Gap,Small,30,20,IG-idle-greedy,2025,2851,1.803345147985965,2.0035778175313057,run-20260727-143127-1066,2026-07-27T14:31:27Z
vrf/VFR30_5_10_Gap,Small,30,5,IG-idle-greedy,42,1639,0.5639409360010177,0.12217470983506414,run-20260727-143128-1bf3,2026-07-27T14:31:28Z
vrf/VFR30_5_10_Gap,Small,30,5,IG-idle-greedy,123,1644,0.5339869370218366,0.4276114844227245,run-20260727-143128-ccd1,2026-07-27T14:31:28Z
vrf/VFR30_5_10_Gap,Small,30,5,IG-idle-greedy,456,1637,0.5730552219320089,0.0,run-20260727-143129-ca25,2026-07-27T14:31:29Z
vrf/VFR30_5_10_Gap,Small,30,5,IG-idle-greedy,789,1640,0.5361467209877446,0.1832620647525962,run-20260727-143130-50b2,2026-07-27T14:31:30Z
vrf/VFR30_5_10_Gap,Small,30,5,IG-idle-greedy,2025,1637,0.5499165599467233,0.0,run-20260727-143130-1bba,2026-07-27T14:31:30Z
vrf/VFR30_5_1_Gap,Small,30,5,IG-idle-greedy,42,1805,0.5299566310131922,0.0,run-20260727-143131-31e4,2026-07-27T14:31:31Z
vrf/VFR30_5_1_Gap,Small,30,5,IG-idle-greedy,123,1809,1.1199283230816945,0.22160664819944598,run-20260727-143132-5af6,2026-07-27T14:31:32Z
vrf/VFR30_5_1_Gap,Small,30,5,IG-idle-greedy,456,1805,0.5554463530424982,0.0,run-20260727-143132-4e90,2026-07-27T14:31:32Z
vrf/VFR30_5_1_Gap,Small,30,5,IG-idle-greedy,789,1805,0.5379094129893929,0.0,run-20260727-143133-b99a,2026-07-27T14:31:33Z
vrf/VFR30_5_1_Gap,Small,30,5,IG-idle-greedy,2025,1805,0.5341866739327088,0.0,run-20260727-143133-80a2,2026-07-27T14:31:33Z
vrf/VFR30_5_2_Gap,Small,30,5,IG-idle-greedy,42,1575,0.8029462419217452,0.0,run-20260727-143134-8cf0,2026-07-27T14:31:34Z
vrf/VFR30_5_2_Gap,Small,30,5,IG-idle-greedy,123,1591,1.0264824880287051,1.0158730158730158,run-20260727-143135-8e4f,2026-07-27T14:31:35Z
vrf/VFR30_5_2_Gap,Small,30,5,IG-idle-greedy,456,1592,0.534114689915441,1.0793650793650793,run-20260727-143136-881c,2026-07-27T14:31:36Z
vrf/VFR30_5_2_Gap,Small,30,5,IG-idle-greedy,789,1596,0.5307133980095387,1.3333333333333333,run-20260727-143136-0c49,2026-07-27T14:31:36Z
vrf/VFR30_5_2_Gap,Small,30,5,IG-idle-greedy,2025,1596,0.5436027160612866,1.3333333333333333,run-20260727-143137-a383,2026-07-27T14:31:37Z
vrf/VFR30_5_3_Gap,Small,30,5,IG-idle-greedy,42,1703,0.5278391619212925,1.7931858936043037,run-20260727-143137-2004,2026-07-27T14:31:37Z
vrf/VFR30_5_3_Gap,Small,30,5,IG-idle-greedy,123,1709,0.5263372709741816,2.1518230723251643,run-20260727-143138-32d7,2026-07-27T14:31:38Z
vrf/VFR30_5_3_Gap,Small,30,5,IG-idle-greedy,456,1703,0.528514186036773,1.7931858936043037,run-20260727-143138-e004,2026-07-27T14:31:38Z
vrf/VFR30_5_3_Gap,Small,30,5,IG-idle-greedy,789,1703,0.5279169569257647,1.7931858936043037,run-20260727-143139-b307,2026-07-27T14:31:39Z
vrf/VFR30_5_3_Gap,Small,30,5,IG-idle-greedy,2025,1703,0.5270724699366838,1.7931858936043037,run-20260727-143139-3d87,2026-07-27T14:31:39Z
vrf/VFR30_5_4_Gap,Small,30,5,IG-idle-greedy,42,1781,0.9785784959094599,0.0,run-20260727-143140-2ac2,2026-07-27T14:31:40Z
vrf/VFR30_5_4_Gap,Small,30,5,IG-idle-greedy,123,1781,0.5285220100777224,0.0,run-20260727-143141-d517,2026-07-27T14:31:41Z
vrf/VFR30_5_4_Gap,Small,30,5,IG-idle-greedy,456,1781,0.9764548040693626,0.0,run-20260727-143142-783d,2026-07-27T14:31:42Z
vrf/VFR30_5_4_Gap,Small,30,5,IG-idle-greedy,789,1781,0.9673525219550356,0.0,run-20260727-143143-81f3,2026-07-27T14:31:43Z
vrf/VFR30_5_4_Gap,Small,30,5,IG-idle-greedy,2025,1781,0.5287644559284672,0.0,run-20260727-143143-95e4,2026-07-27T14:31:43Z
vrf/VFR30_5_5_Gap,Small,30,5,IG-idle-greedy,42,1715,0.5355516140116379,0.46865846514352666,run-20260727-143144-4716,2026-07-27T14:31:44Z
vrf/VFR30_5_5_Gap,Small,30,5,IG-idle-greedy,123,1715,0.5317026829579845,0.46865846514352666,run-20260727-143145-69dd,2026-07-27T14:31:45Z
vrf/VFR30_5_5_Gap,Small,30,5,IG-idle-greedy,456,1715,0.536841819062829,0.46865846514352666,run-20260727-143145-0d58,2026-07-27T14:31:45Z
vrf/VFR30_5_5_Gap,Small,30,5,IG-idle-greedy,789,1715,0.5281479659024626,0.46865846514352666,run-20260727-143146-def1,2026-07-27T14:31:46Z
vrf/VFR30_5_5_Gap,Small,30,5,IG-idle-greedy,2025,1715,0.549509648932144,0.46865846514352666,run-20260727-143146-f5ff,2026-07-27T14:31:46Z
vrf/VFR30_5_6_Gap,Small,30,5,IG-idle-greedy,42,1875,0.5364314650651067,0.0,run-20260727-143147-c371,2026-07-27T14:31:47Z
vrf/VFR30_5_6_Gap,Small,30,5,IG-idle-greedy,123,1875,0.5389712129253894,0.0,run-20260727-143147-aca5,2026-07-27T14:31:47Z
vrf/VFR30_5_6_Gap,Small,30,5,IG-idle-greedy,456,1875,0.5376646040240303,0.0,run-20260727-143148-ab32,2026-07-27T14:31:48Z
vrf/VFR30_5_6_Gap,Small,30,5,IG-idle-greedy,789,1875,0.5402388160582632,0.0,run-20260727-143148-b5e7,2026-07-27T14:31:48Z
vrf/VFR30_5_6_Gap,Small,30,5,IG-idle-greedy,2025,1875,0.5367387890582904,0.0,run-20260727-143149-7114,2026-07-27T14:31:49Z
vrf/VFR30_5_7_Gap,Small,30,5,IG-idle-greedy,42,1749,0.5245509420055896,0.0,run-20260727-143149-c08a,2026-07-27T14:31:49Z
vrf/VFR30_5_7_Gap,Small,30,5,IG-idle-greedy,123,1749,0.525171012035571,0.0,run-20260727-143150-cba7,2026-07-27T14:31:50Z
vrf/VFR30_5_7_Gap,Small,30,5,IG-idle-greedy,456,1749,0.5299785040551797,0.0,run-20260727-143150-4f59,2026-07-27T14:31:50Z
vrf/VFR30_5_7_Gap,Small,30,5,IG-idle-greedy,789,1749,0.5258939740015194,0.0,run-20260727-143151-b0d3,2026-07-27T14:31:51Z
vrf/VFR30_5_7_Gap,Small,30,5,IG-idle-greedy,2025,1749,0.5259551679482684,0.0,run-20260727-143151-5e19,2026-07-27T14:31:51Z
vrf/VFR30_5_8_Gap,Small,30,5,IG-idle-greedy,42,1726,0.5302068040473387,1.1723329425556859,run-20260727-143152-d1d5,2026-07-27T14:31:52Z
vrf/VFR30_5_8_Gap,Small,30,5,IG-idle-greedy,123,1722,0.534034391050227,0.9378663540445487,run-20260727-143153-5650,2026-07-27T14:31:53Z
vrf/VFR30_5_8_Gap,Small,30,5,IG-idle-greedy,456,1736,1.0089376849355176,1.7584994138335288,run-20260727-143154-db88,2026-07-27T14:31:54Z
vrf/VFR30_5_8_Gap,Small,30,5,IG-idle-greedy,789,1741,0.5322554589947686,2.0515826494724503,run-20260727-143154-dd86,2026-07-27T14:31:54Z
vrf/VFR30_5_8_Gap,Small,30,5,IG-idle-greedy,2025,1730,0.5371870030649006,1.4067995310668229,run-20260727-143155-6ecc,2026-07-27T14:31:55Z
vrf/VFR30_5_9_Gap,Small,30,5,IG-idle-greedy,42,1735,0.5274367569945753,0.0,run-20260727-143155-da50,2026-07-27T14:31:55Z
vrf/VFR30_5_9_Gap,Small,30,5,IG-idle-greedy,123,1735,0.5286625410662964,0.0,run-20260727-143156-547a,2026-07-27T14:31:56Z
vrf/VFR30_5_9_Gap,Small,30,5,IG-idle-greedy,456,1735,0.5256052199983969,0.0,run-20260727-143156-f1c7,2026-07-27T14:31:56Z
vrf/VFR30_5_9_Gap,Small,30,5,IG-idle-greedy,789,1735,0.5248890550574288,0.0,run-20260727-143157-c088,2026-07-27T14:31:57Z
vrf/VFR30_5_9_Gap,Small,30,5,IG-idle-greedy,2025,1735,0.529489942942746,0.0,run-20260727-143157-4e27,2026-07-27T14:31:57Z
vrf/VFR40_10_10_Gap,Small,40,10,IG-idle-greedy,42,2529,1.2559465629747137,2.0581113801452786,run-20260727-143159-a87c,2026-07-27T14:31:59Z
vrf/VFR40_10_10_Gap,Small,40,10,IG-idle-greedy,123,2560,1.2426716859918088,3.3091202582728005,run-20260727-143200-ea3e,2026-07-27T14:32:00Z
vrf/VFR40_10_10_Gap,Small,40,10,IG-idle-greedy,456,2555,1.270980526925996,3.1073446327683616,run-20260727-143201-586d,2026-07-27T14:32:01Z
vrf/VFR40_10_10_Gap,Small,40,10,IG-idle-greedy,789,2567,1.2317888439865783,3.5916061339790155,run-20260727-143202-579a,2026-07-27T14:32:02Z
vrf/VFR40_10_10_Gap,Small,40,10,IG-idle-greedy,2025,2533,2.3522091150516644,2.2195318805488298,run-20260727-143205-074e,2026-07-27T14:32:05Z
vrf/VFR40_10_1_Gap,Small,40,10,IG-idle-greedy,42,2560,1.2423214750597253,3.225806451612903,run-20260727-143206-bd69,2026-07-27T14:32:06Z
vrf/VFR40_10_1_Gap,Small,40,10,IG-idle-greedy,123,2509,1.314845171989873,1.1693548387096775,run-20260727-143207-4798,2026-07-27T14:32:07Z
vrf/VFR40_10_1_Gap,Small,40,10,IG-idle-greedy,456,2561,1.2486701960442588,3.2661290322580645,run-20260727-143208-aa8f,2026-07-27T14:32:08Z
vrf/VFR40_10_1_Gap,Small,40,10,IG-idle-greedy,789,2556,1.2434231200022623,3.064516129032258,run-20260727-143210-e2c2,2026-07-27T14:32:10Z
vrf/VFR40_10_1_Gap,Small,40,10,IG-idle-greedy,2025,2567,1.2646053859498352,3.5080645161290325,run-20260727-143211-95a3,2026-07-27T14:32:11Z
vrf/VFR40_10_2_Gap,Small,40,10,IG-idle-greedy,42,2500,1.27553015796002,2.2913256955810146,run-20260727-143212-ff45,2026-07-27T14:32:12Z
vrf/VFR40_10_2_Gap,Small,40,10,IG-idle-greedy,123,2546,1.250730386003852,4.173486088379706,run-20260727-143213-dcc1,2026-07-27T14:32:13Z
vrf/VFR40_10_2_Gap,Small,40,10,IG-idle-greedy,456,2534,1.24150132201612,3.6824877250409167,run-20260727-143215-4cea,2026-07-27T14:32:15Z
vrf/VFR40_10_2_Gap,Small,40,10,IG-idle-greedy,789,2525,1.2489591350313276,3.314238952536825,run-20260727-143216-96e9,2026-07-27T14:32:16Z
vrf/VFR40_10_2_Gap,Small,40,10,IG-idle-greedy,2025,2546,1.2377044850727543,4.173486088379706,run-20260727-143217-7faa,2026-07-27T14:32:17Z
vrf/VFR40_10_3_Gap,Small,40,10,IG-idle-greedy,42,2442,1.2518423250876367,1.243781094527363,run-20260727-143218-0ebb,2026-07-27T14:32:18Z
vrf/VFR40_10_3_Gap,Small,40,10,IG-idle-greedy,123,2465,1.2408535170834512,2.197346600331675,run-20260727-143220-dd06,2026-07-27T14:32:20Z
vrf/VFR40_10_3_Gap,Small,40,10,IG-idle-greedy,456,2463,1.2460428430931643,2.1144278606965172,run-20260727-143221-052f,2026-07-27T14:32:21Z
vrf/VFR40_10_3_Gap,Small,40,10,IG-idle-greedy,789,2439,1.2632303630234674,1.1194029850746268,run-20260727-143222-1366,2026-07-27T14:32:22Z
vrf/VFR40_10_3_Gap,Small,40,10,IG-idle-greedy,2025,2464,1.2462867919821292,2.155887230514096,run-20260727-143223-4c39,2026-07-27T14:32:23Z
vrf/VFR40_10_4_Gap,Small,40,10,IG-idle-greedy,42,2537,1.272770386072807,2.629449838187702,run-20260727-143225-a0d5,2026-07-27T14:32:25Z
vrf/VFR40_10_4_Gap,Small,40,10,IG-idle-greedy,123,2524,1.3302060180576518,2.103559870550162,run-20260727-143226-f4f6,2026-07-27T14:32:26Z
vrf/VFR40_10_4_Gap,Small,40,10,IG-idle-greedy,456,2533,1.2450856340583414,2.4676375404530746,run-20260727-143227-26e5,2026-07-27T14:32:27Z
vrf/VFR40_10_4_Gap,Small,40,10,IG-idle-greedy,789,2543,1.254368147929199,2.872168284789644,run-20260727-143229-e56c,2026-07-27T14:32:29Z
vrf/VFR40_10_4_Gap,Small,40,10,IG-idle-greedy,2025,2530,2.438495918060653,2.3462783171521036,run-20260727-143231-97ed,2026-07-27T14:32:31Z
vrf/VFR40_10_5_Gap,Small,40,10,IG-idle-greedy,42,2474,1.249102839967236,2.020618556701031,run-20260727-143232-1891,2026-07-27T14:32:32Z
vrf/VFR40_10_5_Gap,Small,40,10,IG-idle-greedy,123,2525,1.2716357239987701,4.123711340206185,run-20260727-143234-aaf7,2026-07-27T14:32:34Z
vrf/VFR40_10_5_Gap,Small,40,10,IG-idle-greedy,456,2493,1.2944236849434674,2.804123711340206,run-20260727-143235-43ee,2026-07-27T14:32:35Z
vrf/VFR40_10_5_Gap,Small,40,10,IG-idle-greedy,789,2509,1.2584887960692868,3.463917525773196,run-20260727-143236-fae1,2026-07-27T14:32:36Z
vrf/VFR40_10_5_Gap,Small,40,10,IG-idle-greedy,2025,2479,1.298433437012136,2.2268041237113403,run-20260727-143237-b215,2026-07-27T14:32:37Z
vrf/VFR40_10_6_Gap,Small,40,10,IG-idle-greedy,42,2618,1.2538939289515838,2.7875932469572047,run-20260727-143239-820f,2026-07-27T14:32:39Z
vrf/VFR40_10_6_Gap,Small,40,10,IG-idle-greedy,123,2599,1.2583230859600008,2.0416175893207695,run-20260727-143240-65a3,2026-07-27T14:32:40Z
vrf/VFR40_10_6_Gap,Small,40,10,IG-idle-greedy,456,2608,1.2593699090648443,2.3949744797801333,run-20260727-143241-143d,2026-07-27T14:32:41Z
vrf/VFR40_10_6_Gap,Small,40,10,IG-idle-greedy,789,2632,1.282924488070421,3.337259521005104,run-20260727-143242-b389,2026-07-27T14:32:42Z
vrf/VFR40_10_6_Gap,Small,40,10,IG-idle-greedy,2025,2655,1.240783027955331,4.240282685512367,run-20260727-143244-8d10,2026-07-27T14:32:44Z
vrf/VFR40_10_7_Gap,Small,40,10,IG-idle-greedy,42,2598,1.2452494569588453,3.8784486205517794,run-20260727-143245-a9b6,2026-07-27T14:32:45Z
vrf/VFR40_10_7_Gap,Small,40,10,IG-idle-greedy,123,2598,1.2440688810311258,3.8784486205517794,run-20260727-143246-11da,2026-07-27T14:32:46Z
vrf/VFR40_10_7_Gap,Small,40,10,IG-idle-greedy,456,2598,1.2463738770456985,3.8784486205517794,run-20260727-143247-de8b,2026-07-27T14:32:47Z
vrf/VFR40_10_7_Gap,Small,40,10,IG-idle-greedy,789,2598,1.2549694379558787,3.8784486205517794,run-20260727-143249-27d6,2026-07-27T14:32:49Z
vrf/VFR40_10_7_Gap,Small,40,10,IG-idle-greedy,2025,2598,1.258552849991247,3.8784486205517794,run-20260727-143250-cf9f,2026-07-27T14:32:50Z
vrf/VFR40_10_8_Gap,Small,40,10,IG-idle-greedy,42,2554,1.2569037040229887,2.5291047771979125,run-20260727-143251-3bc2,2026-07-27T14:32:51Z
vrf/VFR40_10_8_Gap,Small,40,10,IG-idle-greedy,123,2550,2.929562887060456,2.3685266961059814,run-20260727-143254-79e9,2026-07-27T14:32:54Z
vrf/VFR40_10_8_Gap,Small,40,10,IG-idle-greedy,456,2546,1.2675021160393953,2.2079486150140504,run-20260727-143255-2531,2026-07-27T14:32:55Z
vrf/VFR40_10_8_Gap,Small,40,10,IG-idle-greedy,789,2545,1.2789664349984378,2.1678040947410677,run-20260727-143257-27a6,2026-07-27T14:32:57Z
vrf/VFR40_10_8_Gap,Small,40,10,IG-idle-greedy,2025,2550,1.27107114600949,2.3685266961059814,run-20260727-143258-249a,2026-07-27T14:32:58Z
vrf/VFR40_10_9_Gap,Small,40,10,IG-idle-greedy,42,2525,2.3556505689630285,4.728328494400664,run-20260727-143300-6550,2026-07-27T14:33:00Z
vrf/VFR40_10_9_Gap,Small,40,10,IG-idle-greedy,123,2525,2.3401242709951475,4.728328494400664,run-20260727-143303-d593,2026-07-27T14:33:03Z
vrf/VFR40_10_9_Gap,Small,40,10,IG-idle-greedy,456,2525,2.323402956011705,4.728328494400664,run-20260727-143305-b1bf,2026-07-27T14:33:05Z
vrf/VFR40_10_9_Gap,Small,40,10,IG-idle-greedy,789,2512,1.2930456020403653,4.189133139776026,run-20260727-143306-3755,2026-07-27T14:33:06Z
vrf/VFR40_10_9_Gap,Small,40,10,IG-idle-greedy,2025,2525,2.3237408060813323,4.728328494400664,run-20260727-143309-47b9,2026-07-27T14:33:09Z
vrf/VFR40_15_10_Gap,Small,40,15,IG-idle-greedy,42,3033,1.8028418220346794,2.9881154499151106,run-20260727-143310-f2a7,2026-07-27T14:33:10Z
vrf/VFR40_15_10_Gap,Small,40,15,IG-idle-greedy,123,3030,1.7992450130404904,2.8862478777589136,run-20260727-143312-5400,2026-07-27T14:33:12Z
vrf/VFR40_15_10_Gap,Small,40,15,IG-idle-greedy,456,3045,1.7763918760465458,3.395585738539898,run-20260727-143314-dd37,2026-07-27T14:33:14Z
vrf/VFR40_15_10_Gap,Small,40,15,IG-idle-greedy,789,3040,1.8034446770325303,3.225806451612903,run-20260727-143316-bb3f,2026-07-27T14:33:16Z
vrf/VFR40_15_10_Gap,Small,40,15,IG-idle-greedy,2025,3076,1.7760622190544382,4.448217317487266,run-20260727-143318-7c9b,2026-07-27T14:33:18Z
vrf/VFR40_15_1_Gap,Small,40,15,IG-idle-greedy,42,3108,1.8133201509481296,3.22152108933909,run-20260727-143319-c7ac,2026-07-27T14:33:19Z
vrf/VFR40_15_1_Gap,Small,40,15,IG-idle-greedy,123,3118,1.7751842339057475,3.5536366655596145,run-20260727-143321-df47,2026-07-27T14:33:21Z
vrf/VFR40_15_1_Gap,Small,40,15,IG-idle-greedy,456,3080,1.8031371060060337,2.2915974759216207,run-20260727-143323-260c,2026-07-27T14:33:23Z
vrf/VFR40_15_1_Gap,Small,40,15,IG-idle-greedy,789,3119,1.7842727209208533,3.586848223181667,run-20260727-143325-8dde,2026-07-27T14:33:25Z
vrf/VFR40_15_1_Gap,Small,40,15,IG-idle-greedy,2025,3097,1.803210630081594,2.856193955496513,run-20260727-143327-8ac2,2026-07-27T14:33:27Z
vrf/VFR40_15_2_Gap,Small,40,15,IG-idle-greedy,42,2942,1.863672740990296,4.289259127968806,run-20260727-143328-ea5e,2026-07-27T14:33:28Z
vrf/VFR40_15_2_Gap,Small,40,15,IG-idle-greedy,123,2961,1.8240935440408066,4.962779156327543,run-20260727-143330-7fb3,2026-07-27T14:33:30Z
vrf/VFR40_15_2_Gap,Small,40,15,IG-idle-greedy,456,2921,1.8178368009394035,3.544842254519674,run-20260727-143332-d1e3,2026-07-27T14:33:32Z
vrf/VFR40_15_2_Gap,Small,40,15,IG-idle-greedy,789,2970,1.7836848399601877,5.281814959234314,run-20260727-143334-e200,2026-07-27T14:33:34Z
vrf/VFR40_15_2_Gap,Small,40,15,IG-idle-greedy,2025,2954,1.7947332770563662,4.714640198511166,run-20260727-143336-5f8b,2026-07-27T14:33:36Z
vrf/VFR40_15_3_Gap,Small,40,15,IG-idle-greedy,42,2997,1.8129072830779478,3.131452167928424,run-20260727-143337-1d44,2026-07-27T14:33:37Z
vrf/VFR40_15_3_Gap,Small,40,15,IG-idle-greedy,123,2994,1.8254304019501433,3.0282174810736406,run-20260727-143339-91fa,2026-07-27T14:33:39Z
vrf/VFR40_15_3_Gap,Small,40,15,IG-idle-greedy,456,3012,1.809393602074124,3.64762560220234,run-20260727-143341-4ab4,2026-07-27T14:33:41Z
vrf/VFR40_15_3_Gap,Small,40,15,IG-idle-greedy,789,2973,1.7994420449249446,2.3055746730901583,run-20260727-143343-08a4,2026-07-27T14:33:43Z
vrf/VFR40_15_3_Gap,Small,40,15,IG-idle-greedy,2025,2973,1.7936897589825094,2.3055746730901583,run-20260727-143345-74dd,2026-07-27T14:33:45Z
vrf/VFR40_15_4_Gap,Small,40,15,IG-idle-greedy,42,2992,1.835073861060664,2.50085645769099,run-20260727-143347-4417,2026-07-27T14:33:47Z
vrf/VFR40_15_4_Gap,Small,40,15,IG-idle-greedy,123,3031,1.7882140799192712,3.8369304556354917,run-20260727-143348-3b1a,2026-07-27T14:33:48Z
vrf/VFR40_15_4_Gap,Small,40,15,IG-idle-greedy,456,3013,1.830143797909841,3.220280918122645,run-20260727-143350-9703,2026-07-27T14:33:50Z
vrf/VFR40_15_4_Gap,Small,40,15,IG-idle-greedy,789,2998,3.3952653660671785,2.7064063035286057,run-20260727-143354-d0bc,2026-07-27T14:33:54Z
vrf/VFR40_15_4_Gap,Small,40,15,IG-idle-greedy,2025,2978,1.82902429997921,2.0212401507365536,run-20260727-143355-ac32,2026-07-27T14:33:55Z
vrf/VFR40_15_5_Gap,Small,40,15,IG-idle-greedy,42,3054,1.790228971047327,3.701188455008489,run-20260727-143357-0865,2026-07-27T14:33:57Z
vrf/VFR40_15_5_Gap,Small,40,15,IG-idle-greedy,123,3050,1.7937171639641747,3.565365025466893,run-20260727-143359-1b7c,2026-07-27T14:33:59Z
vrf/VFR40_15_5_Gap,Small,40,15,IG-idle-greedy,456,3047,1.8203580540139228,3.463497453310696,run-20260727-143401-3f87,2026-07-27T14:34:01Z
vrf/VFR40_15_5_Gap,Small,40,15,IG-idle-greedy,789,3046,1.8176073810318485,3.429541595925297,run-20260727-143403-eb89,2026-07-27T14:34:03Z
vrf/VFR40_15_5_Gap,Small,40,15,IG-idle-greedy,2025,3008,1.8956872079288587,2.139219015280136,run-20260727-143405-cec7,2026-07-27T14:34:05Z
vrf/VFR40_15_6_Gap,Small,40,15,IG-idle-greedy,42,2909,3.354532123892568,3.7076648841354722,run-20260727-143408-7dbd,2026-07-27T14:34:08Z
vrf/VFR40_15_6_Gap,Small,40,15,IG-idle-greedy,123,2927,1.7777767450315878,4.349376114081997,run-20260727-143410-154c,2026-07-27T14:34:10Z
vrf/VFR40_15_6_Gap,Small,40,15,IG-idle-greedy,456,2943,1.7775715810712427,4.919786096256685,run-20260727-143411-7c3d,2026-07-27T14:34:11Z
vrf/VFR40_15_6_Gap,Small,40,15,IG-idle-greedy,789,2955,1.773928188951686,5.347593582887701,run-20260727-143413-9073,2026-07-27T14:34:13Z
vrf/VFR40_15_6_Gap,Small,40,15,IG-idle-greedy,2025,2902,1.7893166290596128,3.4581105169340463,run-20260727-143415-f720,2026-07-27T14:34:15Z
vrf/VFR40_15_7_Gap,Small,40,15,IG-idle-greedy,42,2966,1.8144981390796602,3.4170153417015343,run-20260727-143417-3bf0,2026-07-27T14:34:17Z
vrf/VFR40_15_7_Gap,Small,40,15,IG-idle-greedy,123,2992,1.797372951055877,4.323570432357044,run-20260727-143419-50fb,2026-07-27T14:34:19Z
vrf/VFR40_15_7_Gap,Small,40,15,IG-idle-greedy,456,3006,1.8023978669662029,4.811715481171548,run-20260727-143420-b360,2026-07-27T14:34:20Z
vrf/VFR40_15_7_Gap,Small,40,15,IG-idle-greedy,789,3001,1.8235894370591268,4.637377963737796,run-20260727-143422-346f,2026-07-27T14:34:22Z
vrf/VFR40_15_7_Gap,Small,40,15,IG-idle-greedy,2025,2986,1.8241183849750087,4.114365411436541,run-20260727-143424-7cf4,2026-07-27T14:34:24Z
vrf/VFR40_15_8_Gap,Small,40,15,IG-idle-greedy,42,2980,1.815497737028636,2.7586206896551726,run-20260727-143426-917d,2026-07-27T14:34:26Z
vrf/VFR40_15_8_Gap,Small,40,15,IG-idle-greedy,123,2997,1.8912875219248235,3.3448275862068964,run-20260727-143428-d211,2026-07-27T14:34:28Z
vrf/VFR40_15_8_Gap,Small,40,15,IG-idle-greedy,456,2984,4.085853263968602,2.896551724137931,run-20260727-143432-4ab1,2026-07-27T14:34:32Z
vrf/VFR40_15_8_Gap,Small,40,15,IG-idle-greedy,789,3009,1.8379628660622984,3.7586206896551726,run-20260727-143434-ce95,2026-07-27T14:34:34Z
vrf/VFR40_15_8_Gap,Small,40,15,IG-idle-greedy,2025,2993,3.431772693991661,3.206896551724138,run-20260727-143437-acc2,2026-07-27T14:34:37Z
vrf/VFR40_15_9_Gap,Small,40,15,IG-idle-greedy,42,2763,1.8619266710011289,2.031019202363368,run-20260727-143439-8ae3,2026-07-27T14:34:39Z
vrf/VFR40_15_9_Gap,Small,40,15,IG-idle-greedy,123,2769,3.4472563130548224,2.2525849335302808,run-20260727-143442-d11e,2026-07-27T14:34:42Z
vrf/VFR40_15_9_Gap,Small,40,15,IG-idle-greedy,456,2789,1.8110752520151436,2.9911373707533233,run-20260727-143444-e89e,2026-07-27T14:34:44Z
vrf/VFR40_15_9_Gap,Small,40,15,IG-idle-greedy,789,2809,1.821044911048375,3.7296898079763663,run-20260727-143446-a1c7,2026-07-27T14:34:46Z
vrf/VFR40_15_9_Gap,Small,40,15,IG-idle-greedy,2025,2791,1.8382022400619462,3.064992614475628,run-20260727-143448-c720,2026-07-27T14:34:48Z
vrf/VFR40_20_10_Gap,Small,40,20,IG-idle-greedy,42,3259,2.363246910041198,4.38821268417681,run-20260727-143450-b847,2026-07-27T14:34:50Z
vrf/VFR40_20_10_Gap,Small,40,20,IG-idle-greedy,123,3268,2.3146599360043183,4.6764894298526585,run-20260727-143453-154d,2026-07-27T14:34:53Z
vrf/VFR40_20_10_Gap,Small,40,20,IG-idle-greedy,456,3268,2.317826918908395,4.6764894298526585,run-20260727-143455-21d7,2026-07-27T14:34:55Z
vrf/VFR40_20_10_Gap,Small,40,20,IG-idle-greedy,789,3285,2.31265117705334,5.2210121716848175,run-20260727-143457-c309,2026-07-27T14:34:57Z
vrf/VFR40_20_10_Gap,Small,40,20,IG-idle-greedy,2025,3275,2.321993727935478,4.90070467648943,run-20260727-143500-b5d7,2026-07-27T14:35:00Z
vrf/VFR40_20_1_Gap,Small,40,20,IG-idle-greedy,42,3410,4.363670696970075,2.5255562236921225,run-20260727-143504-3bba,2026-07-27T14:35:04Z
vrf/VFR40_20_1_Gap,Small,40,20,IG-idle-greedy,123,3409,2.3513013779884204,2.4954900781719784,run-20260727-143506-c748,2026-07-27T14:35:06Z
vrf/VFR40_20_1_Gap,Small,40,20,IG-idle-greedy,456,3431,2.328047543996945,3.156945279615153,run-20260727-143509-7a3b,2026-07-27T14:35:09Z
vrf/VFR40_20_1_Gap,Small,40,20,IG-idle-greedy,789,3389,2.325273738009855,1.894167167769092,run-20260727-143511-0363,2026-07-27T14:35:11Z
vrf/VFR40_20_1_Gap,Small,40,20,IG-idle-greedy,2025,3455,2.3305818589869887,3.878532772098617,run-20260727-143513-e481,2026-07-27T14:35:13Z
vrf/VFR40_20_2_Gap,Small,40,20,IG-idle-greedy,42,3363,2.349351982004009,4.246745195288283,run-20260727-143516-e67c,2026-07-27T14:35:16Z
vrf/VFR40_20_2_Gap,Small,40,20,IG-idle-greedy,123,3356,2.5530191699508578,4.02975821450713,run-20260727-143518-6b38,2026-07-27T14:35:18Z
vrf/VFR40_20_2_Gap,Small,40,20,IG-idle-greedy,456,3344,2.3811997330049053,3.65778053316801,run-20260727-143521-0185,2026-07-27T14:35:21Z
vrf/VFR40_20_2_Gap,Small,40,20,IG-idle-greedy,789,3384,2.3454584300052375,4.897706137631742,run-20260727-143523-c062,2026-07-27T14:35:23Z
vrf/VFR40_20_2_Gap,Small,40,20,IG-idle-greedy,2025,3324,4.426523940986954,3.037817730936144,run-20260727-143527-1d6b,2026-07-27T14:35:27Z
vrf/VFR40_20_3_Gap,Small,40,20,IG-idle-greedy,42,3363,2.324902798049152,4.021033096195484,run-20260727-143530-c8b2,2026-07-27T14:35:30Z
vrf/VFR40_20_3_Gap,Small,40,20,IG-idle-greedy,123,3363,2.3131905320333317,4.021033096195484,run-20260727-143532-3150,2026-07-27T14:35:32Z
vrf/VFR40_20_3_Gap,Small,40,20,IG-idle-greedy,456,3363,2.3177835299866274,4.021033096195484,run-20260727-143534-dd42,2026-07-27T14:35:34Z
vrf/VFR40_20_3_Gap,Small,40,20,IG-idle-greedy,789,3363,2.313263120013289,4.021033096195484,run-20260727-143537-de3f,2026-07-27T14:35:37Z
vrf/VFR40_20_3_Gap,Small,40,20,IG-idle-greedy,2025,3363,2.313531974912621,4.021033096195484,run-20260727-143539-092a,2026-07-27T14:35:39Z
vrf/VFR40_20_4_Gap,Small,40,20,IG-idle-greedy,42,3317,2.7811732430709526,2.5982060006186205,run-20260727-143542-ceb1,2026-07-27T14:35:42Z
vrf/VFR40_20_4_Gap,Small,40,20,IG-idle-greedy,123,3292,4.5287054820219055,1.824930405196412,run-20260727-143546-a9be,2026-07-27T14:35:46Z
vrf/VFR40_20_4_Gap,Small,40,20,IG-idle-greedy,456,3366,2.365360577008687,4.113826167646149,run-20260727-143549-e4d6,2026-07-27T14:35:49Z
vrf/VFR40_20_4_Gap,Small,40,20,IG-idle-greedy,789,3329,2.4066599149955437,2.9693782864212808,run-20260727-143551-7014,2026-07-27T14:35:51Z
vrf/VFR40_20_4_Gap,Small,40,20,IG-idle-greedy,2025,3304,5.917636616970412,2.196102690999072,run-20260727-143557-28bc,2026-07-27T14:35:57Z
vrf/VFR40_20_5_Gap,Small,40,20,IG-idle-greedy,42,3183,2.3313388029346243,4.189852700490999,run-20260727-143559-f31b,2026-07-27T14:35:59Z
vrf/VFR40_20_5_Gap,Small,40,20,IG-idle-greedy,123,3110,4.532890017027967,1.800327332242226,run-20260727-143604-97cf,2026-07-27T14:36:04Z
vrf/VFR40_20_5_Gap,Small,40,20,IG-idle-greedy,456,3113,3.5433582410914823,1.8985270049099836,run-20260727-143607-4858,2026-07-27T14:36:07Z
vrf/VFR40_20_5_Gap,Small,40,20,IG-idle-greedy,789,3156,2.4684849809855223,3.3060556464811786,run-20260727-143610-78cc,2026-07-27T14:36:10Z
vrf/VFR40_20_5_Gap,Small,40,20,IG-idle-greedy,2025,3132,2.392630069050938,2.520458265139116,run-20260727-143612-4ada,2026-07-27T14:36:12Z
vrf/VFR40_20_6_Gap,Small,40,20,IG-idle-greedy,42,3265,5.558146751020104,2.2869674185463658,run-20260727-143618-3060,2026-07-27T14:36:18Z
vrf/VFR40_20_6_Gap,Small,40,20,IG-idle-greedy,123,3308,2.3310511680319905,3.6340852130325816,run-20260727-143620-6bb5,2026-07-27T14:36:20Z
vrf/VFR40_20_6_Gap,Small,40,20,IG-idle-greedy,456,3276,2.5953199290670455,2.6315789473684212,run-20260727-143623-8974,2026-07-27T14:36:23Z
vrf/VFR40_20_6_Gap,Small,40,20,IG-idle-greedy,789,3286,2.321664329036139,2.944862155388471,run-20260727-143625-495a,2026-07-27T14:36:25Z
vrf/VFR40_20_6_Gap,Small,40,20,IG-idle-greedy,2025,3310,2.315635537961498,3.6967418546365916,run-20260727-143627-c3fc,2026-07-27T14:36:27Z
vrf/VFR40_20_7_Gap,Small,40,20,IG-idle-greedy,42,3342,2.31630054092966,3.020961775585697,run-20260727-143630-d61d,2026-07-27T14:36:30Z
vrf/VFR40_20_7_Gap,Small,40,20,IG-idle-greedy,123,3342,2.3196739751147106,3.020961775585697,run-20260727-143632-a9ed,2026-07-27T14:36:32Z
vrf/VFR40_20_7_Gap,Small,40,20,IG-idle-greedy,456,3342,4.362349175964482,3.020961775585697,run-20260727-143636-1747,2026-07-27T14:36:36Z
vrf/VFR40_20_7_Gap,Small,40,20,IG-idle-greedy,789,3342,2.318553076009266,3.020961775585697,run-20260727-143639-abb4,2026-07-27T14:36:39Z
vrf/VFR40_20_7_Gap,Small,40,20,IG-idle-greedy,2025,3342,2.321936457999982,3.020961775585697,run-20260727-143641-e67a,2026-07-27T14:36:41Z
vrf/VFR40_20_8_Gap,Small,40,20,IG-idle-greedy,42,3383,2.369223839021288,3.5823637477036128,run-20260727-143643-05a3,2026-07-27T14:36:43Z
vrf/VFR40_20_8_Gap,Small,40,20,IG-idle-greedy,123,3361,4.892604852910154,2.908756889161053,run-20260727-143648-ac96,2026-07-27T14:36:48Z
vrf/VFR40_20_8_Gap,Small,40,20,IG-idle-greedy,456,3342,2.4946560310199857,2.3270055113288426,run-20260727-143651-ef78,2026-07-27T14:36:51Z
vrf/VFR40_20_8_Gap,Small,40,20,IG-idle-greedy,789,3367,2.3481666470179334,3.0924678505817513,run-20260727-143653-f42e,2026-07-27T14:36:53Z
vrf/VFR40_20_8_Gap,Small,40,20,IG-idle-greedy,2025,3402,2.334508422994986,4.164115125535823,run-20260727-143655-0078,2026-07-27T14:36:55Z
vrf/VFR40_20_9_Gap,Small,40,20,IG-idle-greedy,42,3412,2.425071951933205,2.3088455772113945,run-20260727-143658-8f59,2026-07-27T14:36:58Z
vrf/VFR40_20_9_Gap,Small,40,20,IG-idle-greedy,123,3444,2.374049657024443,3.2683658170914542,run-20260727-143700-0d55,2026-07-27T14:37:00Z
vrf/VFR40_20_9_Gap,Small,40,20,IG-idle-greedy,456,3438,4.409140827949159,3.088455772113943,run-20260727-143705-4257,2026-07-27T14:37:05Z
vrf/VFR40_20_9_Gap,Small,40,20,IG-idle-greedy,789,3426,2.377544790972024,2.7286356821589206,run-20260727-143707-d112,2026-07-27T14:37:07Z
vrf/VFR40_20_9_Gap,Small,40,20,IG-idle-greedy,2025,3435,2.3347808649996296,2.998500749625187,run-20260727-143709-25be,2026-07-27T14:37:09Z
vrf/VFR40_5_10_Gap,Small,40,5,IG-idle-greedy,42,2348,0.6939524009358138,0.0,run-20260727-143710-0434,2026-07-27T14:37:10Z
vrf/VFR40_5_10_Gap,Small,40,5,IG-idle-greedy,123,2348,0.692644143011421,0.0,run-20260727-143711-7ea2,2026-07-27T14:37:11Z
vrf/VFR40_5_10_Gap,Small,40,5,IG-idle-greedy,456,2348,0.689381585107185,0.0,run-20260727-143711-2a89,2026-07-27T14:37:11Z
vrf/VFR40_5_10_Gap,Small,40,5,IG-idle-greedy,789,2348,0.6939333990449086,0.0,run-20260727-143712-298f,2026-07-27T14:37:12Z
vrf/VFR40_5_10_Gap,Small,40,5,IG-idle-greedy,2025,2348,0.692535632988438,0.0,run-20260727-143713-3a55,2026-07-27T14:37:13Z
vrf/VFR40_5_1_Gap,Small,40,5,IG-idle-greedy,42,2396,0.6940274439984933,0.0,run-20260727-143714-122d,2026-07-27T14:37:14Z
vrf/VFR40_5_1_Gap,Small,40,5,IG-idle-greedy,123,2396,1.296056799008511,0.0,run-20260727-143715-71e0,2026-07-27T14:37:15Z
vrf/VFR40_5_1_Gap,Small,40,5,IG-idle-greedy,456,2396,0.7098423439310864,0.0,run-20260727-143716-0816,2026-07-27T14:37:16Z
vrf/VFR40_5_1_Gap,Small,40,5,IG-idle-greedy,789,2396,0.6981136699905619,0.0,run-20260727-143716-2a59,2026-07-27T14:37:16Z
vrf/VFR40_5_1_Gap,Small,40,5,IG-idle-greedy,2025,2396,0.6993324419017881,0.0,run-20260727-143717-b7a0,2026-07-27T14:37:17Z
vrf/VFR40_5_2_Gap,Small,40,5,IG-idle-greedy,42,2454,0.701729980064556,0.4914004914004914,run-20260727-143718-f5df,2026-07-27T14:37:18Z
vrf/VFR40_5_2_Gap,Small,40,5,IG-idle-greedy,123,2442,0.7344439859734848,0.0,run-20260727-143718-bb16,2026-07-27T14:37:18Z
vrf/VFR40_5_2_Gap,Small,40,5,IG-idle-greedy,456,2449,0.7048921779496595,0.28665028665028663,run-20260727-143719-6dfb,2026-07-27T14:37:19Z
vrf/VFR40_5_2_Gap,Small,40,5,IG-idle-greedy,789,2442,1.3086327640339732,0.0,run-20260727-143720-b6f2,2026-07-27T14:37:20Z
vrf/VFR40_5_2_Gap,Small,40,5,IG-idle-greedy,2025,2442,0.8756877409759909,0.0,run-20260727-143721-3ac1,2026-07-27T14:37:21Z
vrf/VFR40_5_3_Gap,Small,40,5,IG-idle-greedy,42,2178,0.6995194599730894,0.18399264029438822,run-20260727-143722-2b9d,2026-07-27T14:37:22Z
vrf/VFR40_5_3_Gap,Small,40,5,IG-idle-greedy,123,2174,0.7005645399913192,0.0,run-20260727-143723-cb78,2026-07-27T14:37:23Z
vrf/VFR40_5_3_Gap,Small,40,5,IG-idle-greedy,456,2174,0.696403413079679,0.0,run-20260727-143723-df95,2026-07-27T14:37:23Z
vrf/VFR40_5_3_Gap,Small,40,5,IG-idle-greedy,789,2178,0.6946321270661429,0.18399264029438822,run-20260727-143724-7fe3,2026-07-27T14:37:24Z
vrf/VFR40_5_3_Gap,Small,40,5,IG-idle-greedy,2025,2174,0.6899560850579292,0.0,run-20260727-143725-7bd4,2026-07-27T14:37:25Z
vrf/VFR40_5_4_Gap,Small,40,5,IG-idle-greedy,42,2149,1.5464279979933053,0.0,run-20260727-143726-344a,2026-07-27T14:37:26Z
vrf/VFR40_5_4_Gap,Small,40,5,IG-idle-greedy,123,2149,0.6976133269490674,0.0,run-20260727-143727-7895,2026-07-27T14:37:27Z
vrf/VFR40_5_4_Gap,Small,40,5,IG-idle-greedy,456,2149,0.6913353509735316,0.0,run-20260727-143728-298e,2026-07-27T14:37:28Z
vrf/VFR40_5_4_Gap,Small,40,5,IG-idle-greedy,789,2149,0.9946066309930757,0.0,run-20260727-143729-6d06,2026-07-27T14:37:29Z
vrf/VFR40_5_4_Gap,Small,40,5,IG-idle-greedy,2025,2149,0.707588616060093,0.0,run-20260727-143729-5516,2026-07-27T14:37:29Z
vrf/VFR40_5_5_Gap,Small,40,5,IG-idle-greedy,42,2251,0.694738335092552,0.1780151312861593,run-20260727-143730-c549,2026-07-27T14:37:30Z
vrf/VFR40_5_5_Gap,Small,40,5,IG-idle-greedy,123,2260,0.6966699530603364,0.5785491766800178,run-20260727-143731-0501,2026-07-27T14:37:31Z
vrf/VFR40_5_5_Gap,Small,40,5,IG-idle-greedy,456,2260,0.6919650170020759,0.5785491766800178,run-20260727-143732-0f84,2026-07-27T14:37:32Z
vrf/VFR40_5_5_Gap,Small,40,5,IG-idle-greedy,789,2260,0.6952868800144643,0.5785491766800178,run-20260727-143732-e806,2026-07-27T14:37:32Z
vrf/VFR40_5_5_Gap,Small,40,5,IG-idle-greedy,2025,2260,0.704377091024071,0.5785491766800178,run-20260727-143733-e2e8,2026-07-27T14:37:33Z
vrf/VFR40_5_6_Gap,Small,40,5,IG-idle-greedy,42,2154,0.6983915549935773,0.0,run-20260727-143734-703e,2026-07-27T14:37:34Z
vrf/VFR40_5_6_Gap,Small,40,5,IG-idle-greedy,123,2154,1.3182970619527623,0.0,run-20260727-143735-ded6,2026-07-27T14:37:35Z
vrf/VFR40_5_6_Gap,Small,40,5,IG-idle-greedy,456,2154,0.6928714219247922,0.0,run-20260727-143736-dfc9,2026-07-27T14:37:36Z
vrf/VFR40_5_6_Gap,Small,40,5,IG-idle-greedy,789,2154,0.6926663309568539,0.0,run-20260727-143736-6d70,2026-07-27T14:37:36Z
vrf/VFR40_5_6_Gap,Small,40,5,IG-idle-greedy,2025,2155,0.6921445219777524,0.04642525533890436,run-20260727-143737-63c0,2026-07-27T14:37:37Z
vrf/VFR40_5_7_Gap,Small,40,5,IG-idle-greedy,42,2211,1.3037697080289945,0.18124150430448574,run-20260727-143738-d26b,2026-07-27T14:37:38Z
vrf/VFR40_5_7_Gap,Small,40,5,IG-idle-greedy,123,2211,0.710334072005935,0.18124150430448574,run-20260727-143739-445c,2026-07-27T14:37:39Z
vrf/VFR40_5_7_Gap,Small,40,5,IG-idle-greedy,456,2224,0.6925086879637092,0.7702763932940644,run-20260727-143740-cd5f,2026-07-27T14:37:40Z
vrf/VFR40_5_7_Gap,Small,40,5,IG-idle-greedy,789,2211,0.7101870980113745,0.18124150430448574,run-20260727-143740-a983,2026-07-27T14:37:40Z
vrf/VFR40_5_7_Gap,Small,40,5,IG-idle-greedy,2025,2211,0.6952072109561414,0.18124150430448574,run-20260727-143741-53b6,2026-07-27T14:37:41Z
vrf/VFR40_5_8_Gap,Small,40,5,IG-idle-greedy,42,2414,0.695103189907968,0.0,run-20260727-143742-baca,2026-07-27T14:37:42Z
vrf/VFR40_5_8_Gap,Small,40,5,IG-idle-greedy,123,2414,0.6978659859159961,0.0,run-20260727-143743-bba1,2026-07-27T14:37:43Z
vrf/VFR40_5_8_Gap,Small,40,5,IG-idle-greedy,456,2414,0.6911012639757246,0.0,run-20260727-143743-cdff,2026-07-27T14:37:43Z
vrf/VFR40_5_8_Gap,Small,40,5,IG-idle-greedy,789,2414,0.6918508959934115,0.0,run-20260727-143744-8f6c,2026-07-27T14:37:44Z
vrf/VFR40_5_8_Gap,Small,40,5,IG-idle-greedy,2025,2414,0.6911614950513467,0.0,run-20260727-143745-6881,2026-07-27T14:37:45Z
vrf/VFR40_5_9_Gap,Small,40,5,IG-idle-greedy,42,2305,0.7030820690561086,0.0,run-20260727-143745-ac7b,2026-07-27T14:37:45Z
vrf/VFR40_5_9_Gap,Small,40,5,IG-idle-greedy,123,2305,0.7061508850893006,0.0,run-20260727-143746-25da,2026-07-27T14:37:46Z
vrf/VFR40_5_9_Gap,Small,40,5,IG-idle-greedy,456,2328,1.5877797540742904,0.9978308026030369,run-20260727-143748-b9fa,2026-07-27T14:37:48Z
vrf/VFR40_5_9_Gap,Small,40,5,IG-idle-greedy,789,2308,0.7033075790386647,0.1301518438177874,run-20260727-143748-70e3,2026-07-27T14:37:48Z
vrf/VFR40_5_9_Gap,Small,40,5,IG-idle-greedy,2025,2340,0.698229652014561,1.5184381778741864,run-20260727-143749-1028,2026-07-27T14:37:49Z
vrf/VFR50_10_10_Gap,Small,50,10,IG-idle-greedy,42,3116,1.5840540969511494,1.963350785340314,run-20260727-143751-027a,2026-07-27T14:37:51Z
vrf/VFR50_10_10_Gap,Small,50,10,IG-idle-greedy,123,3116,1.5627446360886097,1.963350785340314,run-20260727-143752-5934,2026-07-27T14:37:52Z
vrf/VFR50_10_10_Gap,Small,50,10,IG-idle-greedy,456,3143,1.549825735972263,2.8468586387434556,run-20260727-143754-1c7c,2026-07-27T14:37:54Z
vrf/VFR50_10_10_Gap,Small,50,10,IG-idle-greedy,789,3116,1.5493677059421316,1.963350785340314,run-20260727-143755-e0a3,2026-07-27T14:37:55Z
vrf/VFR50_10_10_Gap,Small,50,10,IG-idle-greedy,2025,3162,1.5477618119912222,3.468586387434555,run-20260727-143757-afc0,2026-07-27T14:37:57Z
vrf/VFR50_10_1_Gap,Small,50,10,IG-idle-greedy,42,3038,1.5454713490325958,3.827751196172249,run-20260727-143758-2434,2026-07-27T14:37:58Z
vrf/VFR50_10_1_Gap,Small,50,10,IG-idle-greedy,123,3008,3.0112303900532424,2.802460697197539,run-20260727-143801-d610,2026-07-27T14:38:01Z
vrf/VFR50_10_1_Gap,Small,50,10,IG-idle-greedy,456,3011,1.5531144029228017,2.9049897470950103,run-20260727-143803-7965,2026-07-27T14:38:03Z
vrf/VFR50_10_1_Gap,Small,50,10,IG-idle-greedy,789,3021,1.5666935699991882,3.2467532467532467,run-20260727-143804-c169,2026-07-27T14:38:04Z
vrf/VFR50_10_1_Gap,Small,50,10,IG-idle-greedy,2025,3001,1.5807300279848278,2.563226247436774,run-20260727-143806-23c5,2026-07-27T14:38:06Z
vrf/VFR50_10_2_Gap,Small,50,10,IG-idle-greedy,42,3118,1.5593560510315,2.7347611202635913,run-20260727-143808-7493,2026-07-27T14:38:08Z
vrf/VFR50_10_2_Gap,Small,50,10,IG-idle-greedy,123,3118,1.5817740320926532,2.7347611202635913,run-20260727-143809-37ff,2026-07-27T14:38:09Z
vrf/VFR50_10_2_Gap,Small,50,10,IG-idle-greedy,456,3118,1.5628785099834204,2.7347611202635913,run-20260727-143811-bf9c,2026-07-27T14:38:11Z
vrf/VFR50_10_2_Gap,Small,50,10,IG-idle-greedy,789,3118,1.5853673300007358,2.7347611202635913,run-20260727-143812-5b0d,2026-07-27T14:38:12Z
vrf/VFR50_10_2_Gap,Small,50,10,IG-idle-greedy,2025,3122,1.5731739440234378,2.8665568369028005,run-20260727-143814-c53d,2026-07-27T14:38:14Z
vrf/VFR50_10_3_Gap,Small,50,10,IG-idle-greedy,42,3114,1.577111635939218,3.146737330241802,run-20260727-143816-f0db,2026-07-27T14:38:16Z
vrf/VFR50_10_3_Gap,Small,50,10,IG-idle-greedy,123,3161,1.5400312279816717,4.703544219940378,run-20260727-143817-71a4,2026-07-27T14:38:17Z
vrf/VFR50_10_3_Gap,Small,50,10,IG-idle-greedy,456,3134,1.551506478106603,3.809208347134813,run-20260727-143819-b3c8,2026-07-27T14:38:19Z
vrf/VFR50_10_3_Gap,Small,50,10,IG-idle-greedy,789,3133,1.5419953030068427,3.7760847962901622,run-20260727-143820-2a49,2026-07-27T14:38:20Z
vrf/VFR50_10_3_Gap,Small,50,10,IG-idle-greedy,2025,3082,1.5619297620141879,2.0867837032129843,run-20260727-143822-5307,2026-07-27T14:38:22Z
vrf/VFR50_10_4_Gap,Small,50,10,IG-idle-greedy,42,3109,1.538824556977488,3.5298035298035297,run-20260727-143823-6a52,2026-07-27T14:38:23Z
vrf/VFR50_10_4_Gap,Small,50,10,IG-idle-greedy,123,3106,1.5427526170387864,3.42990342990343,run-20260727-143825-9644,2026-07-27T14:38:25Z
vrf/VFR50_10_4_Gap,Small,50,10,IG-idle-greedy,456,3127,1.5397274650167674,4.129204129204129,run-20260727-143826-ac20,2026-07-27T14:38:26Z
vrf/VFR50_10_4_Gap,Small,50,10,IG-idle-greedy,789,3133,1.5496416910318658,4.329004329004329,run-20260727-143828-d326,2026-07-27T14:38:28Z
vrf/VFR50_10_4_Gap,Small,50,10,IG-idle-greedy,2025,3090,1.5527210859581828,2.897102897102897,run-20260727-143829-2160,2026-07-27T14:38:29Z
vrf/VFR50_10_5_Gap,Small,50,10,IG-idle-greedy,42,3269,1.5957406519446522,0.5227552275522755,run-20260727-143831-b07f,2026-07-27T14:38:31Z
vrf/VFR50_10_5_Gap,Small,50,10,IG-idle-greedy,123,3281,2.951487906044349,0.8917589175891759,run-20260727-143834-ef8a,2026-07-27T14:38:34Z
vrf/VFR50_10_5_Gap,Small,50,10,IG-idle-greedy,456,3312,2.244603895000182,1.845018450184502,run-20260727-143836-f455,2026-07-27T14:38:36Z
vrf/VFR50_10_5_Gap,Small,50,10,IG-idle-greedy,789,3269,2.9393404090078548,0.5227552275522755,run-20260727-143839-9e61,2026-07-27T14:38:39Z
vrf/VFR50_10_5_Gap,Small,50,10,IG-idle-greedy,2025,3282,1.5678775779670104,0.922509225092251,run-20260727-143841-3486,2026-07-27T14:38:41Z
vrf/VFR50_10_6_Gap,Small,50,10,IG-idle-greedy,42,3168,1.6055752509273589,0.6033661479834869,run-20260727-143842-a307,2026-07-27T14:38:42Z
vrf/VFR50_10_6_Gap,Small,50,10,IG-idle-greedy,123,3168,1.5620042429072782,0.6033661479834869,run-20260727-143844-e110,2026-07-27T14:38:44Z
vrf/VFR50_10_6_Gap,Small,50,10,IG-idle-greedy,456,3168,1.5590461429674178,0.6033661479834869,run-20260727-143845-0937,2026-07-27T14:38:45Z
vrf/VFR50_10_6_Gap,Small,50,10,IG-idle-greedy,789,3163,1.5541410399600863,0.4445855827246745,run-20260727-143847-28f5,2026-07-27T14:38:47Z
vrf/VFR50_10_6_Gap,Small,50,10,IG-idle-greedy,2025,3226,1.5418042030651122,2.4452207049857098,run-20260727-143849-f25f,2026-07-27T14:38:49Z
vrf/VFR50_10_7_Gap,Small,50,10,IG-idle-greedy,42,2939,1.5498841159278527,3.413089373680507,run-20260727-143850-42ca,2026-07-27T14:38:50Z
vrf/VFR50_10_7_Gap,Small,50,10,IG-idle-greedy,123,2932,1.5386954310815781,3.166783954961295,run-20260727-143852-2191,2026-07-27T14:38:52Z
vrf/VFR50_10_7_Gap,Small,50,10,IG-idle-greedy,456,2922,1.5718372659757733,2.8149190710767065,run-20260727-143853-a572,2026-07-27T14:38:53Z
vrf/VFR50_10_7_Gap,Small,50,10,IG-idle-greedy,789,2928,2.9501386319752783,3.0260380014074597,run-20260727-143856-4911,2026-07-27T14:38:56Z
vrf/VFR50_10_7_Gap,Small,50,10,IG-idle-greedy,2025,2911,2.9374865680001676,2.4278676988036594,run-20260727-143859-2d77,2026-07-27T14:38:59Z
vrf/VFR50_10_8_Gap,Small,50,10,IG-idle-greedy,42,3120,1.562788949930109,1.5625,run-20260727-143901-2e0b,2026-07-27T14:39:01Z
vrf/VFR50_10_8_Gap,Small,50,10,IG-idle-greedy,123,3163,1.5589752120431513,2.9622395833333335,run-20260727-143902-6005,2026-07-27T14:39:02Z
vrf/VFR50_10_8_Gap,Small,50,10,IG-idle-greedy,456,3168,1.5574578529922292,3.125,run-20260727-143904-436c,2026-07-27T14:39:04Z
vrf/VFR50_10_8_Gap,Small,50,10,IG-idle-greedy,789,3149,1.5563386749709025,2.5065104166666665,run-20260727-143905-0265,2026-07-27T14:39:05Z
vrf/VFR50_10_8_Gap,Small,50,10,IG-idle-greedy,2025,3139,1.5591881970176473,2.1809895833333335,run-20260727-143907-dfa7,2026-07-27T14:39:07Z
vrf/VFR50_10_9_Gap,Small,50,10,IG-idle-greedy,42,3022,1.542817220906727,0.0,run-20260727-143908-1abe,2026-07-27T14:39:08Z
vrf/VFR50_10_9_Gap,Small,50,10,IG-idle-greedy,123,3022,1.6082839439623058,0.0,run-20260727-143910-afd2,2026-07-27T14:39:10Z
vrf/VFR50_10_9_Gap,Small,50,10,IG-idle-greedy,456,3066,1.55972737504635,1.455989410986102,run-20260727-143912-3186,2026-07-27T14:39:12Z
vrf/VFR50_10_9_Gap,Small,50,10,IG-idle-greedy,789,3049,1.5600816109217703,0.8934480476505625,run-20260727-143913-522a,2026-07-27T14:39:13Z
vrf/VFR50_10_9_Gap,Small,50,10,IG-idle-greedy,2025,3029,1.5636817259946838,0.2316346790205162,run-20260727-143915-2ca4,2026-07-27T14:39:15Z
vrf/VFR50_15_10_Gap,Small,50,15,IG-idle-greedy,42,3556,2.270211059018038,4.619005589879376,run-20260727-143917-b67e,2026-07-27T14:39:17Z
vrf/VFR50_15_10_Gap,Small,50,15,IG-idle-greedy,123,3519,5.115966154029593,3.5304501323918798,run-20260727-143922-527a,2026-07-27T14:39:22Z
vrf/VFR50_15_10_Gap,Small,50,15,IG-idle-greedy,456,3527,2.271542876958847,3.7658134745513387,run-20260727-143924-4b1e,2026-07-27T14:39:24Z
vrf/VFR50_15_10_Gap,Small,50,15,IG-idle-greedy,789,3556,2.228082224028185,4.619005589879376,run-20260727-143927-a71f,2026-07-27T14:39:27Z
vrf/VFR50_15_10_Gap,Small,50,15,IG-idle-greedy,2025,3578,2.214551076060161,5.266254780817888,run-20260727-143929-084b,2026-07-27T14:39:29Z
vrf/VFR50_15_1_Gap,Small,50,15,IG-idle-greedy,42,3487,2.2238761350745335,5.156815440289505,run-20260727-143931-ea63,2026-07-27T14:39:31Z
vrf/VFR50_15_1_Gap,Small,50,15,IG-idle-greedy,123,3471,2.22204150701873,4.674306393244874,run-20260727-143933-bd68,2026-07-27T14:39:33Z
vrf/VFR50_15_1_Gap,Small,50,15,IG-idle-greedy,456,3507,2.218165362952277,5.759951749095295,run-20260727-143936-4432,2026-07-27T14:39:36Z
vrf/VFR50_15_1_Gap,Small,50,15,IG-idle-greedy,789,3416,2.350550821982324,3.0156815440289506,run-20260727-143938-b559,2026-07-27T14:39:38Z
vrf/VFR50_15_1_Gap,Small,50,15,IG-idle-greedy,2025,3439,2.2584566560108215,3.709288299155609,run-20260727-143940-8ac2,2026-07-27T14:39:40Z
vrf/VFR50_15_2_Gap,Small,50,15,IG-idle-greedy,42,3449,2.254506904981099,3.0475052285628923,run-20260727-143942-3ce8,2026-07-27T14:39:42Z
vrf/VFR50_15_2_Gap,Small,50,15,IG-idle-greedy,123,3443,2.2984505160711706,2.868240215118016,run-20260727-143945-9795,2026-07-27T14:39:45Z
vrf/VFR50_15_2_Gap,Small,50,15,IG-idle-greedy,456,3441,2.2871133610606194,2.8084852106363907,run-20260727-143947-550e,2026-07-27T14:39:47Z
vrf/VFR50_15_2_Gap,Small,50,15,IG-idle-greedy,789,3493,2.2486642909934744,4.36211532715865,run-20260727-143949-034a,2026-07-27T14:39:49Z
vrf/VFR50_15_2_Gap,Small,50,15,IG-idle-greedy,2025,3458,2.2757743999827653,3.3164027487302064,run-20260727-143952-b81d,2026-07-27T14:39:52Z
vrf/VFR50_15_3_Gap,Small,50,15,IG-idle-greedy,42,3490,2.2444731920259073,5.725537715843684,run-20260727-143954-f682,2026-07-27T14:39:54Z
vrf/VFR50_15_3_Gap,Small,50,15,IG-idle-greedy,123,3490,2.2391069579171017,5.725537715843684,run-20260727-143956-01af,2026-07-27T14:39:56Z
vrf/VFR50_15_3_Gap,Small,50,15,IG-idle-greedy,456,3466,2.2251234779832885,4.998485307482581,run-20260727-143958-a5a2,2026-07-27T14:39:58Z
vrf/VFR50_15_3_Gap,Small,50,15,IG-idle-greedy,789,3491,2.221783719956875,5.755831566192063,run-20260727-144000-3bb4,2026-07-27T14:40:00Z
vrf/VFR50_15_3_Gap,Small,50,15,IG-idle-greedy,2025,3482,2.224386739078909,5.48318691305665,run-20260727-144003-48d5,2026-07-27T14:40:03Z
vrf/VFR50_15_4_Gap,Small,50,15,IG-idle-greedy,42,3629,2.231086356914602,3.0673104231752344,run-20260727-144005-d6c9,2026-07-27T14:40:05Z
vrf/VFR50_15_4_Gap,Small,50,15,IG-idle-greedy,123,3669,2.2100377610186115,4.203351320647544,run-20260727-144007-ce2c,2026-07-27T14:40:07Z
vrf/VFR50_15_4_Gap,Small,50,15,IG-idle-greedy,456,3625,2.227177142049186,2.9537063334280034,run-20260727-144009-355c,2026-07-27T14:40:09Z
vrf/VFR50_15_4_Gap,Small,50,15,IG-idle-greedy,789,3634,2.241919375024736,3.209315535359273,run-20260727-144012-5059,2026-07-27T14:40:12Z
vrf/VFR50_15_4_Gap,Small,50,15,IG-idle-greedy,2025,3662,2.2242159540764987,4.004544163589889,run-20260727-144014-f2a0,2026-07-27T14:40:14Z
vrf/VFR50_15_5_Gap,Small,50,15,IG-idle-greedy,42,3420,2.419727921951562,2.579484103179364,run-20260727-144016-056f,2026-07-27T14:40:16Z
vrf/VFR50_15_5_Gap,Small,50,15,IG-idle-greedy,123,3458,2.2949138359399512,3.719256148770246,run-20260727-144019-5e2b,2026-07-27T14:40:19Z
vrf/VFR50_15_5_Gap,Small,50,15,IG-idle-greedy,456,3473,4.263026500004344,4.169166166766646,run-20260727-144023-4ef2,2026-07-27T14:40:23Z
vrf/VFR50_15_5_Gap,Small,50,15,IG-idle-greedy,789,3447,4.908167948015034,3.3893221355728853,run-20260727-144028-9161,2026-07-27T14:40:28Z
vrf/VFR50_15_5_Gap,Small,50,15,IG-idle-greedy,2025,3465,2.245316499029286,3.929214157168566,run-20260727-144030-2d6b,2026-07-27T14:40:30Z
vrf/VFR50_15_6_Gap,Small,50,15,IG-idle-greedy,42,3451,4.345122774015181,3.1380753138075312,run-20260727-144034-a794,2026-07-27T14:40:34Z
vrf/VFR50_15_6_Gap,Small,50,15,IG-idle-greedy,123,3538,2.261964538018219,5.738194859533771,run-20260727-144037-6350,2026-07-27T14:40:37Z
vrf/VFR50_15_6_Gap,Small,50,15,IG-idle-greedy,456,3483,2.2933796769939363,4.094441123729827,run-20260727-144039-ee53,2026-07-27T14:40:39Z
vrf/VFR50_15_6_Gap,Small,50,15,IG-idle-greedy,789,3459,2.3592762870248407,3.3771667662881053,run-20260727-144041-528c,2026-07-27T14:40:41Z
vrf/VFR50_15_6_Gap,Small,50,15,IG-idle-greedy,2025,3463,2.329202570952475,3.496712492528392,run-20260727-144044-781b,2026-07-27T14:40:44Z
vrf/VFR50_15_7_Gap,Small,50,15,IG-idle-greedy,42,3621,2.2852620070334524,3.7535816618911175,run-20260727-144046-aeec,2026-07-27T14:40:46Z
vrf/VFR50_15_7_Gap,Small,50,15,IG-idle-greedy,123,3645,2.2147977029671893,4.441260744985673,run-20260727-144048-196a,2026-07-27T14:40:48Z
vrf/VFR50_15_7_Gap,Small,50,15,IG-idle-greedy,456,3619,4.21087125595659,3.696275071633238,run-20260727-144052-309e,2026-07-27T14:40:52Z
vrf/VFR50_15_7_Gap,Small,50,15,IG-idle-greedy,789,3610,2.220798086025752,3.438395415472779,run-20260727-144055-15b9,2026-07-27T14:40:55Z
vrf/VFR50_15_7_Gap,Small,50,15,IG-idle-greedy,2025,3562,2.4193743760697544,2.0630372492836675,run-20260727-144057-f567,2026-07-27T14:40:57Z
vrf/VFR50_15_8_Gap,Small,50,15,IG-idle-greedy,42,3581,4.202803518041037,4.402332361516035,run-20260727-144101-a5a3,2026-07-27T14:41:01Z
vrf/VFR50_15_8_Gap,Small,50,15,IG-idle-greedy,123,3543,2.2939900520723313,3.294460641399417,run-20260727-144103-7606,2026-07-27T14:41:03Z
vrf/VFR50_15_8_Gap,Small,50,15,IG-idle-greedy,456,3551,2.2361889050807804,3.5276967930029155,run-20260727-144106-b3a6,2026-07-27T14:41:06Z
vrf/VFR50_15_8_Gap,Small,50,15,IG-idle-greedy,789,3527,4.608399544027634,2.82798833819242,run-20260727-144110-3a1e,2026-07-27T14:41:10Z
vrf/VFR50_15_8_Gap,Small,50,15,IG-idle-greedy,2025,3525,4.355032013962045,2.7696793002915454,run-20260727-144115-4ea2,2026-07-27T14:41:15Z
vrf/VFR50_15_9_Gap,Small,50,15,IG-idle-greedy,42,3329,2.2506423339946195,3.8689547581903274,run-20260727-144117-efc7,2026-07-27T14:41:17Z
vrf/VFR50_15_9_Gap,Small,50,15,IG-idle-greedy,123,3371,2.252401885925792,5.179407176287051,run-20260727-144119-fa51,2026-07-27T14:41:19Z
vrf/VFR50_15_9_Gap,Small,50,15,IG-idle-greedy,456,3347,2.2604786939918995,4.430577223088924,run-20260727-144121-1667,2026-07-27T14:41:21Z
vrf/VFR50_15_9_Gap,Small,50,15,IG-idle-greedy,789,3359,2.2648201240226626,4.804992199687987,run-20260727-144124-5ab8,2026-07-27T14:41:24Z
vrf/VFR50_15_9_Gap,Small,50,15,IG-idle-greedy,2025,3303,2.3526473789243028,3.0577223088923557,run-20260727-144126-94ff,2026-07-27T14:41:26Z
vrf/VFR50_20_10_Gap,Small,50,20,IG-idle-greedy,42,3915,2.9673592050094157,3.873706553462457,run-20260727-144129-6394,2026-07-27T14:41:29Z
vrf/VFR50_20_10_Gap,Small,50,20,IG-idle-greedy,123,3925,5.529986097011715,4.139028920137967,run-20260727-144135-4b08,2026-07-27T14:41:35Z
vrf/VFR50_20_10_Gap,Small,50,20,IG-idle-greedy,456,3897,2.9468835189472884,3.3961262934465375,run-20260727-144137-c82c,2026-07-27T14:41:37Z
vrf/VFR50_20_10_Gap,Small,50,20,IG-idle-greedy,789,3880,5.674630822031759,2.9450782700981692,run-20260727-144143-6e6d,2026-07-27T14:41:43Z
vrf/VFR50_20_10_Gap,Small,50,20,IG-idle-greedy,2025,3890,3.1153876789612696,3.21040063677368,run-20260727-144146-0935,2026-07-27T14:41:46Z
vrf/VFR50_20_1_Gap,Small,50,20,IG-idle-greedy,42,3869,2.911588234012015,4.765773084213377,run-20260727-144149-0dae,2026-07-27T14:41:49Z
vrf/VFR50_20_1_Gap,Small,50,20,IG-idle-greedy,123,3838,2.9482735600322485,3.926347143243975,run-20260727-144152-c9b3,2026-07-27T14:41:52Z
vrf/VFR50_20_1_Gap,Small,50,20,IG-idle-greedy,456,3845,3.119868437992409,4.115894936366098,run-20260727-144155-7056,2026-07-27T14:41:55Z
vrf/VFR50_20_1_Gap,Small,50,20,IG-idle-greedy,789,3851,3.0197382940677926,4.278364473327918,run-20260727-144158-199a,2026-07-27T14:41:58Z
vrf/VFR50_20_1_Gap,Small,50,20,IG-idle-greedy,2025,3878,2.901345739956014,5.009477389656106,run-20260727-144201-fefd,2026-07-27T14:42:01Z
vrf/VFR50_20_2_Gap,Small,50,20,IG-idle-greedy,42,3860,2.95275741093792,3.791341758537241,run-20260727-144204-5a07,2026-07-27T14:42:04Z
vrf/VFR50_20_2_Gap,Small,50,20,IG-idle-greedy,123,3835,2.9607633849373087,3.119118042484539,run-20260727-144207-fb82,2026-07-27T14:42:07Z
vrf/VFR50_20_2_Gap,Small,50,20,IG-idle-greedy,456,3899,2.899068815051578,4.840010755579457,run-20260727-144210-108d,2026-07-27T14:42:10Z
vrf/VFR50_20_2_Gap,Small,50,20,IG-idle-greedy,789,3837,3.1695980449439958,3.172895939768755,run-20260727-144213-0f48,2026-07-27T14:42:13Z
vrf/VFR50_20_2_Gap,Small,50,20,IG-idle-greedy,2025,3852,2.891700297011994,3.5762301694003766,run-20260727-144216-8835,2026-07-27T14:42:16Z
vrf/VFR50_20_3_Gap,Small,50,20,IG-idle-greedy,42,3969,2.9428197770612314,4.8890063424947146,run-20260727-144219-bf8f,2026-07-27T14:42:19Z
vrf/VFR50_20_3_Gap,Small,50,20,IG-idle-greedy,123,3904,2.9323408419732004,3.171247357293869,run-20260727-144222-7f3a,2026-07-27T14:42:22Z
vrf/VFR50_20_3_Gap,Small,50,20,IG-idle-greedy,456,3940,2.9156066339928657,4.12262156448203,run-20260727-144225-7b54,2026-07-27T14:42:25Z
vrf/VFR50_20_3_Gap,Small,50,20,IG-idle-greedy,789,3906,2.973884720937349,3.2241014799154333,run-20260727-144228-9cb7,2026-07-27T14:42:28Z
vrf/VFR50_20_3_Gap,Small,50,20,IG-idle-greedy,2025,3898,5.469455929938704,3.0126849894291756,run-20260727-144233-43c8,2026-07-27T14:42:33Z
vrf/VFR50_20_4_Gap,Small,50,20,IG-idle-greedy,42,3838,2.9212418670067564,3.4780264222162307,run-20260727-144236-e088,2026-07-27T14:42:36Z
vrf/VFR50_20_4_Gap,Small,50,20,IG-idle-greedy,123,3823,2.9259650310268626,3.0736047452143436,run-20260727-144239-a273,2026-07-27T14:42:39Z
vrf/VFR50_20_4_Gap,Small,50,20,IG-idle-greedy,456,3824,2.9174093949841335,3.1005661903478026,run-20260727-144242-0678,2026-07-27T14:42:42Z
vrf/VFR50_20_4_Gap,Small,50,20,IG-idle-greedy,789,3853,2.938709047040902,3.8824480992181183,run-20260727-144245-569f,2026-07-27T14:42:45Z
vrf/VFR50_20_4_Gap,Small,50,20,IG-idle-greedy,2025,3874,2.8758126490283757,4.448638447020761,run-20260727-144248-ba06,2026-07-27T14:42:48Z
vrf/VFR50_20_5_Gap,Small,50,20,IG-idle-greedy,42,3778,2.890236019040458,4.0198237885462555,run-20260727-144251-2636,2026-07-27T14:42:51Z
vrf/VFR50_20_5_Gap,Small,50,20,IG-idle-greedy,123,3788,2.876725847949274,4.295154185022026,run-20260727-144254-fa62,2026-07-27T14:42:54Z
vrf/VFR50_20_5_Gap,Small,50,20,IG-idle-greedy,456,3794,2.912697982043028,4.460352422907489,run-20260727-144257-ee65,2026-07-27T14:42:57Z
vrf/VFR50_20_5_Gap,Small,50,20,IG-idle-greedy,789,3790,2.8885245099663734,4.350220264317181,run-20260727-144259-97f7,2026-07-27T14:42:59Z
vrf/VFR50_20_5_Gap,Small,50,20,IG-idle-greedy,2025,3788,2.8828271781094372,4.295154185022026,run-20260727-144302-5697,2026-07-27T14:43:02Z
vrf/VFR50_20_6_Gap,Small,50,20,IG-idle-greedy,42,3921,2.945486907963641,3.3201581027667983,run-20260727-144305-2485,2026-07-27T14:43:05Z
vrf/VFR50_20_6_Gap,Small,50,20,IG-idle-greedy,123,3881,3.9894078080542386,2.2661396574440054,run-20260727-144309-dd1b,2026-07-27T14:43:09Z
vrf/VFR50_20_6_Gap,Small,50,20,IG-idle-greedy,456,3891,5.372779730008915,2.5296442687747036,run-20260727-144315-35eb,2026-07-27T14:43:15Z
vrf/VFR50_20_6_Gap,Small,50,20,IG-idle-greedy,789,3889,4.890709256986156,2.476943346508564,run-20260727-144320-a6b5,2026-07-27T14:43:20Z
vrf/VFR50_20_6_Gap,Small,50,20,IG-idle-greedy,2025,3902,2.966888738097623,2.8194993412384717,run-20260727-144323-70b5,2026-07-27T14:43:23Z
vrf/VFR50_20_7_Gap,Small,50,20,IG-idle-greedy,42,3857,5.6224997349781916,4.356060606060606,run-20260727-144328-8801,2026-07-27T14:43:28Z
vrf/VFR50_20_7_Gap,Small,50,20,IG-idle-greedy,123,3854,2.9899102620547637,4.274891774891775,run-20260727-144331-6e86,2026-07-27T14:43:31Z
vrf/VFR50_20_7_Gap,Small,50,20,IG-idle-greedy,456,3867,2.8940639179199934,4.626623376623376,run-20260727-144334-ec8e,2026-07-27T14:43:34Z
vrf/VFR50_20_7_Gap,Small,50,20,IG-idle-greedy,789,3871,2.9017005499918014,4.734848484848484,run-20260727-144337-5fe9,2026-07-27T14:43:37Z
vrf/VFR50_20_7_Gap,Small,50,20,IG-idle-greedy,2025,3839,5.5276920379837975,3.869047619047619,run-20260727-144342-ecf7,2026-07-27T14:43:42Z
vrf/VFR50_20_8_Gap,Small,50,20,IG-idle-greedy,42,3921,2.9100466079544276,3.647898493259318,run-20260727-144345-6e01,2026-07-27T14:43:45Z
vrf/VFR50_20_8_Gap,Small,50,20,IG-idle-greedy,123,3920,5.490838197991252,3.6214644462067143,run-20260727-144351-b98e,2026-07-27T14:43:51Z
vrf/VFR50_20_8_Gap,Small,50,20,IG-idle-greedy,456,3922,2.9050108719384298,3.6743325403119216,run-20260727-144354-8018,2026-07-27T14:43:54Z
vrf/VFR50_20_8_Gap,Small,50,20,IG-idle-greedy,789,3911,4.344394235056825,3.3835580227332804,run-20260727-144358-ccbc,2026-07-27T14:43:58Z
vrf/VFR50_20_8_Gap,Small,50,20,IG-idle-greedy,2025,3937,2.9271249340381473,4.070843246100978,run-20260727-144401-6dd9,2026-07-27T14:44:01Z
vrf/VFR50_20_9_Gap,Small,50,20,IG-idle-greedy,42,4003,2.913094191928394,4.90041928721174,run-20260727-144404-1054,2026-07-27T14:44:04Z
vrf/VFR50_20_9_Gap,Small,50,20,IG-idle-greedy,123,3929,5.612263232003897,2.961215932914046,run-20260727-144410-dc7c,2026-07-27T14:44:10Z
vrf/VFR50_20_9_Gap,Small,50,20,IG-idle-greedy,456,3983,2.909891157061793,4.376310272536688,run-20260727-144413-3885,2026-07-27T14:44:13Z
vrf/VFR50_20_9_Gap,Small,50,20,IG-idle-greedy,789,3969,2.911982484976761,4.009433962264151,run-20260727-144415-734a,2026-07-27T14:44:15Z
vrf/VFR50_20_9_Gap,Small,50,20,IG-idle-greedy,2025,3990,2.9465874769957736,4.559748427672956,run-20260727-144418-3f34,2026-07-27T14:44:18Z
vrf/VFR50_5_10_Gap,Small,50,5,IG-idle-greedy,42,2834,0.8675079050008208,0.0,run-20260727-144419-7bcf,2026-07-27T14:44:19Z
vrf/VFR50_5_10_Gap,Small,50,5,IG-idle-greedy,123,2834,0.8766179260564968,0.0,run-20260727-144420-6373,2026-07-27T14:44:20Z
vrf/VFR50_5_10_Gap,Small,50,5,IG-idle-greedy,456,2834,0.8668958520283923,0.0,run-20260727-144421-d5cf,2026-07-27T14:44:21Z
vrf/VFR50_5_10_Gap,Small,50,5,IG-idle-greedy,789,2834,1.6250909499358386,0.0,run-20260727-144423-63ce,2026-07-27T14:44:23Z
vrf/VFR50_5_10_Gap,Small,50,5,IG-idle-greedy,2025,2834,1.6322361240163445,0.0,run-20260727-144424-1fd1,2026-07-27T14:44:24Z
vrf/VFR50_5_1_Gap,Small,50,5,IG-idle-greedy,42,3055,0.8678602669388056,0.0,run-20260727-144425-3b99,2026-07-27T14:44:25Z
vrf/VFR50_5_1_Gap,Small,50,5,IG-idle-greedy,123,3055,1.6228841450065374,0.0,run-20260727-144427-d4e3,2026-07-27T14:44:27Z
vrf/VFR50_5_1_Gap,Small,50,5,IG-idle-greedy,456,3055,0.8650928849820048,0.0,run-20260727-144428-e7ad,2026-07-27T14:44:28Z
vrf/VFR50_5_1_Gap,Small,50,5,IG-idle-greedy,789,3055,0.8603388000046834,0.0,run-20260727-144428-bdf7,2026-07-27T14:44:28Z
vrf/VFR50_5_1_Gap,Small,50,5,IG-idle-greedy,2025,3055,1.437867802917026,0.0,run-20260727-144430-885f,2026-07-27T14:44:30Z
vrf/VFR50_5_2_Gap,Small,50,5,IG-idle-greedy,42,2853,0.8659616650547832,0.0,run-20260727-144431-906c,2026-07-27T14:44:31Z
vrf/VFR50_5_2_Gap,Small,50,5,IG-idle-greedy,123,2853,0.8689207959687337,0.0,run-20260727-144432-c91f,2026-07-27T14:44:32Z
vrf/VFR50_5_2_Gap,Small,50,5,IG-idle-greedy,456,2853,0.8623193480307236,0.0,run-20260727-144433-c764,2026-07-27T14:44:33Z
vrf/VFR50_5_2_Gap,Small,50,5,IG-idle-greedy,789,2857,0.8633254269370809,0.14020329477742727,run-20260727-144433-3f92,2026-07-27T14:44:33Z
vrf/VFR50_5_2_Gap,Small,50,5,IG-idle-greedy,2025,2853,0.8689120559720322,0.0,run-20260727-144434-4139,2026-07-27T14:44:34Z
vrf/VFR50_5_3_Gap,Small,50,5,IG-idle-greedy,42,2746,0.865745046059601,0.0,run-20260727-144435-f05e,2026-07-27T14:44:35Z
vrf/VFR50_5_3_Gap,Small,50,5,IG-idle-greedy,123,2749,0.8752530660713091,0.10924981791697014,run-20260727-144436-3e4b,2026-07-27T14:44:36Z
vrf/VFR50_5_3_Gap,Small,50,5,IG-idle-greedy,456,2748,0.8668895019218326,0.07283321194464676,run-20260727-144437-3c61,2026-07-27T14:44:37Z
vrf/VFR50_5_3_Gap,Small,50,5,IG-idle-greedy,789,2749,0.865828851936385,0.10924981791697014,run-20260727-144438-5497,2026-07-27T14:44:38Z
vrf/VFR50_5_3_Gap,Small,50,5,IG-idle-greedy,2025,2746,0.8762300329981372,0.0,run-20260727-144439-faeb,2026-07-27T14:44:39Z
vrf/VFR50_5_4_Gap,Small,50,5,IG-idle-greedy,42,2857,0.8643976410385221,0.7404795486600846,run-20260727-144439-dc94,2026-07-27T14:44:39Z
vrf/VFR50_5_4_Gap,Small,50,5,IG-idle-greedy,123,2839,0.8638069920707494,0.10578279266572638,run-20260727-144440-5c54,2026-07-27T14:44:40Z
vrf/VFR50_5_4_Gap,Small,50,5,IG-idle-greedy,456,2840,0.8839426550548524,0.14104372355430184,run-20260727-144441-9394,2026-07-27T14:44:41Z
vrf/VFR50_5_4_Gap,Small,50,5,IG-idle-greedy,789,2837,0.8680566418915987,0.03526093088857546,run-20260727-144442-2527,2026-07-27T14:44:42Z
vrf/VFR50_5_4_Gap,Small,50,5,IG-idle-greedy,2025,2839,0.8694073259830475,0.10578279266572638,run-20260727-144443-1106,2026-07-27T14:44:43Z
vrf/VFR50_5_5_Gap,Small,50,5,IG-idle-greedy,42,2866,0.8660108259646222,0.0,run-20260727-144444-1f1e,2026-07-27T14:44:44Z
vrf/VFR50_5_5_Gap,Small,50,5,IG-idle-greedy,123,2866,1.6306159280939028,0.0,run-20260727-144445-ad3c,2026-07-27T14:44:45Z
vrf/VFR50_5_5_Gap,Small,50,5,IG-idle-greedy,456,2866,0.8626737259328365,0.0,run-20260727-144446-ca16,2026-07-27T14:44:46Z
vrf/VFR50_5_5_Gap,Small,50,5,IG-idle-greedy,789,2866,0.8704979660687968,0.0,run-20260727-144447-05c1,2026-07-27T14:44:47Z
vrf/VFR50_5_5_Gap,Small,50,5,IG-idle-greedy,2025,2866,0.8685544040054083,0.0,run-20260727-144448-4fb5,2026-07-27T14:44:48Z
vrf/VFR50_5_6_Gap,Small,50,5,IG-idle-greedy,42,2853,0.8673755449708551,0.42238648363252373,run-20260727-144449-59cf,2026-07-27T14:44:49Z
vrf/VFR50_5_6_Gap,Small,50,5,IG-idle-greedy,123,2853,0.8640098429750651,0.42238648363252373,run-20260727-144450-e75d,2026-07-27T14:44:50Z
vrf/VFR50_5_6_Gap,Small,50,5,IG-idle-greedy,456,2848,0.8699417959433049,0.24639211545230552,run-20260727-144451-cf94,2026-07-27T14:44:51Z
vrf/VFR50_5_6_Gap,Small,50,5,IG-idle-greedy,789,2841,0.8880146689480171,0.0,run-20260727-144452-186a,2026-07-27T14:44:52Z
vrf/VFR50_5_6_Gap,Small,50,5,IG-idle-greedy,2025,2841,0.8750375179806724,0.0,run-20260727-144452-c29c,2026-07-27T14:44:52Z
vrf/VFR50_5_7_Gap,Small,50,5,IG-idle-greedy,42,2600,0.870784976053983,0.0,run-20260727-144453-ed62,2026-07-27T14:44:53Z
vrf/VFR50_5_7_Gap,Small,50,5,IG-idle-greedy,123,2600,0.8775632299948484,0.0,run-20260727-144454-c2a1,2026-07-27T14:44:54Z
vrf/VFR50_5_7_Gap,Small,50,5,IG-idle-greedy,456,2600,0.865337276016362,0.0,run-20260727-144455-01b4,2026-07-27T14:44:55Z
vrf/VFR50_5_7_Gap,Small,50,5,IG-idle-greedy,789,2600,1.6220471240812913,0.0,run-20260727-144457-d81a,2026-07-27T14:44:57Z
vrf/VFR50_5_7_Gap,Small,50,5,IG-idle-greedy,2025,2600,0.8756298780208454,0.0,run-20260727-144458-aa29,2026-07-27T14:44:58Z
vrf/VFR50_5_8_Gap,Small,50,5,IG-idle-greedy,42,2684,0.8638569179456681,0.0,run-20260727-144458-f355,2026-07-27T14:44:58Z
vrf/VFR50_5_8_Gap,Small,50,5,IG-idle-greedy,123,2684,0.8621573600685224,0.0,run-20260727-144459-ea47,2026-07-27T14:44:59Z
vrf/VFR50_5_8_Gap,Small,50,5,IG-idle-greedy,456,2684,0.8631152439629659,0.0,run-20260727-144500-56f5,2026-07-27T14:45:00Z
vrf/VFR50_5_8_Gap,Small,50,5,IG-idle-greedy,789,2684,0.8801431020256132,0.0,run-20260727-144501-aec6,2026-07-27T14:45:01Z
vrf/VFR50_5_8_Gap,Small,50,5,IG-idle-greedy,2025,2684,0.8607341169845313,0.0,run-20260727-144502-8cab,2026-07-27T14:45:02Z
vrf/VFR50_5_9_Gap,Small,50,5,IG-idle-greedy,42,2621,1.6610036959173158,0.0,run-20260727-144504-cf86,2026-07-27T14:45:04Z
vrf/VFR50_5_9_Gap,Small,50,5,IG-idle-greedy,123,2621,1.6493931349832565,0.0,run-20260727-144505-ab9d,2026-07-27T14:45:05Z
vrf/VFR50_5_9_Gap,Small,50,5,IG-idle-greedy,456,2621,1.7589322559069842,0.0,run-20260727-144507-cd55,2026-07-27T14:45:07Z
vrf/VFR50_5_9_Gap,Small,50,5,IG-idle-greedy,789,2621,0.9172931399662048,0.0,run-20260727-144508-58b9,2026-07-27T14:45:08Z
vrf/VFR50_5_9_Gap,Small,50,5,IG-idle-greedy,2025,2621,0.9154625899391249,0.0,run-20260727-144509-1818,2026-07-27T14:45:09Z
vrf/VFR60_10_10_Gap,Small,60,10,IG-idle-greedy,42,3598,1.8619262130232528,3.0355097365406642,run-20260727-144511-8564,2026-07-27T14:45:11Z
vrf/VFR60_10_10_Gap,Small,60,10,IG-idle-greedy,123,3573,3.358788070967421,2.3195876288659796,run-20260727-144514-8e47,2026-07-27T14:45:14Z
vrf/VFR60_10_10_Gap,Small,60,10,IG-idle-greedy,456,3563,2.059846961987205,2.0332187857961053,run-20260727-144516-f128,2026-07-27T14:45:16Z
vrf/VFR60_10_10_Gap,Small,60,10,IG-idle-greedy,789,3570,1.8878438000101596,2.2336769759450172,run-20260727-144518-175a,2026-07-27T14:45:18Z
vrf/VFR60_10_10_Gap,Small,60,10,IG-idle-greedy,2025,3595,1.8857899389695376,2.9495990836197024,run-20260727-144520-5d1c,2026-07-27T14:45:20Z
vrf/VFR60_10_1_Gap,Small,60,10,IG-idle-greedy,42,3533,1.876290628919378,2.8529839883551675,run-20260727-144522-bd96,2026-07-27T14:45:22Z
vrf/VFR60_10_1_Gap,Small,60,10,IG-idle-greedy,123,3497,1.893226476968266,1.8049490538573507,run-20260727-144524-0943,2026-07-27T14:45:24Z
vrf/VFR60_10_1_Gap,Small,60,10,IG-idle-greedy,456,3522,1.8780923979356885,2.532751091703057,run-20260727-144526-2c78,2026-07-27T14:45:26Z
vrf/VFR60_10_1_Gap,Small,60,10,IG-idle-greedy,789,3518,1.8921178999589756,2.416302765647744,run-20260727-144527-32a0,2026-07-27T14:45:27Z
vrf/VFR60_10_1_Gap,Small,60,10,IG-idle-greedy,2025,3498,1.8914055270142853,1.834061135371179,run-20260727-144529-e862,2026-07-27T14:45:29Z
vrf/VFR60_10_2_Gap,Small,60,10,IG-idle-greedy,42,3735,1.877348765032366,2.188782489740082,run-20260727-144531-3a15,2026-07-27T14:45:31Z
vrf/VFR60_10_2_Gap,Small,60,10,IG-idle-greedy,123,3735,1.8823257400654256,2.188782489740082,run-20260727-144533-1921,2026-07-27T14:45:33Z
vrf/VFR60_10_2_Gap,Small,60,10,IG-idle-greedy,456,3772,1.8744994290173054,3.20109439124487,run-20260727-144535-5c0e,2026-07-27T14:45:35Z
vrf/VFR60_10_2_Gap,Small,60,10,IG-idle-greedy,789,3716,1.9118397230049595,1.6689466484268125,run-20260727-144537-1180,2026-07-27T14:45:37Z
vrf/VFR60_10_2_Gap,Small,60,10,IG-idle-greedy,2025,3764,1.874542749952525,2.982216142270862,run-20260727-144539-40e3,2026-07-27T14:45:39Z
vrf/VFR60_10_3_Gap,Small,60,10,IG-idle-greedy,42,3450,3.609340826049447,0.7887817703768624,run-20260727-144542-6afd,2026-07-27T14:45:42Z
vrf/VFR60_10_3_Gap,Small,60,10,IG-idle-greedy,123,3461,1.9650463700527325,1.110137306456325,run-20260727-144544-6a18,2026-07-27T14:45:44Z
vrf/VFR60_10_3_Gap,Small,60,10,IG-idle-greedy,456,3488,1.8912571959663182,1.8989190768331872,run-20260727-144546-73a9,2026-07-27T14:45:46Z
vrf/VFR60_10_3_Gap,Small,60,10,IG-idle-greedy,789,3489,1.8755065229488537,1.9281332164767748,run-20260727-144548-0678,2026-07-27T14:45:48Z
vrf/VFR60_10_3_Gap,Small,60,10,IG-idle-greedy,2025,3467,4.420686975936405,1.2854221443178497,run-20260727-144553-08a8,2026-07-27T14:45:53Z
vrf/VFR60_10_4_Gap,Small,60,10,IG-idle-greedy,42,3518,1.87010542396456,1.8234442836468885,run-20260727-144554-f2a1,2026-07-27T14:45:54Z
vrf/VFR60_10_4_Gap,Small,60,10,IG-idle-greedy,123,3529,1.875460730982013,2.141823444283647,run-20260727-144556-0483,2026-07-27T14:45:56Z
vrf/VFR60_10_4_Gap,Small,60,10,IG-idle-greedy,456,3567,1.8707579709589481,3.2416787264833573,run-20260727-144558-1584,2026-07-27T14:45:58Z
vrf/VFR60_10_4_Gap,Small,60,10,IG-idle-greedy,789,3521,1.9049330060370266,1.9102749638205498,run-20260727-144600-3627,2026-07-27T14:46:00Z
vrf/VFR60_10_4_Gap,Small,60,10,IG-idle-greedy,2025,3541,1.9096089680679142,2.489146164978292,run-20260727-144602-3f6e,2026-07-27T14:46:02Z
vrf/VFR60_10_5_Gap,Small,60,10,IG-idle-greedy,42,3688,1.8744288539746776,5.221112696148359,run-20260727-144604-88cd,2026-07-27T14:46:04Z
vrf/VFR60_10_5_Gap,Small,60,10,IG-idle-greedy,123,3600,1.9092548040207475,2.710413694721826,run-20260727-144606-5c25,2026-07-27T14:46:06Z
vrf/VFR60_10_5_Gap,Small,60,10,IG-idle-greedy,456,3622,1.9071985989576206,3.3380884450784594,run-20260727-144608-9f79,2026-07-27T14:46:08Z
vrf/VFR60_10_5_Gap,Small,60,10,IG-idle-greedy,789,3692,1.8751796080032364,5.335235378031384,run-20260727-144610-db42,2026-07-27T14:46:10Z
vrf/VFR60_10_5_Gap,Small,60,10,IG-idle-greedy,2025,3652,1.9045938130002469,4.194008559201142,run-20260727-144611-97f4,2026-07-27T14:46:11Z
vrf/VFR60_10_6_Gap,Small,60,10,IG-idle-greedy,42,3737,1.8798023969866335,3.9788536449638285,run-20260727-144613-f4bd,2026-07-27T14:46:13Z
vrf/VFR60_10_6_Gap,Small,60,10,IG-idle-greedy,123,3724,1.8701347130117938,3.617139677239844,run-20260727-144615-2a48,2026-07-27T14:46:15Z
vrf/VFR60_10_6_Gap,Small,60,10,IG-idle-greedy,456,3712,1.9067166110035032,3.283249860879243,run-20260727-144617-8ebe,2026-07-27T14:46:17Z
vrf/VFR60_10_6_Gap,Small,60,10,IG-idle-greedy,789,3768,1.8678171560168266,4.841402337228715,run-20260727-144619-6d3f,2026-07-27T14:46:19Z
vrf/VFR60_10_6_Gap,Small,60,10,IG-idle-greedy,2025,3744,1.9813366240123287,4.173622704507513,run-20260727-144621-1f33,2026-07-27T14:46:21Z
vrf/VFR60_10_7_Gap,Small,60,10,IG-idle-greedy,42,3734,1.9126950920326635,2.1893814997263275,run-20260727-144623-4a9c,2026-07-27T14:46:23Z
vrf/VFR60_10_7_Gap,Small,60,10,IG-idle-greedy,123,3744,1.8718241839669645,2.4630541871921183,run-20260727-144625-37be,2026-07-27T14:46:25Z
vrf/VFR60_10_7_Gap,Small,60,10,IG-idle-greedy,456,3729,1.9172553699463606,2.052545155993432,run-20260727-144627-46c7,2026-07-27T14:46:27Z
vrf/VFR60_10_7_Gap,Small,60,10,IG-idle-greedy,789,3734,1.897367601050064,2.1893814997263275,run-20260727-144629-e9a0,2026-07-27T14:46:29Z
vrf/VFR60_10_7_Gap,Small,60,10,IG-idle-greedy,2025,3734,3.6242403719807044,2.1893814997263275,run-20260727-144632-1a9e,2026-07-27T14:46:32Z
vrf/VFR60_10_8_Gap,Small,60,10,IG-idle-greedy,42,3651,1.8784857519203797,2.7871621621621623,run-20260727-144634-a348,2026-07-27T14:46:34Z
vrf/VFR60_10_8_Gap,Small,60,10,IG-idle-greedy,123,3580,1.8660767920082435,0.7882882882882883,run-20260727-144636-ee68,2026-07-27T14:46:36Z
vrf/VFR60_10_8_Gap,Small,60,10,IG-idle-greedy,456,3651,1.8564651140477508,2.7871621621621623,run-20260727-144638-9952,2026-07-27T14:46:38Z
vrf/VFR60_10_8_Gap,Small,60,10,IG-idle-greedy,789,3580,3.5716766390250996,0.7882882882882883,run-20260727-144641-1a41,2026-07-27T14:46:41Z
vrf/VFR60_10_8_Gap,Small,60,10,IG-idle-greedy,2025,3651,1.8600590960122645,2.7871621621621623,run-20260727-144643-7545,2026-07-27T14:46:43Z
vrf/VFR60_10_9_Gap,Small,60,10,IG-idle-greedy,42,3691,1.9100269000045955,0.1628222523744912,run-20260727-144645-84cd,2026-07-27T14:46:45Z
vrf/VFR60_10_9_Gap,Small,60,10,IG-idle-greedy,123,3691,1.913613053970039,0.1628222523744912,run-20260727-144647-7db2,2026-07-27T14:46:47Z
vrf/VFR60_10_9_Gap,Small,60,10,IG-idle-greedy,456,3691,1.8788814910221845,0.1628222523744912,run-20260727-144649-2df2,2026-07-27T14:46:49Z
vrf/VFR60_10_9_Gap,Small,60,10,IG-idle-greedy,789,3691,1.8820202449569479,0.1628222523744912,run-20260727-144651-9b46,2026-07-27T14:46:51Z
vrf/VFR60_10_9_Gap,Small,60,10,IG-idle-greedy,2025,3691,3.565934750949964,0.1628222523744912,run-20260727-144654-c15c,2026-07-27T14:46:54Z
vrf/VFR60_15_10_Gap,Small,60,15,IG-idle-greedy,42,4001,2.6784861619817093,2.5371604305484365,run-20260727-144657-413f,2026-07-27T14:46:57Z
vrf/VFR60_15_10_Gap,Small,60,15,IG-idle-greedy,123,4026,2.6706530320225284,3.177857508969759,run-20260727-144700-b956,2026-07-27T14:47:00Z
vrf/VFR60_15_10_Gap,Small,60,15,IG-idle-greedy,456,4021,2.6799162280512974,3.049718093285495,run-20260727-144702-5266,2026-07-27T14:47:02Z
vrf/VFR60_15_10_Gap,Small,60,15,IG-idle-greedy,789,4034,2.6871192330727354,3.382880574064582,run-20260727-144705-d8f2,2026-07-27T14:47:05Z
vrf/VFR60_15_10_Gap,Small,60,15,IG-idle-greedy,2025,4003,2.7431596689857543,2.5884161968221426,run-20260727-144708-7e35,2026-07-27T14:47:08Z
vrf/VFR60_15_1_Gap,Small,60,15,IG-idle-greedy,42,4063,2.74251226906199,3.1218274111675126,run-20260727-144711-5a8e,2026-07-27T14:47:11Z
vrf/VFR60_15_1_Gap,Small,60,15,IG-idle-greedy,123,4066,2.713719160994515,3.197969543147208,run-20260727-144713-5c1a,2026-07-27T14:47:13Z
vrf/VFR60_15_1_Gap,Small,60,15,IG-idle-greedy,456,4067,2.6774927879450843,3.2233502538071064,run-20260727-144716-ef65,2026-07-27T14:47:16Z
vrf/VFR60_15_1_Gap,Small,60,15,IG-idle-greedy,789,4064,2.6901219370774925,3.1472081218274113,run-20260727-144719-c50a,2026-07-27T14:47:19Z
vrf/VFR60_15_1_Gap,Small,60,15,IG-idle-greedy,2025,4069,5.158988870913163,3.2741116751269037,run-20260727-144724-5eee,2026-07-27T14:47:24Z
vrf/VFR60_15_2_Gap,Small,60,15,IG-idle-greedy,42,4107,2.6903980739880353,5.632716049382716,run-20260727-144727-8c54,2026-07-27T14:47:27Z
vrf/VFR60_15_2_Gap,Small,60,15,IG-idle-greedy,123,4129,2.6675344449467957,6.198559670781893,run-20260727-144729-b73c,2026-07-27T14:47:29Z
vrf/VFR60_15_2_Gap,Small,60,15,IG-idle-greedy,456,4129,2.6791682860348374,6.198559670781893,run-20260727-144732-9403,2026-07-27T14:47:32Z
vrf/VFR60_15_2_Gap,Small,60,15,IG-idle-greedy,789,4060,2.695269023999572,4.423868312757202,run-20260727-144735-67f8,2026-07-27T14:47:35Z
vrf/VFR60_15_2_Gap,Small,60,15,IG-idle-greedy,2025,4026,2.706623794976622,3.549382716049383,run-20260727-144737-6b36,2026-07-27T14:47:37Z
vrf/VFR60_15_3_Gap,Small,60,15,IG-idle-greedy,42,4069,2.6958899929886684,4.871134020618556,run-20260727-144740-7b81,2026-07-27T14:47:40Z
vrf/VFR60_15_3_Gap,Small,60,15,IG-idle-greedy,123,4070,2.683325146907009,4.896907216494846,run-20260727-144743-603a,2026-07-27T14:47:43Z
vrf/VFR60_15_3_Gap,Small,60,15,IG-idle-greedy,456,4092,2.6750735570676625,5.463917525773196,run-20260727-144745-be8d,2026-07-27T14:47:45Z
vrf/VFR60_15_3_Gap,Small,60,15,IG-idle-greedy,789,4055,2.70333577808924,4.510309278350515,run-20260727-144748-f330,2026-07-27T14:47:48Z
vrf/VFR60_15_3_Gap,Small,60,15,IG-idle-greedy,2025,4060,2.683527078013867,4.639175257731959,run-20260727-144751-9474,2026-07-27T14:47:51Z
vrf/VFR60_15_4_Gap,Small,60,15,IG-idle-greedy,42,3847,2.7355340670328587,3.52529601722282,run-20260727-144753-1d2e,2026-07-27T14:47:53Z
vrf/VFR60_15_4_Gap,Small,60,15,IG-idle-greedy,123,3894,2.7108494580024853,4.7900968783638325,run-20260727-144756-5f18,2026-07-27T14:47:56Z
vrf/VFR60_15_4_Gap,Small,60,15,IG-idle-greedy,456,3819,5.186724921921268,2.7717976318622175,run-20260727-144801-b7e0,2026-07-27T14:48:01Z
vrf/VFR60_15_4_Gap,Small,60,15,IG-idle-greedy,789,3827,2.72022077802103,2.9870828848223896,run-20260727-144804-994c,2026-07-27T14:48:04Z
vrf/VFR60_15_4_Gap,Small,60,15,IG-idle-greedy,2025,3925,2.6624226319836453,5.624327233584499,run-20260727-144807-220e,2026-07-27T14:48:07Z
vrf/VFR60_15_5_Gap,Small,60,15,IG-idle-greedy,42,4004,2.6795711839804426,3.169286266426179,run-20260727-144809-4096,2026-07-27T14:48:09Z
vrf/VFR60_15_5_Gap,Small,60,15,IG-idle-greedy,123,3999,2.7014073660830036,3.040453491368204,run-20260727-144812-2433,2026-07-27T14:48:12Z
vrf/VFR60_15_5_Gap,Small,60,15,IG-idle-greedy,456,4021,2.6935324950609356,3.607317701623293,run-20260727-144815-f62b,2026-07-27T14:48:15Z
vrf/VFR60_15_5_Gap,Small,60,15,IG-idle-greedy,789,4017,2.6807177690789104,3.504251481576913,run-20260727-144818-f0f3,2026-07-27T14:48:18Z
vrf/VFR60_15_5_Gap,Small,60,15,IG-idle-greedy,2025,3995,2.6848868340021,2.9373872713218243,run-20260727-144820-d855,2026-07-27T14:48:20Z
vrf/VFR60_15_6_Gap,Small,60,15,IG-idle-greedy,42,4007,5.15986633405555,2.9283329052144875,run-20260727-144825-70c7,2026-07-27T14:48:25Z
vrf/VFR60_15_6_Gap,Small,60,15,IG-idle-greedy,123,3999,2.7034460520371795,2.7228358592345234,run-20260727-144828-486d,2026-07-27T14:48:28Z
vrf/VFR60_15_6_Gap,Small,60,15,IG-idle-greedy,456,4003,2.6758650589035824,2.8255843822245055,run-20260727-144831-3705,2026-07-27T14:48:31Z
vrf/VFR60_15_6_Gap,Small,60,15,IG-idle-greedy,789,4039,2.6820092459674925,3.7503210891343435,run-20260727-144833-cb5b,2026-07-27T14:48:33Z
vrf/VFR60_15_6_Gap,Small,60,15,IG-idle-greedy,2025,4031,2.68158414401114,3.54482404315438,run-20260727-144836-61b1,2026-07-27T14:48:36Z
vrf/VFR60_15_7_Gap,Small,60,15,IG-idle-greedy,42,3952,2.684518186026253,3.7542662116040955,run-20260727-144839-2959,2026-07-27T14:48:39Z
vrf/VFR60_15_7_Gap,Small,60,15,IG-idle-greedy,123,3972,2.7318249130621552,4.279338409031242,run-20260727-144842-c54f,2026-07-27T14:48:42Z
vrf/VFR60_15_7_Gap,Small,60,15,IG-idle-greedy,456,3936,2.7831538130994886,3.3342084536623786,run-20260727-144844-ab11,2026-07-27T14:48:44Z
vrf/VFR60_15_7_Gap,Small,60,15,IG-idle-greedy,789,3910,2.830032135010697,2.6516145970070886,run-20260727-144847-fde3,2026-07-27T14:48:47Z
vrf/VFR60_15_7_Gap,Small,60,15,IG-idle-greedy,2025,3914,2.8313347309594974,2.7566290364925177,run-20260727-144850-566f,2026-07-27T14:48:50Z
vrf/VFR60_15_8_Gap,Small,60,15,IG-idle-greedy,42,3869,2.774106602068059,3.2008535609495867,run-20260727-144853-52f2,2026-07-27T14:48:53Z
vrf/VFR60_15_8_Gap,Small,60,15,IG-idle-greedy,123,3901,2.6756885399809107,4.054414510536143,run-20260727-144855-c48c,2026-07-27T14:48:55Z
vrf/VFR60_15_8_Gap,Small,60,15,IG-idle-greedy,456,3875,2.8132192279445007,3.360896238997066,run-20260727-144858-11cc,2026-07-27T14:48:58Z
vrf/VFR60_15_8_Gap,Small,60,15,IG-idle-greedy,789,3870,2.693319592042826,3.2275273406241665,run-20260727-144901-d2e8,2026-07-27T14:49:01Z
vrf/VFR60_15_8_Gap,Small,60,15,IG-idle-greedy,2025,3885,2.6888102400116622,3.6276340357428647,run-20260727-144904-8987,2026-07-27T14:49:04Z
vrf/VFR60_15_9_Gap,Small,60,15,IG-idle-greedy,42,3919,2.714065929991193,3.1315789473684212,run-20260727-144906-e458,2026-07-27T14:49:06Z
vrf/VFR60_15_9_Gap,Small,60,15,IG-idle-greedy,123,3920,2.7244420089991763,3.1578947368421053,run-20260727-144909-d4d7,2026-07-27T14:49:09Z
vrf/VFR60_15_9_Gap,Small,60,15,IG-idle-greedy,456,3922,2.688621605047956,3.210526315789474,run-20260727-144912-e3ec,2026-07-27T14:49:12Z
vrf/VFR60_15_9_Gap,Small,60,15,IG-idle-greedy,789,3976,2.6773507250472903,4.631578947368421,run-20260727-144914-cba8,2026-07-27T14:49:14Z
vrf/VFR60_15_9_Gap,Small,60,15,IG-idle-greedy,2025,3944,2.7064970310311764,3.789473684210526,run-20260727-144917-2e22,2026-07-27T14:49:17Z
vrf/VFR60_20_10_Gap,Small,60,20,IG-idle-greedy,42,4376,3.7618439838988706,4.140885292717753,run-20260727-144921-3183,2026-07-27T14:49:21Z
vrf/VFR60_20_10_Gap,Small,60,20,IG-idle-greedy,123,4362,3.583538484061137,3.8077106139933363,run-20260727-144924-344b,2026-07-27T14:49:24Z
vrf/VFR60_20_10_Gap,Small,60,20,IG-idle-greedy,456,4371,3.6172242170432582,4.021894336030462,run-20260727-144928-dd32,2026-07-27T14:49:28Z
vrf/VFR60_20_10_Gap,Small,60,20,IG-idle-greedy,789,4371,3.549608596949838,4.021894336030462,run-20260727-144932-d5a0,2026-07-27T14:49:32Z
vrf/VFR60_20_10_Gap,Small,60,20,IG-idle-greedy,2025,4353,3.665193581022322,3.5935268919562113,run-20260727-144935-fbdf,2026-07-27T14:49:35Z
vrf/VFR60_20_1_Gap,Small,60,20,IG-idle-greedy,42,4282,6.7466154410503805,2.8585154936343984,run-20260727-144942-7d76,2026-07-27T14:49:42Z
vrf/VFR60_20_1_Gap,Small,60,20,IG-idle-greedy,123,4325,8.286776031018235,3.8914244535190967,run-20260727-144950-8c4c,2026-07-27T14:49:50Z
vrf/VFR60_20_1_Gap,Small,60,20,IG-idle-greedy,456,4333,3.569738617981784,4.083593562334855,run-20260727-144954-f73c,2026-07-27T14:49:54Z
vrf/VFR60_20_1_Gap,Small,60,20,IG-idle-greedy,789,4332,3.5116060889558867,4.0595724237328845,run-20260727-144957-ab0a,2026-07-27T14:49:57Z
vrf/VFR60_20_1_Gap,Small,60,20,IG-idle-greedy,2025,4305,3.818874257034622,3.411001681479702,run-20260727-145001-f92c,2026-07-27T14:50:01Z
vrf/VFR60_20_2_Gap,Small,60,20,IG-idle-greedy,42,4474,3.5180201230105013,4.2890442890442895,run-20260727-145005-5255,2026-07-27T14:50:05Z
vrf/VFR60_20_2_Gap,Small,60,20,IG-idle-greedy,123,4475,3.547101739910431,4.312354312354312,run-20260727-145008-6f9d,2026-07-27T14:50:08Z
vrf/VFR60_20_2_Gap,Small,60,20,IG-idle-greedy,456,4434,6.272947070072405,3.3566433566433567,run-20260727-145015-68f1,2026-07-27T14:50:15Z
vrf/VFR60_20_2_Gap,Small,60,20,IG-idle-greedy,789,4458,4.054907559067942,3.9160839160839163,run-20260727-145019-c2ba,2026-07-27T14:50:19Z
vrf/VFR60_20_2_Gap,Small,60,20,IG-idle-greedy,2025,4455,3.5522535310592502,3.8461538461538463,run-20260727-145022-effc,2026-07-27T14:50:22Z
vrf/VFR60_20_3_Gap,Small,60,20,IG-idle-greedy,42,4545,3.508967680973001,4.123711340206185,run-20260727-145026-2443,2026-07-27T14:50:26Z
vrf/VFR60_20_3_Gap,Small,60,20,IG-idle-greedy,123,4548,3.476203089929186,4.1924398625429555,run-20260727-145029-ac96,2026-07-27T14:50:29Z
vrf/VFR60_20_3_Gap,Small,60,20,IG-idle-greedy,456,4479,4.56162155198399,2.611683848797251,run-20260727-145034-0aee,2026-07-27T14:50:34Z
vrf/VFR60_20_3_Gap,Small,60,20,IG-idle-greedy,789,4512,6.691413671011105,3.3676975945017182,run-20260727-145040-018d,2026-07-27T14:50:40Z
vrf/VFR60_20_3_Gap,Small,60,20,IG-idle-greedy,2025,4565,3.520936532993801,4.581901489117984,run-20260727-145044-5a27,2026-07-27T14:50:44Z
vrf/VFR60_20_4_Gap,Small,60,20,IG-idle-greedy,42,4347,3.59794453100767,3.672787979966611,run-20260727-145048-c8e5,2026-07-27T14:50:48Z
vrf/VFR60_20_4_Gap,Small,60,20,IG-idle-greedy,123,4338,3.835827386006713,3.458144526591939,run-20260727-145051-236e,2026-07-27T14:50:51Z
vrf/VFR60_20_4_Gap,Small,60,20,IG-idle-greedy,456,4362,3.5828847440425307,4.030527068924398,run-20260727-145055-e949,2026-07-27T14:50:55Z
vrf/VFR60_20_4_Gap,Small,60,20,IG-idle-greedy,789,4393,3.518419135012664,4.769854519437157,run-20260727-145059-65ae,2026-07-27T14:50:59Z
vrf/VFR60_20_4_Gap,Small,60,20,IG-idle-greedy,2025,4415,3.477825492969714,5.294538516575244,run-20260727-145102-479e,2026-07-27T14:51:02Z
vrf/VFR60_20_5_Gap,Small,60,20,IG-idle-greedy,42,4331,3.474480681004934,3.217349857006673,run-20260727-145105-4ec8,2026-07-27T14:51:05Z
vrf/VFR60_20_5_Gap,Small,60,20,IG-idle-greedy,123,4323,6.76519070006907,3.026692087702574,run-20260727-145112-9931,2026-07-27T14:51:12Z
vrf/VFR60_20_5_Gap,Small,60,20,IG-idle-greedy,456,4289,4.311540771974251,2.2163965681601527,run-20260727-145117-c543,2026-07-27T14:51:17Z
vrf/VFR60_20_5_Gap,Small,60,20,IG-idle-greedy,789,4331,3.543451944948174,3.217349857006673,run-20260727-145120-d790,2026-07-27T14:51:20Z
vrf/VFR60_20_5_Gap,Small,60,20,IG-idle-greedy,2025,4351,3.497092063073069,3.693994280266921,run-20260727-145124-e906,2026-07-27T14:51:24Z
vrf/VFR60_20_6_Gap,Small,60,20,IG-idle-greedy,42,4345,3.5795350020052865,3.4031413612565444,run-20260727-145127-2195,2026-07-27T14:51:27Z
vrf/VFR60_20_6_Gap,Small,60,20,IG-idle-greedy,123,4395,3.4823886840604246,4.593050928129462,run-20260727-145131-3f94,2026-07-27T14:51:31Z
vrf/VFR60_20_6_Gap,Small,60,20,IG-idle-greedy,456,4338,3.5424597839592025,3.236554021894336,run-20260727-145134-7f22,2026-07-27T14:51:34Z
vrf/VFR60_20_6_Gap,Small,60,20,IG-idle-greedy,789,4398,3.4915819950401783,4.664445502141837,run-20260727-145138-ff4e,2026-07-27T14:51:38Z
vrf/VFR60_20_6_Gap,Small,60,20,IG-idle-greedy,2025,4366,3.515892836963758,3.90290337934317,run-20260727-145141-d041,2026-07-27T14:51:41Z
vrf/VFR60_20_7_Gap,Small,60,20,IG-idle-greedy,42,4467,3.548965791007504,4.785362420830401,run-20260727-145145-b81e,2026-07-27T14:51:45Z
vrf/VFR60_20_7_Gap,Small,60,20,IG-idle-greedy,123,4453,3.5319866170175374,4.456955195871452,run-20260727-145148-bae3,2026-07-27T14:51:48Z
vrf/VFR60_20_7_Gap,Small,60,20,IG-idle-greedy,456,4503,3.5218619590159506,5.629838142153413,run-20260727-145152-207c,2026-07-27T14:51:52Z
vrf/VFR60_20_7_Gap,Small,60,20,IG-idle-greedy,789,4494,3.5055339430691674,5.41871921182266,run-20260727-145155-5725,2026-07-27T14:51:55Z
vrf/VFR60_20_7_Gap,Small,60,20,IG-idle-greedy,2025,4449,3.529131159069948,4.363124560168895,run-20260727-145159-db58,2026-07-27T14:51:59Z
vrf/VFR60_20_8_Gap,Small,60,20,IG-idle-greedy,42,4365,6.666711700032465,4.425837320574162,run-20260727-145206-0146,2026-07-27T14:52:06Z
vrf/VFR60_20_8_Gap,Small,60,20,IG-idle-greedy,123,4417,3.5257671229774132,5.669856459330144,run-20260727-145209-aff0,2026-07-27T14:52:09Z
vrf/VFR60_20_8_Gap,Small,60,20,IG-idle-greedy,456,4423,3.5041868870612234,5.813397129186603,run-20260727-145213-c7d1,2026-07-27T14:52:13Z
vrf/VFR60_20_8_Gap,Small,60,20,IG-idle-greedy,789,4379,3.539577745948918,4.760765550239235,run-20260727-145216-6c73,2026-07-27T14:52:16Z
vrf/VFR60_20_8_Gap,Small,60,20,IG-idle-greedy,2025,4403,3.9781857380876318,5.3349282296650715,run-20260727-145220-8534,2026-07-27T14:52:20Z
vrf/VFR60_20_9_Gap,Small,60,20,IG-idle-greedy,42,4374,3.562994997948408,3.624733475479744,run-20260727-145224-6286,2026-07-27T14:52:24Z
vrf/VFR60_20_9_Gap,Small,60,20,IG-idle-greedy,123,4417,3.522133131045848,4.643449419568823,run-20260727-145227-a74a,2026-07-27T14:52:27Z
vrf/VFR60_20_9_Gap,Small,60,20,IG-idle-greedy,456,4379,3.55511351802852,3.7431888178156836,run-20260727-145231-cad5,2026-07-27T14:52:31Z
vrf/VFR60_20_9_Gap,Small,60,20,IG-idle-greedy,789,4392,3.50519394595176,4.051172707889126,run-20260727-145234-c627,2026-07-27T14:52:34Z
vrf/VFR60_20_9_Gap,Small,60,20,IG-idle-greedy,2025,4409,3.498088262975216,4.453920871831319,run-20260727-145238-77e7,2026-07-27T14:52:38Z
vrf/VFR60_5_10_Gap,Small,60,5,IG-idle-greedy,42,3663,1.038279928965494,0.0,run-20260727-145239-6449,2026-07-27T14:52:39Z
vrf/VFR60_5_10_Gap,Small,60,5,IG-idle-greedy,123,3663,1.0423409519717097,0.0,run-20260727-145240-3cc0,2026-07-27T14:52:40Z
vrf/VFR60_5_10_Gap,Small,60,5,IG-idle-greedy,456,3663,1.0607278660172597,0.0,run-20260727-145241-0469,2026-07-27T14:52:41Z
vrf/VFR60_5_10_Gap,Small,60,5,IG-idle-greedy,789,3663,1.0494226639857516,0.0,run-20260727-145242-a722,2026-07-27T14:52:42Z
vrf/VFR60_5_10_Gap,Small,60,5,IG-idle-greedy,2025,3663,1.0467561200493947,0.0,run-20260727-145243-b2a1,2026-07-27T14:52:43Z
vrf/VFR60_5_1_Gap,Small,60,5,IG-idle-greedy,42,3350,1.0371666890569031,0.0,run-20260727-145244-36d4,2026-07-27T14:52:44Z
vrf/VFR60_5_1_Gap,Small,60,5,IG-idle-greedy,123,3350,1.044299635104835,0.0,run-20260727-145245-ea6c,2026-07-27T14:52:45Z
vrf/VFR60_5_1_Gap,Small,60,5,IG-idle-greedy,456,3350,1.0415194230154157,0.0,run-20260727-145246-2412,2026-07-27T14:52:46Z
vrf/VFR60_5_1_Gap,Small,60,5,IG-idle-greedy,789,3350,1.0356708669569343,0.0,run-20260727-145247-d08e,2026-07-27T14:52:47Z
vrf/VFR60_5_1_Gap,Small,60,5,IG-idle-greedy,2025,3350,1.0408686000155285,0.0,run-20260727-145248-efe8,2026-07-27T14:52:48Z
vrf/VFR60_5_2_Gap,Small,60,5,IG-idle-greedy,42,3056,1.0463754669763148,0.06548788474132286,run-20260727-145249-1190,2026-07-27T14:52:49Z
vrf/VFR60_5_2_Gap,Small,60,5,IG-idle-greedy,123,3056,1.061649190960452,0.06548788474132286,run-20260727-145250-6b81,2026-07-27T14:52:50Z
vrf/VFR60_5_2_Gap,Small,60,5,IG-idle-greedy,456,3056,1.5171615259023383,0.06548788474132286,run-20260727-145252-a135,2026-07-27T14:52:52Z
vrf/VFR60_5_2_Gap,Small,60,5,IG-idle-greedy,789,3056,1.0612969250651076,0.06548788474132286,run-20260727-145253-7482,2026-07-27T14:52:53Z
vrf/VFR60_5_2_Gap,Small,60,5,IG-idle-greedy,2025,3056,1.0688707970548421,0.06548788474132286,run-20260727-145254-717e,2026-07-27T14:52:54Z
vrf/VFR60_5_3_Gap,Small,60,5,IG-idle-greedy,42,3240,1.050588759011589,0.8089607965152458,run-20260727-145255-df5b,2026-07-27T14:52:55Z
vrf/VFR60_5_3_Gap,Small,60,5,IG-idle-greedy,123,3240,1.0480275560403243,0.8089607965152458,run-20260727-145256-73c9,2026-07-27T14:52:56Z
vrf/VFR60_5_3_Gap,Small,60,5,IG-idle-greedy,456,3240,1.0418489819858223,0.8089607965152458,run-20260727-145257-a701,2026-07-27T14:52:57Z
vrf/VFR60_5_3_Gap,Small,60,5,IG-idle-greedy,789,3240,1.0663279000436887,0.8089607965152458,run-20260727-145258-45e4,2026-07-27T14:52:58Z
vrf/VFR60_5_3_Gap,Small,60,5,IG-idle-greedy,2025,3240,1.0582621690118685,0.8089607965152458,run-20260727-145259-5380,2026-07-27T14:52:59Z
vrf/VFR60_5_4_Gap,Small,60,5,IG-idle-greedy,42,3266,2.0142967760330066,0.0,run-20260727-145301-4684,2026-07-27T14:53:01Z
vrf/VFR60_5_4_Gap,Small,60,5,IG-idle-greedy,123,3266,1.9968070370377973,0.0,run-20260727-145303-9fea,2026-07-27T14:53:03Z
vrf/VFR60_5_4_Gap,Small,60,5,IG-idle-greedy,456,3266,1.983975625014864,0.0,run-20260727-145305-e4b3,2026-07-27T14:53:05Z
vrf/VFR60_5_4_Gap,Small,60,5,IG-idle-greedy,789,3266,1.9810465030604973,0.0,run-20260727-145307-af58,2026-07-27T14:53:07Z
vrf/VFR60_5_4_Gap,Small,60,5,IG-idle-greedy,2025,3266,1.983648580033332,0.0,run-20260727-145309-28f1,2026-07-27T14:53:09Z
vrf/VFR60_5_5_Gap,Small,60,5,IG-idle-greedy,42,3197,1.0418950440362096,0.0,run-20260727-145310-c19e,2026-07-27T14:53:10Z
vrf/VFR60_5_5_Gap,Small,60,5,IG-idle-greedy,123,3197,1.044927087961696,0.0,run-20260727-145311-88e9,2026-07-27T14:53:11Z
vrf/VFR60_5_5_Gap,Small,60,5,IG-idle-greedy,456,3197,1.0468025000300258,0.0,run-20260727-145312-18eb,2026-07-27T14:53:12Z
vrf/VFR60_5_5_Gap,Small,60,5,IG-idle-greedy,789,3197,1.0545877079712227,0.0,run-20260727-145313-3c7c,2026-07-27T14:53:13Z
vrf/VFR60_5_5_Gap,Small,60,5,IG-idle-greedy,2025,3197,1.0547348179388791,0.0,run-20260727-145314-aca6,2026-07-27T14:53:14Z
vrf/VFR60_5_6_Gap,Small,60,5,IG-idle-greedy,42,3107,1.0833645759848878,0.0,run-20260727-145316-1dd7,2026-07-27T14:53:16Z
vrf/VFR60_5_6_Gap,Small,60,5,IG-idle-greedy,123,3107,1.9836634970270097,0.0,run-20260727-145318-fc82,2026-07-27T14:53:18Z
vrf/VFR60_5_6_Gap,Small,60,5,IG-idle-greedy,456,3114,2.1605892879888415,0.2252977148374638,run-20260727-145320-f9b2,2026-07-27T14:53:20Z
vrf/VFR60_5_6_Gap,Small,60,5,IG-idle-greedy,789,3107,1.6078381430124864,0.0,run-20260727-145321-c746,2026-07-27T14:53:21Z
vrf/VFR60_5_6_Gap,Small,60,5,IG-idle-greedy,2025,3119,1.043309761909768,0.3862246540070808,run-20260727-145322-7814,2026-07-27T14:53:22Z
vrf/VFR60_5_7_Gap,Small,60,5,IG-idle-greedy,42,3315,2.0266488320194185,0.0,run-20260727-145324-cf53,2026-07-27T14:53:24Z
vrf/VFR60_5_7_Gap,Small,60,5,IG-idle-greedy,123,3315,2.004567041993141,0.0,run-20260727-145326-9556,2026-07-27T14:53:26Z
vrf/VFR60_5_7_Gap,Small,60,5,IG-idle-greedy,456,3315,1.051665609003976,0.0,run-20260727-145327-372b,2026-07-27T14:53:27Z
vrf/VFR60_5_7_Gap,Small,60,5,IG-idle-greedy,789,3315,1.0626745809568092,0.0,run-20260727-145329-1339,2026-07-27T14:53:29Z
vrf/VFR60_5_7_Gap,Small,60,5,IG-idle-greedy,2025,3315,1.0420557840261608,0.0,run-20260727-145330-4750,2026-07-27T14:53:30Z
vrf/VFR60_5_8_Gap,Small,60,5,IG-idle-greedy,42,3438,1.0443141609430313,0.0,run-20260727-145331-5a0d,2026-07-27T14:53:31Z
vrf/VFR60_5_8_Gap,Small,60,5,IG-idle-greedy,123,3438,1.0572693930007517,0.0,run-20260727-145332-e161,2026-07-27T14:53:32Z
vrf/VFR60_5_8_Gap,Small,60,5,IG-idle-greedy,456,3438,1.0439769950462505,0.0,run-20260727-145333-74c2,2026-07-27T14:53:33Z
vrf/VFR60_5_8_Gap,Small,60,5,IG-idle-greedy,789,3446,1.9930549979908392,0.2326934264107039,run-20260727-145335-3906,2026-07-27T14:53:35Z
vrf/VFR60_5_8_Gap,Small,60,5,IG-idle-greedy,2025,3446,1.0752864299574867,0.2326934264107039,run-20260727-145336-3b72,2026-07-27T14:53:36Z
vrf/VFR60_5_9_Gap,Small,60,5,IG-idle-greedy,42,3131,1.0474332879530266,0.32041012495994875,run-20260727-145337-4a70,2026-07-27T14:53:37Z
vrf/VFR60_5_9_Gap,Small,60,5,IG-idle-greedy,123,3137,1.0368442609906197,0.5126561999359179,run-20260727-145338-b87b,2026-07-27T14:53:38Z
vrf/VFR60_5_9_Gap,Small,60,5,IG-idle-greedy,456,3137,1.046399490092881,0.5126561999359179,run-20260727-145339-fdba,2026-07-27T14:53:39Z
vrf/VFR60_5_9_Gap,Small,60,5,IG-idle-greedy,789,3137,1.05499630398117,0.5126561999359179,run-20260727-145340-d171,2026-07-27T14:53:40Z
vrf/VFR60_5_9_Gap,Small,60,5,IG-idle-greedy,2025,3121,1.9906362249748781,0.0,run-20260727-145342-b75f,2026-07-27T14:53:42Z
