instance_id,instance_set,n,m,algorithm,seed,makespan,runtime_s,rpd,manifest_id,timestamp
taillard/tai100_10_0,,100,10,IG,42,5771,8.614880542008905,0.01733102253032929,run-20260705-222241-8aad,2026-07-05T22:22:41Z
taillard/tai100_10_0,,100,10,IG,123,5770,10.397686249998515,0.0,run-20260705-222251-9c85,2026-07-05T22:22:51Z
taillard/tai100_10_0,,100,10,IG,456,5778,8.779908291995525,0.1386481802426343,run-20260705-222300-7ce5,2026-07-05T22:23:00Z
taillard/tai100_10_0,,100,10,IG,789,5785,8.530889417001163,0.25996533795493937,run-20260705-222309-fbd0,2026-07-05T22:23:09Z
taillard/tai100_10_0,,100,10,IG,2025,5773,8.640604332991643,0.05199306759098787,run-20260705-222317-33f2,2026-07-05T22:23:17Z
taillard/tai100_10_1,,100,10,IG,42,5362,9.068175583990524,0.24303608151056272,run-20260705-222326-031f,2026-07-05T22:23:26Z
taillard/tai100_10_1,,100,10,IG,123,5362,8.39033570799802,0.24303608151056272,run-20260705-222335-07be,2026-07-05T22:23:35Z
taillard/tai100_10_1,,100,10,IG,456,5362,9.402579250003328,0.24303608151056272,run-20260705-222344-dfc5,2026-07-05T22:23:44Z
taillard/tai100_10_1,,100,10,IG,789,5362,9.726715208991664,0.24303608151056272,run-20260705-222354-005f,2026-07-05T22:23:54Z
taillard/tai100_10_1,,100,10,IG,2025,5352,9.259730374993524,0.056085249579360626,run-20260705-222403-d4db,2026-07-05T22:24:03Z
taillard/tai100_10_2,,100,10,IG,42,5691,6.9873776660097064,0.2466091245376079,run-20260705-222410-0210,2026-07-05T22:24:10Z
taillard/tai100_10_2,,100,10,IG,123,5679,7.106860707994201,0.035229874933943986,run-20260705-222417-e820,2026-07-05T22:24:17Z
taillard/tai100_10_2,,100,10,IG,456,5679,7.497078000000329,0.035229874933943986,run-20260705-222425-e931,2026-07-05T22:24:25Z
taillard/tai100_10_2,,100,10,IG,789,5679,7.149178082996514,0.035229874933943986,run-20260705-222432-fff3,2026-07-05T22:24:32Z
taillard/tai100_10_2,,100,10,IG,2025,5691,6.948334292013897,0.2466091245376079,run-20260705-222439-2cf6,2026-07-05T22:24:39Z
taillard/tai100_10_3,,100,10,IG,42,5826,8.418870207999134,0.6043861163874978,run-20260705-222447-07d9,2026-07-05T22:24:47Z
taillard/tai100_10_3,,100,10,IG,123,5826,8.418128290999448,0.6043861163874978,run-20260705-222456-cccb,2026-07-05T22:24:56Z
taillard/tai100_10_3,,100,10,IG,456,5807,9.15092091599945,0.27629079606285617,run-20260705-222505-d796,2026-07-05T22:25:05Z
taillard/tai100_10_3,,100,10,IG,789,5826,9.242656292000902,0.6043861163874978,run-20260705-222514-5d8a,2026-07-05T22:25:14Z
taillard/tai100_10_3,,100,10,IG,2025,5826,9.134966582991183,0.6043861163874978,run-20260705-222523-cd2b,2026-07-05T22:25:23Z
taillard/tai100_10_4,,100,10,IG,42,5510,8.562946332996944,0.7681053401609363,run-20260705-222532-714f,2026-07-05T22:25:32Z
taillard/tai100_10_4,,100,10,IG,123,5480,8.432004417001735,0.2194586686174104,run-20260705-222540-1aac,2026-07-05T22:25:40Z
taillard/tai100_10_4,,100,10,IG,456,5469,8.175702249995084,0.018288222384784197,run-20260705-222548-e815,2026-07-05T22:25:48Z
taillard/tai100_10_4,,100,10,IG,789,5505,8.245562208001502,0.6766642282370153,run-20260705-222557-bda3,2026-07-05T22:25:57Z
taillard/tai100_10_4,,100,10,IG,2025,5498,8.229940333010745,0.548646671543526,run-20260705-222605-ac6d,2026-07-05T22:26:05Z
taillard/tai100_10_5,,100,10,IG,42,5308,7.686400374994264,0.09428625306430323,run-20260705-222613-8a28,2026-07-05T22:26:13Z
taillard/tai100_10_5,,100,10,IG,123,5308,7.944032958999742,0.09428625306430323,run-20260705-222621-d1ad,2026-07-05T22:26:21Z
taillard/tai100_10_5,,100,10,IG,456,5308,8.649452375000692,0.09428625306430323,run-20260705-222629-f58d,2026-07-05T22:26:29Z
taillard/tai100_10_5,,100,10,IG,789,5308,9.589043790998403,0.09428625306430323,run-20260705-222639-7f9f,2026-07-05T22:26:39Z
taillard/tai100_10_5,,100,10,IG,2025,5308,8.808984624993172,0.09428625306430323,run-20260705-222648-5c0f,2026-07-05T22:26:48Z
taillard/tai100_10_6,,100,10,IG,42,5643,7.219439417007379,0.7858546168958742,run-20260705-222655-4e6b,2026-07-05T22:26:55Z
taillard/tai100_10_6,,100,10,IG,123,5602,7.327599291995284,0.05358099660653688,run-20260705-222702-2d9f,2026-07-05T22:27:02Z
taillard/tai100_10_6,,100,10,IG,456,5602,7.249196665987256,0.05358099660653688,run-20260705-222709-055b,2026-07-05T22:27:09Z
taillard/tai100_10_6,,100,10,IG,789,5643,6.858178917012992,0.7858546168958742,run-20260705-222716-2d9b,2026-07-05T22:27:16Z
taillard/tai100_10_6,,100,10,IG,2025,5612,7.037234667004668,0.23218431862832647,run-20260705-222723-7ace,2026-07-05T22:27:23Z
taillard/tai100_10_7,,100,10,IG,42,5656,7.189859749996685,0.586875333451894,run-20260705-222731-73a0,2026-07-05T22:27:31Z
taillard/tai100_10_7,,100,10,IG,123,5626,8.380357667003409,0.053352303041081274,run-20260705-222739-de09,2026-07-05T22:27:39Z
taillard/tai100_10_7,,100,10,IG,456,5640,9.485649334004847,0.3023297172327939,run-20260705-222748-c7a6,2026-07-05T22:27:48Z
taillard/tai100_10_7,,100,10,IG,789,5640,8.277281333008432,0.3023297172327939,run-20260705-222757-ab59,2026-07-05T22:27:57Z
taillard/tai100_10_7,,100,10,IG,2025,5623,7.852148999998462,0.0,run-20260705-222805-5739,2026-07-05T22:28:05Z
taillard/tai100_10_8,,100,10,IG,42,5891,7.164036957998178,0.2723404255319149,run-20260705-222812-7eb7,2026-07-05T22:28:12Z
taillard/tai100_10_8,,100,10,IG,123,5891,7.642136124995886,0.2723404255319149,run-20260705-222819-3102,2026-07-05T22:28:19Z
taillard/tai100_10_8,,100,10,IG,456,5891,7.313849165991996,0.2723404255319149,run-20260705-222827-3162,2026-07-05T22:28:27Z
taillard/tai100_10_8,,100,10,IG,789,5885,14.00778662499215,0.1702127659574468,run-20260705-222841-15bf,2026-07-05T22:28:41Z
taillard/tai100_10_8,,100,10,IG,2025,5891,7.090583458004403,0.2723404255319149,run-20260705-222848-ab8a,2026-07-05T22:28:48Z
taillard/tai100_10_9,,100,10,IG,42,5848,6.495612667000387,0.05132591958939264,run-20260705-222854-0bf0,2026-07-05T22:28:54Z
taillard/tai100_10_9,,100,10,IG,123,5881,5.9658911250007804,0.6159110350727117,run-20260705-222900-5ee2,2026-07-05T22:29:00Z
taillard/tai100_10_9,,100,10,IG,456,5848,6.711584374992526,0.05132591958939264,run-20260705-222907-fca7,2026-07-05T22:29:07Z
taillard/tai100_10_9,,100,10,IG,789,5848,7.268182291998528,0.05132591958939264,run-20260705-222914-40a9,2026-07-05T22:29:14Z
taillard/tai100_10_9,,100,10,IG,2025,5848,7.063292916995124,0.05132591958939264,run-20260705-222921-5f3d,2026-07-05T22:29:21Z
taillard/tai100_20_0,,100,20,IG,42,6318,18.094351208012085,0.5090677696468342,run-20260705-222939-55af,2026-07-05T22:29:39Z
taillard/tai100_20_0,,100,20,IG,123,6329,19.820111041000928,0.6840598154629335,run-20260705-222959-1038,2026-07-05T22:29:59Z
taillard/tai100_20_0,,100,20,IG,456,6310,22.23267312500684,0.38180082723512565,run-20260705-223022-6ad2,2026-07-05T22:30:22Z
taillard/tai100_20_0,,100,20,IG,789,6307,17.088952250007424,0.33407572383073497,run-20260705-223039-600c,2026-07-05T22:30:39Z
taillard/tai100_20_0,,100,20,IG,2025,6328,15.758982958010165,0.6681514476614699,run-20260705-223054-4289,2026-07-05T22:30:54Z
taillard/tai100_20_1,,100,20,IG,42,6266,14.971327916995506,0.400576830636116,run-20260705-223109-db2d,2026-07-05T22:31:09Z
taillard/tai100_20_1,,100,20,IG,123,6307,15.632862790997024,1.0575228328793462,run-20260705-223125-ca94,2026-07-05T22:31:25Z
taillard/tai100_20_1,,100,20,IG,456,6249,15.662448875009432,0.12818458580355713,run-20260705-223141-5069,2026-07-05T22:31:41Z
taillard/tai100_20_1,,100,20,IG,789,6269,16.756569625009433,0.4486460503124499,run-20260705-223157-bd63,2026-07-05T22:31:57Z
taillard/tai100_20_1,,100,20,IG,2025,6291,15.497785415995168,0.801153661272232,run-20260705-223213-1b7e,2026-07-05T22:32:13Z
taillard/tai100_20_2,,100,20,IG,42,6389,14.582545792000019,0.9480170643071575,run-20260705-223228-ac8c,2026-07-05T22:32:28Z
taillard/tai100_20_2,,100,20,IG,123,6347,14.74576941599662,0.28440511929214723,run-20260705-223242-10b5,2026-07-05T22:32:42Z
taillard/tai100_20_2,,100,20,IG,456,6347,15.037237249998725,0.28440511929214723,run-20260705-223257-fb2a,2026-07-05T22:32:57Z
taillard/tai100_20_2,,100,20,IG,789,6353,16.4883034999948,0.379206825722863,run-20260705-223314-f7fb,2026-07-05T22:33:14Z
taillard/tai100_20_2,,100,20,IG,2025,6346,15.35392612501164,0.26860483488702797,run-20260705-223329-2b93,2026-07-05T22:33:29Z
taillard/tai100_20_3,,100,20,IG,42,6366,14.629802750001545,0.9514747859181731,run-20260705-223344-a3be,2026-07-05T22:33:44Z
taillard/tai100_20_3,,100,20,IG,123,6369,14.095357709011296,0.9990485252140818,run-20260705-223358-441d,2026-07-05T22:33:58Z
taillard/tai100_20_3,,100,20,IG,456,6366,14.235843792004744,0.9514747859181731,run-20260705-223412-dc6e,2026-07-05T22:34:12Z
taillard/tai100_20_3,,100,20,IG,789,6369,15.578496791000362,0.9990485252140818,run-20260705-223428-000f,2026-07-05T22:34:28Z
taillard/tai100_20_3,,100,20,IG,2025,6325,14.781584666008712,0.3013003488740882,run-20260705-223443-9366,2026-07-05T22:34:43Z
taillard/tai100_20_4,,100,20,IG,42,6421,13.460693540997454,0.6899796142386703,run-20260705-223456-3daf,2026-07-05T22:34:56Z
taillard/tai100_20_4,,100,20,IG,123,6409,14.20432441700541,0.501803355809942,run-20260705-223510-2e7b,2026-07-05T22:35:10Z
taillard/tai100_20_4,,100,20,IG,456,6436,13.47210491700389,0.9251999372745805,run-20260705-223524-d9de,2026-07-05T22:35:24Z
taillard/tai100_20_4,,100,20,IG,789,6441,13.839816583000356,1.003606711619884,run-20260705-223538-58a9,2026-07-05T22:35:38Z
taillard/tai100_20_4,,100,20,IG,2025,6420,15.598667416998069,0.6742982593696095,run-20260705-223553-ac2d,2026-07-05T22:35:53Z
taillard/tai100_20_5,,100,20,IG,42,6483,14.150182750003296,0.7146186111542644,run-20260705-223607-85ae,2026-07-05T22:36:07Z
taillard/tai100_20_5,,100,20,IG,123,6438,14.5574838330067,0.015535187199005748,run-20260705-223622-b07a,2026-07-05T22:36:22Z
taillard/tai100_20_5,,100,20,IG,456,6479,14.131798333008192,0.6524778623582415,run-20260705-223636-6bce,2026-07-05T22:36:36Z
taillard/tai100_20_5,,100,20,IG,789,6487,15.865286041997024,0.7767593599502874,run-20260705-223652-feaa,2026-07-05T22:36:52Z
taillard/tai100_20_5,,100,20,IG,2025,6487,16.34308720800618,0.7767593599502874,run-20260705-223708-839b,2026-07-05T22:37:08Z
taillard/tai100_20_6,,100,20,IG,42,6372,15.281263874989236,0.4097069019855027,run-20260705-223724-98fc,2026-07-05T22:37:24Z
taillard/tai100_20_6,,100,20,IG,123,6386,15.102415082990774,0.6303183107469272,run-20260705-223739-7b36,2026-07-05T22:37:39Z
taillard/tai100_20_6,,100,20,IG,456,6373,14.428253291000146,0.42546485975417586,run-20260705-223753-81f5,2026-07-05T22:37:53Z
taillard/tai100_20_6,,100,20,IG,789,6376,15.685181791996001,0.4727387330601954,run-20260705-223809-96fc,2026-07-05T22:38:09Z
taillard/tai100_20_6,,100,20,IG,2025,6361,17.44231995799055,0.2363693665300977,run-20260705-223826-9fee,2026-07-05T22:38:26Z
taillard/tai100_20_7,,100,20,IG,42,6497,15.031692999997176,0.24687548217867614,run-20260705-223841-9de2,2026-07-05T22:38:41Z
taillard/tai100_20_7,,100,20,IG,123,6518,15.080885874995147,0.5708995525381886,run-20260705-223856-f12a,2026-07-05T22:38:56Z
taillard/tai100_20_7,,100,20,IG,456,6510,14.804429249998066,0.4474618114488505,run-20260705-223911-d1ae,2026-07-05T22:39:11Z
taillard/tai100_20_7,,100,20,IG,789,6508,16.149299875003635,0.41660237617651596,run-20260705-223927-cafa,2026-07-05T22:39:27Z
taillard/tai100_20_7,,100,20,IG,2025,6525,18.255522250008653,0.6789075759913593,run-20260705-223946-e9f6,2026-07-05T22:39:46Z
taillard/tai100_20_8,,100,20,IG,42,6368,15.72693508399243,0.15728216420257943,run-20260705-224001-703b,2026-07-05T22:40:01Z
taillard/tai100_20_8,,100,20,IG,123,6370,15.561511959007476,0.1887385970430953,run-20260705-224017-58ea,2026-07-05T22:40:17Z
taillard/tai100_20_8,,100,20,IG,456,6380,14.83821600000374,0.3460207612456747,run-20260705-224032-4a15,2026-07-05T22:40:32Z
taillard/tai100_20_8,,100,20,IG,789,6401,15.652730832996895,0.6763133060710915,run-20260705-224047-bdd5,2026-07-05T22:40:47Z
taillard/tai100_20_8,,100,20,IG,2025,6407,16.294612208002945,0.7706826045926392,run-20260705-224104-73bd,2026-07-05T22:41:04Z
taillard/tai100_20_9,,100,20,IG,42,6531,13.027831375002279,1.0208816705336428,run-20260705-224117-ef9c,2026-07-05T22:41:17Z
taillard/tai100_20_9,,100,20,IG,123,6538,13.5595239999966,1.1291569992266048,run-20260705-224130-1781,2026-07-05T22:41:30Z
taillard/tai100_20_9,,100,20,IG,456,6514,13.083211707998998,0.7579273008507347,run-20260705-224143-2172,2026-07-05T22:41:43Z
taillard/tai100_20_9,,100,20,IG,789,6542,14.538544416995137,1.191028615622583,run-20260705-224158-8dee,2026-07-05T22:41:58Z
taillard/tai100_20_9,,100,20,IG,2025,6531,14.678370459005237,1.0208816705336428,run-20260705-224213-1504,2026-07-05T22:42:13Z
taillard/tai100_5_0,,100,5,IG,42,5493,2.733765166994999,0.0,run-20260705-224215-7667,2026-07-05T22:42:15Z
taillard/tai100_5_0,,100,5,IG,123,5493,2.6530503340036375,0.0,run-20260705-224218-3dab,2026-07-05T22:42:18Z
taillard/tai100_5_0,,100,5,IG,456,5493,2.8484447080118116,0.0,run-20260705-224221-0469,2026-07-05T22:42:21Z
taillard/tai100_5_0,,100,5,IG,789,5493,2.756947542002308,0.0,run-20260705-224224-a17c,2026-07-05T22:42:24Z
taillard/tai100_5_0,,100,5,IG,2025,5493,2.99106220799149,0.0,run-20260705-224227-e5b7,2026-07-05T22:42:27Z
taillard/tai100_5_1,,100,5,IG,42,5268,3.277026666997699,0.0,run-20260705-224230-7640,2026-07-05T22:42:30Z
taillard/tai100_5_1,,100,5,IG,123,5268,3.1753323750017444,0.0,run-20260705-224233-0d9e,2026-07-05T22:42:33Z
taillard/tai100_5_1,,100,5,IG,456,5268,3.1327066250087228,0.0,run-20260705-224236-c8ec,2026-07-05T22:42:36Z
taillard/tai100_5_1,,100,5,IG,789,5268,3.013279041988426,0.0,run-20260705-224239-647e,2026-07-05T22:42:39Z
taillard/tai100_5_1,,100,5,IG,2025,5268,3.0567647920106538,0.0,run-20260705-224242-f7a3,2026-07-05T22:42:42Z
taillard/tai100_5_2,,100,5,IG,42,5175,3.3933912920037983,0.0,run-20260705-224246-e495,2026-07-05T22:42:46Z
taillard/tai100_5_2,,100,5,IG,123,5175,3.4026365840109065,0.0,run-20260705-224249-e972,2026-07-05T22:42:49Z
taillard/tai100_5_2,,100,5,IG,456,5175,3.539659166999627,0.0,run-20260705-224253-0d6e,2026-07-05T22:42:53Z
taillard/tai100_5_2,,100,5,IG,789,5175,4.142393083995557,0.0,run-20260705-224257-5082,2026-07-05T22:42:57Z
taillard/tai100_5_2,,100,5,IG,2025,5175,3.786276083003031,0.0,run-20260705-224301-fc85,2026-07-05T22:43:01Z
taillard/tai100_5_3,,100,5,IG,42,5023,2.929733375000069,0.17949740725967292,run-20260705-224304-7979,2026-07-05T22:43:04Z
taillard/tai100_5_3,,100,5,IG,123,5018,3.192406916990876,0.07977662544874352,run-20260705-224307-d34f,2026-07-05T22:43:07Z
taillard/tai100_5_3,,100,5,IG,456,5018,3.099689082999248,0.07977662544874352,run-20260705-224310-b74f,2026-07-05T22:43:10Z
taillard/tai100_5_3,,100,5,IG,789,5018,3.1699820420035394,0.07977662544874352,run-20260705-224313-ce09,2026-07-05T22:43:13Z
taillard/tai100_5_3,,100,5,IG,2025,5021,3.3476972920034314,0.13960909453530115,run-20260705-224316-b080,2026-07-05T22:43:16Z
taillard/tai100_5_4,,100,5,IG,42,5250,3.8528379579947796,0.0,run-20260705-224320-68c9,2026-07-05T22:43:20Z
taillard/tai100_5_4,,100,5,IG,123,5250,3.6516616250009974,0.0,run-20260705-224324-6d6f,2026-07-05T22:43:24Z
taillard/tai100_5_4,,100,5,IG,456,5250,4.1766384999937145,0.0,run-20260705-224328-7911,2026-07-05T22:43:28Z
taillard/tai100_5_4,,100,5,IG,789,5250,6.076360499995644,0.0,run-20260705-224334-f5e2,2026-07-05T22:43:34Z
taillard/tai100_5_4,,100,5,IG,2025,5250,5.121116832990083,0.0,run-20260705-224339-4ec2,2026-07-05T22:43:39Z
taillard/tai100_5_5,,100,5,IG,42,5135,3.5855652500031283,0.0,run-20260705-224343-c81b,2026-07-05T22:43:43Z
taillard/tai100_5_5,,100,5,IG,123,5135,2.9943567080044886,0.0,run-20260705-224346-196a,2026-07-05T22:43:46Z
taillard/tai100_5_5,,100,5,IG,456,5135,2.816338792006718,0.0,run-20260705-224349-0461,2026-07-05T22:43:49Z
taillard/tai100_5_5,,100,5,IG,789,5135,2.8423668750037905,0.0,run-20260705-224352-cfb9,2026-07-05T22:43:52Z
taillard/tai100_5_5,,100,5,IG,2025,5135,2.7448695420025615,0.0,run-20260705-224354-7fa0,2026-07-05T22:43:54Z
taillard/tai100_5_6,,100,5,IG,42,5246,3.406184416002361,0.0,run-20260705-224358-a808,2026-07-05T22:43:58Z
taillard/tai100_5_6,,100,5,IG,123,5246,3.40190770800109,0.0,run-20260705-224401-9adb,2026-07-05T22:44:01Z
taillard/tai100_5_6,,100,5,IG,456,5251,3.5620460419886513,0.09531071292413268,run-20260705-224405-2794,2026-07-05T22:44:05Z
taillard/tai100_5_6,,100,5,IG,789,5246,3.4624215840012766,0.0,run-20260705-224408-d710,2026-07-05T22:44:08Z
taillard/tai100_5_6,,100,5,IG,2025,5246,3.5641405420028605,0.0,run-20260705-224412-f42c,2026-07-05T22:44:12Z
taillard/tai100_5_7,,100,5,IG,42,5094,3.6914030829939293,-0.23501762632197415,run-20260705-224415-ac9a,2026-07-05T22:44:15Z
taillard/tai100_5_7,,100,5,IG,123,5094,3.7187823330023093,-0.23501762632197415,run-20260705-224419-6a9d,2026-07-05T22:44:19Z
taillard/tai100_5_7,,100,5,IG,456,5094,3.6394494169944664,-0.23501762632197415,run-20260705-224423-4021,2026-07-05T22:44:23Z
taillard/tai100_5_7,,100,5,IG,789,5094,3.8051784579874948,-0.23501762632197415,run-20260705-224427-3e08,2026-07-05T22:44:27Z
taillard/tai100_5_7,,100,5,IG,2025,5094,3.7529864169919165,-0.23501762632197415,run-20260705-224430-4672,2026-07-05T22:44:30Z
taillard/tai100_5_8,,100,5,IG,42,5448,3.513467500000843,-0.11001100110011001,run-20260705-224434-bda9,2026-07-05T22:44:34Z
taillard/tai100_5_8,,100,5,IG,123,5454,3.450724207999883,0.0,run-20260705-224437-98d8,2026-07-05T22:44:37Z
taillard/tai100_5_8,,100,5,IG,456,5448,3.377814541992848,-0.11001100110011001,run-20260705-224441-8776,2026-07-05T22:44:41Z
taillard/tai100_5_8,,100,5,IG,789,5448,3.3526947920036037,-0.11001100110011001,run-20260705-224444-1c05,2026-07-05T22:44:44Z
taillard/tai100_5_8,,100,5,IG,2025,5448,3.046293166000396,-0.11001100110011001,run-20260705-224447-4a84,2026-07-05T22:44:47Z
taillard/tai100_5_9,,100,5,IG,42,5322,3.3987035419995664,-0.11261261261261261,run-20260705-224451-5949,2026-07-05T22:44:51Z
taillard/tai100_5_9,,100,5,IG,123,5322,3.2483119160024216,-0.11261261261261261,run-20260705-224454-5904,2026-07-05T22:44:54Z
taillard/tai100_5_9,,100,5,IG,456,5322,3.3729597499914235,-0.11261261261261261,run-20260705-224457-ffff,2026-07-05T22:44:57Z
taillard/tai100_5_9,,100,5,IG,789,5322,3.222973916999763,-0.11261261261261261,run-20260705-224500-bd34,2026-07-05T22:45:00Z
taillard/tai100_5_9,,100,5,IG,2025,5322,3.3431949999940116,-0.11261261261261261,run-20260705-224504-dadd,2026-07-05T22:45:04Z
taillard/tai200_10_0,,200,10,IG,42,10872,14.032648000007612,0.0368052999631947,run-20260705-224518-9b64,2026-07-05T22:45:18Z
taillard/tai200_10_0,,200,10,IG,123,10885,14.521790250000777,0.15642252484357747,run-20260705-224532-f4ac,2026-07-05T22:45:32Z
taillard/tai200_10_0,,200,10,IG,456,10872,16.126594291999936,0.0368052999631947,run-20260705-224548-78fd,2026-07-05T22:45:48Z
taillard/tai200_10_0,,200,10,IG,789,10885,15.156761209000251,0.15642252484357747,run-20260705-224604-e5ab,2026-07-05T22:46:04Z
taillard/tai200_10_0,,200,10,IG,2025,10885,14.739240124996286,0.15642252484357747,run-20260705-224618-991b,2026-07-05T22:46:18Z
taillard/tai200_10_1,,200,10,IG,42,10518,18.73042875000101,0.22870211549456831,run-20260705-224637-4370,2026-07-05T22:46:37Z
taillard/tai200_10_1,,200,10,IG,123,10497,19.49263162499119,0.02858776443682104,run-20260705-224657-8986,2026-07-05T22:46:57Z
taillard/tai200_10_1,,200,10,IG,456,10510,20.17145020799944,0.15246807699637888,run-20260705-224717-4f75,2026-07-05T22:47:17Z
taillard/tai200_10_1,,200,10,IG,789,10510,18.715637957997387,0.15246807699637888,run-20260705-224736-71ae,2026-07-05T22:47:36Z
taillard/tai200_10_1,,200,10,IG,2025,10514,20.77764579099312,0.1905850962454736,run-20260705-224756-47e5,2026-07-05T22:47:56Z
taillard/tai200_10_2,,200,10,IG,42,11017,16.133594416998676,0.8698040651895257,run-20260705-224812-80ee,2026-07-05T22:48:12Z
taillard/tai200_10_2,,200,10,IG,123,11017,17.138291082999785,0.8698040651895257,run-20260705-224830-c0a9,2026-07-05T22:48:30Z
taillard/tai200_10_2,,200,10,IG,456,11017,16.365764874994056,0.8698040651895257,run-20260705-224846-66d3,2026-07-05T22:48:46Z
taillard/tai200_10_2,,200,10,IG,789,11017,15.098835167009383,0.8698040651895257,run-20260705-224901-9b93,2026-07-05T22:49:01Z
taillard/tai200_10_2,,200,10,IG,2025,11017,14.53793541599589,0.8698040651895257,run-20260705-224916-b9fe,2026-07-05T22:49:16Z
taillard/tai200_10_3,,200,10,IG,42,10893,13.292998165998142,0.03673431903756084,run-20260705-224929-661d,2026-07-05T22:49:29Z
taillard/tai200_10_3,,200,10,IG,123,10893,14.155871291994117,0.03673431903756084,run-20260705-224943-cf8c,2026-07-05T22:49:43Z
taillard/tai200_10_3,,200,10,IG,456,10893,13.80938900000183,0.03673431903756084,run-20260705-224957-1e91,2026-07-05T22:49:57Z
taillard/tai200_10_3,,200,10,IG,789,10889,12.847117915996932,0.0,run-20260705-225010-7fd4,2026-07-05T22:50:10Z
taillard/tai200_10_3,,200,10,IG,2025,10893,12.222592124991934,0.03673431903756084,run-20260705-225022-22cc,2026-07-05T22:50:22Z
taillard/tai200_10_4,,200,10,IG,42,10537,17.650411875001737,0.12352717597871532,run-20260705-225040-eb1e,2026-07-05T22:50:40Z
taillard/tai200_10_4,,200,10,IG,123,10537,18.01178675000847,0.12352717597871532,run-20260705-225058-b804,2026-07-05T22:50:58Z
taillard/tai200_10_4,,200,10,IG,456,10537,18.727541874992312,0.12352717597871532,run-20260705-225116-de69,2026-07-05T22:51:16Z
taillard/tai200_10_4,,200,10,IG,789,10537,17.432936000011978,0.12352717597871532,run-20260705-225134-77c0,2026-07-05T22:51:34Z
taillard/tai200_10_4,,200,10,IG,2025,10527,17.47900020799716,0.028506271379703536,run-20260705-225151-97ab,2026-07-05T22:51:51Z
taillard/tai200_10_5,,200,10,IG,42,10375,16.425483542014263,0.42590262317297456,run-20260705-225208-61de,2026-07-05T22:52:08Z
taillard/tai200_10_5,,200,10,IG,123,10375,18.079313207999803,0.42590262317297456,run-20260705-225226-70b5,2026-07-05T22:52:26Z
taillard/tai200_10_5,,200,10,IG,456,10334,17.16135191700596,0.029038815216339175,run-20260705-225243-a0cd,2026-07-05T22:52:43Z
taillard/tai200_10_5,,200,10,IG,789,10375,16.236847375010257,0.42590262317297456,run-20260705-225259-478b,2026-07-05T22:52:59Z
taillard/tai200_10_5,,200,10,IG,2025,10375,16.765382125013275,0.42590262317297456,run-20260705-225316-c896,2026-07-05T22:53:16Z
taillard/tai200_10_6,,200,10,IG,42,10882,16.537081207992742,0.23026618771299623,run-20260705-225333-7073,2026-07-05T22:53:33Z
taillard/tai200_10_6,,200,10,IG,123,10880,15.926888999994844,0.21184489269595652,run-20260705-225349-49e7,2026-07-05T22:53:49Z
taillard/tai200_10_6,,200,10,IG,456,10882,14.781464665997191,0.23026618771299623,run-20260705-225403-4ba5,2026-07-05T22:54:03Z
taillard/tai200_10_6,,200,10,IG,789,10861,15.408110542004579,0.036842590034079394,run-20260705-225419-fdef,2026-07-05T22:54:19Z
taillard/tai200_10_6,,200,10,IG,2025,10882,15.2026525830006,0.23026618771299623,run-20260705-225434-678d,2026-07-05T22:54:34Z
taillard/tai200_10_7,,200,10,IG,42,10754,17.493559249996906,0.21433230826577207,run-20260705-225451-10a3,2026-07-05T22:54:51Z
taillard/tai200_10_7,,200,10,IG,123,10753,16.731721167001524,0.20501351225421677,run-20260705-225508-f24b,2026-07-05T22:55:08Z
taillard/tai200_10_7,,200,10,IG,456,10798,15.661044499996933,0.6243593327742055,run-20260705-225524-4bb8,2026-07-05T22:55:24Z
taillard/tai200_10_7,,200,10,IG,789,10755,15.683460541986278,0.22365110427732737,run-20260705-225540-8143,2026-07-05T22:55:40Z
taillard/tai200_10_7,,200,10,IG,2025,10753,15.7600250000105,0.20501351225421677,run-20260705-225555-fe6d,2026-07-05T22:55:55Z
taillard/tai200_10_8,,200,10,IG,42,10465,17.911527250005747,0.25867024334163635,run-20260705-225613-2b09,2026-07-05T22:56:13Z
taillard/tai200_10_8,,200,10,IG,123,10438,17.000377167001716,0.0,run-20260705-225630-d722,2026-07-05T22:56:30Z
taillard/tai200_10_8,,200,10,IG,456,10465,16.55235199999879,0.25867024334163635,run-20260705-225647-7904,2026-07-05T22:56:47Z
taillard/tai200_10_8,,200,10,IG,789,10465,16.626234333991306,0.25867024334163635,run-20260705-225703-d84b,2026-07-05T22:57:03Z
taillard/tai200_10_8,,200,10,IG,2025,10465,16.90259304099891,0.25867024334163635,run-20260705-225720-66d2,2026-07-05T22:57:20Z
taillard/tai200_10_9,,200,10,IG,42,10685,17.428265791997546,0.08430123641813413,run-20260705-225738-2896,2026-07-05T22:57:38Z
taillard/tai200_10_9,,200,10,IG,123,10727,15.76358212500054,0.47770700636942676,run-20260705-225754-f6a6,2026-07-05T22:57:54Z
taillard/tai200_10_9,,200,10,IG,456,10676,16.720517208988895,0.0,run-20260705-225810-0942,2026-07-05T22:58:10Z
taillard/tai200_10_9,,200,10,IG,789,10727,16.528920209006174,0.47770700636942676,run-20260705-225827-d2cf,2026-07-05T22:58:27Z
taillard/tai200_10_9,,200,10,IG,2025,10685,24.5688952079945,0.08430123641813413,run-20260705-225851-3f11,2026-07-05T22:58:51Z
taillard/tai200_20_0,,200,20,IG,42,11370,35.27734958300425,0.6729236762882946,run-20260705-225927-16dd,2026-07-05T22:59:27Z
taillard/tai200_20_0,,200,20,IG,123,11375,37.26476654200815,0.7171949707809456,run-20260705-230004-06bb,2026-07-05T23:00:04Z
taillard/tai200_20_0,,200,20,IG,456,11370,35.74865491699893,0.6729236762882946,run-20260705-230040-3cdb,2026-07-05T23:00:40Z
taillard/tai200_20_0,,200,20,IG,789,11367,37.98236774999532,0.646360899592704,run-20260705-230118-490b,2026-07-05T23:01:18Z
taillard/tai200_20_0,,200,20,IG,2025,11324,35.76087304200337,0.2656277669559058,run-20260705-230153-a706,2026-07-05T23:01:53Z
taillard/tai200_20_1,,200,20,IG,42,11382,41.429946915988694,-0.3327495621716287,run-20260705-230235-2666,2026-07-05T23:02:35Z
taillard/tai200_20_1,,200,20,IG,123,11373,36.465578500006814,-0.4115586690017513,run-20260705-230311-d36b,2026-07-05T23:03:11Z
taillard/tai200_20_1,,200,20,IG,456,11434,37.98139066599833,0.12259194395796848,run-20260705-230349-1db7,2026-07-05T23:03:49Z
taillard/tai200_20_1,,200,20,IG,789,11364,37.44793391699204,-0.4903677758318739,run-20260705-230427-46ad,2026-07-05T23:04:27Z
taillard/tai200_20_1,,200,20,IG,2025,11383,39.05044195899973,-0.3239929947460595,run-20260705-230506-25dd,2026-07-05T23:05:06Z
taillard/tai200_20_2,,200,20,IG,42,11511,38.5848442500137,0.5678839769351739,run-20260705-230544-cb36,2026-07-05T23:05:44Z
taillard/tai200_20_2,,200,20,IG,123,11457,41.61976595901069,0.09610344225056788,run-20260705-230626-61e7,2026-07-05T23:06:26Z
taillard/tai200_20_2,,200,20,IG,456,11485,39.958085291000316,0.3407303861611043,run-20260705-230706-c681,2026-07-05T23:07:06Z
taillard/tai200_20_2,,200,20,IG,789,11482,38.72194208399742,0.31452035645640397,run-20260705-230745-205b,2026-07-05T23:07:45Z
taillard/tai200_20_2,,200,20,IG,2025,11504,38.719053915992845,0.5067272409575397,run-20260705-230824-e074,2026-07-05T23:08:24Z
taillard/tai200_20_3,,200,20,IG,42,11416,38.0776908340049,0.6080902441173879,run-20260705-230902-e676,2026-07-05T23:09:02Z
taillard/tai200_20_3,,200,20,IG,123,11441,36.82960054099385,0.8284127963338327,run-20260705-230938-7b6a,2026-07-05T23:09:38Z
taillard/tai200_20_3,,200,20,IG,456,11442,35.99441858299542,0.8372256984224905,run-20260705-231014-7fab,2026-07-05T23:10:14Z
taillard/tai200_20_3,,200,20,IG,789,11408,37.934032082994236,0.5375870274081255,run-20260705-231052-ae17,2026-07-05T23:10:52Z
taillard/tai200_20_3,,200,20,IG,2025,11389,37.931711084005656,0.3701418877236274,run-20260705-231130-dc82,2026-07-05T23:11:30Z
taillard/tai200_20_4,,200,20,IG,42,11391,37.659858290993725,0.7072761029086729,run-20260705-231208-fedf,2026-07-05T23:12:08Z
taillard/tai200_20_4,,200,20,IG,123,11346,36.012417083999026,0.3094332950225444,run-20260705-231244-b593,2026-07-05T23:12:44Z
taillard/tai200_20_4,,200,20,IG,456,11371,37.11346466699615,0.5304570771815047,run-20260705-231321-2cd3,2026-07-05T23:13:21Z
taillard/tai200_20_4,,200,20,IG,789,11353,42.86511858299491,0.3713199540270533,run-20260705-231404-17c2,2026-07-05T23:14:04Z
taillard/tai200_20_4,,200,20,IG,2025,11388,35.94758695900964,0.6807532490495978,run-20260705-231440-9029,2026-07-05T23:14:40Z
taillard/tai200_20_5,,200,20,IG,42,11337,35.81363274999603,0.48750221591916326,run-20260705-231516-1abe,2026-07-05T23:15:16Z
taillard/tai200_20_5,,200,20,IG,123,11304,38.10123650000605,0.1950008863676653,run-20260705-231554-ec94,2026-07-05T23:15:54Z
taillard/tai200_20_5,,200,20,IG,456,11307,37.47256458399352,0.2215919163268924,run-20260705-231631-83ea,2026-07-05T23:16:31Z
taillard/tai200_20_5,,200,20,IG,789,11360,35.198509415989975,0.6913667789399043,run-20260705-231707-2b4c,2026-07-05T23:17:07Z
taillard/tai200_20_5,,200,20,IG,2025,11370,36.24057566600095,0.7800035454706612,run-20260705-231743-fa77,2026-07-05T23:17:43Z
taillard/tai200_20_6,,200,20,IG,42,11502,37.88608075000229,0.401536312849162,run-20260705-231821-36be,2026-07-05T23:18:21Z
taillard/tai200_20_6,,200,20,IG,123,11474,37.431895374989836,0.15712290502793297,run-20260705-231858-8692,2026-07-05T23:18:58Z
taillard/tai200_20_6,,200,20,IG,456,11492,35.80373912501091,0.31424581005586594,run-20260705-231934-7181,2026-07-05T23:19:34Z
taillard/tai200_20_6,,200,20,IG,789,11521,37.53702779200103,0.5673882681564246,run-20260705-232011-c056,2026-07-05T23:20:11Z
taillard/tai200_20_6,,200,20,IG,2025,11464,37.063035958999535,0.06983240223463687,run-20260705-232049-c618,2026-07-05T23:20:49Z
taillard/tai200_20_7,,200,20,IG,42,11516,36.67381100000057,0.8848007008322383,run-20260705-232125-63a3,2026-07-05T23:21:25Z
taillard/tai200_20_7,,200,20,IG,123,11516,36.24643045899575,0.8848007008322383,run-20260705-232201-b7b8,2026-07-05T23:22:01Z
taillard/tai200_20_7,,200,20,IG,456,11485,36.857549000007566,0.6132282084975909,run-20260705-232238-fd36,2026-07-05T23:22:38Z
taillard/tai200_20_7,,200,20,IG,789,11516,35.86068591600633,0.8848007008322383,run-20260705-232314-8fd0,2026-07-05T23:23:14Z
taillard/tai200_20_7,,200,20,IG,2025,11518,38.31876024999656,0.9023215067893123,run-20260705-232353-44a8,2026-07-05T23:23:53Z
taillard/tai200_20_8,,200,20,IG,42,11441,35.71925837500021,0.8639689676452438,run-20260705-232428-154a,2026-07-05T23:24:28Z
taillard/tai200_20_8,,200,20,IG,123,11381,34.17238716701104,0.33500837520938026,run-20260705-232502-a0ab,2026-07-05T23:25:02Z
taillard/tai200_20_8,,200,20,IG,456,11372,35.50250220799353,0.2556642863440007,run-20260705-232538-c2d2,2026-07-05T23:25:38Z
taillard/tai200_20_8,,200,20,IG,789,11348,36.129115042000194,0.044080049369655296,run-20260705-232614-9ca0,2026-07-05T23:26:14Z
taillard/tai200_20_8,,200,20,IG,2025,11372,36.26066874999378,0.2556642863440007,run-20260705-232650-37d1,2026-07-05T23:26:50Z
taillard/tai200_20_9,,200,20,IG,42,11470,38.96544904199254,0.42024163894239186,run-20260705-232729-b539,2026-07-05T23:27:29Z
taillard/tai200_20_9,,200,20,IG,123,11447,38.46752070900402,0.2188758536158291,run-20260705-232808-b043,2026-07-05T23:28:08Z
taillard/tai200_20_9,,200,20,IG,456,11436,45.818731125007616,0.1225704780248643,run-20260705-232854-17e7,2026-07-05T23:28:54Z
taillard/tai200_20_9,,200,20,IG,789,11487,38.03705145898857,0.5690772194011556,run-20260705-232932-b54e,2026-07-05T23:29:32Z
taillard/tai200_20_9,,200,20,IG,2025,11454,39.52635937499872,0.2801610926282613,run-20260705-233011-3498,2026-07-05T23:30:11Z
taillard/tai20_10_0,,20,10,IG,42,1582,1.221415124993655,0.0,run-20260705-233012-cda7,2026-07-05T23:30:12Z
taillard/tai20_10_0,,20,10,IG,123,1582,1.1365763749927282,0.0,run-20260705-233014-3ce2,2026-07-05T23:30:14Z
taillard/tai20_10_0,,20,10,IG,456,1583,1.117290166002931,0.0632111251580278,run-20260705-233015-0062,2026-07-05T23:30:15Z
taillard/tai20_10_0,,20,10,IG,789,1583,1.0844428749987856,0.0632111251580278,run-20260705-233016-aff6,2026-07-05T23:30:16Z
taillard/tai20_10_0,,20,10,IG,2025,1588,1.1413500420021592,0.37926675094816686,run-20260705-233017-021f,2026-07-05T23:30:17Z
taillard/tai20_10_1,,20,10,IG,42,1660,1.2177451669995207,0.06027727546714889,run-20260705-233018-fb12,2026-07-05T23:30:18Z
taillard/tai20_10_1,,20,10,IG,123,1659,1.1719157500047004,0.0,run-20260705-233019-e6a1,2026-07-05T23:30:19Z
taillard/tai20_10_1,,20,10,IG,456,1660,1.2860112090129405,0.06027727546714889,run-20260705-233021-a367,2026-07-05T23:30:21Z
taillard/tai20_10_1,,20,10,IG,789,1660,1.3409491659986088,0.06027727546714889,run-20260705-233022-416d,2026-07-05T23:30:22Z
taillard/tai20_10_1,,20,10,IG,2025,1659,1.2832097089994932,0.0,run-20260705-233023-3ea6,2026-07-05T23:30:23Z
taillard/tai20_10_2,,20,10,IG,42,1500,1.3401759999978822,0.26737967914438504,run-20260705-233025-86a6,2026-07-05T23:30:25Z
taillard/tai20_10_2,,20,10,IG,123,1507,1.3320967920008115,0.7352941176470589,run-20260705-233026-2304,2026-07-05T23:30:26Z
taillard/tai20_10_2,,20,10,IG,456,1500,1.2118136250064708,0.26737967914438504,run-20260705-233027-2cc3,2026-07-05T23:30:27Z
taillard/tai20_10_2,,20,10,IG,789,1500,1.2520898340007989,0.26737967914438504,run-20260705-233028-d92d,2026-07-05T23:30:28Z
taillard/tai20_10_2,,20,10,IG,2025,1501,1.2130937920010183,0.3342245989304813,run-20260705-233030-edcf,2026-07-05T23:30:30Z
taillard/tai20_10_3,,20,10,IG,42,1381,1.1348874590039486,0.21770682148040638,run-20260705-233031-fae8,2026-07-05T23:30:31Z
taillard/tai20_10_3,,20,10,IG,123,1378,1.1636507919902215,0.0,run-20260705-233032-4a50,2026-07-05T23:30:32Z
taillard/tai20_10_3,,20,10,IG,456,1388,1.1518843750091037,0.7256894049346879,run-20260705-233033-54bc,2026-07-05T23:30:33Z
taillard/tai20_10_3,,20,10,IG,789,1384,1.0971141250047367,0.43541364296081275,run-20260705-233034-424f,2026-07-05T23:30:34Z
taillard/tai20_10_3,,20,10,IG,2025,1378,1.1904190410132287,0.0,run-20260705-233035-9332,2026-07-05T23:30:35Z
taillard/tai20_10_4,,20,10,IG,42,1419,1.1765939999895636,0.0,run-20260705-233037-7b41,2026-07-05T23:30:37Z
taillard/tai20_10_4,,20,10,IG,123,1433,1.139101082997513,0.9866102889358703,run-20260705-233038-bbb9,2026-07-05T23:30:38Z
taillard/tai20_10_4,,20,10,IG,456,1419,1.2088494580093538,0.0,run-20260705-233039-83a8,2026-07-05T23:30:39Z
taillard/tai20_10_4,,20,10,IG,789,1419,1.296371292002732,0.0,run-20260705-233040-c0dc,2026-07-05T23:30:40Z
taillard/tai20_10_4,,20,10,IG,2025,1419,1.3032395420013927,0.0,run-20260705-233042-d202,2026-07-05T23:30:42Z
taillard/tai20_10_5,,20,10,IG,42,1402,1.219899500007159,0.35790980672870437,run-20260705-233043-e6dc,2026-07-05T23:30:43Z
taillard/tai20_10_5,,20,10,IG,123,1397,1.2430280420085182,0.0,run-20260705-233044-5896,2026-07-05T23:30:44Z
taillard/tai20_10_5,,20,10,IG,456,1400,1.254805042000953,0.2147458840372226,run-20260705-233045-475a,2026-07-05T23:30:45Z
taillard/tai20_10_5,,20,10,IG,789,1397,1.2136631250032224,0.0,run-20260705-233047-c042,2026-07-05T23:30:47Z
taillard/tai20_10_5,,20,10,IG,2025,1397,1.2368611660058377,0.0,run-20260705-233048-1c33,2026-07-05T23:30:48Z
taillard/tai20_10_6,,20,10,IG,42,1484,1.324334999997518,0.0,run-20260705-233049-8127,2026-07-05T23:30:49Z
taillard/tai20_10_6,,20,10,IG,123,1484,1.1512468329892727,0.0,run-20260705-233050-bea4,2026-07-05T23:30:50Z
taillard/tai20_10_6,,20,10,IG,456,1484,1.2009622500045225,0.0,run-20260705-233051-956a,2026-07-05T23:30:51Z
taillard/tai20_10_6,,20,10,IG,789,1484,1.1764212499983842,0.0,run-20260705-233053-2fc0,2026-07-05T23:30:53Z
taillard/tai20_10_6,,20,10,IG,2025,1484,1.1476636659936048,0.0,run-20260705-233054-ad0c,2026-07-05T23:30:54Z
taillard/tai20_10_7,,20,10,IG,42,1550,1.1180352090013912,0.7802340702210663,run-20260705-233055-baa4,2026-07-05T23:30:55Z
taillard/tai20_10_7,,20,10,IG,123,1550,1.174734415995772,0.7802340702210663,run-20260705-233056-28e3,2026-07-05T23:30:56Z
taillard/tai20_10_7,,20,10,IG,456,1550,1.1815151670016348,0.7802340702210663,run-20260705-233057-01a7,2026-07-05T23:30:57Z
taillard/tai20_10_7,,20,10,IG,789,1538,1.1576495420013089,0.0,run-20260705-233058-922a,2026-07-05T23:30:58Z
taillard/tai20_10_7,,20,10,IG,2025,1544,1.1736788749985863,0.39011703511053314,run-20260705-233100-c385,2026-07-05T23:31:00Z
taillard/tai20_10_8,,20,10,IG,42,1593,1.2103374170110328,0.0,run-20260705-233101-b869,2026-07-05T23:31:01Z
taillard/tai20_10_8,,20,10,IG,123,1593,1.2157458330038935,0.0,run-20260705-233102-0a34,2026-07-05T23:31:02Z
taillard/tai20_10_8,,20,10,IG,456,1593,1.1288604169967584,0.0,run-20260705-233103-f7db,2026-07-05T23:31:03Z
taillard/tai20_10_8,,20,10,IG,789,1593,1.1763284589978866,0.0,run-20260705-233104-eb63,2026-07-05T23:31:04Z
taillard/tai20_10_8,,20,10,IG,2025,1593,1.168272082999465,0.0,run-20260705-233106-14e1,2026-07-05T23:31:06Z
taillard/tai20_10_9,,20,10,IG,42,1599,1.2165395420015557,0.502828409805154,run-20260705-233107-46d9,2026-07-05T23:31:07Z
taillard/tai20_10_9,,20,10,IG,123,1591,1.1658996250043856,0.0,run-20260705-233108-3b36,2026-07-05T23:31:08Z
taillard/tai20_10_9,,20,10,IG,456,1597,1.2076932920026593,0.3771213073538655,run-20260705-233109-2b89,2026-07-05T23:31:09Z
taillard/tai20_10_9,,20,10,IG,789,1591,1.1877841670066118,0.0,run-20260705-233110-2533,2026-07-05T23:31:10Z
taillard/tai20_10_9,,20,10,IG,2025,1606,1.1717551250039833,0.9428032683846638,run-20260705-233112-be42,2026-07-05T23:31:12Z
taillard/tai20_20_0,,20,20,IG,42,2297,2.3140863750013523,0.0,run-20260705-233114-a12c,2026-07-05T23:31:14Z
taillard/tai20_20_0,,20,20,IG,123,2304,2.30308574999799,0.30474531998258597,run-20260705-233116-8a2f,2026-07-05T23:31:16Z
taillard/tai20_20_0,,20,20,IG,456,2301,2.398932500000228,0.174140182847192,run-20260705-233119-e7de,2026-07-05T23:31:19Z
taillard/tai20_20_0,,20,20,IG,789,2298,2.18042200000491,0.043535045711798,run-20260705-233121-755d,2026-07-05T23:31:21Z
taillard/tai20_20_0,,20,20,IG,2025,2300,2.1188310839934275,0.13060513713539398,run-20260705-233123-f7e4,2026-07-05T23:31:23Z
taillard/tai20_20_1,,20,20,IG,42,2105,2.2259566669963533,0.23809523809523808,run-20260705-233125-629f,2026-07-05T23:31:25Z
taillard/tai20_20_1,,20,20,IG,123,2101,2.0757394160027616,0.047619047619047616,run-20260705-233127-0c6e,2026-07-05T23:31:27Z
taillard/tai20_20_1,,20,20,IG,456,2101,1.9782310419977875,0.047619047619047616,run-20260705-233129-78b6,2026-07-05T23:31:29Z
taillard/tai20_20_1,,20,20,IG,789,2101,2.0338590839965036,0.047619047619047616,run-20260705-233131-7c6f,2026-07-05T23:31:31Z
taillard/tai20_20_1,,20,20,IG,2025,2099,1.9891453750024084,-0.047619047619047616,run-20260705-233133-581c,2026-07-05T23:31:33Z
taillard/tai20_20_2,,20,20,IG,42,2328,2.2286750420025783,0.08598452278589853,run-20260705-233135-0b8f,2026-07-05T23:31:35Z
taillard/tai20_20_2,,20,20,IG,123,2328,2.332522124997922,0.08598452278589853,run-20260705-233138-786f,2026-07-05T23:31:38Z
taillard/tai20_20_2,,20,20,IG,456,2332,2.247812083005556,0.2579535683576956,run-20260705-233140-d1c7,2026-07-05T23:31:40Z
taillard/tai20_20_2,,20,20,IG,789,2335,2.4958292090013856,0.3869303525365434,run-20260705-233143-d866,2026-07-05T23:31:43Z
taillard/tai20_20_2,,20,20,IG,2025,2339,2.3622847910010023,0.5588993981083406,run-20260705-233145-d992,2026-07-05T23:31:45Z
taillard/tai20_20_3,,20,20,IG,42,2225,2.0725493330101017,0.0899685110211426,run-20260705-233147-3705,2026-07-05T23:31:47Z
taillard/tai20_20_3,,20,20,IG,123,2234,2.299634833994787,0.4948268106162843,run-20260705-233149-2dc4,2026-07-05T23:31:49Z
taillard/tai20_20_3,,20,20,IG,456,2225,2.134468584001297,0.0899685110211426,run-20260705-233151-2e5c,2026-07-05T23:31:51Z
taillard/tai20_20_3,,20,20,IG,789,2223,2.149983790994156,0.0,run-20260705-233154-1242,2026-07-05T23:31:54Z
taillard/tai20_20_3,,20,20,IG,2025,2225,2.038396040996304,0.0899685110211426,run-20260705-233156-0b15,2026-07-05T23:31:56Z
taillard/tai20_20_4,,20,20,IG,42,2296,2.209789250002359,0.21824530772588388,run-20260705-233158-3e8b,2026-07-05T23:31:58Z
taillard/tai20_20_4,,20,20,IG,123,2304,2.1588044999953127,0.5674378000872982,run-20260705-233200-e984,2026-07-05T23:32:00Z
taillard/tai20_20_4,,20,20,IG,456,2296,2.0300847920007072,0.21824530772588388,run-20260705-233202-5c67,2026-07-05T23:32:02Z
taillard/tai20_20_4,,20,20,IG,789,2301,2.0988158749969443,0.43649061545176776,run-20260705-233204-c086,2026-07-05T23:32:04Z
taillard/tai20_20_4,,20,20,IG,2025,2296,2.2646409579901956,0.21824530772588388,run-20260705-233206-ff99,2026-07-05T23:32:06Z
taillard/tai20_20_5,,20,20,IG,42,2229,2.258529084007023,0.1347708894878706,run-20260705-233209-a4b6,2026-07-05T23:32:09Z
taillard/tai20_20_5,,20,20,IG,123,2237,2.1306108749995474,0.4941599281221923,run-20260705-233211-9b00,2026-07-05T23:32:11Z
taillard/tai20_20_5,,20,20,IG,456,2230,2.3395247500011465,0.17969451931716082,run-20260705-233213-f91e,2026-07-05T23:32:13Z
taillard/tai20_20_5,,20,20,IG,789,2232,2.3686010420060484,0.2695417789757412,run-20260705-233216-d56c,2026-07-05T23:32:16Z
taillard/tai20_20_5,,20,20,IG,2025,2233,2.214056625001831,0.31446540880503143,run-20260705-233218-129e,2026-07-05T23:32:18Z
taillard/tai20_20_6,,20,20,IG,42,2278,2.1371356250019744,0.21997360316761988,run-20260705-233220-d5c3,2026-07-05T23:32:20Z
taillard/tai20_20_6,,20,20,IG,123,2273,2.1048399999999674,0.0,run-20260705-233222-6ff3,2026-07-05T23:32:22Z
taillard/tai20_20_6,,20,20,IG,456,2278,2.12610374999349,0.21997360316761988,run-20260705-233224-19c7,2026-07-05T23:32:24Z
taillard/tai20_20_6,,20,20,IG,789,2278,2.0954972920008004,0.21997360316761988,run-20260705-233226-04c1,2026-07-05T23:32:26Z
taillard/tai20_20_6,,20,20,IG,2025,2278,2.1083152499923017,0.21997360316761988,run-20260705-233228-1fb9,2026-07-05T23:32:28Z
taillard/tai20_20_7,,20,20,IG,42,2210,2.026279000012437,0.45454545454545453,run-20260705-233230-c0b8,2026-07-05T23:32:30Z
taillard/tai20_20_7,,20,20,IG,123,2212,1.9829554169991752,0.5454545454545454,run-20260705-233232-9598,2026-07-05T23:32:32Z
taillard/tai20_20_7,,20,20,IG,456,2200,2.0527546669909498,0.0,run-20260705-233234-6fc2,2026-07-05T23:32:34Z
taillard/tai20_20_7,,20,20,IG,789,2204,2.048118708000402,0.18181818181818182,run-20260705-233236-69d8,2026-07-05T23:32:36Z
taillard/tai20_20_7,,20,20,IG,2025,2209,2.258327207993716,0.4090909090909091,run-20260705-233239-7361,2026-07-05T23:32:39Z
taillard/tai20_20_8,,20,20,IG,42,2237,2.3690355829894543,0.0,run-20260705-233241-26a3,2026-07-05T23:32:41Z
taillard/tai20_20_8,,20,20,IG,123,2242,2.3247688330011442,0.22351363433169424,run-20260705-233243-236f,2026-07-05T23:32:43Z
taillard/tai20_20_8,,20,20,IG,456,2242,2.2833976249967236,0.22351363433169424,run-20260705-233246-93c5,2026-07-05T23:32:46Z
taillard/tai20_20_8,,20,20,IG,789,2242,2.2306144169997424,0.22351363433169424,run-20260705-233248-23f1,2026-07-05T23:32:48Z
taillard/tai20_20_8,,20,20,IG,2025,2237,2.1240427500015358,0.0,run-20260705-233250-f3fd,2026-07-05T23:32:50Z
taillard/tai20_20_9,,20,20,IG,42,2180,2.0431343340023886,0.09182736455463728,run-20260705-233252-f5f5,2026-07-05T23:32:52Z
taillard/tai20_20_9,,20,20,IG,123,2185,2.197901040999568,0.3213957759412305,run-20260705-233254-2b14,2026-07-05T23:32:54Z
taillard/tai20_20_9,,20,20,IG,456,2191,2.147089292004239,0.5968778696051423,run-20260705-233257-4e70,2026-07-05T23:32:57Z
taillard/tai20_20_9,,20,20,IG,789,2180,2.056302915996639,0.09182736455463728,run-20260705-233259-e066,2026-07-05T23:32:59Z
taillard/tai20_20_9,,20,20,IG,2025,2180,2.0023650840012124,0.09182736455463728,run-20260705-233301-74ac,2026-07-05T23:33:01Z
taillard/tai20_5_0,,20,5,IG,42,1278,0.5844070829916745,0.0,run-20260705-233301-b6e9,2026-07-05T23:33:01Z
taillard/tai20_5_0,,20,5,IG,123,1278,0.5796093749959255,0.0,run-20260705-233302-96ec,2026-07-05T23:33:02Z
taillard/tai20_5_0,,20,5,IG,456,1278,0.5718424170045182,0.0,run-20260705-233302-6bc3,2026-07-05T23:33:02Z
taillard/tai20_5_0,,20,5,IG,789,1278,0.5898663749976549,0.0,run-20260705-233303-cb80,2026-07-05T23:33:03Z
taillard/tai20_5_0,,20,5,IG,2025,1278,0.5899177080136724,0.0,run-20260705-233304-2da4,2026-07-05T23:33:04Z
taillard/tai20_5_1,,20,5,IG,42,1359,0.5495974579971517,0.0,run-20260705-233304-b951,2026-07-05T23:33:04Z
taillard/tai20_5_1,,20,5,IG,123,1359,0.5371754169900669,0.0,run-20260705-233305-651e,2026-07-05T23:33:05Z
taillard/tai20_5_1,,20,5,IG,456,1359,0.5355279159994097,0.0,run-20260705-233305-3af9,2026-07-05T23:33:05Z
taillard/tai20_5_1,,20,5,IG,789,1359,0.52478062499722,0.0,run-20260705-233306-1adc,2026-07-05T23:33:06Z
taillard/tai20_5_1,,20,5,IG,2025,1359,0.5408873330015922,0.0,run-20260705-233306-194f,2026-07-05T23:33:06Z
taillard/tai20_5_2,,20,5,IG,42,1081,0.6570372499991208,0.0,run-20260705-233307-a4a9,2026-07-05T23:33:07Z
taillard/tai20_5_2,,20,5,IG,123,1081,0.6360659159981878,0.0,run-20260705-233308-0ac2,2026-07-05T23:33:08Z
taillard/tai20_5_2,,20,5,IG,456,1081,0.6715932090010028,0.0,run-20260705-233308-84a7,2026-07-05T23:33:08Z
taillard/tai20_5_2,,20,5,IG,789,1081,0.6738794999982929,0.0,run-20260705-233309-73c7,2026-07-05T23:33:09Z
taillard/tai20_5_2,,20,5,IG,2025,1081,0.6455997089942684,0.0,run-20260705-233310-3d23,2026-07-05T23:33:10Z
taillard/tai20_5_3,,20,5,IG,42,1293,0.6771051660034573,0.0,run-20260705-233310-c509,2026-07-05T23:33:10Z
taillard/tai20_5_3,,20,5,IG,123,1293,0.6527705420012353,0.0,run-20260705-233311-fe08,2026-07-05T23:33:11Z
taillard/tai20_5_3,,20,5,IG,456,1293,0.6862795000051847,0.0,run-20260705-233312-3542,2026-07-05T23:33:12Z
taillard/tai20_5_3,,20,5,IG,789,1293,0.7554055829969002,0.0,run-20260705-233312-7ea9,2026-07-05T23:33:12Z
taillard/tai20_5_3,,20,5,IG,2025,1293,0.664473791999626,0.0,run-20260705-233313-ae41,2026-07-05T23:33:13Z
taillard/tai20_5_4,,20,5,IG,42,1235,0.5429524170031073,-0.08090614886731391,run-20260705-233314-8847,2026-07-05T23:33:14Z
taillard/tai20_5_4,,20,5,IG,123,1235,0.5616041660105111,-0.08090614886731391,run-20260705-233314-3268,2026-07-05T23:33:14Z
taillard/tai20_5_4,,20,5,IG,456,1235,0.5610810419893824,-0.08090614886731391,run-20260705-233315-e1fb,2026-07-05T23:33:15Z
taillard/tai20_5_4,,20,5,IG,789,1235,0.5896967090084217,-0.08090614886731391,run-20260705-233315-b313,2026-07-05T23:33:15Z
taillard/tai20_5_4,,20,5,IG,2025,1235,0.5629211659979774,-0.08090614886731391,run-20260705-233316-c55c,2026-07-05T23:33:16Z
taillard/tai20_5_5,,20,5,IG,42,1195,0.6707923330104677,0.0,run-20260705-233317-f263,2026-07-05T23:33:17Z
taillard/tai20_5_5,,20,5,IG,123,1195,0.6949800830043387,0.0,run-20260705-233317-cceb,2026-07-05T23:33:17Z
taillard/tai20_5_5,,20,5,IG,456,1195,0.6810592080000788,0.0,run-20260705-233318-fa19,2026-07-05T23:33:18Z
taillard/tai20_5_5,,20,5,IG,789,1195,0.7107846669969149,0.0,run-20260705-233319-d7dd,2026-07-05T23:33:19Z
taillard/tai20_5_5,,20,5,IG,2025,1195,0.6775657079997472,0.0,run-20260705-233319-b526,2026-07-05T23:33:19Z
taillard/tai20_5_6,,20,5,IG,42,1239,0.56755616699229,0.0,run-20260705-233320-677c,2026-07-05T23:33:20Z
taillard/tai20_5_6,,20,5,IG,123,1251,0.537479374994291,0.9685230024213075,run-20260705-233320-8ac6,2026-07-05T23:33:20Z
taillard/tai20_5_6,,20,5,IG,456,1249,0.5244598339922959,0.8071025020177562,run-20260705-233321-bd42,2026-07-05T23:33:21Z
taillard/tai20_5_6,,20,5,IG,789,1251,0.5248185829987051,0.9685230024213075,run-20260705-233322-a181,2026-07-05T23:33:22Z
taillard/tai20_5_6,,20,5,IG,2025,1251,0.5591375000076368,0.9685230024213075,run-20260705-233322-3d1f,2026-07-05T23:33:22Z
taillard/tai20_5_7,,20,5,IG,42,1206,0.6986425420036539,0.0,run-20260705-233323-331f,2026-07-05T23:33:23Z
taillard/tai20_5_7,,20,5,IG,123,1206,0.624902249997831,0.0,run-20260705-233323-8277,2026-07-05T23:33:23Z
taillard/tai20_5_7,,20,5,IG,456,1206,0.674019625002984,0.0,run-20260705-233324-96b5,2026-07-05T23:33:24Z
taillard/tai20_5_7,,20,5,IG,789,1206,0.6640594170021359,0.0,run-20260705-233325-e3b3,2026-07-05T23:33:25Z
taillard/tai20_5_7,,20,5,IG,2025,1206,0.6449593329889467,0.0,run-20260705-233325-4a27,2026-07-05T23:33:25Z
taillard/tai20_5_8,,20,5,IG,42,1230,0.7189576249948004,0.0,run-20260705-233326-ee6e,2026-07-05T23:33:26Z
taillard/tai20_5_8,,20,5,IG,123,1230,0.7379807090037502,0.0,run-20260705-233327-c710,2026-07-05T23:33:27Z
taillard/tai20_5_8,,20,5,IG,456,1230,0.7097819579939824,0.0,run-20260705-233328-f882,2026-07-05T23:33:28Z
taillard/tai20_5_8,,20,5,IG,789,1230,0.7601607500109822,0.0,run-20260705-233328-e002,2026-07-05T23:33:28Z
taillard/tai20_5_8,,20,5,IG,2025,1230,0.7646495830122149,0.0,run-20260705-233329-2e30,2026-07-05T23:33:29Z
taillard/tai20_5_9,,20,5,IG,42,1108,0.6371120830008294,0.0,run-20260705-233330-bd5a,2026-07-05T23:33:30Z
taillard/tai20_5_9,,20,5,IG,123,1108,0.6048972909920849,0.0,run-20260705-233330-1dc9,2026-07-05T23:33:30Z
taillard/tai20_5_9,,20,5,IG,456,1108,0.6377612500073155,0.0,run-20260705-233331-a290,2026-07-05T23:33:31Z
taillard/tai20_5_9,,20,5,IG,789,1108,0.6412687089905376,0.0,run-20260705-233332-5ee6,2026-07-05T23:33:32Z
taillard/tai20_5_9,,20,5,IG,2025,1108,0.6381532920058817,0.0,run-20260705-233332-d34a,2026-07-05T23:33:32Z
taillard/tai500_20_0,,500,20,IG,42,26198,140.22582495800452,0.034365573332315096,run-20260705-233553-74bf,2026-07-05T23:35:53Z
taillard/tai500_20_0,,500,20,IG,123,26240,144.8039109579986,0.19473824888311886,run-20260705-233817-6faa,2026-07-05T23:38:17Z
taillard/tai500_20_0,,500,20,IG,456,26204,145.955246041005,0.05727595555385849,run-20260705-234043-aa34,2026-07-05T23:40:43Z
taillard/tai500_20_0,,500,20,IG,789,26223,139.08253829198657,0.1298254992554126,run-20260705-234302-8717,2026-07-05T23:43:02Z
taillard/tai500_20_0,,500,20,IG,2025,26231,148.27060766599607,0.16037267555080378,run-20260705-234531-dbc7,2026-07-05T23:45:31Z
taillard/tai500_20_1,,500,20,IG,42,26771,130.50056320799922,0.5332532201734951,run-20260705-234741-f134,2026-07-05T23:47:41Z
taillard/tai500_20_1,,500,20,IG,123,26715,138.47616458300035,0.32295617559803225,run-20260705-235000-4007,2026-07-05T23:50:00Z
taillard/tai500_20_1,,500,20,IG,456,26745,136.51332770800218,0.4356153066206016,run-20260705-235216-31d0,2026-07-05T23:52:16Z
taillard/tai500_20_1,,500,20,IG,789,26740,138.94814420799958,0.4168387847835067,run-20260705-235435-aa3e,2026-07-05T23:54:35Z
taillard/tai500_20_1,,500,20,IG,2025,26737,140.56974491699657,0.4055728716812498,run-20260705-235656-64e4,2026-07-05T23:56:56Z
taillard/tai500_20_2,,500,20,IG,42,26601,137.87875920800434,0.5404792501322851,run-20260705-235914-b673,2026-07-05T23:59:14Z
taillard/tai500_20_2,,500,20,IG,123,26600,130.428364959007,0.5366996749565349,run-20260706-000124-b733,2026-07-06T00:01:24Z
taillard/tai500_20_2,,500,20,IG,456,26488,133.78856470799656,0.11338725527250737,run-20260706-000338-d57c,2026-07-06T00:03:38Z
taillard/tai500_20_2,,500,20,IG,789,26607,129.0757278749952,0.5631567011867866,run-20260706-000547-d6ca,2026-07-06T00:05:47Z
taillard/tai500_20_2,,500,20,IG,2025,26600,132.78678695799317,0.5366996749565349,run-20260706-000800-8ab2,2026-07-06T00:08:00Z
taillard/tai500_20_3,,500,20,IG,42,26639,131.13557304200367,0.338995819051565,run-20260706-001011-85bb,2026-07-06T00:10:11Z
taillard/tai500_20_3,,500,20,IG,123,26654,126.27736441600427,0.39549512222682587,run-20260706-001217-cf42,2026-07-06T00:12:17Z
taillard/tai500_20_3,,500,20,IG,456,26664,134.51080991700292,0.43316132434366644,run-20260706-001432-bdb8,2026-07-06T00:14:32Z
taillard/tai500_20_3,,500,20,IG,789,26549,131.05404954199912,0.0,run-20260706-001643-db57,2026-07-06T00:16:43Z
taillard/tai500_20_3,,500,20,IG,2025,26616,127.72237933299039,0.25236355418283174,run-20260706-001850-a0a5,2026-07-06T00:18:50Z
taillard/tai500_20_4,,500,20,IG,42,26443,140.92293287500797,0.14770489319800031,run-20260706-002111-b990,2026-07-06T00:21:11Z
taillard/tai500_20_4,,500,20,IG,123,26416,135.73443379199307,0.04544765944553855,run-20260706-002327-f4be,2026-07-06T00:23:27Z
taillard/tai500_20_4,,500,20,IG,456,26454,133.8693917500059,0.18936524768974397,run-20260706-002541-b947,2026-07-06T00:25:41Z
taillard/tai500_20_4,,500,20,IG,789,26447,137.40572433300258,0.1628541130131798,run-20260706-002758-c638,2026-07-06T00:27:58Z
taillard/tai500_20_4,,500,20,IG,2025,26412,141.51704833300028,0.030298439630359036,run-20260706-003020-bfef,2026-07-06T00:30:20Z
taillard/tai500_20_5,,500,20,IG,42,26594,141.17114654100442,0.04890711410405929,run-20260706-003241-5ab8,2026-07-06T00:32:41Z
taillard/tai500_20_5,,500,20,IG,123,26554,140.1540813749889,-0.10157631390843083,run-20260706-003501-61ec,2026-07-06T00:35:01Z
taillard/tai500_20_5,,500,20,IG,456,26598,135.47030358400661,0.06395545690530831,run-20260706-003717-6492,2026-07-06T00:37:17Z
taillard/tai500_20_5,,500,20,IG,789,26602,132.87150387499423,0.07900379970655731,run-20260706-003930-028d,2026-07-06T00:39:30Z
taillard/tai500_20_5,,500,20,IG,2025,26599,135.00870283399126,0.06771754260562056,run-20260706-004145-a18c,2026-07-06T00:41:45Z
taillard/tai500_20_6,,500,20,IG,42,26513,135.0931784590066,0.196515626771475,run-20260706-004400-13db,2026-07-06T00:44:00Z
taillard/tai500_20_6,,500,20,IG,123,26508,128.16762249999738,0.17761989342806395,run-20260706-004608-d0be,2026-07-06T00:46:08Z
taillard/tai500_20_6,,500,20,IG,456,26503,128.38752187500359,0.1587241600846529,run-20260706-004816-e300,2026-07-06T00:48:16Z
taillard/tai500_20_6,,500,20,IG,789,26518,128.90035545799765,0.21541136011488607,run-20260706-005025-cfd8,2026-07-06T00:50:25Z
taillard/tai500_20_6,,500,20,IG,2025,26508,129.9288811669976,0.17761989342806395,run-20260706-005235-bc8c,2026-07-06T00:52:35Z
taillard/tai500_20_7,,500,20,IG,42,26749,137.12226958299289,0.5034754837497651,run-20260706-005452-e1c8,2026-07-06T00:54:52Z
taillard/tai500_20_7,,500,20,IG,123,26705,135.4758091669937,0.3381551756528274,run-20260706-005708-9027,2026-07-06T00:57:08Z
taillard/tai500_20_7,,500,20,IG,456,26705,141.00069266700302,0.3381551756528274,run-20260706-005929-5807,2026-07-06T00:59:29Z
taillard/tai500_20_7,,500,20,IG,789,26729,138.33308579199365,0.428329889160248,run-20260706-010147-e5a1,2026-07-06T01:01:47Z
taillard/tai500_20_7,,500,20,IG,2025,26729,134.68067266700382,0.428329889160248,run-20260706-010402-a8e6,2026-07-06T01:04:02Z
taillard/tai500_20_8,,500,20,IG,42,26219,136.4609667909972,0.5214124142161561,run-20260706-010618-892b,2026-07-06T01:06:18Z
taillard/tai500_20_8,,500,20,IG,123,26207,138.45758370800468,0.47540543649120115,run-20260706-010837-1368,2026-07-06T01:08:37Z
taillard/tai500_20_8,,500,20,IG,456,26194,136.89381824999873,0.4255645439558333,run-20260706-011054-2ed6,2026-07-06T01:10:54Z
taillard/tai500_20_8,,500,20,IG,789,26245,133.76829529099632,0.6210941992868918,run-20260706-011308-0230,2026-07-06T01:13:08Z
taillard/tai500_20_8,,500,20,IG,2025,26227,141.99221020900586,0.5520837326994594,run-20260706-011530-3b52,2026-07-06T01:15:30Z
taillard/tai500_20_9,,500,20,IG,42,26637,143.57568174999324,0.4146718437818072,run-20260706-011753-cc28,2026-07-06T01:17:53Z
taillard/tai500_20_9,,500,20,IG,123,26621,137.3498117919953,0.35435593923172615,run-20260706-012010-25ae,2026-07-06T01:20:10Z
taillard/tai500_20_9,,500,20,IG,456,26618,142.61735924999812,0.343046707128586,run-20260706-012233-fff1,2026-07-06T01:22:33Z
taillard/tai500_20_9,,500,20,IG,789,26625,135.40763304100255,0.36943491536924644,run-20260706-012449-de54,2026-07-06T01:24:49Z
taillard/tai500_20_9,,500,20,IG,2025,26579,135.551838415995,0.19602668978776341,run-20260706-012704-d316,2026-07-06T01:27:04Z
taillard/tai50_10_0,,50,10,IG,42,3025,3.411064207990421,0.0,run-20260706-012707-72eb,2026-07-06T01:27:07Z
taillard/tai50_10_0,,50,10,IG,123,3025,3.5770070839935215,0.0,run-20260706-012711-e5a5,2026-07-06T01:27:11Z
taillard/tai50_10_0,,50,10,IG,456,3025,3.3995038330031093,0.0,run-20260706-012714-c3c0,2026-07-06T01:27:14Z
taillard/tai50_10_0,,50,10,IG,789,3025,3.3391340829984983,0.0,run-20260706-012718-87ef,2026-07-06T01:27:18Z
taillard/tai50_10_0,,50,10,IG,2025,3025,3.4967997500061756,0.0,run-20260706-012721-e8cb,2026-07-06T01:27:21Z
taillard/tai50_10_1,,50,10,IG,42,2911,3.409097042007488,0.656984785615491,run-20260706-012725-7305,2026-07-06T01:27:25Z
taillard/tai50_10_1,,50,10,IG,123,2890,3.578067499998724,-0.06915629322268327,run-20260706-012728-9e4b,2026-07-06T01:27:28Z
taillard/tai50_10_1,,50,10,IG,456,2910,3.6497083750000456,0.6224066390041494,run-20260706-012732-a15f,2026-07-06T01:27:32Z
taillard/tai50_10_1,,50,10,IG,789,2911,3.3935178329993505,0.656984785615491,run-20260706-012735-8511,2026-07-06T01:27:35Z
taillard/tai50_10_1,,50,10,IG,2025,2911,3.398216624991619,0.656984785615491,run-20260706-012739-1c95,2026-07-06T01:27:39Z
taillard/tai50_10_2,,50,10,IG,42,2871,3.488598791998811,0.24441340782122906,run-20260706-012742-8423,2026-07-06T01:27:42Z
taillard/tai50_10_2,,50,10,IG,123,2871,3.5641518750053365,0.24441340782122906,run-20260706-012746-eecc,2026-07-06T01:27:46Z
taillard/tai50_10_2,,50,10,IG,456,2862,3.6536489999998594,-0.06983240223463687,run-20260706-012750-769c,2026-07-06T01:27:50Z
taillard/tai50_10_2,,50,10,IG,789,2871,3.5818789580080193,0.24441340782122906,run-20260706-012753-43db,2026-07-06T01:27:53Z
taillard/tai50_10_2,,50,10,IG,2025,2871,3.539068749989383,0.24441340782122906,run-20260706-012757-78dd,2026-07-06T01:27:57Z
taillard/tai50_10_3,,50,10,IG,42,3067,3.3871916659991257,0.097911227154047,run-20260706-012800-cefa,2026-07-06T01:28:00Z
taillard/tai50_10_3,,50,10,IG,123,3071,3.3273785839992343,0.22845953002610966,run-20260706-012803-8752,2026-07-06T01:28:03Z
taillard/tai50_10_3,,50,10,IG,456,3071,3.3683822919992963,0.22845953002610966,run-20260706-012807-9101,2026-07-06T01:28:07Z
taillard/tai50_10_3,,50,10,IG,789,3071,3.12669887499942,0.22845953002610966,run-20260706-012810-0f3c,2026-07-06T01:28:10Z
taillard/tai50_10_3,,50,10,IG,2025,3071,3.2364800420036772,0.22845953002610966,run-20260706-012813-f61b,2026-07-06T01:28:13Z
taillard/tai50_10_4,,50,10,IG,42,3009,3.522576499992283,0.7702612190221031,run-20260706-012817-6933,2026-07-06T01:28:17Z
taillard/tai50_10_4,,50,10,IG,123,3006,3.608438584007672,0.6697923643670463,run-20260706-012820-b161,2026-07-06T01:28:20Z
taillard/tai50_10_4,,50,10,IG,456,3012,3.8315759999968577,0.87073007367716,run-20260706-012824-5cc9,2026-07-06T01:28:24Z
taillard/tai50_10_4,,50,10,IG,789,2991,4.174111875006929,0.16744809109176156,run-20260706-012828-b38e,2026-07-06T01:28:28Z
taillard/tai50_10_4,,50,10,IG,2025,3018,6.709310916994582,1.071667782987274,run-20260706-012835-b432,2026-07-06T01:28:35Z
taillard/tai50_10_5,,50,10,IG,42,3066,4.826375499993446,1.996007984031936,run-20260706-012840-6ec5,2026-07-06T01:28:40Z
taillard/tai50_10_5,,50,10,IG,123,3025,4.058241040998837,0.6320691949434465,run-20260706-012844-2e1f,2026-07-06T01:28:44Z
taillard/tai50_10_5,,50,10,IG,456,3006,3.2793342499935534,0.0,run-20260706-012847-e063,2026-07-06T01:28:47Z
taillard/tai50_10_5,,50,10,IG,789,3031,3.282261166998069,0.83166999334664,run-20260706-012850-a7ea,2026-07-06T01:28:50Z
taillard/tai50_10_5,,50,10,IG,2025,3006,3.3698233330069343,0.0,run-20260706-012854-826d,2026-07-06T01:28:54Z
taillard/tai50_10_6,,50,10,IG,42,3133,3.0318035000091186,0.8368200836820083,run-20260706-012857-e61a,2026-07-06T01:28:57Z
taillard/tai50_10_6,,50,10,IG,123,3118,3.194927083008224,0.3540392661731574,run-20260706-012900-4e5e,2026-07-06T01:29:00Z
taillard/tai50_10_6,,50,10,IG,456,3133,2.845245791992056,0.8368200836820083,run-20260706-012903-5fb1,2026-07-06T01:29:03Z
taillard/tai50_10_6,,50,10,IG,789,3132,3.0114575419866014,0.804634695848085,run-20260706-012906-c265,2026-07-06T01:29:06Z
taillard/tai50_10_6,,50,10,IG,2025,3127,2.8629951250040904,0.643707756678468,run-20260706-012909-8c2f,2026-07-06T01:29:09Z
taillard/tai50_10_7,,50,10,IG,42,3042,3.604448500002036,0.09871668311944719,run-20260706-012912-852c,2026-07-06T01:29:12Z
taillard/tai50_10_7,,50,10,IG,123,3048,3.3621660829958273,0.29615004935834155,run-20260706-012916-7c2d,2026-07-06T01:29:16Z
taillard/tai50_10_7,,50,10,IG,456,3042,3.6412488750065677,0.09871668311944719,run-20260706-012919-9251,2026-07-06T01:29:19Z
taillard/tai50_10_7,,50,10,IG,789,3042,3.5417875419952907,0.09871668311944719,run-20260706-012923-f5b1,2026-07-06T01:29:23Z
taillard/tai50_10_7,,50,10,IG,2025,3042,3.6245855419983855,0.09871668311944719,run-20260706-012927-9417,2026-07-06T01:29:27Z
taillard/tai50_10_8,,50,10,IG,42,2906,3.475593708004453,0.13783597518952448,run-20260706-012930-4443,2026-07-06T01:29:30Z
taillard/tai50_10_8,,50,10,IG,123,2905,3.421553167005186,0.10337698139214335,run-20260706-012934-01a5,2026-07-06T01:29:34Z
taillard/tai50_10_8,,50,10,IG,456,2902,3.484575374997803,0.0,run-20260706-012937-fb83,2026-07-06T01:29:37Z
taillard/tai50_10_8,,50,10,IG,789,2902,3.5072477079957025,0.0,run-20260706-012941-cb36,2026-07-06T01:29:41Z
taillard/tai50_10_8,,50,10,IG,2025,2910,3.6261064160062233,0.27567195037904896,run-20260706-012944-5853,2026-07-06T01:29:44Z
taillard/tai50_10_9,,50,10,IG,42,3099,3.3583884999970905,0.2588159171789065,run-20260706-012948-f609,2026-07-06T01:29:48Z
taillard/tai50_10_9,,50,10,IG,123,3091,3.4417392920004204,0.0,run-20260706-012951-71e9,2026-07-06T01:29:51Z
taillard/tai50_10_9,,50,10,IG,456,3099,3.368627417003154,0.2588159171789065,run-20260706-012954-0cda,2026-07-06T01:29:54Z
taillard/tai50_10_9,,50,10,IG,789,3091,3.240780124993762,0.0,run-20260706-012958-1935,2026-07-06T01:29:58Z
taillard/tai50_10_9,,50,10,IG,2025,3091,3.283973833997152,0.0,run-20260706-013001-23f0,2026-07-06T01:30:01Z
taillard/tai50_20_0,,50,20,IG,42,3905,6.578119458994479,0.7741935483870968,run-20260706-013007-f362,2026-07-06T01:30:07Z
taillard/tai50_20_0,,50,20,IG,123,3905,6.904902333000791,0.7741935483870968,run-20260706-013014-234e,2026-07-06T01:30:14Z
taillard/tai50_20_0,,50,20,IG,456,3893,6.601083500005188,0.4645161290322581,run-20260706-013021-0edd,2026-07-06T01:30:21Z
taillard/tai50_20_0,,50,20,IG,789,3920,6.66162766701018,1.1612903225806452,run-20260706-013028-c44f,2026-07-06T01:30:28Z
taillard/tai50_20_0,,50,20,IG,2025,3898,6.239406124994275,0.5935483870967742,run-20260706-013034-9fce,2026-07-06T01:30:34Z
taillard/tai50_20_1,,50,20,IG,42,3728,6.450589375002892,0.34993270524899056,run-20260706-013040-8d30,2026-07-06T01:30:40Z
taillard/tai50_20_1,,50,20,IG,123,3747,5.94885970800533,0.8613728129205922,run-20260706-013046-4a4a,2026-07-06T01:30:46Z
taillard/tai50_20_1,,50,20,IG,456,3762,6.289568457999849,1.2651413189771197,run-20260706-013053-3d98,2026-07-06T01:30:53Z
taillard/tai50_20_1,,50,20,IG,789,3744,6.0900507909973385,0.7806191117092867,run-20260706-013059-74f3,2026-07-06T01:30:59Z
taillard/tai50_20_1,,50,20,IG,2025,3753,5.820391624991316,1.0228802153432033,run-20260706-013105-c71c,2026-07-06T01:31:05Z
taillard/tai50_20_2,,50,20,IG,42,3697,5.868190583001706,0.7906215921483097,run-20260706-013110-486f,2026-07-06T01:31:10Z
taillard/tai50_20_2,,50,20,IG,123,3719,6.20143620800809,1.390403489640131,run-20260706-013117-10f4,2026-07-06T01:31:17Z
taillard/tai50_20_2,,50,20,IG,456,3710,6.381389124988345,1.1450381679389312,run-20260706-013123-9f0c,2026-07-06T01:31:23Z
taillard/tai50_20_2,,50,20,IG,789,3717,6.508276666994789,1.3358778625954197,run-20260706-013130-bdbd,2026-07-06T01:31:30Z
taillard/tai50_20_2,,50,20,IG,2025,3708,6.393277790994034,1.0905125408942202,run-20260706-013136-a847,2026-07-06T01:31:36Z
taillard/tai50_20_3,,50,20,IG,42,3782,6.565447708009742,0.7995735607675906,run-20260706-013142-f03b,2026-07-06T01:31:42Z
taillard/tai50_20_3,,50,20,IG,123,3760,6.322397833006107,0.21321961620469082,run-20260706-013149-b1aa,2026-07-06T01:31:49Z
taillard/tai50_20_3,,50,20,IG,456,3759,6.6387199589953525,0.1865671641791045,run-20260706-013155-c58a,2026-07-06T01:31:55Z
taillard/tai50_20_3,,50,20,IG,789,3765,6.214696417009691,0.3464818763326226,run-20260706-013202-330c,2026-07-06T01:32:02Z
taillard/tai50_20_3,,50,20,IG,2025,3774,6.226734124997165,0.5863539445628998,run-20260706-013208-636f,2026-07-06T01:32:08Z
taillard/tai50_20_4,,50,20,IG,42,3640,6.684082417006721,0.1375515818431912,run-20260706-013215-485f,2026-07-06T01:32:15Z
taillard/tai50_20_4,,50,20,IG,123,3660,6.313654666009825,0.687757909215956,run-20260706-013221-38d1,2026-07-06T01:32:21Z
taillard/tai50_20_4,,50,20,IG,456,3658,5.996575375000248,0.6327372764786795,run-20260706-013227-321a,2026-07-06T01:32:27Z
taillard/tai50_20_4,,50,20,IG,789,3646,6.0779178330121795,0.30261348005502064,run-20260706-013233-f3de,2026-07-06T01:32:33Z
taillard/tai50_20_4,,50,20,IG,2025,3655,6.049173500010511,0.5502063273727648,run-20260706-013239-1a8c,2026-07-06T01:32:39Z
taillard/tai50_20_5,,50,20,IG,42,3734,6.091431124994415,0.9734991887506761,run-20260706-013245-04ca,2026-07-06T01:32:45Z
taillard/tai50_20_5,,50,20,IG,123,3757,6.412180207989877,1.5954570037858302,run-20260706-013252-7045,2026-07-06T01:32:52Z
taillard/tai50_20_5,,50,20,IG,456,3762,6.263320416008355,1.7306652244456462,run-20260706-013258-e3f1,2026-07-06T01:32:58Z
taillard/tai50_20_5,,50,20,IG,789,3722,6.2239771250024205,0.6489994591671173,run-20260706-013304-b345,2026-07-06T01:33:04Z
taillard/tai50_20_5,,50,20,IG,2025,3760,6.549372041001334,1.6765819361817198,run-20260706-013311-7070,2026-07-06T01:33:11Z
taillard/tai50_20_6,,50,20,IG,42,3752,6.147637875008513,0.9687836383207751,run-20260706-013317-129a,2026-07-06T01:33:17Z
taillard/tai50_20_6,,50,20,IG,123,3779,6.544439000004786,1.6953713670613564,run-20260706-013323-6669,2026-07-06T01:33:23Z
taillard/tai50_20_6,,50,20,IG,456,3755,6.496934250011691,1.0495156081808397,run-20260706-013330-a10a,2026-07-06T01:33:30Z
taillard/tai50_20_6,,50,20,IG,789,3754,5.893182249987149,1.022604951560818,run-20260706-013336-f549,2026-07-06T01:33:36Z
taillard/tai50_20_6,,50,20,IG,2025,3753,6.087864209010149,0.9956942949407965,run-20260706-013342-8060,2026-07-06T01:33:42Z
taillard/tai50_20_7,,50,20,IG,42,3775,6.37676804199873,1.779455378808304,run-20260706-013348-f69d,2026-07-06T01:33:48Z
taillard/tai50_20_7,,50,20,IG,123,3761,6.237593666999601,1.401995146939876,run-20260706-013354-d702,2026-07-06T01:33:54Z
taillard/tai50_20_7,,50,20,IG,456,3769,6.662092708007549,1.6176867080075492,run-20260706-013401-ed6e,2026-07-06T01:34:01Z
taillard/tai50_20_7,,50,20,IG,789,3757,7.77072145800048,1.2941493664060393,run-20260706-013409-3bf6,2026-07-06T01:34:09Z
taillard/tai50_20_7,,50,20,IG,2025,3770,6.7092314589972375,1.6446481531410084,run-20260706-013416-32b3,2026-07-06T01:34:16Z
taillard/tai50_20_8,,50,20,IG,42,3772,6.24382037500618,0.18592297476759628,run-20260706-013422-f52a,2026-07-06T01:34:22Z
taillard/tai50_20_8,,50,20,IG,123,3791,6.603396958002122,0.6905710491367862,run-20260706-013428-8e3b,2026-07-06T01:34:28Z
taillard/tai50_20_8,,50,20,IG,456,3801,5.643724416993791,0.9561752988047809,run-20260706-013434-bd79,2026-07-06T01:34:34Z
taillard/tai50_20_8,,50,20,IG,789,3797,6.032195790990954,0.849933598937583,run-20260706-013440-c107,2026-07-06T01:34:40Z
taillard/tai50_20_8,,50,20,IG,2025,3784,5.962645416002488,0.5046480743691899,run-20260706-013446-113e,2026-07-06T01:34:46Z
taillard/tai50_20_9,,50,20,IG,42,3795,6.291141749999952,0.4765687053216839,run-20260706-013452-ca1c,2026-07-06T01:34:52Z
taillard/tai50_20_9,,50,20,IG,123,3784,6.217397084008553,0.18533227429176596,run-20260706-013459-9a6a,2026-07-06T01:34:59Z
taillard/tai50_20_9,,50,20,IG,456,3800,6.598440582994954,0.6089489012443738,run-20260706-013505-3c82,2026-07-06T01:35:05Z
taillard/tai50_20_9,,50,20,IG,789,3805,6.347690875001717,0.7413290971670639,run-20260706-013512-d1c3,2026-07-06T01:35:12Z
taillard/tai50_20_9,,50,20,IG,2025,3802,6.690915083003347,0.6619009796134498,run-20260706-013518-a3b3,2026-07-06T01:35:18Z
taillard/tai50_5_0,,50,5,IG,42,2724,1.2942298330017366,0.0,run-20260706-013520-b707,2026-07-06T01:35:20Z
taillard/tai50_5_0,,50,5,IG,123,2724,1.369049457993242,0.0,run-20260706-013521-60b8,2026-07-06T01:35:21Z
taillard/tai50_5_0,,50,5,IG,456,2724,1.3275661249936093,0.0,run-20260706-013522-67e3,2026-07-06T01:35:22Z
taillard/tai50_5_0,,50,5,IG,789,2724,1.3595762500044657,0.0,run-20260706-013524-1fb1,2026-07-06T01:35:24Z
taillard/tai50_5_0,,50,5,IG,2025,2724,1.3981577079975978,0.0,run-20260706-013525-6176,2026-07-06T01:35:25Z
taillard/tai50_5_1,,50,5,IG,42,2836,1.5570592500007479,0.07057163020465773,run-20260706-013527-eea5,2026-07-06T01:35:27Z
taillard/tai50_5_1,,50,5,IG,123,2836,1.5072734580026008,0.07057163020465773,run-20260706-013528-b2a1,2026-07-06T01:35:28Z
taillard/tai50_5_1,,50,5,IG,456,2836,1.463056291002431,0.07057163020465773,run-20260706-013530-5612,2026-07-06T01:35:30Z
taillard/tai50_5_1,,50,5,IG,789,2834,1.4805381250043865,0.0,run-20260706-013531-66d4,2026-07-06T01:35:31Z
taillard/tai50_5_1,,50,5,IG,2025,2834,1.4715835839888314,0.0,run-20260706-013533-8a7e,2026-07-06T01:35:33Z
taillard/tai50_5_2,,50,5,IG,42,2621,1.526521292005782,0.0,run-20260706-013534-3782,2026-07-06T01:35:34Z
taillard/tai50_5_2,,50,5,IG,123,2621,1.6169082499982323,0.0,run-20260706-013536-fa52,2026-07-06T01:35:36Z
taillard/tai50_5_2,,50,5,IG,456,2621,1.540239374997327,0.0,run-20260706-013537-4f41,2026-07-06T01:35:37Z
taillard/tai50_5_2,,50,5,IG,789,2621,1.520812166010728,0.0,run-20260706-013539-c897,2026-07-06T01:35:39Z
taillard/tai50_5_2,,50,5,IG,2025,2621,1.544943290995434,0.0,run-20260706-013540-fe0b,2026-07-06T01:35:40Z
taillard/tai50_5_3,,50,5,IG,42,2751,1.550257834009244,0.0,run-20260706-013542-042b,2026-07-06T01:35:42Z
taillard/tai50_5_3,,50,5,IG,123,2751,1.5705512499989709,0.0,run-20260706-013544-2289,2026-07-06T01:35:44Z
taillard/tai50_5_3,,50,5,IG,456,2751,1.6238714579958469,0.0,run-20260706-013545-6cc6,2026-07-06T01:35:45Z
taillard/tai50_5_3,,50,5,IG,789,2751,1.584441250000964,0.0,run-20260706-013547-5a4c,2026-07-06T01:35:47Z
taillard/tai50_5_3,,50,5,IG,2025,2751,1.5727914169983706,0.0,run-20260706-013548-8f76,2026-07-06T01:35:48Z
taillard/tai50_5_4,,50,5,IG,42,2863,1.210953542002244,0.0,run-20260706-013550-6d3c,2026-07-06T01:35:50Z
taillard/tai50_5_4,,50,5,IG,123,2863,1.2969922080083052,0.0,run-20260706-013551-cdbb,2026-07-06T01:35:51Z
taillard/tai50_5_4,,50,5,IG,456,2863,1.2340779590012971,0.0,run-20260706-013552-3f15,2026-07-06T01:35:52Z
taillard/tai50_5_4,,50,5,IG,789,2863,1.270220167003572,0.0,run-20260706-013553-8a2e,2026-07-06T01:35:53Z
taillard/tai50_5_4,,50,5,IG,2025,2863,1.3759131669939961,0.0,run-20260706-013555-a043,2026-07-06T01:35:55Z
taillard/tai50_5_5,,50,5,IG,42,2829,1.6459281659917906,0.0,run-20260706-013556-d835,2026-07-06T01:35:56Z
taillard/tai50_5_5,,50,5,IG,123,2829,1.5872840829979395,0.0,run-20260706-013558-e0e1,2026-07-06T01:35:58Z
taillard/tai50_5_5,,50,5,IG,456,2829,1.5764191670023138,0.0,run-20260706-013600-927f,2026-07-06T01:36:00Z
taillard/tai50_5_5,,50,5,IG,789,2829,1.5924780409986852,0.0,run-20260706-013601-0bb4,2026-07-06T01:36:01Z
taillard/tai50_5_5,,50,5,IG,2025,2829,1.5553225839976221,0.0,run-20260706-013603-ed78,2026-07-06T01:36:03Z
taillard/tai50_5_6,,50,5,IG,42,2725,1.584560125003918,0.0,run-20260706-013604-9815,2026-07-06T01:36:04Z
taillard/tai50_5_6,,50,5,IG,123,2725,1.6157342079968657,0.0,run-20260706-013606-7e83,2026-07-06T01:36:06Z
taillard/tai50_5_6,,50,5,IG,456,2725,1.6161774170032004,0.0,run-20260706-013608-18ef,2026-07-06T01:36:08Z
taillard/tai50_5_6,,50,5,IG,789,2725,1.5615848330053268,0.0,run-20260706-013609-ac60,2026-07-06T01:36:09Z
taillard/tai50_5_6,,50,5,IG,2025,2725,1.5657823340006871,0.0,run-20260706-013611-eafc,2026-07-06T01:36:11Z
taillard/tai50_5_7,,50,5,IG,42,2683,1.5708635420014616,0.0,run-20260706-013612-d5ff,2026-07-06T01:36:12Z
taillard/tai50_5_7,,50,5,IG,123,2683,1.4974369590054266,0.0,run-20260706-013614-41c3,2026-07-06T01:36:14Z
taillard/tai50_5_7,,50,5,IG,456,2683,1.5584261670010164,0.0,run-20260706-013615-8892,2026-07-06T01:36:15Z
taillard/tai50_5_7,,50,5,IG,789,2683,1.5023097079974832,0.0,run-20260706-013617-0121,2026-07-06T01:36:17Z
taillard/tai50_5_7,,50,5,IG,2025,2683,1.5746567080059322,0.0,run-20260706-013618-4e2d,2026-07-06T01:36:18Z
taillard/tai50_5_8,,50,5,IG,42,2554,1.7235260000015842,0.07836990595611286,run-20260706-013620-f89c,2026-07-06T01:36:20Z
taillard/tai50_5_8,,50,5,IG,123,2561,1.5934897499973886,0.35266457680250785,run-20260706-013622-3b66,2026-07-06T01:36:22Z
taillard/tai50_5_8,,50,5,IG,456,2552,1.6130546249914914,0.0,run-20260706-013623-41aa,2026-07-06T01:36:23Z
taillard/tai50_5_8,,50,5,IG,789,2553,1.5712827919924166,0.03918495297805643,run-20260706-013625-4f32,2026-07-06T01:36:25Z
taillard/tai50_5_8,,50,5,IG,2025,2554,1.5453240409988211,0.07836990595611286,run-20260706-013626-5b1d,2026-07-06T01:36:26Z
taillard/tai50_5_9,,50,5,IG,42,2782,1.3418278750032187,0.0,run-20260706-013628-bc76,2026-07-06T01:36:28Z
taillard/tai50_5_9,,50,5,IG,123,2782,1.3472121670056367,0.0,run-20260706-013629-99dd,2026-07-06T01:36:29Z
taillard/tai50_5_9,,50,5,IG,456,2782,1.3597684590058634,0.0,run-20260706-013631-bf34,2026-07-06T01:36:31Z
taillard/tai50_5_9,,50,5,IG,789,2782,1.34438691700052,0.0,run-20260706-013632-4da8,2026-07-06T01:36:32Z
taillard/tai50_5_9,,50,5,IG,2025,2782,1.3377178750088206,0.0,run-20260706-013633-9e99,2026-07-06T01:36:33Z
vrf/VFR10_10_10_Gap,Small,10,10,IG,42,1099,0.5846020419994602,0.0,run-20260706-013634-fff0,2026-07-06T01:36:34Z
vrf/VFR10_10_10_Gap,Small,10,10,IG,123,1099,0.599359750005533,0.0,run-20260706-013635-3b32,2026-07-06T01:36:35Z
vrf/VFR10_10_10_Gap,Small,10,10,IG,456,1099,0.6303831249970244,0.0,run-20260706-013635-325d,2026-07-06T01:36:35Z
vrf/VFR10_10_10_Gap,Small,10,10,IG,789,1099,0.6189389160135761,0.0,run-20260706-013636-e329,2026-07-06T01:36:36Z
vrf/VFR10_10_10_Gap,Small,10,10,IG,2025,1099,0.5844438329950208,0.0,run-20260706-013637-c646,2026-07-06T01:36:37Z
vrf/VFR10_10_1_Gap,Small,10,10,IG,42,1097,0.6081892500078538,0.0,run-20260706-013637-f9f4,2026-07-06T01:36:37Z
vrf/VFR10_10_1_Gap,Small,10,10,IG,123,1097,0.6100954579887912,0.0,run-20260706-013638-9cf4,2026-07-06T01:36:38Z
vrf/VFR10_10_1_Gap,Small,10,10,IG,456,1097,0.6086457089986652,0.0,run-20260706-013639-0c72,2026-07-06T01:36:39Z
vrf/VFR10_10_1_Gap,Small,10,10,IG,789,1097,0.6082259579998208,0.0,run-20260706-013639-f2a1,2026-07-06T01:36:39Z
vrf/VFR10_10_1_Gap,Small,10,10,IG,2025,1097,0.5885514170076931,0.0,run-20260706-013640-bcd2,2026-07-06T01:36:40Z
vrf/VFR10_10_2_Gap,Small,10,10,IG,42,1146,0.5159517079882789,0.0,run-20260706-013640-cefb,2026-07-06T01:36:40Z
vrf/VFR10_10_2_Gap,Small,10,10,IG,123,1146,0.49562870799854863,0.0,run-20260706-013641-5c8c,2026-07-06T01:36:41Z
vrf/VFR10_10_2_Gap,Small,10,10,IG,456,1146,0.4966560000029858,0.0,run-20260706-013641-7e07,2026-07-06T01:36:41Z
vrf/VFR10_10_2_Gap,Small,10,10,IG,789,1146,0.504168416999164,0.0,run-20260706-013642-841a,2026-07-06T01:36:42Z
vrf/VFR10_10_2_Gap,Small,10,10,IG,2025,1146,0.49473208299605176,0.0,run-20260706-013642-9777,2026-07-06T01:36:42Z
vrf/VFR10_10_3_Gap,Small,10,10,IG,42,1124,0.5994734169944422,0.0,run-20260706-013643-d0f3,2026-07-06T01:36:43Z
vrf/VFR10_10_3_Gap,Small,10,10,IG,123,1124,0.6041113749961369,0.0,run-20260706-013643-0e66,2026-07-06T01:36:43Z
vrf/VFR10_10_3_Gap,Small,10,10,IG,456,1124,0.5895328750048066,0.0,run-20260706-013644-74b4,2026-07-06T01:36:44Z
vrf/VFR10_10_3_Gap,Small,10,10,IG,789,1124,0.5883568330027629,0.0,run-20260706-013645-28a6,2026-07-06T01:36:45Z
vrf/VFR10_10_3_Gap,Small,10,10,IG,2025,1124,0.6241157920012483,0.0,run-20260706-013645-03e1,2026-07-06T01:36:45Z
vrf/VFR10_10_4_Gap,Small,10,10,IG,42,1038,0.6510851659986656,0.0,run-20260706-013646-42c3,2026-07-06T01:36:46Z
vrf/VFR10_10_4_Gap,Small,10,10,IG,123,1038,0.6417220830044243,0.0,run-20260706-013647-cc28,2026-07-06T01:36:47Z
vrf/VFR10_10_4_Gap,Small,10,10,IG,456,1038,0.7363535839976976,0.0,run-20260706-013647-9b1d,2026-07-06T01:36:47Z
vrf/VFR10_10_4_Gap,Small,10,10,IG,789,1038,0.6448333330044989,0.0,run-20260706-013648-c2d7,2026-07-06T01:36:48Z
vrf/VFR10_10_4_Gap,Small,10,10,IG,2025,1038,0.6439110000064829,0.0,run-20260706-013649-126f,2026-07-06T01:36:49Z
vrf/VFR10_10_5_Gap,Small,10,10,IG,42,1093,0.5693154170003254,0.0,run-20260706-013649-a9c5,2026-07-06T01:36:49Z
vrf/VFR10_10_5_Gap,Small,10,10,IG,123,1093,0.5606966249906691,0.0,run-20260706-013650-8b13,2026-07-06T01:36:50Z
vrf/VFR10_10_5_Gap,Small,10,10,IG,456,1093,0.6225860409904271,0.0,run-20260706-013650-9856,2026-07-06T01:36:50Z
vrf/VFR10_10_5_Gap,Small,10,10,IG,789,1093,0.6113595419883495,0.0,run-20260706-013651-8ff6,2026-07-06T01:36:51Z
vrf/VFR10_10_5_Gap,Small,10,10,IG,2025,1093,0.5978901670023333,0.0,run-20260706-013652-afc0,2026-07-06T01:36:52Z
vrf/VFR10_10_6_Gap,Small,10,10,IG,42,1085,0.5743329170072684,0.0,run-20260706-013652-e250,2026-07-06T01:36:52Z
vrf/VFR10_10_6_Gap,Small,10,10,IG,123,1085,0.5857770829898072,0.0,run-20260706-013653-b432,2026-07-06T01:36:53Z
vrf/VFR10_10_6_Gap,Small,10,10,IG,456,1085,0.5866487909952411,0.0,run-20260706-013653-2f92,2026-07-06T01:36:53Z
vrf/VFR10_10_6_Gap,Small,10,10,IG,789,1085,0.5789890000014566,0.0,run-20260706-013654-e7bc,2026-07-06T01:36:54Z
vrf/VFR10_10_6_Gap,Small,10,10,IG,2025,1085,0.6037770830007503,0.0,run-20260706-013655-bce7,2026-07-06T01:36:55Z
vrf/VFR10_10_7_Gap,Small,10,10,IG,42,1115,0.6070968749991152,0.0,run-20260706-013655-8445,2026-07-06T01:36:55Z
vrf/VFR10_10_7_Gap,Small,10,10,IG,123,1115,0.5458752080012346,0.0,run-20260706-013656-ba95,2026-07-06T01:36:56Z
vrf/VFR10_10_7_Gap,Small,10,10,IG,456,1115,0.5451901249907678,0.0,run-20260706-013656-f55f,2026-07-06T01:36:56Z
vrf/VFR10_10_7_Gap,Small,10,10,IG,789,1115,0.5463004170014756,0.0,run-20260706-013657-dc05,2026-07-06T01:36:57Z
vrf/VFR10_10_7_Gap,Small,10,10,IG,2025,1115,0.5261918329924811,0.0,run-20260706-013657-a153,2026-07-06T01:36:57Z
vrf/VFR10_10_8_Gap,Small,10,10,IG,42,1113,0.5134907080064295,0.0,run-20260706-013658-1233,2026-07-06T01:36:58Z
vrf/VFR10_10_8_Gap,Small,10,10,IG,123,1113,0.51712812500773,0.0,run-20260706-013658-4092,2026-07-06T01:36:58Z
vrf/VFR10_10_8_Gap,Small,10,10,IG,456,1113,0.4998171250044834,0.0,run-20260706-013659-e6b2,2026-07-06T01:36:59Z
vrf/VFR10_10_8_Gap,Small,10,10,IG,789,1113,0.5229593330004718,0.0,run-20260706-013659-97fd,2026-07-06T01:36:59Z
vrf/VFR10_10_8_Gap,Small,10,10,IG,2025,1113,0.5883986249973532,0.0,run-20260706-013700-4aa0,2026-07-06T01:37:00Z
vrf/VFR10_10_9_Gap,Small,10,10,IG,42,1045,0.6907818329927977,0.0,run-20260706-013701-2edd,2026-07-06T01:37:01Z
vrf/VFR10_10_9_Gap,Small,10,10,IG,123,1045,0.6516153329866938,0.0,run-20260706-013701-5a93,2026-07-06T01:37:01Z
vrf/VFR10_10_9_Gap,Small,10,10,IG,456,1045,0.6639392920042155,0.0,run-20260706-013702-4c9a,2026-07-06T01:37:02Z
vrf/VFR10_10_9_Gap,Small,10,10,IG,789,1045,0.6240572910028277,0.0,run-20260706-013703-4b75,2026-07-06T01:37:03Z
vrf/VFR10_10_9_Gap,Small,10,10,IG,2025,1045,0.647523417006596,0.0,run-20260706-013703-511f,2026-07-06T01:37:03Z
vrf/VFR10_15_10_Gap,Small,10,15,IG,42,1461,0.9248829589923844,0.0,run-20260706-013704-18d1,2026-07-06T01:37:04Z
vrf/VFR10_15_10_Gap,Small,10,15,IG,123,1461,0.9515180840098765,0.0,run-20260706-013705-03d7,2026-07-06T01:37:05Z
vrf/VFR10_15_10_Gap,Small,10,15,IG,456,1461,0.8888889160007238,0.0,run-20260706-013706-1642,2026-07-06T01:37:06Z
vrf/VFR10_15_10_Gap,Small,10,15,IG,789,1461,0.9079731249948964,0.0,run-20260706-013707-9a05,2026-07-06T01:37:07Z
vrf/VFR10_15_10_Gap,Small,10,15,IG,2025,1461,0.8853199999866774,0.0,run-20260706-013708-f1ef,2026-07-06T01:37:08Z
vrf/VFR10_15_1_Gap,Small,10,15,IG,42,1307,0.8015238330117427,0.0,run-20260706-013709-d8bb,2026-07-06T01:37:09Z
vrf/VFR10_15_1_Gap,Small,10,15,IG,123,1307,0.8084006670105737,0.0,run-20260706-013710-e5a5,2026-07-06T01:37:10Z
vrf/VFR10_15_1_Gap,Small,10,15,IG,456,1307,0.821929874990019,0.0,run-20260706-013710-dd97,2026-07-06T01:37:10Z
vrf/VFR10_15_1_Gap,Small,10,15,IG,789,1307,0.8133196669950848,0.0,run-20260706-013711-8b69,2026-07-06T01:37:11Z
vrf/VFR10_15_1_Gap,Small,10,15,IG,2025,1307,0.8836678330117138,0.0,run-20260706-013712-3bae,2026-07-06T01:37:12Z
vrf/VFR10_15_2_Gap,Small,10,15,IG,42,1399,0.8645672080019722,0.0,run-20260706-013713-d43e,2026-07-06T01:37:13Z
vrf/VFR10_15_2_Gap,Small,10,15,IG,123,1399,0.8403941249998752,0.0,run-20260706-013714-133d,2026-07-06T01:37:14Z
vrf/VFR10_15_2_Gap,Small,10,15,IG,456,1399,0.8405979160015704,0.0,run-20260706-013715-ba29,2026-07-06T01:37:15Z
vrf/VFR10_15_2_Gap,Small,10,15,IG,789,1399,0.94655654100643,0.0,run-20260706-013716-f8f4,2026-07-06T01:37:16Z
vrf/VFR10_15_2_Gap,Small,10,15,IG,2025,1399,0.8772984170063864,0.0,run-20260706-013716-cc4a,2026-07-06T01:37:16Z
vrf/VFR10_15_3_Gap,Small,10,15,IG,42,1398,0.9396326669957489,0.0,run-20260706-013717-50ed,2026-07-06T01:37:17Z
vrf/VFR10_15_3_Gap,Small,10,15,IG,123,1398,0.9685911250126082,0.0,run-20260706-013718-a813,2026-07-06T01:37:18Z
vrf/VFR10_15_3_Gap,Small,10,15,IG,456,1398,0.9328994579991559,0.0,run-20260706-013719-997a,2026-07-06T01:37:19Z
vrf/VFR10_15_3_Gap,Small,10,15,IG,789,1398,0.9742157089931425,0.0,run-20260706-013720-2d14,2026-07-06T01:37:20Z
vrf/VFR10_15_3_Gap,Small,10,15,IG,2025,1398,0.9557487919955747,0.0,run-20260706-013721-bacb,2026-07-06T01:37:21Z
vrf/VFR10_15_4_Gap,Small,10,15,IG,42,1452,0.9113576250092592,0.0,run-20260706-013722-0b9a,2026-07-06T01:37:22Z
vrf/VFR10_15_4_Gap,Small,10,15,IG,123,1452,0.8516170419898117,0.0,run-20260706-013723-c90d,2026-07-06T01:37:23Z
vrf/VFR10_15_4_Gap,Small,10,15,IG,456,1452,0.8450373329978902,0.0,run-20260706-013724-91a1,2026-07-06T01:37:24Z
vrf/VFR10_15_4_Gap,Small,10,15,IG,789,1452,0.860209082995425,0.0,run-20260706-013725-8230,2026-07-06T01:37:25Z
vrf/VFR10_15_4_Gap,Small,10,15,IG,2025,1452,0.8883868750126567,0.0,run-20260706-013726-d9a2,2026-07-06T01:37:26Z
vrf/VFR10_15_5_Gap,Small,10,15,IG,42,1373,0.8798700839979574,0.0,run-20260706-013727-78e6,2026-07-06T01:37:27Z
vrf/VFR10_15_5_Gap,Small,10,15,IG,123,1373,0.8452552910021041,0.0,run-20260706-013727-645e,2026-07-06T01:37:27Z
vrf/VFR10_15_5_Gap,Small,10,15,IG,456,1373,0.8638469580037054,0.0,run-20260706-013728-34d0,2026-07-06T01:37:28Z
vrf/VFR10_15_5_Gap,Small,10,15,IG,789,1373,0.8628487500100164,0.0,run-20260706-013729-8b56,2026-07-06T01:37:29Z
vrf/VFR10_15_5_Gap,Small,10,15,IG,2025,1373,0.8494616670068353,0.0,run-20260706-013730-e589,2026-07-06T01:37:30Z
vrf/VFR10_15_6_Gap,Small,10,15,IG,42,1329,0.7928370000008726,0.0,run-20260706-013731-e412,2026-07-06T01:37:31Z
vrf/VFR10_15_6_Gap,Small,10,15,IG,123,1329,0.7748636250034906,0.0,run-20260706-013732-2a21,2026-07-06T01:37:32Z
vrf/VFR10_15_6_Gap,Small,10,15,IG,456,1329,0.7748937910073437,0.0,run-20260706-013732-b88b,2026-07-06T01:37:32Z
vrf/VFR10_15_6_Gap,Small,10,15,IG,789,1329,0.7803356660006102,0.0,run-20260706-013733-2d9a,2026-07-06T01:37:33Z
vrf/VFR10_15_6_Gap,Small,10,15,IG,2025,1329,0.773515499997302,0.0,run-20260706-013734-2e93,2026-07-06T01:37:34Z
vrf/VFR10_15_7_Gap,Small,10,15,IG,42,1445,0.7221942080068402,0.0,run-20260706-013735-0f0c,2026-07-06T01:37:35Z
vrf/VFR10_15_7_Gap,Small,10,15,IG,123,1445,0.7205172499961918,0.0,run-20260706-013735-4b26,2026-07-06T01:37:35Z
vrf/VFR10_15_7_Gap,Small,10,15,IG,456,1445,0.7265274589881301,0.0,run-20260706-013736-9589,2026-07-06T01:37:36Z
vrf/VFR10_15_7_Gap,Small,10,15,IG,789,1445,0.6959118339873385,0.0,run-20260706-013737-7c22,2026-07-06T01:37:37Z
vrf/VFR10_15_7_Gap,Small,10,15,IG,2025,1445,0.6939432500075782,0.0,run-20260706-013738-5a45,2026-07-06T01:37:38Z
vrf/VFR10_15_8_Gap,Small,10,15,IG,42,1443,0.8672028329892782,0.0,run-20260706-013738-0d53,2026-07-06T01:37:38Z
vrf/VFR10_15_8_Gap,Small,10,15,IG,123,1443,0.9006588750053197,0.0,run-20260706-013739-86d4,2026-07-06T01:37:39Z
vrf/VFR10_15_8_Gap,Small,10,15,IG,456,1443,0.8654127080080798,0.0,run-20260706-013740-4685,2026-07-06T01:37:40Z
vrf/VFR10_15_8_Gap,Small,10,15,IG,789,1443,0.9246122499898775,0.0,run-20260706-013741-72df,2026-07-06T01:37:41Z
vrf/VFR10_15_8_Gap,Small,10,15,IG,2025,1443,0.8911437909991946,0.0,run-20260706-013742-598b,2026-07-06T01:37:42Z
vrf/VFR10_15_9_Gap,Small,10,15,IG,42,1428,0.9908387500036042,0.0,run-20260706-013743-1ee6,2026-07-06T01:37:43Z
vrf/VFR10_15_9_Gap,Small,10,15,IG,123,1428,0.9903211249911692,0.0,run-20260706-013744-6b24,2026-07-06T01:37:44Z
vrf/VFR10_15_9_Gap,Small,10,15,IG,456,1428,1.0150417499971809,0.0,run-20260706-013745-027d,2026-07-06T01:37:45Z
vrf/VFR10_15_9_Gap,Small,10,15,IG,789,1428,1.0275501660071313,0.0,run-20260706-013746-ed3d,2026-07-06T01:37:46Z
vrf/VFR10_15_9_Gap,Small,10,15,IG,2025,1428,0.9938949170027627,0.0,run-20260706-013747-eb0e,2026-07-06T01:37:47Z
vrf/VFR10_20_10_Gap,Small,10,20,IG,42,1663,1.166017167008249,0.0,run-20260706-013748-faa6,2026-07-06T01:37:48Z
vrf/VFR10_20_10_Gap,Small,10,20,IG,123,1663,1.125016959005734,0.0,run-20260706-013749-4afc,2026-07-06T01:37:49Z
vrf/VFR10_20_10_Gap,Small,10,20,IG,456,1663,1.2183470419986406,0.0,run-20260706-013751-96e0,2026-07-06T01:37:51Z
vrf/VFR10_20_10_Gap,Small,10,20,IG,789,1663,1.1399056670052232,0.0,run-20260706-013752-5767,2026-07-06T01:37:52Z
vrf/VFR10_20_10_Gap,Small,10,20,IG,2025,1663,1.114398292003898,0.0,run-20260706-013753-a0da,2026-07-06T01:37:53Z
vrf/VFR10_20_1_Gap,Small,10,20,IG,42,1652,1.1454407080018427,0.0,run-20260706-013754-11a7,2026-07-06T01:37:54Z
vrf/VFR10_20_1_Gap,Small,10,20,IG,123,1652,1.2121141669922508,0.0,run-20260706-013755-ee1b,2026-07-06T01:37:55Z
vrf/VFR10_20_1_Gap,Small,10,20,IG,456,1652,1.1536638340039644,0.0,run-20260706-013756-3194,2026-07-06T01:37:56Z
vrf/VFR10_20_1_Gap,Small,10,20,IG,789,1652,1.1583267910027644,0.0,run-20260706-013758-033f,2026-07-06T01:37:58Z
vrf/VFR10_20_1_Gap,Small,10,20,IG,2025,1652,1.2083581250044517,0.0,run-20260706-013759-240d,2026-07-06T01:37:59Z
vrf/VFR10_20_2_Gap,Small,10,20,IG,42,1759,1.1289587920036865,0.0,run-20260706-013800-22a3,2026-07-06T01:38:00Z
vrf/VFR10_20_2_Gap,Small,10,20,IG,123,1759,1.213195459000417,0.0,run-20260706-013801-0ff5,2026-07-06T01:38:01Z
vrf/VFR10_20_2_Gap,Small,10,20,IG,456,1759,1.1751824590028264,0.0,run-20260706-013802-175f,2026-07-06T01:38:02Z
vrf/VFR10_20_2_Gap,Small,10,20,IG,789,1759,1.1943170840095263,0.0,run-20260706-013803-b738,2026-07-06T01:38:03Z
vrf/VFR10_20_2_Gap,Small,10,20,IG,2025,1759,1.1323497910052538,0.0,run-20260706-013805-f18f,2026-07-06T01:38:05Z
vrf/VFR10_20_3_Gap,Small,10,20,IG,42,1726,1.1559143750055227,0.0,run-20260706-013806-a93e,2026-07-06T01:38:06Z
vrf/VFR10_20_3_Gap,Small,10,20,IG,123,1726,1.1481852920114761,0.0,run-20260706-013807-a870,2026-07-06T01:38:07Z
vrf/VFR10_20_3_Gap,Small,10,20,IG,456,1726,1.1385702499974286,0.0,run-20260706-013808-f371,2026-07-06T01:38:08Z
vrf/VFR10_20_3_Gap,Small,10,20,IG,789,1726,1.1408136660029413,0.0,run-20260706-013809-a3fa,2026-07-06T01:38:09Z
vrf/VFR10_20_3_Gap,Small,10,20,IG,2025,1726,1.137111875010305,0.0,run-20260706-013810-036c,2026-07-06T01:38:10Z
vrf/VFR10_20_4_Gap,Small,10,20,IG,42,1678,1.0629112500027986,0.0,run-20260706-013811-f508,2026-07-06T01:38:11Z
vrf/VFR10_20_4_Gap,Small,10,20,IG,123,1678,1.10129724998842,0.0,run-20260706-013813-817a,2026-07-06T01:38:13Z
vrf/VFR10_20_4_Gap,Small,10,20,IG,456,1678,1.0839906670007622,0.0,run-20260706-013814-ab27,2026-07-06T01:38:14Z
vrf/VFR10_20_4_Gap,Small,10,20,IG,789,1678,1.0823676660074852,0.0,run-20260706-013815-eb56,2026-07-06T01:38:15Z
vrf/VFR10_20_4_Gap,Small,10,20,IG,2025,1678,1.201849291988765,0.0,run-20260706-013816-8365,2026-07-06T01:38:16Z
vrf/VFR10_20_5_Gap,Small,10,20,IG,42,1700,0.9737260419933591,0.0,run-20260706-013817-f143,2026-07-06T01:38:17Z
vrf/VFR10_20_5_Gap,Small,10,20,IG,123,1700,0.9710863750078715,0.0,run-20260706-013818-4d35,2026-07-06T01:38:18Z
vrf/VFR10_20_5_Gap,Small,10,20,IG,456,1700,1.0274512080068234,0.0,run-20260706-013819-1fb0,2026-07-06T01:38:19Z
vrf/VFR10_20_5_Gap,Small,10,20,IG,789,1700,0.9636787920026109,0.0,run-20260706-013820-af50,2026-07-06T01:38:20Z
vrf/VFR10_20_5_Gap,Small,10,20,IG,2025,1700,1.0650405409978703,0.0,run-20260706-013821-1f7b,2026-07-06T01:38:21Z
vrf/VFR10_20_6_Gap,Small,10,20,IG,42,1889,1.0175850829982664,0.0,run-20260706-013822-f7de,2026-07-06T01:38:22Z
vrf/VFR10_20_6_Gap,Small,10,20,IG,123,1889,1.0528008340043016,0.0,run-20260706-013823-810a,2026-07-06T01:38:23Z
vrf/VFR10_20_6_Gap,Small,10,20,IG,456,1889,1.0230801659927238,0.0,run-20260706-013824-7045,2026-07-06T01:38:24Z
vrf/VFR10_20_6_Gap,Small,10,20,IG,789,1889,1.0139572079933714,0.0,run-20260706-013825-2e98,2026-07-06T01:38:25Z
vrf/VFR10_20_6_Gap,Small,10,20,IG,2025,1889,1.0295744579925667,0.0,run-20260706-013826-4992,2026-07-06T01:38:26Z
vrf/VFR10_20_7_Gap,Small,10,20,IG,42,1678,0.9985142910009017,0.0,run-20260706-013827-57c4,2026-07-06T01:38:27Z
vrf/VFR10_20_7_Gap,Small,10,20,IG,123,1683,1.0695309580041794,0.29797377830750893,run-20260706-013828-26e0,2026-07-06T01:38:28Z
vrf/VFR10_20_7_Gap,Small,10,20,IG,456,1678,1.0504761659976793,0.0,run-20260706-013829-c07a,2026-07-06T01:38:29Z
vrf/VFR10_20_7_Gap,Small,10,20,IG,789,1678,1.0972867500095163,0.0,run-20260706-013830-7e8b,2026-07-06T01:38:30Z
vrf/VFR10_20_7_Gap,Small,10,20,IG,2025,1678,1.0536901669984218,0.0,run-20260706-013831-2906,2026-07-06T01:38:31Z
vrf/VFR10_20_8_Gap,Small,10,20,IG,42,1655,1.2875812079873867,0.0,run-20260706-013833-f8d6,2026-07-06T01:38:33Z
vrf/VFR10_20_8_Gap,Small,10,20,IG,123,1655,1.2719440419896273,0.0,run-20260706-013834-5560,2026-07-06T01:38:34Z
vrf/VFR10_20_8_Gap,Small,10,20,IG,456,1655,1.290124167004251,0.0,run-20260706-013835-7aa1,2026-07-06T01:38:35Z
vrf/VFR10_20_8_Gap,Small,10,20,IG,789,1655,1.2559830829995917,0.0,run-20260706-013837-8202,2026-07-06T01:38:37Z
vrf/VFR10_20_8_Gap,Small,10,20,IG,2025,1655,1.278837707999628,0.0,run-20260706-013838-8eea,2026-07-06T01:38:38Z
vrf/VFR10_20_9_Gap,Small,10,20,IG,42,1706,0.9848267079942161,0.0,run-20260706-013839-36ca,2026-07-06T01:38:39Z
vrf/VFR10_20_9_Gap,Small,10,20,IG,123,1706,1.010267792007653,0.0,run-20260706-013840-264f,2026-07-06T01:38:40Z
vrf/VFR10_20_9_Gap,Small,10,20,IG,456,1706,1.0641314590029651,0.0,run-20260706-013841-a127,2026-07-06T01:38:41Z
vrf/VFR10_20_9_Gap,Small,10,20,IG,789,1706,0.9875672080088407,0.0,run-20260706-013842-36c4,2026-07-06T01:38:42Z
vrf/VFR10_20_9_Gap,Small,10,20,IG,2025,1706,0.9921697079989826,0.0,run-20260706-013843-ff46,2026-07-06T01:38:43Z
vrf/VFR10_5_10_Gap,Small,10,5,IG,42,664,0.28558799999882467,0.0,run-20260706-013843-4385,2026-07-06T01:38:43Z
vrf/VFR10_5_10_Gap,Small,10,5,IG,123,664,0.2880803330044728,0.0,run-20260706-013843-2d72,2026-07-06T01:38:43Z
vrf/VFR10_5_10_Gap,Small,10,5,IG,456,664,0.27902900001208764,0.0,run-20260706-013844-a855,2026-07-06T01:38:44Z
vrf/VFR10_5_10_Gap,Small,10,5,IG,789,664,0.2793708749959478,0.0,run-20260706-013844-1329,2026-07-06T01:38:44Z
vrf/VFR10_5_10_Gap,Small,10,5,IG,2025,664,0.27300137501151767,0.0,run-20260706-013844-9c8e,2026-07-06T01:38:44Z
vrf/VFR10_5_1_Gap,Small,10,5,IG,42,695,0.24805108300643042,0.0,run-20260706-013845-7ff4,2026-07-06T01:38:45Z
vrf/VFR10_5_1_Gap,Small,10,5,IG,123,695,0.24885795800946653,0.0,run-20260706-013845-5f93,2026-07-06T01:38:45Z
vrf/VFR10_5_1_Gap,Small,10,5,IG,456,695,0.25468383300176356,0.0,run-20260706-013845-2e3b,2026-07-06T01:38:45Z
vrf/VFR10_5_1_Gap,Small,10,5,IG,789,695,0.28370341699337587,0.0,run-20260706-013845-88e9,2026-07-06T01:38:45Z
vrf/VFR10_5_1_Gap,Small,10,5,IG,2025,695,0.24505483399843797,0.0,run-20260706-013846-34e8,2026-07-06T01:38:46Z
vrf/VFR10_5_2_Gap,Small,10,5,IG,42,698,0.307520750007825,0.0,run-20260706-013846-dae1,2026-07-06T01:38:46Z
vrf/VFR10_5_2_Gap,Small,10,5,IG,123,698,0.30600562499603257,0.0,run-20260706-013846-6199,2026-07-06T01:38:46Z
vrf/VFR10_5_2_Gap,Small,10,5,IG,456,698,0.3051597919984488,0.0,run-20260706-013847-7b1f,2026-07-06T01:38:47Z
vrf/VFR10_5_2_Gap,Small,10,5,IG,789,698,0.3242775830003666,0.0,run-20260706-013847-e0e1,2026-07-06T01:38:47Z
vrf/VFR10_5_2_Gap,Small,10,5,IG,2025,698,0.32287779200123623,0.0,run-20260706-013847-4bc2,2026-07-06T01:38:47Z
vrf/VFR10_5_3_Gap,Small,10,5,IG,42,728,0.3542419169971254,0.0,run-20260706-013848-a343,2026-07-06T01:38:48Z
vrf/VFR10_5_3_Gap,Small,10,5,IG,123,728,0.32873958301206585,0.0,run-20260706-013848-fd8f,2026-07-06T01:38:48Z
vrf/VFR10_5_3_Gap,Small,10,5,IG,456,728,0.30892983300145715,0.0,run-20260706-013848-b2ad,2026-07-06T01:38:48Z
vrf/VFR10_5_3_Gap,Small,10,5,IG,789,728,0.29582262500480283,0.0,run-20260706-013849-36b8,2026-07-06T01:38:49Z
vrf/VFR10_5_3_Gap,Small,10,5,IG,2025,728,0.30437316600000486,0.0,run-20260706-013849-3225,2026-07-06T01:38:49Z
vrf/VFR10_5_4_Gap,Small,10,5,IG,42,697,0.2756591249926714,0.0,run-20260706-013849-fc1d,2026-07-06T01:38:49Z
vrf/VFR10_5_4_Gap,Small,10,5,IG,123,697,0.2783397919993149,0.0,run-20260706-013849-6916,2026-07-06T01:38:49Z
vrf/VFR10_5_4_Gap,Small,10,5,IG,456,697,0.2691975839989027,0.0,run-20260706-013850-2478,2026-07-06T01:38:50Z
vrf/VFR10_5_4_Gap,Small,10,5,IG,789,697,0.27907316699565854,0.0,run-20260706-013850-3d70,2026-07-06T01:38:50Z
vrf/VFR10_5_4_Gap,Small,10,5,IG,2025,697,0.27568808299838565,0.0,run-20260706-013850-5498,2026-07-06T01:38:50Z
vrf/VFR10_5_5_Gap,Small,10,5,IG,42,713,0.33690379199106246,0.0,run-20260706-013851-20cc,2026-07-06T01:38:51Z
vrf/VFR10_5_5_Gap,Small,10,5,IG,123,713,0.33564799999294337,0.0,run-20260706-013851-1bc7,2026-07-06T01:38:51Z
vrf/VFR10_5_5_Gap,Small,10,5,IG,456,713,0.33840270798827987,0.0,run-20260706-013851-cd84,2026-07-06T01:38:51Z
vrf/VFR10_5_5_Gap,Small,10,5,IG,789,713,0.33481499999470543,0.0,run-20260706-013852-65e5,2026-07-06T01:38:52Z
vrf/VFR10_5_5_Gap,Small,10,5,IG,2025,713,0.3446695419988828,0.0,run-20260706-013852-9488,2026-07-06T01:38:52Z
vrf/VFR10_5_6_Gap,Small,10,5,IG,42,748,0.30540812500112224,0.0,run-20260706-013852-738d,2026-07-06T01:38:52Z
vrf/VFR10_5_6_Gap,Small,10,5,IG,123,748,0.30583608300366905,0.0,run-20260706-013853-338b,2026-07-06T01:38:53Z
vrf/VFR10_5_6_Gap,Small,10,5,IG,456,748,0.29716566699789837,0.0,run-20260706-013853-b733,2026-07-06T01:38:53Z
vrf/VFR10_5_6_Gap,Small,10,5,IG,789,748,0.29215504199964926,0.0,run-20260706-013853-7a91,2026-07-06T01:38:53Z
vrf/VFR10_5_6_Gap,Small,10,5,IG,2025,748,0.30693175000487827,0.0,run-20260706-013854-1a45,2026-07-06T01:38:54Z
vrf/VFR10_5_7_Gap,Small,10,5,IG,42,728,0.27383170899702236,0.0,run-20260706-013854-ab6a,2026-07-06T01:38:54Z
vrf/VFR10_5_7_Gap,Small,10,5,IG,123,728,0.2725147500023013,0.0,run-20260706-013854-93eb,2026-07-06T01:38:54Z
vrf/VFR10_5_7_Gap,Small,10,5,IG,456,728,0.2807404999912251,0.0,run-20260706-013854-6dd1,2026-07-06T01:38:54Z
vrf/VFR10_5_7_Gap,Small,10,5,IG,789,728,0.2749012499989476,0.0,run-20260706-013855-ebe8,2026-07-06T01:38:55Z
vrf/VFR10_5_7_Gap,Small,10,5,IG,2025,728,0.28793695800413843,0.0,run-20260706-013855-bff3,2026-07-06T01:38:55Z
vrf/VFR10_5_8_Gap,Small,10,5,IG,42,683,0.3186231669969857,0.0,run-20260706-013855-2edd,2026-07-06T01:38:55Z
vrf/VFR10_5_8_Gap,Small,10,5,IG,123,683,0.2826061670057243,0.0,run-20260706-013856-e6ff,2026-07-06T01:38:56Z
vrf/VFR10_5_8_Gap,Small,10,5,IG,456,683,0.28615041699958965,0.0,run-20260706-013856-5973,2026-07-06T01:38:56Z
vrf/VFR10_5_8_Gap,Small,10,5,IG,789,683,0.2762800419877749,0.0,run-20260706-013856-dc36,2026-07-06T01:38:56Z
vrf/VFR10_5_8_Gap,Small,10,5,IG,2025,683,0.28605520899873227,0.0,run-20260706-013856-5abf,2026-07-06T01:38:56Z
vrf/VFR10_5_9_Gap,Small,10,5,IG,42,761,0.2893015000008745,0.0,run-20260706-013857-2752,2026-07-06T01:38:57Z
vrf/VFR10_5_9_Gap,Small,10,5,IG,123,761,0.28664975000720005,0.0,run-20260706-013857-6a8f,2026-07-06T01:38:57Z
vrf/VFR10_5_9_Gap,Small,10,5,IG,456,761,0.290722875011852,0.0,run-20260706-013857-70da,2026-07-06T01:38:57Z
vrf/VFR10_5_9_Gap,Small,10,5,IG,789,761,0.2838124580011936,0.0,run-20260706-013858-5142,2026-07-06T01:38:58Z
vrf/VFR10_5_9_Gap,Small,10,5,IG,2025,761,0.28910954199091066,0.0,run-20260706-013858-0e7e,2026-07-06T01:38:58Z
vrf/VFR20_10_10_Gap,Small,20,10,IG,42,1489,1.0781221670040395,0.0,run-20260706-013859-c561,2026-07-06T01:38:59Z
vrf/VFR20_10_10_Gap,Small,20,10,IG,123,1490,1.1786023329914315,0.0671591672263264,run-20260706-013900-3c61,2026-07-06T01:39:00Z
vrf/VFR20_10_10_Gap,Small,20,10,IG,456,1490,1.1568659580079839,0.0671591672263264,run-20260706-013901-9fab,2026-07-06T01:39:01Z
vrf/VFR20_10_10_Gap,Small,20,10,IG,789,1489,1.0705362500011688,0.0,run-20260706-013902-9740,2026-07-06T01:39:02Z
vrf/VFR20_10_10_Gap,Small,20,10,IG,2025,1489,1.2095910839998396,0.0,run-20260706-013904-5d70,2026-07-06T01:39:04Z
vrf/VFR20_10_1_Gap,Small,20,10,IG,42,1537,1.1779769999993732,0.3263707571801567,run-20260706-013905-1ceb,2026-07-06T01:39:05Z
vrf/VFR20_10_1_Gap,Small,20,10,IG,123,1536,1.2304362910072086,0.26109660574412535,run-20260706-013906-7dc9,2026-07-06T01:39:06Z
vrf/VFR20_10_1_Gap,Small,20,10,IG,456,1536,1.1802966249961173,0.26109660574412535,run-20260706-013907-3020,2026-07-06T01:39:07Z
vrf/VFR20_10_1_Gap,Small,20,10,IG,789,1535,1.1719259159872308,0.195822454308094,run-20260706-013908-f84d,2026-07-06T01:39:08Z
vrf/VFR20_10_1_Gap,Small,20,10,IG,2025,1537,1.1054092090053018,0.3263707571801567,run-20260706-013909-f073,2026-07-06T01:39:09Z
vrf/VFR20_10_2_Gap,Small,20,10,IG,42,1525,1.1128472089912975,0.0,run-20260706-013911-e3e9,2026-07-06T01:39:11Z
vrf/VFR20_10_2_Gap,Small,20,10,IG,123,1526,1.1319789999979548,0.06557377049180328,run-20260706-013912-5e07,2026-07-06T01:39:12Z
vrf/VFR20_10_2_Gap,Small,20,10,IG,456,1525,1.1978822499950184,0.0,run-20260706-013913-4681,2026-07-06T01:39:13Z
vrf/VFR20_10_2_Gap,Small,20,10,IG,789,1525,1.128632166000898,0.0,run-20260706-013914-1a0f,2026-07-06T01:39:14Z
vrf/VFR20_10_2_Gap,Small,20,10,IG,2025,1525,1.2298504170030355,0.0,run-20260706-013915-5e21,2026-07-06T01:39:15Z
vrf/VFR20_10_3_Gap,Small,20,10,IG,42,1592,1.4064399579947349,0.0,run-20260706-013917-789f,2026-07-06T01:39:17Z
vrf/VFR20_10_3_Gap,Small,20,10,IG,123,1593,1.3501815000054194,0.06281407035175879,run-20260706-013918-fcb7,2026-07-06T01:39:18Z
vrf/VFR20_10_3_Gap,Small,20,10,IG,456,1592,1.2448469169903547,0.0,run-20260706-013919-5202,2026-07-06T01:39:19Z
vrf/VFR20_10_3_Gap,Small,20,10,IG,789,1592,1.22254995800904,0.0,run-20260706-013921-980d,2026-07-06T01:39:21Z
vrf/VFR20_10_3_Gap,Small,20,10,IG,2025,1592,1.2901606669911416,0.0,run-20260706-013922-6132,2026-07-06T01:39:22Z
vrf/VFR20_10_4_Gap,Small,20,10,IG,42,1449,1.0651063340046676,0.4854368932038835,run-20260706-013923-1ce0,2026-07-06T01:39:23Z
vrf/VFR20_10_4_Gap,Small,20,10,IG,123,1451,1.331149457997526,0.624133148404993,run-20260706-013924-1807,2026-07-06T01:39:24Z
vrf/VFR20_10_4_Gap,Small,20,10,IG,456,1442,1.2397313750116155,0.0,run-20260706-013926-c519,2026-07-06T01:39:26Z
vrf/VFR20_10_4_Gap,Small,20,10,IG,789,1454,1.1848272909992374,0.8321775312066574,run-20260706-013927-3e75,2026-07-06T01:39:27Z
vrf/VFR20_10_4_Gap,Small,20,10,IG,2025,1454,1.1284448750084266,0.8321775312066574,run-20260706-013928-13e6,2026-07-06T01:39:28Z
vrf/VFR20_10_5_Gap,Small,20,10,IG,42,1604,1.1497339999914402,0.0,run-20260706-013929-98a2,2026-07-06T01:39:29Z
vrf/VFR20_10_5_Gap,Small,20,10,IG,123,1614,1.1659155839879531,0.6234413965087282,run-20260706-013930-7737,2026-07-06T01:39:30Z
vrf/VFR20_10_5_Gap,Small,20,10,IG,456,1606,1.1270542910060612,0.12468827930174564,run-20260706-013931-a4bf,2026-07-06T01:39:31Z
vrf/VFR20_10_5_Gap,Small,20,10,IG,789,1604,1.1937104999960866,0.0,run-20260706-013933-5dfe,2026-07-06T01:39:33Z
vrf/VFR20_10_5_Gap,Small,20,10,IG,2025,1609,1.1881564170034835,0.3117206982543641,run-20260706-013934-a50a,2026-07-06T01:39:34Z
vrf/VFR20_10_6_Gap,Small,20,10,IG,42,1584,1.274961874994915,0.5076142131979695,run-20260706-013935-f319,2026-07-06T01:39:35Z
vrf/VFR20_10_6_Gap,Small,20,10,IG,123,1583,1.233893042008276,0.44416243654822335,run-20260706-013936-cd89,2026-07-06T01:39:36Z
vrf/VFR20_10_6_Gap,Small,20,10,IG,456,1582,1.2348920410004212,0.38071065989847713,run-20260706-013937-b738,2026-07-06T01:39:37Z
vrf/VFR20_10_6_Gap,Small,20,10,IG,789,1584,1.2349770000000717,0.5076142131979695,run-20260706-013939-b897,2026-07-06T01:39:39Z
vrf/VFR20_10_6_Gap,Small,20,10,IG,2025,1585,1.3092168750008568,0.5710659898477157,run-20260706-013940-04ee,2026-07-06T01:39:40Z
vrf/VFR20_10_7_Gap,Small,20,10,IG,42,1596,1.2237780830037082,0.3142677561282212,run-20260706-013941-f99a,2026-07-06T01:39:41Z
vrf/VFR20_10_7_Gap,Small,20,10,IG,123,1596,1.2315373750025174,0.3142677561282212,run-20260706-013942-d2a1,2026-07-06T01:39:42Z
vrf/VFR20_10_7_Gap,Small,20,10,IG,456,1592,1.10743733299023,0.06285355122564425,run-20260706-013944-ecc3,2026-07-06T01:39:44Z
vrf/VFR20_10_7_Gap,Small,20,10,IG,789,1592,1.173106000002008,0.06285355122564425,run-20260706-013945-d8a2,2026-07-06T01:39:45Z
vrf/VFR20_10_7_Gap,Small,20,10,IG,2025,1596,1.1690976250101812,0.3142677561282212,run-20260706-013946-09f3,2026-07-06T01:39:46Z
vrf/VFR20_10_8_Gap,Small,20,10,IG,42,1580,1.175352208010736,0.3811944091486658,run-20260706-013947-d85e,2026-07-06T01:39:47Z
vrf/VFR20_10_8_Gap,Small,20,10,IG,123,1578,1.1743574169959174,0.25412960609911056,run-20260706-013948-033f,2026-07-06T01:39:48Z
vrf/VFR20_10_8_Gap,Small,20,10,IG,456,1580,1.1966588750074152,0.3811944091486658,run-20260706-013950-8d72,2026-07-06T01:39:50Z
vrf/VFR20_10_8_Gap,Small,20,10,IG,789,1580,1.1781642499990994,0.3811944091486658,run-20260706-013951-c375,2026-07-06T01:39:51Z
vrf/VFR20_10_8_Gap,Small,20,10,IG,2025,1580,1.161950292007532,0.3811944091486658,run-20260706-013952-1ea0,2026-07-06T01:39:52Z
vrf/VFR20_10_9_Gap,Small,20,10,IG,42,1536,1.2452482500084443,0.39215686274509803,run-20260706-013953-5c06,2026-07-06T01:39:53Z
vrf/VFR20_10_9_Gap,Small,20,10,IG,123,1536,1.3292920000094455,0.39215686274509803,run-20260706-013954-1466,2026-07-06T01:39:54Z
vrf/VFR20_10_9_Gap,Small,20,10,IG,456,1530,1.2601063330075704,0.0,run-20260706-013956-80f3,2026-07-06T01:39:56Z
vrf/VFR20_10_9_Gap,Small,20,10,IG,789,1536,1.223883750004461,0.39215686274509803,run-20260706-013957-c8a9,2026-07-06T01:39:57Z
vrf/VFR20_10_9_Gap,Small,20,10,IG,2025,1530,1.1773170829983428,0.0,run-20260706-013958-d398,2026-07-06T01:39:58Z
vrf/VFR20_15_10_Gap,Small,20,15,IG,42,1871,1.6817849170038244,0.537345513164965,run-20260706-014000-1fc8,2026-07-06T01:40:00Z
vrf/VFR20_15_10_Gap,Small,20,15,IG,123,1861,1.6352355000126408,0.0,run-20260706-014001-378f,2026-07-06T01:40:01Z
vrf/VFR20_15_10_Gap,Small,20,15,IG,456,1869,1.688447249995079,0.42987641053197206,run-20260706-014003-a272,2026-07-06T01:40:03Z
vrf/VFR20_15_10_Gap,Small,20,15,IG,789,1861,1.6391589999984717,0.0,run-20260706-014005-8886,2026-07-06T01:40:05Z
vrf/VFR20_15_10_Gap,Small,20,15,IG,2025,1861,1.6979267919959966,0.0,run-20260706-014006-3ece,2026-07-06T01:40:06Z
vrf/VFR20_15_1_Gap,Small,20,15,IG,42,1936,1.6826829580095364,0.0,run-20260706-014008-2c95,2026-07-06T01:40:08Z
vrf/VFR20_15_1_Gap,Small,20,15,IG,123,1936,1.7920534589939052,0.0,run-20260706-014010-db39,2026-07-06T01:40:10Z
vrf/VFR20_15_1_Gap,Small,20,15,IG,456,1941,1.7044760409917217,0.25826446280991733,run-20260706-014012-e149,2026-07-06T01:40:12Z
vrf/VFR20_15_1_Gap,Small,20,15,IG,789,1941,1.7247402500070166,0.25826446280991733,run-20260706-014013-f138,2026-07-06T01:40:13Z
vrf/VFR20_15_1_Gap,Small,20,15,IG,2025,1940,1.7808741249900777,0.2066115702479339,run-20260706-014015-6f6b,2026-07-06T01:40:15Z
vrf/VFR20_15_2_Gap,Small,20,15,IG,42,1909,1.7604554580029799,0.2099737532808399,run-20260706-014017-8ad9,2026-07-06T01:40:17Z
vrf/VFR20_15_2_Gap,Small,20,15,IG,123,1905,1.8144286250026198,0.0,run-20260706-014019-8be8,2026-07-06T01:40:19Z
vrf/VFR20_15_2_Gap,Small,20,15,IG,456,1906,1.6571060419955757,0.05249343832020997,run-20260706-014020-c2ad,2026-07-06T01:40:20Z
vrf/VFR20_15_2_Gap,Small,20,15,IG,789,1905,1.6599097919970518,0.0,run-20260706-014022-5693,2026-07-06T01:40:22Z
vrf/VFR20_15_2_Gap,Small,20,15,IG,2025,1906,1.7219097499910276,0.05249343832020997,run-20260706-014024-0a4d,2026-07-06T01:40:24Z
vrf/VFR20_15_3_Gap,Small,20,15,IG,42,1808,1.6018640420079464,0.5561735261401557,run-20260706-014025-a6de,2026-07-06T01:40:25Z
vrf/VFR20_15_3_Gap,Small,20,15,IG,123,1798,1.469226291999803,0.0,run-20260706-014027-afa9,2026-07-06T01:40:27Z
vrf/VFR20_15_3_Gap,Small,20,15,IG,456,1807,1.5632600410026498,0.5005561735261401,run-20260706-014029-17be,2026-07-06T01:40:29Z
vrf/VFR20_15_3_Gap,Small,20,15,IG,789,1798,1.5625268340081675,0.0,run-20260706-014030-ff6e,2026-07-06T01:40:30Z
vrf/VFR20_15_3_Gap,Small,20,15,IG,2025,1798,1.5163017079903511,0.0,run-20260706-014032-0f70,2026-07-06T01:40:32Z
vrf/VFR20_15_4_Gap,Small,20,15,IG,42,1817,1.678203957999358,0.2206287920573635,run-20260706-014033-ea37,2026-07-06T01:40:33Z
vrf/VFR20_15_4_Gap,Small,20,15,IG,123,1828,1.8104924580111401,0.827357970215113,run-20260706-014035-5e05,2026-07-06T01:40:35Z
vrf/VFR20_15_4_Gap,Small,20,15,IG,456,1819,1.7555786250013625,0.3309431880860452,run-20260706-014037-f6e3,2026-07-06T01:40:37Z
vrf/VFR20_15_4_Gap,Small,20,15,IG,789,1823,1.7603818329953356,0.5515719801434087,run-20260706-014039-e106,2026-07-06T01:40:39Z
vrf/VFR20_15_4_Gap,Small,20,15,IG,2025,1819,1.7724478329910198,0.3309431880860452,run-20260706-014040-f4f7,2026-07-06T01:40:40Z
vrf/VFR20_15_5_Gap,Small,20,15,IG,42,1875,1.6985640420025447,0.0,run-20260706-014042-6697,2026-07-06T01:40:42Z
vrf/VFR20_15_5_Gap,Small,20,15,IG,123,1875,1.7720494999957737,0.0,run-20260706-014044-2005,2026-07-06T01:40:44Z
vrf/VFR20_15_5_Gap,Small,20,15,IG,456,1888,1.6320846659946255,0.6933333333333334,run-20260706-014046-69d0,2026-07-06T01:40:46Z
vrf/VFR20_15_5_Gap,Small,20,15,IG,789,1888,1.634813499986194,0.6933333333333334,run-20260706-014047-12f8,2026-07-06T01:40:47Z
vrf/VFR20_15_5_Gap,Small,20,15,IG,2025,1875,1.688255041008233,0.0,run-20260706-014049-372e,2026-07-06T01:40:49Z
vrf/VFR20_15_6_Gap,Small,20,15,IG,42,1968,1.7700262920116074,0.40816326530612246,run-20260706-014051-cd6b,2026-07-06T01:40:51Z
vrf/VFR20_15_6_Gap,Small,20,15,IG,123,1962,1.6881476659909822,0.10204081632653061,run-20260706-014052-dee3,2026-07-06T01:40:52Z
vrf/VFR20_15_6_Gap,Small,20,15,IG,456,1962,1.702947249999852,0.10204081632653061,run-20260706-014054-ec7e,2026-07-06T01:40:54Z
vrf/VFR20_15_6_Gap,Small,20,15,IG,789,1962,1.7000974170077825,0.10204081632653061,run-20260706-014056-0ff1,2026-07-06T01:40:56Z
vrf/VFR20_15_6_Gap,Small,20,15,IG,2025,1962,1.6980829999956768,0.10204081632653061,run-20260706-014057-7b26,2026-07-06T01:40:57Z
vrf/VFR20_15_7_Gap,Small,20,15,IG,42,1933,1.9196513749920996,0.0,run-20260706-014059-4c17,2026-07-06T01:40:59Z
vrf/VFR20_15_7_Gap,Small,20,15,IG,123,1933,1.875225333002163,0.0,run-20260706-014101-1c4d,2026-07-06T01:41:01Z
vrf/VFR20_15_7_Gap,Small,20,15,IG,456,1933,1.9165662919986062,0.0,run-20260706-014103-e29e,2026-07-06T01:41:03Z
vrf/VFR20_15_7_Gap,Small,20,15,IG,789,1933,1.8799442080053268,0.0,run-20260706-014105-4766,2026-07-06T01:41:05Z
vrf/VFR20_15_7_Gap,Small,20,15,IG,2025,1933,1.9650372909964062,0.0,run-20260706-014107-96c5,2026-07-06T01:41:07Z
vrf/VFR20_15_8_Gap,Small,20,15,IG,42,1822,1.74727058399003,0.0,run-20260706-014109-7a54,2026-07-06T01:41:09Z
vrf/VFR20_15_8_Gap,Small,20,15,IG,123,1822,1.6831655409914674,0.0,run-20260706-014110-c67c,2026-07-06T01:41:10Z
vrf/VFR20_15_8_Gap,Small,20,15,IG,456,1822,1.698418958010734,0.0,run-20260706-014112-ad7b,2026-07-06T01:41:12Z
vrf/VFR20_15_8_Gap,Small,20,15,IG,789,1822,1.7303535000100965,0.0,run-20260706-014114-b16e,2026-07-06T01:41:14Z
vrf/VFR20_15_8_Gap,Small,20,15,IG,2025,1822,1.6138944999984233,0.0,run-20260706-014116-1769,2026-07-06T01:41:16Z
vrf/VFR20_15_9_Gap,Small,20,15,IG,42,1940,1.7093917089950992,0.0,run-20260706-014117-81cd,2026-07-06T01:41:17Z
vrf/VFR20_15_9_Gap,Small,20,15,IG,123,1940,1.7344993750011781,0.0,run-20260706-014119-b648,2026-07-06T01:41:19Z
vrf/VFR20_15_9_Gap,Small,20,15,IG,456,1940,1.7364567920012632,0.0,run-20260706-014121-f23e,2026-07-06T01:41:21Z
vrf/VFR20_15_9_Gap,Small,20,15,IG,789,1940,1.711392875004094,0.0,run-20260706-014122-1570,2026-07-06T01:41:22Z
vrf/VFR20_15_9_Gap,Small,20,15,IG,2025,1940,1.7504564580012811,0.0,run-20260706-014124-78fb,2026-07-06T01:41:24Z
vrf/VFR20_20_10_Gap,Small,20,20,IG,42,2199,2.347504666002351,0.0,run-20260706-014127-3793,2026-07-06T01:41:27Z
vrf/VFR20_20_10_Gap,Small,20,20,IG,123,2199,2.3917032499884954,0.0,run-20260706-014129-cc4d,2026-07-06T01:41:29Z
vrf/VFR20_20_10_Gap,Small,20,20,IG,456,2199,2.239774708999903,0.0,run-20260706-014131-2918,2026-07-06T01:41:31Z
vrf/VFR20_20_10_Gap,Small,20,20,IG,789,2199,2.2706330420041922,0.0,run-20260706-014134-affe,2026-07-06T01:41:34Z
vrf/VFR20_20_10_Gap,Small,20,20,IG,2025,2199,2.298770292007248,0.0,run-20260706-014136-af34,2026-07-06T01:41:36Z
vrf/VFR20_20_1_Gap,Small,20,20,IG,42,2270,2.197148916005972,0.0,run-20260706-014138-e138,2026-07-06T01:41:38Z
vrf/VFR20_20_1_Gap,Small,20,20,IG,123,2270,2.2471526660083327,0.0,run-20260706-014140-a0a3,2026-07-06T01:41:40Z
vrf/VFR20_20_1_Gap,Small,20,20,IG,456,2272,2.2725102090043947,0.0881057268722467,run-20260706-014143-0b2e,2026-07-06T01:41:43Z
vrf/VFR20_20_1_Gap,Small,20,20,IG,789,2283,2.2983960830024444,0.5726872246696035,run-20260706-014145-0d04,2026-07-06T01:41:45Z
vrf/VFR20_20_1_Gap,Small,20,20,IG,2025,2275,2.217891292006243,0.22026431718061673,run-20260706-014147-0c3d,2026-07-06T01:41:47Z
vrf/VFR20_20_2_Gap,Small,20,20,IG,42,2175,2.2915617499966174,0.2304147465437788,run-20260706-014149-31d2,2026-07-06T01:41:49Z
vrf/VFR20_20_2_Gap,Small,20,20,IG,123,2175,2.384092915992369,0.2304147465437788,run-20260706-014152-27da,2026-07-06T01:41:52Z
vrf/VFR20_20_2_Gap,Small,20,20,IG,456,2175,2.318555791993276,0.2304147465437788,run-20260706-014154-f699,2026-07-06T01:41:54Z
vrf/VFR20_20_2_Gap,Small,20,20,IG,789,2179,2.448324209006387,0.4147465437788018,run-20260706-014157-c009,2026-07-06T01:41:57Z
vrf/VFR20_20_2_Gap,Small,20,20,IG,2025,2170,2.152478624993819,0.0,run-20260706-014159-88d6,2026-07-06T01:41:59Z
vrf/VFR20_20_3_Gap,Small,20,20,IG,42,2284,2.3620083749992773,0.30742204655248134,run-20260706-014201-ba45,2026-07-06T01:42:01Z
vrf/VFR20_20_3_Gap,Small,20,20,IG,123,2277,2.228631124991807,0.0,run-20260706-014203-6f33,2026-07-06T01:42:03Z
vrf/VFR20_20_3_Gap,Small,20,20,IG,456,2288,2.1171935829916038,0.4830917874396135,run-20260706-014205-e01c,2026-07-06T01:42:05Z
vrf/VFR20_20_3_Gap,Small,20,20,IG,789,2291,2.292570125006023,0.6148440931049627,run-20260706-014208-8db0,2026-07-06T01:42:08Z
vrf/VFR20_20_3_Gap,Small,20,20,IG,2025,2291,2.096394209002028,0.6148440931049627,run-20260706-014210-1f10,2026-07-06T01:42:10Z
vrf/VFR20_20_4_Gap,Small,20,20,IG,42,2176,2.25313750001078,0.5080831408775982,run-20260706-014212-e400,2026-07-06T01:42:12Z
vrf/VFR20_20_4_Gap,Small,20,20,IG,123,2165,2.1893647920078365,0.0,run-20260706-014214-e0f6,2026-07-06T01:42:14Z
vrf/VFR20_20_4_Gap,Small,20,20,IG,456,2177,2.37312762500369,0.5542725173210161,run-20260706-014217-0d44,2026-07-06T01:42:17Z
vrf/VFR20_20_4_Gap,Small,20,20,IG,789,2172,2.3279579999943962,0.3233256351039261,run-20260706-014219-ee37,2026-07-06T01:42:19Z
vrf/VFR20_20_4_Gap,Small,20,20,IG,2025,2177,2.2057781250041444,0.5542725173210161,run-20260706-014221-1531,2026-07-06T01:42:21Z
vrf/VFR20_20_5_Gap,Small,20,20,IG,42,2225,2.3397330830048304,0.0,run-20260706-014224-1fa4,2026-07-06T01:42:24Z
vrf/VFR20_20_5_Gap,Small,20,20,IG,123,2229,2.281802333003725,0.1797752808988764,run-20260706-014226-0261,2026-07-06T01:42:26Z
vrf/VFR20_20_5_Gap,Small,20,20,IG,456,2225,2.2994103329983773,0.0,run-20260706-014228-9595,2026-07-06T01:42:28Z
vrf/VFR20_20_5_Gap,Small,20,20,IG,789,2225,2.2928267090028385,0.0,run-20260706-014230-c38d,2026-07-06T01:42:30Z
vrf/VFR20_20_5_Gap,Small,20,20,IG,2025,2225,2.2978861250012415,0.0,run-20260706-014233-aede,2026-07-06T01:42:33Z
vrf/VFR20_20_6_Gap,Small,20,20,IG,42,2298,2.199403999999049,0.30554343081623747,run-20260706-014235-258d,2026-07-06T01:42:35Z
vrf/VFR20_20_6_Gap,Small,20,20,IG,123,2293,2.272593166999286,0.08729812309035356,run-20260706-014237-12f8,2026-07-06T01:42:37Z
vrf/VFR20_20_6_Gap,Small,20,20,IG,456,2291,2.1422975000023143,0.0,run-20260706-014239-8730,2026-07-06T01:42:39Z
vrf/VFR20_20_6_Gap,Small,20,20,IG,789,2291,2.059231874998659,0.0,run-20260706-014241-c8eb,2026-07-06T01:42:41Z
vrf/VFR20_20_6_Gap,Small,20,20,IG,2025,2291,2.132347958002356,0.0,run-20260706-014244-6a75,2026-07-06T01:42:44Z
vrf/VFR20_20_7_Gap,Small,20,20,IG,42,2288,2.2218602079956327,0.26292725679228746,run-20260706-014246-38e6,2026-07-06T01:42:46Z
vrf/VFR20_20_7_Gap,Small,20,20,IG,123,2288,2.1180789999925764,0.26292725679228746,run-20260706-014248-f817,2026-07-06T01:42:48Z
vrf/VFR20_20_7_Gap,Small,20,20,IG,456,2288,2.3670695000037085,0.26292725679228746,run-20260706-014250-503c,2026-07-06T01:42:50Z
vrf/VFR20_20_7_Gap,Small,20,20,IG,789,2288,2.215889958999469,0.26292725679228746,run-20260706-014253-528f,2026-07-06T01:42:53Z
vrf/VFR20_20_7_Gap,Small,20,20,IG,2025,2288,2.35343154099246,0.26292725679228746,run-20260706-014255-f8a3,2026-07-06T01:42:55Z
vrf/VFR20_20_8_Gap,Small,20,20,IG,42,2187,2.1397861250006827,0.4132231404958678,run-20260706-014257-dbcb,2026-07-06T01:42:57Z
vrf/VFR20_20_8_Gap,Small,20,20,IG,123,2182,2.0230449160007993,0.18365472910927455,run-20260706-014259-0469,2026-07-06T01:42:59Z
vrf/VFR20_20_8_Gap,Small,20,20,IG,456,2183,2.1441052919981303,0.2295684113865932,run-20260706-014301-736a,2026-07-06T01:43:01Z
vrf/VFR20_20_8_Gap,Small,20,20,IG,789,2178,2.1627393750095507,0.0,run-20260706-014303-19ce,2026-07-06T01:43:03Z
vrf/VFR20_20_8_Gap,Small,20,20,IG,2025,2182,2.0845395409996854,0.18365472910927455,run-20260706-014305-0aec,2026-07-06T01:43:05Z
vrf/VFR20_20_9_Gap,Small,20,20,IG,42,2358,2.1373974999878556,0.16992353440951571,run-20260706-014308-5f7d,2026-07-06T01:43:08Z
vrf/VFR20_20_9_Gap,Small,20,20,IG,123,2355,2.2683965000032913,0.04248088360237893,run-20260706-014310-fc35,2026-07-06T01:43:10Z
vrf/VFR20_20_9_Gap,Small,20,20,IG,456,2357,2.2826545830030227,0.1274426508071368,run-20260706-014312-bc47,2026-07-06T01:43:12Z
vrf/VFR20_20_9_Gap,Small,20,20,IG,789,2358,2.1557963749946794,0.16992353440951571,run-20260706-014314-a271,2026-07-06T01:43:14Z
vrf/VFR20_20_9_Gap,Small,20,20,IG,2025,2358,2.333572792005725,0.16992353440951571,run-20260706-014317-3164,2026-07-06T01:43:17Z
vrf/VFR20_5_10_Gap,Small,20,5,IG,42,1243,0.7114314579957863,0.0,run-20260706-014317-412a,2026-07-06T01:43:17Z
vrf/VFR20_5_10_Gap,Small,20,5,IG,123,1243,0.7127233339997474,0.0,run-20260706-014318-16a0,2026-07-06T01:43:18Z
vrf/VFR20_5_10_Gap,Small,20,5,IG,456,1243,0.6631074999895645,0.0,run-20260706-014319-cae2,2026-07-06T01:43:19Z
vrf/VFR20_5_10_Gap,Small,20,5,IG,789,1243,0.6639351670019096,0.0,run-20260706-014319-9d1e,2026-07-06T01:43:19Z
vrf/VFR20_5_10_Gap,Small,20,5,IG,2025,1243,0.6826072499970905,0.0,run-20260706-014320-ee97,2026-07-06T01:43:20Z
vrf/VFR20_5_1_Gap,Small,20,5,IG,42,1196,0.678620625010808,0.33557046979865773,run-20260706-014321-3aaa,2026-07-06T01:43:21Z
vrf/VFR20_5_1_Gap,Small,20,5,IG,123,1195,0.6503702500049258,0.2516778523489933,run-20260706-014321-9e91,2026-07-06T01:43:21Z
vrf/VFR20_5_1_Gap,Small,20,5,IG,456,1193,0.6594201249972684,0.08389261744966443,run-20260706-014322-2993,2026-07-06T01:43:22Z
vrf/VFR20_5_1_Gap,Small,20,5,IG,789,1193,0.6655177079956047,0.08389261744966443,run-20260706-014323-67f9,2026-07-06T01:43:23Z
vrf/VFR20_5_1_Gap,Small,20,5,IG,2025,1195,0.6584236670023529,0.2516778523489933,run-20260706-014323-c84b,2026-07-06T01:43:23Z
vrf/VFR20_5_2_Gap,Small,20,5,IG,42,1275,0.5621522919973359,0.0,run-20260706-014324-5627,2026-07-06T01:43:24Z
vrf/VFR20_5_2_Gap,Small,20,5,IG,123,1275,0.5496993329870747,0.0,run-20260706-014325-97a6,2026-07-06T01:43:25Z
vrf/VFR20_5_2_Gap,Small,20,5,IG,456,1275,0.5502025419991696,0.0,run-20260706-014325-03f9,2026-07-06T01:43:25Z
vrf/VFR20_5_2_Gap,Small,20,5,IG,789,1275,0.5668619999923976,0.0,run-20260706-014326-7112,2026-07-06T01:43:26Z
vrf/VFR20_5_2_Gap,Small,20,5,IG,2025,1275,0.5337661669909721,0.0,run-20260706-014326-a00e,2026-07-06T01:43:26Z
vrf/VFR20_5_3_Gap,Small,20,5,IG,42,1325,0.6250742089905543,0.15117157974300832,run-20260706-014327-3811,2026-07-06T01:43:27Z
vrf/VFR20_5_3_Gap,Small,20,5,IG,123,1325,1.0192627910000738,0.15117157974300832,run-20260706-014328-9f21,2026-07-06T01:43:28Z
vrf/VFR20_5_3_Gap,Small,20,5,IG,456,1325,1.434166916005779,0.15117157974300832,run-20260706-014329-35ed,2026-07-06T01:43:29Z
vrf/VFR20_5_3_Gap,Small,20,5,IG,789,1323,1.304292083994369,0.0,run-20260706-014331-5946,2026-07-06T01:43:31Z
vrf/VFR20_5_3_Gap,Small,20,5,IG,2025,1325,1.307803249990684,0.15117157974300832,run-20260706-014332-0585,2026-07-06T01:43:32Z
vrf/VFR20_5_4_Gap,Small,20,5,IG,42,1127,1.2966811250080355,0.0,run-20260706-014333-ef10,2026-07-06T01:43:33Z
vrf/VFR20_5_4_Gap,Small,20,5,IG,123,1128,1.3348120839946205,0.08873114463176575,run-20260706-014335-a8cd,2026-07-06T01:43:35Z
vrf/VFR20_5_4_Gap,Small,20,5,IG,456,1128,1.3153669999883277,0.08873114463176575,run-20260706-014336-ef20,2026-07-06T01:43:36Z
vrf/VFR20_5_4_Gap,Small,20,5,IG,789,1128,1.1376194170006784,0.08873114463176575,run-20260706-014337-1c5e,2026-07-06T01:43:37Z
vrf/VFR20_5_4_Gap,Small,20,5,IG,2025,1128,0.9187248340022052,0.08873114463176575,run-20260706-014338-8ee5,2026-07-06T01:43:38Z
vrf/VFR20_5_5_Gap,Small,20,5,IG,42,1339,0.81425795800169,0.0,run-20260706-014339-7c81,2026-07-06T01:43:39Z
vrf/VFR20_5_5_Gap,Small,20,5,IG,123,1339,0.7859797079872806,0.0,run-20260706-014340-60a7,2026-07-06T01:43:40Z
vrf/VFR20_5_5_Gap,Small,20,5,IG,456,1339,0.7660473750001984,0.0,run-20260706-014340-d7c7,2026-07-06T01:43:40Z
vrf/VFR20_5_5_Gap,Small,20,5,IG,789,1339,0.851754625007743,0.0,run-20260706-014341-d14b,2026-07-06T01:43:41Z
vrf/VFR20_5_5_Gap,Small,20,5,IG,2025,1339,0.7388732919935137,0.0,run-20260706-014342-e01b,2026-07-06T01:43:42Z
vrf/VFR20_5_6_Gap,Small,20,5,IG,42,1066,0.7154827920021489,0.0,run-20260706-014343-c5b1,2026-07-06T01:43:43Z
vrf/VFR20_5_6_Gap,Small,20,5,IG,123,1066,0.6705109159956919,0.0,run-20260706-014343-0e9f,2026-07-06T01:43:43Z
vrf/VFR20_5_6_Gap,Small,20,5,IG,456,1066,0.6939622089994373,0.0,run-20260706-014344-5fe7,2026-07-06T01:43:44Z
vrf/VFR20_5_6_Gap,Small,20,5,IG,789,1066,0.6735070840077242,0.0,run-20260706-014345-9e0e,2026-07-06T01:43:45Z
vrf/VFR20_5_6_Gap,Small,20,5,IG,2025,1066,0.6735526249976829,0.0,run-20260706-014345-a220,2026-07-06T01:43:45Z
vrf/VFR20_5_7_Gap,Small,20,5,IG,42,1154,0.6103431660012575,0.0,run-20260706-014346-e4f0,2026-07-06T01:43:46Z
vrf/VFR20_5_7_Gap,Small,20,5,IG,123,1154,0.6143775420059683,0.0,run-20260706-014347-27bb,2026-07-06T01:43:47Z
vrf/VFR20_5_7_Gap,Small,20,5,IG,456,1154,0.6101554170018062,0.0,run-20260706-014347-a60c,2026-07-06T01:43:47Z
vrf/VFR20_5_7_Gap,Small,20,5,IG,789,1154,0.6027321250003297,0.0,run-20260706-014348-da41,2026-07-06T01:43:48Z
vrf/VFR20_5_7_Gap,Small,20,5,IG,2025,1154,0.6188785830017878,0.0,run-20260706-014349-c3c2,2026-07-06T01:43:49Z
vrf/VFR20_5_8_Gap,Small,20,5,IG,42,1102,0.6486682500108145,0.0,run-20260706-014349-68b3,2026-07-06T01:43:49Z
vrf/VFR20_5_8_Gap,Small,20,5,IG,123,1102,0.6408176249969983,0.0,run-20260706-014350-f754,2026-07-06T01:43:50Z
vrf/VFR20_5_8_Gap,Small,20,5,IG,456,1102,0.6095429999986663,0.0,run-20260706-014350-e0e5,2026-07-06T01:43:50Z
vrf/VFR20_5_8_Gap,Small,20,5,IG,789,1102,0.6516985409980407,0.0,run-20260706-014351-7355,2026-07-06T01:43:51Z
vrf/VFR20_5_8_Gap,Small,20,5,IG,2025,1102,0.6512971250049304,0.0,run-20260706-014352-317c,2026-07-06T01:43:52Z
vrf/VFR20_5_9_Gap,Small,20,5,IG,42,1317,0.5312020419951295,0.0,run-20260706-014352-2134,2026-07-06T01:43:52Z
vrf/VFR20_5_9_Gap,Small,20,5,IG,123,1317,0.5436584160052007,0.0,run-20260706-014353-5853,2026-07-06T01:43:53Z
vrf/VFR20_5_9_Gap,Small,20,5,IG,456,1317,0.5388761249923846,0.0,run-20260706-014353-2c6c,2026-07-06T01:43:53Z
vrf/VFR20_5_9_Gap,Small,20,5,IG,789,1317,0.5428273750003427,0.0,run-20260706-014354-29ad,2026-07-06T01:43:54Z
vrf/VFR20_5_9_Gap,Small,20,5,IG,2025,1317,0.526039167001727,0.0,run-20260706-014355-6803,2026-07-06T01:43:55Z
vrf/VFR30_10_10_Gap,Small,30,10,IG,42,1927,1.926514999999199,0.6266318537859008,run-20260706-014356-b3d3,2026-07-06T01:43:56Z
vrf/VFR30_10_10_Gap,Small,30,10,IG,123,1926,1.9186958329955814,0.5744125326370757,run-20260706-014358-12d5,2026-07-06T01:43:58Z
vrf/VFR30_10_10_Gap,Small,30,10,IG,456,1926,1.9491829170001438,0.5744125326370757,run-20260706-014400-d393,2026-07-06T01:44:00Z
vrf/VFR30_10_10_Gap,Small,30,10,IG,789,1915,2.002768416001345,0.0,run-20260706-014402-9bd3,2026-07-06T01:44:02Z
vrf/VFR30_10_10_Gap,Small,30,10,IG,2025,1927,1.9942572090076283,0.6266318537859008,run-20260706-014404-2d12,2026-07-06T01:44:04Z
vrf/VFR30_10_1_Gap,Small,30,10,IG,42,1954,2.1124279579962604,0.51440329218107,run-20260706-014406-fab0,2026-07-06T01:44:06Z
vrf/VFR30_10_1_Gap,Small,30,10,IG,123,1951,1.9861033750057686,0.360082304526749,run-20260706-014408-2929,2026-07-06T01:44:08Z
vrf/VFR30_10_1_Gap,Small,30,10,IG,456,1968,1.9856613340089098,1.2345679012345678,run-20260706-014410-00e0,2026-07-06T01:44:10Z
vrf/VFR30_10_1_Gap,Small,30,10,IG,789,1956,2.132099832990207,0.6172839506172839,run-20260706-014413-eb84,2026-07-06T01:44:13Z
vrf/VFR30_10_1_Gap,Small,30,10,IG,2025,1951,1.9729458750080084,0.360082304526749,run-20260706-014415-1193,2026-07-06T01:44:15Z
vrf/VFR30_10_2_Gap,Small,30,10,IG,42,2111,2.202113624996855,0.6196377502383222,run-20260706-014417-98d5,2026-07-06T01:44:17Z
vrf/VFR30_10_2_Gap,Small,30,10,IG,123,2108,2.0477405419951538,0.47664442326024786,run-20260706-014419-ca34,2026-07-06T01:44:19Z
vrf/VFR30_10_2_Gap,Small,30,10,IG,456,2116,2.0112264579947805,0.8579599618684461,run-20260706-014421-051c,2026-07-06T01:44:21Z
vrf/VFR30_10_2_Gap,Small,30,10,IG,789,2102,1.9055842500092695,0.19065776930409914,run-20260706-014423-9fc7,2026-07-06T01:44:23Z
vrf/VFR30_10_2_Gap,Small,30,10,IG,2025,2108,2.009850083006313,0.47664442326024786,run-20260706-014425-0e3b,2026-07-06T01:44:25Z
vrf/VFR30_10_3_Gap,Small,30,10,IG,42,2085,2.0337968329986325,0.38517091959557054,run-20260706-014427-f58d,2026-07-06T01:44:27Z
vrf/VFR30_10_3_Gap,Small,30,10,IG,123,2084,2.0078624159941683,0.33702455464612424,run-20260706-014429-045a,2026-07-06T01:44:29Z
vrf/VFR30_10_3_Gap,Small,30,10,IG,456,2090,1.8662394999992102,0.6259027443428021,run-20260706-014431-c8d2,2026-07-06T01:44:31Z
vrf/VFR30_10_3_Gap,Small,30,10,IG,789,2089,1.9283419999992475,0.5777563793933558,run-20260706-014433-c3c4,2026-07-06T01:44:33Z
vrf/VFR30_10_3_Gap,Small,30,10,IG,2025,2092,1.929769957991084,0.7221954742416947,run-20260706-014435-8a6a,2026-07-06T01:44:35Z
vrf/VFR30_10_4_Gap,Small,30,10,IG,42,1971,1.7962619159952737,1.3367609254498716,run-20260706-014436-68d5,2026-07-06T01:44:36Z
vrf/VFR30_10_4_Gap,Small,30,10,IG,123,1970,1.8247517499985406,1.2853470437017995,run-20260706-014438-4e8b,2026-07-06T01:44:38Z
vrf/VFR30_10_4_Gap,Small,30,10,IG,456,1970,2.1676494580024155,1.2853470437017995,run-20260706-014440-73a4,2026-07-06T01:44:40Z
vrf/VFR30_10_4_Gap,Small,30,10,IG,789,1968,1.8771837079984834,1.1825192802056554,run-20260706-014442-e889,2026-07-06T01:44:42Z
vrf/VFR30_10_4_Gap,Small,30,10,IG,2025,1960,1.7528777919942513,0.7712082262210797,run-20260706-014444-7d44,2026-07-06T01:44:44Z
vrf/VFR30_10_5_Gap,Small,30,10,IG,42,2043,1.861934915999882,0.9886307464162135,run-20260706-014446-6005,2026-07-06T01:44:46Z
vrf/VFR30_10_5_Gap,Small,30,10,IG,123,2052,1.8266609169950243,1.4335145823035096,run-20260706-014448-7391,2026-07-06T01:44:48Z
vrf/VFR30_10_5_Gap,Small,30,10,IG,456,2046,1.8633443329890724,1.1369253583786456,run-20260706-014450-3e9c,2026-07-06T01:44:50Z
vrf/VFR30_10_5_Gap,Small,30,10,IG,789,2046,1.9231157079921104,1.1369253583786456,run-20260706-014452-16bd,2026-07-06T01:44:52Z
vrf/VFR30_10_5_Gap,Small,30,10,IG,2025,2040,1.818093834008323,0.8403361344537815,run-20260706-014453-5ceb,2026-07-06T01:44:53Z
vrf/VFR30_10_6_Gap,Small,30,10,IG,42,2045,1.8672966250014724,0.09789525208027411,run-20260706-014455-ec9e,2026-07-06T01:44:55Z
vrf/VFR30_10_6_Gap,Small,30,10,IG,123,2065,1.9068406660080655,1.0768477728830153,run-20260706-014457-ce1c,2026-07-06T01:44:57Z
vrf/VFR30_10_6_Gap,Small,30,10,IG,456,2057,1.8558918750059092,0.6852667645619187,run-20260706-014459-6362,2026-07-06T01:44:59Z
vrf/VFR30_10_6_Gap,Small,30,10,IG,789,2065,2.0320408749976195,1.0768477728830153,run-20260706-014501-149c,2026-07-06T01:45:01Z
vrf/VFR30_10_6_Gap,Small,30,10,IG,2025,2045,1.8739358340098988,0.09789525208027411,run-20260706-014503-e63c,2026-07-06T01:45:03Z
vrf/VFR30_10_7_Gap,Small,30,10,IG,42,1983,1.8660062919952907,0.813421453990849,run-20260706-014505-e10e,2026-07-06T01:45:05Z
vrf/VFR30_10_7_Gap,Small,30,10,IG,123,1983,1.951436624993221,0.813421453990849,run-20260706-014507-3e05,2026-07-06T01:45:07Z
vrf/VFR30_10_7_Gap,Small,30,10,IG,456,1989,1.9120517499977723,1.1184544992374175,run-20260706-014509-5c8b,2026-07-06T01:45:09Z
vrf/VFR30_10_7_Gap,Small,30,10,IG,789,1981,1.9448526250052964,0.7117437722419929,run-20260706-014511-9488,2026-07-06T01:45:11Z
vrf/VFR30_10_7_Gap,Small,30,10,IG,2025,1985,1.9154427909961669,0.9150991357397051,run-20260706-014513-2ae5,2026-07-06T01:45:13Z
vrf/VFR30_10_8_Gap,Small,30,10,IG,42,1908,1.8557359999977052,0.6329113924050633,run-20260706-014514-fa7c,2026-07-06T01:45:14Z
vrf/VFR30_10_8_Gap,Small,30,10,IG,123,1902,1.9848113329935586,0.31645569620253167,run-20260706-014516-fbb2,2026-07-06T01:45:16Z
vrf/VFR30_10_8_Gap,Small,30,10,IG,456,1910,2.0053482910007006,0.7383966244725738,run-20260706-014518-c5c2,2026-07-06T01:45:18Z
vrf/VFR30_10_8_Gap,Small,30,10,IG,789,1905,2.031978083992726,0.47468354430379744,run-20260706-014520-89d2,2026-07-06T01:45:20Z
vrf/VFR30_10_8_Gap,Small,30,10,IG,2025,1898,1.9714277500024764,0.10548523206751055,run-20260706-014522-c83b,2026-07-06T01:45:22Z
vrf/VFR30_10_9_Gap,Small,30,10,IG,42,1914,1.9874843750003492,0.31446540880503143,run-20260706-014524-7be6,2026-07-06T01:45:24Z
vrf/VFR30_10_9_Gap,Small,30,10,IG,123,1931,2.0683067079953616,1.2054507337526206,run-20260706-014526-5606,2026-07-06T01:45:26Z
vrf/VFR30_10_9_Gap,Small,30,10,IG,456,1931,1.964890083996579,1.2054507337526206,run-20260706-014528-38ca,2026-07-06T01:45:28Z
vrf/VFR30_10_9_Gap,Small,30,10,IG,789,1931,2.034071583999321,1.2054507337526206,run-20260706-014530-09e4,2026-07-06T01:45:30Z
vrf/VFR30_10_9_Gap,Small,30,10,IG,2025,1931,2.028566833003424,1.2054507337526206,run-20260706-014532-bf3e,2026-07-06T01:45:32Z
vrf/VFR30_15_10_Gap,Small,30,15,IG,42,2404,2.6030276660021627,0.7966457023060797,run-20260706-014535-6c2d,2026-07-06T01:45:35Z
vrf/VFR30_15_10_Gap,Small,30,15,IG,123,2409,2.69015875000332,1.0062893081761006,run-20260706-014538-0edd,2026-07-06T01:45:38Z
vrf/VFR30_15_10_Gap,Small,30,15,IG,456,2396,2.559872792000533,0.4612159329140461,run-20260706-014540-429b,2026-07-06T01:45:40Z
vrf/VFR30_15_10_Gap,Small,30,15,IG,789,2412,2.621070792010869,1.1320754716981132,run-20260706-014543-3675,2026-07-06T01:45:43Z
vrf/VFR30_15_10_Gap,Small,30,15,IG,2025,2417,2.8624745840061223,1.3417190775681342,run-20260706-014546-aa20,2026-07-06T01:45:46Z
vrf/VFR30_15_1_Gap,Small,30,15,IG,42,2403,2.523736542003462,0.9239815203695926,run-20260706-014548-6589,2026-07-06T01:45:48Z
vrf/VFR30_15_1_Gap,Small,30,15,IG,123,2421,2.6933507500070846,1.6799664006719865,run-20260706-014551-14d9,2026-07-06T01:45:51Z
vrf/VFR30_15_1_Gap,Small,30,15,IG,456,2412,2.8033672090095934,1.3019739605207896,run-20260706-014554-5e96,2026-07-06T01:45:54Z
vrf/VFR30_15_1_Gap,Small,30,15,IG,789,2419,2.750580499996431,1.5959680806383871,run-20260706-014557-0dd8,2026-07-06T01:45:57Z
vrf/VFR30_15_1_Gap,Small,30,15,IG,2025,2420,2.722058916988317,1.6379672406551868,run-20260706-014559-8cb0,2026-07-06T01:45:59Z
vrf/VFR30_15_2_Gap,Small,30,15,IG,42,2340,2.5973854580079205,0.9490940465918896,run-20260706-014602-5091,2026-07-06T01:46:02Z
vrf/VFR30_15_2_Gap,Small,30,15,IG,123,2348,2.6113760419975733,1.2942191544434858,run-20260706-014605-04e4,2026-07-06T01:46:05Z
vrf/VFR30_15_2_Gap,Small,30,15,IG,456,2347,2.7252805000025546,1.2510785159620363,run-20260706-014607-d0af,2026-07-06T01:46:07Z
vrf/VFR30_15_2_Gap,Small,30,15,IG,789,2329,2.7453841250098776,0.4745470232959448,run-20260706-014610-f1d0,2026-07-06T01:46:10Z
vrf/VFR30_15_2_Gap,Small,30,15,IG,2025,2347,2.7497930840036133,1.2510785159620363,run-20260706-014613-d452,2026-07-06T01:46:13Z
vrf/VFR30_15_3_Gap,Small,30,15,IG,42,2322,2.6693201669986593,0.78125,run-20260706-014616-0e90,2026-07-06T01:46:16Z
vrf/VFR30_15_3_Gap,Small,30,15,IG,123,2315,2.7799819159990875,0.4774305555555556,run-20260706-014618-e14e,2026-07-06T01:46:18Z
vrf/VFR30_15_3_Gap,Small,30,15,IG,456,2361,2.5785497920005582,2.4739583333333335,run-20260706-014621-4ac2,2026-07-06T01:46:21Z
vrf/VFR30_15_3_Gap,Small,30,15,IG,789,2319,2.45472525000514,0.6510416666666666,run-20260706-014623-2c80,2026-07-06T01:46:23Z
vrf/VFR30_15_3_Gap,Small,30,15,IG,2025,2317,2.4142646249965765,0.5642361111111112,run-20260706-014626-d4d2,2026-07-06T01:46:26Z
vrf/VFR30_15_4_Gap,Small,30,15,IG,42,2462,2.6854298329999438,0.7364975450081833,run-20260706-014628-3285,2026-07-06T01:46:28Z
vrf/VFR30_15_4_Gap,Small,30,15,IG,123,2469,2.747186792010325,1.0229132569558101,run-20260706-014631-0b44,2026-07-06T01:46:31Z
vrf/VFR30_15_4_Gap,Small,30,15,IG,456,2469,2.7950392920029117,1.0229132569558101,run-20260706-014634-f1be,2026-07-06T01:46:34Z
vrf/VFR30_15_4_Gap,Small,30,15,IG,789,2464,2.802289707993623,0.8183306055646481,run-20260706-014637-24cf,2026-07-06T01:46:37Z
vrf/VFR30_15_4_Gap,Small,30,15,IG,2025,2481,2.8502998750045663,1.513911620294599,run-20260706-014640-55e6,2026-07-06T01:46:40Z
vrf/VFR30_15_5_Gap,Small,30,15,IG,42,2449,2.6732483750092797,1.0730499380932728,run-20260706-014642-1ef6,2026-07-06T01:46:42Z
vrf/VFR30_15_5_Gap,Small,30,15,IG,123,2440,2.6330584170063958,0.7016095749071399,run-20260706-014645-5966,2026-07-06T01:46:45Z
vrf/VFR30_15_5_Gap,Small,30,15,IG,456,2429,2.585110416999669,0.24762690879075527,run-20260706-014648-b469,2026-07-06T01:46:48Z
vrf/VFR30_15_5_Gap,Small,30,15,IG,789,2447,2.7464314170065336,0.9905076351630211,run-20260706-014650-988b,2026-07-06T01:46:50Z
vrf/VFR30_15_5_Gap,Small,30,15,IG,2025,2441,2.774978249988635,0.7428807263722658,run-20260706-014653-2220,2026-07-06T01:46:53Z
vrf/VFR30_15_6_Gap,Small,30,15,IG,42,2329,2.928349416004494,0.997398091934085,run-20260706-014656-d2a5,2026-07-06T01:46:56Z
vrf/VFR30_15_6_Gap,Small,30,15,IG,123,2322,2.661290916003054,0.6938421509106678,run-20260706-014659-95d6,2026-07-06T01:46:59Z
vrf/VFR30_15_6_Gap,Small,30,15,IG,456,2315,2.555567457995494,0.39028620988725066,run-20260706-014701-1cf0,2026-07-06T01:47:01Z
vrf/VFR30_15_6_Gap,Small,30,15,IG,789,2328,2.7248893340001814,0.9540329575021682,run-20260706-014704-a4f9,2026-07-06T01:47:04Z
vrf/VFR30_15_6_Gap,Small,30,15,IG,2025,2331,2.6564511670003412,1.0841283607979184,run-20260706-014707-4eca,2026-07-06T01:47:07Z
vrf/VFR30_15_7_Gap,Small,30,15,IG,42,2339,2.5244413330074167,0.9930915371329879,run-20260706-014709-39cf,2026-07-06T01:47:09Z
vrf/VFR30_15_7_Gap,Small,30,15,IG,123,2334,2.5730725830071606,0.7772020725388601,run-20260706-014712-c34d,2026-07-06T01:47:12Z
vrf/VFR30_15_7_Gap,Small,30,15,IG,456,2341,2.624988707990269,1.079447322970639,run-20260706-014714-9275,2026-07-06T01:47:14Z
vrf/VFR30_15_7_Gap,Small,30,15,IG,789,2338,2.5160005829966394,0.9499136442141624,run-20260706-014717-094f,2026-07-06T01:47:17Z
vrf/VFR30_15_7_Gap,Small,30,15,IG,2025,2338,2.5848498749983264,0.9499136442141624,run-20260706-014720-4606,2026-07-06T01:47:20Z
vrf/VFR30_15_8_Gap,Small,30,15,IG,42,2366,2.588276833004784,0.0,run-20260706-014722-3ffe,2026-07-06T01:47:22Z
vrf/VFR30_15_8_Gap,Small,30,15,IG,123,2392,2.5213660830049776,1.098901098901099,run-20260706-014725-82db,2026-07-06T01:47:25Z
vrf/VFR30_15_8_Gap,Small,30,15,IG,456,2380,2.8105317920126254,0.591715976331361,run-20260706-014727-6d05,2026-07-06T01:47:27Z
vrf/VFR30_15_8_Gap,Small,30,15,IG,789,2388,2.7348942089884076,0.9298393913778529,run-20260706-014730-bafa,2026-07-06T01:47:30Z
vrf/VFR30_15_8_Gap,Small,30,15,IG,2025,2366,2.684022500005085,0.0,run-20260706-014733-6e6b,2026-07-06T01:47:33Z
vrf/VFR30_15_9_Gap,Small,30,15,IG,42,2267,2.6457582080038264,0.35413899955732625,run-20260706-014736-d130,2026-07-06T01:47:36Z
vrf/VFR30_15_9_Gap,Small,30,15,IG,123,2267,2.612544582996634,0.35413899955732625,run-20260706-014738-c46e,2026-07-06T01:47:38Z
vrf/VFR30_15_9_Gap,Small,30,15,IG,456,2281,2.48560474999249,0.9738822487826472,run-20260706-014741-fcb7,2026-07-06T01:47:41Z
vrf/VFR30_15_9_Gap,Small,30,15,IG,789,2260,2.592784833002952,0.04426737494466578,run-20260706-014743-749a,2026-07-06T01:47:43Z
vrf/VFR30_15_9_Gap,Small,30,15,IG,2025,2282,2.5288882500026375,1.0181496237273129,run-20260706-014746-e535,2026-07-06T01:47:46Z
vrf/VFR30_20_10_Gap,Small,30,20,IG,42,2831,3.4333007920067757,0.9269162210338681,run-20260706-014749-03f4,2026-07-06T01:47:49Z
vrf/VFR30_20_10_Gap,Small,30,20,IG,123,2834,3.323863084006007,1.0338680926916222,run-20260706-014753-135f,2026-07-06T01:47:53Z
vrf/VFR30_20_10_Gap,Small,30,20,IG,456,2820,3.4352635419927537,0.5347593582887701,run-20260706-014756-6ecb,2026-07-06T01:47:56Z
vrf/VFR30_20_10_Gap,Small,30,20,IG,789,2826,3.4171670420037117,0.7486631016042781,run-20260706-014759-0d05,2026-07-06T01:47:59Z
vrf/VFR30_20_10_Gap,Small,30,20,IG,2025,2819,3.4591828750126297,0.49910873440285203,run-20260706-014803-3f37,2026-07-06T01:48:03Z
vrf/VFR30_20_1_Gap,Small,30,20,IG,42,2672,3.4956930829939665,1.0972379871358304,run-20260706-014806-4e81,2026-07-06T01:48:06Z
vrf/VFR30_20_1_Gap,Small,30,20,IG,123,2663,3.37094279100711,0.7567158531971245,run-20260706-014810-defb,2026-07-06T01:48:10Z
vrf/VFR30_20_1_Gap,Small,30,20,IG,456,2645,3.3188880420057103,0.07567158531971245,run-20260706-014813-6441,2026-07-06T01:48:13Z
vrf/VFR30_20_1_Gap,Small,30,20,IG,789,2660,3.5218420419987524,0.6432084752175558,run-20260706-014817-4ef1,2026-07-06T01:48:17Z
vrf/VFR30_20_1_Gap,Small,30,20,IG,2025,2661,3.484063541996875,0.681044267877412,run-20260706-014820-c13b,2026-07-06T01:48:20Z
vrf/VFR30_20_2_Gap,Small,30,20,IG,42,2844,3.4214423750090646,0.31746031746031744,run-20260706-014824-cdb9,2026-07-06T01:48:24Z
vrf/VFR30_20_2_Gap,Small,30,20,IG,123,2835,3.5441207499970915,0.0,run-20260706-014827-f86c,2026-07-06T01:48:27Z
vrf/VFR30_20_2_Gap,Small,30,20,IG,456,2849,3.4281168330053333,0.49382716049382713,run-20260706-014831-4de0,2026-07-06T01:48:31Z
vrf/VFR30_20_2_Gap,Small,30,20,IG,789,2835,3.5893511250033043,0.0,run-20260706-014834-6097,2026-07-06T01:48:34Z
vrf/VFR30_20_2_Gap,Small,30,20,IG,2025,2844,3.1271032090007793,0.31746031746031744,run-20260706-014837-1bc3,2026-07-06T01:48:37Z
vrf/VFR30_20_3_Gap,Small,30,20,IG,42,2793,3.6808583340025507,0.35932446999640677,run-20260706-014841-ac46,2026-07-06T01:48:41Z
vrf/VFR30_20_3_Gap,Small,30,20,IG,123,2805,3.509128250007052,0.7905138339920948,run-20260706-014844-f0a0,2026-07-06T01:48:44Z
vrf/VFR30_20_3_Gap,Small,30,20,IG,456,2801,3.432636041994556,0.6467840459935321,run-20260706-014848-9cf2,2026-07-06T01:48:48Z
vrf/VFR30_20_3_Gap,Small,30,20,IG,789,2802,3.5192529589985497,0.6827164929931728,run-20260706-014851-5ad6,2026-07-06T01:48:51Z
vrf/VFR30_20_3_Gap,Small,30,20,IG,2025,2807,3.547083208002732,0.8623787279913762,run-20260706-014855-758a,2026-07-06T01:48:55Z
vrf/VFR30_20_4_Gap,Small,30,20,IG,42,2712,3.422098750001169,1.1940298507462686,run-20260706-014858-37e4,2026-07-06T01:48:58Z
vrf/VFR30_20_4_Gap,Small,30,20,IG,123,2702,3.7358882919943426,0.8208955223880597,run-20260706-014902-0084,2026-07-06T01:49:02Z
vrf/VFR30_20_4_Gap,Small,30,20,IG,456,2710,3.6760817909962498,1.1194029850746268,run-20260706-014906-5a7b,2026-07-06T01:49:06Z
vrf/VFR30_20_4_Gap,Small,30,20,IG,789,2711,3.5736612499895273,1.1567164179104477,run-20260706-014909-0fa1,2026-07-06T01:49:09Z
vrf/VFR30_20_4_Gap,Small,30,20,IG,2025,2716,3.4470960829930846,1.3432835820895523,run-20260706-014913-84aa,2026-07-06T01:49:13Z
vrf/VFR30_20_5_Gap,Small,30,20,IG,42,2689,3.6986303750018124,0.6362275449101796,run-20260706-014917-b55d,2026-07-06T01:49:17Z
vrf/VFR30_20_5_Gap,Small,30,20,IG,123,2685,3.5688699999882374,0.4865269461077844,run-20260706-014920-274f,2026-07-06T01:49:20Z
vrf/VFR30_20_5_Gap,Small,30,20,IG,456,2698,3.4265811249933904,0.9730538922155688,run-20260706-014924-e00c,2026-07-06T01:49:24Z
vrf/VFR30_20_5_Gap,Small,30,20,IG,789,2683,4.1067975829937495,0.4116766467065868,run-20260706-014928-eb5a,2026-07-06T01:49:28Z
vrf/VFR30_20_5_Gap,Small,30,20,IG,2025,2691,3.7554337920009857,0.7110778443113772,run-20260706-014931-a342,2026-07-06T01:49:31Z
vrf/VFR30_20_6_Gap,Small,30,20,IG,42,2731,3.455505207995884,0.5893186003683242,run-20260706-014935-a85d,2026-07-06T01:49:35Z
vrf/VFR30_20_6_Gap,Small,30,20,IG,123,2730,3.6108892079937505,0.5524861878453039,run-20260706-014939-f8c8,2026-07-06T01:49:39Z
vrf/VFR30_20_6_Gap,Small,30,20,IG,456,2746,3.9728105000103824,1.141804788213628,run-20260706-014943-0a23,2026-07-06T01:49:43Z
vrf/VFR30_20_6_Gap,Small,30,20,IG,789,2732,3.5605979160027346,0.6261510128913443,run-20260706-014946-0ab1,2026-07-06T01:49:46Z
vrf/VFR30_20_6_Gap,Small,30,20,IG,2025,2721,3.6269949999987148,0.22099447513812154,run-20260706-014950-082a,2026-07-06T01:49:50Z
vrf/VFR30_20_7_Gap,Small,30,20,IG,42,2727,3.535845332997269,0.5530973451327433,run-20260706-014953-075c,2026-07-06T01:49:53Z
vrf/VFR30_20_7_Gap,Small,30,20,IG,123,2724,3.507139833003748,0.4424778761061947,run-20260706-014957-1d4f,2026-07-06T01:49:57Z
vrf/VFR30_20_7_Gap,Small,30,20,IG,456,2751,3.871405166995828,1.4380530973451326,run-20260706-015001-dba0,2026-07-06T01:50:01Z
vrf/VFR30_20_7_Gap,Small,30,20,IG,789,2736,3.323669042001711,0.8849557522123894,run-20260706-015004-ec14,2026-07-06T01:50:04Z
vrf/VFR30_20_7_Gap,Small,30,20,IG,2025,2722,3.4083888339955593,0.3687315634218289,run-20260706-015007-1ea6,2026-07-06T01:50:07Z
vrf/VFR30_20_8_Gap,Small,30,20,IG,42,2842,3.492682791998959,1.0668563300142246,run-20260706-015011-325e,2026-07-06T01:50:11Z
vrf/VFR30_20_8_Gap,Small,30,20,IG,123,2813,3.395505916996626,0.03556187766714083,run-20260706-015014-41e9,2026-07-06T01:50:14Z
vrf/VFR30_20_8_Gap,Small,30,20,IG,456,2852,3.307983874998172,1.422475106685633,run-20260706-015018-8d37,2026-07-06T01:50:18Z
vrf/VFR30_20_8_Gap,Small,30,20,IG,789,2816,3.4381542920018546,0.1422475106685633,run-20260706-015021-9feb,2026-07-06T01:50:21Z
vrf/VFR30_20_8_Gap,Small,30,20,IG,2025,2827,3.3743035420047818,0.5334281650071123,run-20260706-015024-f849,2026-07-06T01:50:24Z
vrf/VFR30_20_9_Gap,Small,30,20,IG,42,2826,3.640583250002237,1.10912343470483,run-20260706-015028-58db,2026-07-06T01:50:28Z
vrf/VFR30_20_9_Gap,Small,30,20,IG,123,2829,3.4175561659940286,1.2164579606440071,run-20260706-015031-cf13,2026-07-06T01:50:31Z
vrf/VFR30_20_9_Gap,Small,30,20,IG,456,2815,3.5696421669999836,0.7155635062611807,run-20260706-015035-c1be,2026-07-06T01:50:35Z
vrf/VFR30_20_9_Gap,Small,30,20,IG,789,2819,3.49656045800657,0.8586762075134168,run-20260706-015039-08c9,2026-07-06T01:50:39Z
vrf/VFR30_20_9_Gap,Small,30,20,IG,2025,2834,3.5850704580079764,1.3953488372093024,run-20260706-015042-3e9c,2026-07-06T01:50:42Z
vrf/VFR30_5_10_Gap,Small,30,5,IG,42,1637,0.9548382079956355,0.0,run-20260706-015043-d4d8,2026-07-06T01:50:43Z
vrf/VFR30_5_10_Gap,Small,30,5,IG,123,1637,0.9450851660076296,0.0,run-20260706-015044-b616,2026-07-06T01:50:44Z
vrf/VFR30_5_10_Gap,Small,30,5,IG,456,1637,0.959006542005227,0.0,run-20260706-015045-60c0,2026-07-06T01:50:45Z
vrf/VFR30_5_10_Gap,Small,30,5,IG,789,1637,0.9793062079988886,0.0,run-20260706-015046-1a48,2026-07-06T01:50:46Z
vrf/VFR30_5_10_Gap,Small,30,5,IG,2025,1637,0.9815650829987135,0.0,run-20260706-015047-7048,2026-07-06T01:50:47Z
vrf/VFR30_5_1_Gap,Small,30,5,IG,42,1805,0.8961360829998739,0.0,run-20260706-015048-f0b6,2026-07-06T01:50:48Z
vrf/VFR30_5_1_Gap,Small,30,5,IG,123,1805,0.9355757919984171,0.0,run-20260706-015049-2c59,2026-07-06T01:50:49Z
vrf/VFR30_5_1_Gap,Small,30,5,IG,456,1805,0.8922895829891786,0.0,run-20260706-015050-2632,2026-07-06T01:50:50Z
vrf/VFR30_5_1_Gap,Small,30,5,IG,789,1805,0.8566714999906253,0.0,run-20260706-015051-ffc7,2026-07-06T01:50:51Z
vrf/VFR30_5_1_Gap,Small,30,5,IG,2025,1805,0.8511998330068309,0.0,run-20260706-015051-7b97,2026-07-06T01:50:51Z
vrf/VFR30_5_2_Gap,Small,30,5,IG,42,1575,1.1952432499965653,0.0,run-20260706-015053-8734,2026-07-06T01:50:53Z
vrf/VFR30_5_2_Gap,Small,30,5,IG,123,1575,1.1707627090072492,0.0,run-20260706-015054-231e,2026-07-06T01:50:54Z
vrf/VFR30_5_2_Gap,Small,30,5,IG,456,1575,0.9750658749981085,0.0,run-20260706-015055-34b2,2026-07-06T01:50:55Z
vrf/VFR30_5_2_Gap,Small,30,5,IG,789,1575,1.0159525830094935,0.0,run-20260706-015056-7a6b,2026-07-06T01:50:56Z
vrf/VFR30_5_2_Gap,Small,30,5,IG,2025,1575,0.9852032920025522,0.0,run-20260706-015057-fd18,2026-07-06T01:50:57Z
vrf/VFR30_5_3_Gap,Small,30,5,IG,42,1673,0.8890891670016572,0.0,run-20260706-015058-f71b,2026-07-06T01:50:58Z
vrf/VFR30_5_3_Gap,Small,30,5,IG,123,1687,0.8787749170005554,0.8368200836820083,run-20260706-015059-5faf,2026-07-06T01:50:59Z
vrf/VFR30_5_3_Gap,Small,30,5,IG,456,1673,0.9002455840090988,0.0,run-20260706-015100-0f84,2026-07-06T01:51:00Z
vrf/VFR30_5_3_Gap,Small,30,5,IG,789,1673,0.8996831670083338,0.0,run-20260706-015100-ba37,2026-07-06T01:51:00Z
vrf/VFR30_5_3_Gap,Small,30,5,IG,2025,1673,0.9160293329914566,0.0,run-20260706-015101-1b75,2026-07-06T01:51:01Z
vrf/VFR30_5_4_Gap,Small,30,5,IG,42,1781,0.7675698340026429,0.0,run-20260706-015102-698e,2026-07-06T01:51:02Z
vrf/VFR30_5_4_Gap,Small,30,5,IG,123,1781,0.7666335840040119,0.0,run-20260706-015103-8e85,2026-07-06T01:51:03Z
vrf/VFR30_5_4_Gap,Small,30,5,IG,456,1781,0.7442812920053257,0.0,run-20260706-015104-5e36,2026-07-06T01:51:04Z
vrf/VFR30_5_4_Gap,Small,30,5,IG,789,1781,0.8265843340050196,0.0,run-20260706-015105-a1cc,2026-07-06T01:51:05Z
vrf/VFR30_5_4_Gap,Small,30,5,IG,2025,1781,0.7650618330080761,0.0,run-20260706-015105-2ca5,2026-07-06T01:51:05Z
vrf/VFR30_5_5_Gap,Small,30,5,IG,42,1715,0.6916427079995628,0.46865846514352666,run-20260706-015106-5be3,2026-07-06T01:51:06Z
vrf/VFR30_5_5_Gap,Small,30,5,IG,123,1715,0.710026166998432,0.46865846514352666,run-20260706-015107-8501,2026-07-06T01:51:07Z
vrf/VFR30_5_5_Gap,Small,30,5,IG,456,1715,0.715949167002691,0.46865846514352666,run-20260706-015107-3086,2026-07-06T01:51:07Z
vrf/VFR30_5_5_Gap,Small,30,5,IG,789,1715,0.7302210830093827,0.46865846514352666,run-20260706-015108-81dc,2026-07-06T01:51:08Z
vrf/VFR30_5_5_Gap,Small,30,5,IG,2025,1715,0.7187340419914108,0.46865846514352666,run-20260706-015109-3f30,2026-07-06T01:51:09Z
vrf/VFR30_5_6_Gap,Small,30,5,IG,42,1875,0.6779223330086097,0.0,run-20260706-015110-61a8,2026-07-06T01:51:10Z
vrf/VFR30_5_6_Gap,Small,30,5,IG,123,1875,0.6661006669892231,0.0,run-20260706-015110-56ef,2026-07-06T01:51:10Z
vrf/VFR30_5_6_Gap,Small,30,5,IG,456,1875,0.6787319159921026,0.0,run-20260706-015111-b442,2026-07-06T01:51:11Z
vrf/VFR30_5_6_Gap,Small,30,5,IG,789,1875,0.6968741669988958,0.0,run-20260706-015112-c28b,2026-07-06T01:51:12Z
vrf/VFR30_5_6_Gap,Small,30,5,IG,2025,1875,0.8474243340024259,0.0,run-20260706-015112-bf73,2026-07-06T01:51:12Z
vrf/VFR30_5_7_Gap,Small,30,5,IG,42,1749,0.6252689170069061,0.0,run-20260706-015113-cc48,2026-07-06T01:51:13Z
vrf/VFR30_5_7_Gap,Small,30,5,IG,123,1749,0.6314178750035353,0.0,run-20260706-015114-4088,2026-07-06T01:51:14Z
vrf/VFR30_5_7_Gap,Small,30,5,IG,456,1749,0.7164288329950068,0.0,run-20260706-015114-12e7,2026-07-06T01:51:14Z
vrf/VFR30_5_7_Gap,Small,30,5,IG,789,1749,0.6689050840068376,0.0,run-20260706-015115-b416,2026-07-06T01:51:15Z
vrf/VFR30_5_7_Gap,Small,30,5,IG,2025,1749,0.6433601669996278,0.0,run-20260706-015116-87c6,2026-07-06T01:51:16Z
vrf/VFR30_5_8_Gap,Small,30,5,IG,42,1708,1.0408735829987563,0.11723329425556858,run-20260706-015117-f9bf,2026-07-06T01:51:17Z
vrf/VFR30_5_8_Gap,Small,30,5,IG,123,1711,0.9940409589908086,0.29308323563892147,run-20260706-015118-9884,2026-07-06T01:51:18Z
vrf/VFR30_5_8_Gap,Small,30,5,IG,456,1708,1.1118997909943573,0.11723329425556858,run-20260706-015119-bea1,2026-07-06T01:51:19Z
vrf/VFR30_5_8_Gap,Small,30,5,IG,789,1708,1.028106541998568,0.11723329425556858,run-20260706-015120-8502,2026-07-06T01:51:20Z
vrf/VFR30_5_8_Gap,Small,30,5,IG,2025,1711,0.9902772089990322,0.29308323563892147,run-20260706-015121-3e8f,2026-07-06T01:51:21Z
vrf/VFR30_5_9_Gap,Small,30,5,IG,42,1735,0.7612949999893317,0.0,run-20260706-015122-2d2a,2026-07-06T01:51:22Z
vrf/VFR30_5_9_Gap,Small,30,5,IG,123,1735,0.718650416994933,0.0,run-20260706-015122-6546,2026-07-06T01:51:22Z
vrf/VFR30_5_9_Gap,Small,30,5,IG,456,1735,0.7434758749877801,0.0,run-20260706-015123-7450,2026-07-06T01:51:23Z
vrf/VFR30_5_9_Gap,Small,30,5,IG,789,1735,0.7281329160032328,0.0,run-20260706-015124-cc64,2026-07-06T01:51:24Z
vrf/VFR30_5_9_Gap,Small,30,5,IG,2025,1735,0.7477619999990566,0.0,run-20260706-015125-5e9d,2026-07-06T01:51:25Z
vrf/VFR40_10_10_Gap,Small,40,10,IG,42,2500,2.739310499993735,0.8878127522195319,run-20260706-015127-b250,2026-07-06T01:51:27Z
vrf/VFR40_10_10_Gap,Small,40,10,IG,123,2503,2.7044209590094397,1.0088781275221954,run-20260706-015130-aaeb,2026-07-06T01:51:30Z
vrf/VFR40_10_10_Gap,Small,40,10,IG,456,2503,2.671237292001024,1.0088781275221954,run-20260706-015133-a9c8,2026-07-06T01:51:33Z
vrf/VFR40_10_10_Gap,Small,40,10,IG,789,2493,2.9574183329968946,0.6053268765133172,run-20260706-015136-eba1,2026-07-06T01:51:36Z
vrf/VFR40_10_10_Gap,Small,40,10,IG,2025,2500,2.860599291001563,0.8878127522195319,run-20260706-015139-562e,2026-07-06T01:51:39Z
vrf/VFR40_10_1_Gap,Small,40,10,IG,42,2507,2.7699452079978073,1.0887096774193548,run-20260706-015141-4b7f,2026-07-06T01:51:41Z
vrf/VFR40_10_1_Gap,Small,40,10,IG,123,2510,2.407524750000448,1.2096774193548387,run-20260706-015144-697d,2026-07-06T01:51:44Z
vrf/VFR40_10_1_Gap,Small,40,10,IG,456,2492,2.4689952499902574,0.4838709677419355,run-20260706-015146-c0f8,2026-07-06T01:51:46Z
vrf/VFR40_10_1_Gap,Small,40,10,IG,789,2515,2.4618905000097584,1.4112903225806452,run-20260706-015149-72f3,2026-07-06T01:51:49Z
vrf/VFR40_10_1_Gap,Small,40,10,IG,2025,2510,2.6778788750089006,1.2096774193548387,run-20260706-015151-d82b,2026-07-06T01:51:51Z
vrf/VFR40_10_2_Gap,Small,40,10,IG,42,2446,2.7210054590104846,0.08183306055646482,run-20260706-015154-9548,2026-07-06T01:51:54Z
vrf/VFR40_10_2_Gap,Small,40,10,IG,123,2446,2.7838609580066986,0.08183306055646482,run-20260706-015157-9ead,2026-07-06T01:51:57Z
vrf/VFR40_10_2_Gap,Small,40,10,IG,456,2446,2.6811699999962,0.08183306055646482,run-20260706-015200-776c,2026-07-06T01:52:00Z
vrf/VFR40_10_2_Gap,Small,40,10,IG,789,2446,2.5354847080016043,0.08183306055646482,run-20260706-015202-ec09,2026-07-06T01:52:02Z
vrf/VFR40_10_2_Gap,Small,40,10,IG,2025,2446,2.602972791995853,0.08183306055646482,run-20260706-015205-65ee,2026-07-06T01:52:05Z
vrf/VFR40_10_3_Gap,Small,40,10,IG,42,2424,2.7197622079984285,0.4975124378109453,run-20260706-015208-8b49,2026-07-06T01:52:08Z
vrf/VFR40_10_3_Gap,Small,40,10,IG,123,2412,2.764501375000691,0.0,run-20260706-015210-3bef,2026-07-06T01:52:10Z
vrf/VFR40_10_3_Gap,Small,40,10,IG,456,2424,2.798355792008806,0.4975124378109453,run-20260706-015213-42fb,2026-07-06T01:52:13Z
vrf/VFR40_10_3_Gap,Small,40,10,IG,789,2424,2.7525171669985866,0.4975124378109453,run-20260706-015216-98ad,2026-07-06T01:52:16Z
vrf/VFR40_10_3_Gap,Small,40,10,IG,2025,2424,2.7168025829887483,0.4975124378109453,run-20260706-015219-c9f4,2026-07-06T01:52:19Z
vrf/VFR40_10_4_Gap,Small,40,10,IG,42,2500,2.657540499989409,1.132686084142395,run-20260706-015221-08ff,2026-07-06T01:52:21Z
vrf/VFR40_10_4_Gap,Small,40,10,IG,123,2480,2.5516022910014726,0.32362459546925565,run-20260706-015224-a11b,2026-07-06T01:52:24Z
vrf/VFR40_10_4_Gap,Small,40,10,IG,456,2506,2.7598678750073304,1.3754045307443366,run-20260706-015227-ab74,2026-07-06T01:52:27Z
vrf/VFR40_10_4_Gap,Small,40,10,IG,789,2507,2.722550416001468,1.4158576051779934,run-20260706-015229-7bcd,2026-07-06T01:52:29Z
vrf/VFR40_10_4_Gap,Small,40,10,IG,2025,2505,2.670035792005365,1.3349514563106797,run-20260706-015232-f235,2026-07-06T01:52:32Z
vrf/VFR40_10_5_Gap,Small,40,10,IG,42,2444,2.719361832991126,0.7835051546391752,run-20260706-015235-8940,2026-07-06T01:52:35Z
vrf/VFR40_10_5_Gap,Small,40,10,IG,123,2443,2.770010792009998,0.7422680412371134,run-20260706-015238-9cdb,2026-07-06T01:52:38Z
vrf/VFR40_10_5_Gap,Small,40,10,IG,456,2444,2.679433124998468,0.7835051546391752,run-20260706-015240-d0c3,2026-07-06T01:52:40Z
vrf/VFR40_10_5_Gap,Small,40,10,IG,789,2446,2.765685833990574,0.865979381443299,run-20260706-015243-83dd,2026-07-06T01:52:43Z
vrf/VFR40_10_5_Gap,Small,40,10,IG,2025,2443,2.6843142500001704,0.7422680412371134,run-20260706-015246-7090,2026-07-06T01:52:46Z
vrf/VFR40_10_6_Gap,Small,40,10,IG,42,2566,2.3484188330039615,0.745975657636435,run-20260706-015248-796f,2026-07-06T01:52:48Z
vrf/VFR40_10_6_Gap,Small,40,10,IG,123,2565,2.4566713749954943,0.7067137809187279,run-20260706-015250-1fab,2026-07-06T01:52:50Z
vrf/VFR40_10_6_Gap,Small,40,10,IG,456,2571,2.2432322919921717,0.9422850412249706,run-20260706-015253-6153,2026-07-06T01:52:53Z
vrf/VFR40_10_6_Gap,Small,40,10,IG,789,2572,2.2791742910048924,0.9815469179426777,run-20260706-015255-8bdf,2026-07-06T01:52:55Z
vrf/VFR40_10_6_Gap,Small,40,10,IG,2025,2590,2.317179584002588,1.6882606988614055,run-20260706-015257-8eaa,2026-07-06T01:52:57Z
vrf/VFR40_10_7_Gap,Small,40,10,IG,42,2595,2.1511278340040008,3.758496601359456,run-20260706-015259-cbf5,2026-07-06T01:52:59Z
vrf/VFR40_10_7_Gap,Small,40,10,IG,123,2522,2.550174457996036,0.8396641343462615,run-20260706-015302-5103,2026-07-06T01:53:02Z
vrf/VFR40_10_7_Gap,Small,40,10,IG,456,2520,2.545794166988344,0.7596961215513794,run-20260706-015305-5496,2026-07-06T01:53:05Z
vrf/VFR40_10_7_Gap,Small,40,10,IG,789,2526,2.522578166986932,0.9996001599360256,run-20260706-015307-85ae,2026-07-06T01:53:07Z
vrf/VFR40_10_7_Gap,Small,40,10,IG,2025,2533,2.602670375010348,1.2794882047181129,run-20260706-015310-be3e,2026-07-06T01:53:10Z
vrf/VFR40_10_8_Gap,Small,40,10,IG,42,2502,2.7711225419916445,0.44158972300281013,run-20260706-015313-f0c3,2026-07-06T01:53:13Z
vrf/VFR40_10_8_Gap,Small,40,10,IG,123,2500,2.5940392920019804,0.36130068245684466,run-20260706-015315-2856,2026-07-06T01:53:15Z
vrf/VFR40_10_8_Gap,Small,40,10,IG,456,2520,2.663918542006286,1.1641910879164994,run-20260706-015318-c24f,2026-07-06T01:53:18Z
vrf/VFR40_10_8_Gap,Small,40,10,IG,789,2500,2.8052452910051215,0.36130068245684466,run-20260706-015321-5829,2026-07-06T01:53:21Z
vrf/VFR40_10_8_Gap,Small,40,10,IG,2025,2504,2.6036727919999976,0.5218787635487756,run-20260706-015323-afee,2026-07-06T01:53:23Z
vrf/VFR40_10_9_Gap,Small,40,10,IG,42,2456,2.576228165999055,1.8664454583160515,run-20260706-015326-6077,2026-07-06T01:53:26Z
vrf/VFR40_10_9_Gap,Small,40,10,IG,123,2451,2.542815167005756,1.6590626296142679,run-20260706-015328-23fd,2026-07-06T01:53:28Z
vrf/VFR40_10_9_Gap,Small,40,10,IG,456,2465,2.5826687079970725,2.2397345499792616,run-20260706-015331-dc6a,2026-07-06T01:53:31Z
vrf/VFR40_10_9_Gap,Small,40,10,IG,789,2457,2.787833458001842,1.907922024056408,run-20260706-015334-317e,2026-07-06T01:53:34Z
vrf/VFR40_10_9_Gap,Small,40,10,IG,2025,2459,2.6458214159938507,1.9908751555371216,run-20260706-015336-907b,2026-07-06T01:53:36Z
vrf/VFR40_15_10_Gap,Small,40,15,IG,42,2963,3.810422499998822,0.6112054329371817,run-20260706-015340-e065,2026-07-06T01:53:40Z
vrf/VFR40_15_10_Gap,Small,40,15,IG,123,2978,3.8381490419997135,1.1205432937181663,run-20260706-015344-678b,2026-07-06T01:53:44Z
vrf/VFR40_15_10_Gap,Small,40,15,IG,456,2994,3.681668165998417,1.66383701188455,run-20260706-015348-caa8,2026-07-06T01:53:48Z
vrf/VFR40_15_10_Gap,Small,40,15,IG,789,2969,3.7228002500050934,0.8149405772495756,run-20260706-015351-a7c8,2026-07-06T01:53:51Z
vrf/VFR40_15_10_Gap,Small,40,15,IG,2025,2991,3.7998530000040773,1.5619694397283532,run-20260706-015355-1166,2026-07-06T01:53:55Z
vrf/VFR40_15_1_Gap,Small,40,15,IG,42,3023,3.846338167000795,0.39853869146462967,run-20260706-015359-cc40,2026-07-06T01:53:59Z
vrf/VFR40_15_1_Gap,Small,40,15,IG,123,3052,3.9985412909882143,1.3616738625041513,run-20260706-015403-365d,2026-07-06T01:54:03Z
vrf/VFR40_15_1_Gap,Small,40,15,IG,456,3054,3.841403666010592,1.4280969777482564,run-20260706-015407-924a,2026-07-06T01:54:07Z
vrf/VFR40_15_1_Gap,Small,40,15,IG,789,3050,3.964509541998268,1.2952507472600465,run-20260706-015411-536f,2026-07-06T01:54:11Z
vrf/VFR40_15_1_Gap,Small,40,15,IG,2025,3055,3.9183426249946933,1.4613085353703088,run-20260706-015415-7dd8,2026-07-06T01:54:15Z
vrf/VFR40_15_2_Gap,Small,40,15,IG,42,2837,3.926255750004202,0.5671747607231479,run-20260706-015419-2681,2026-07-06T01:54:19Z
vrf/VFR40_15_2_Gap,Small,40,15,IG,123,2843,4.078126208012691,0.7798652959943283,run-20260706-015423-d8c9,2026-07-06T01:54:23Z
vrf/VFR40_15_2_Gap,Small,40,15,IG,456,2851,4.068943792008213,1.0634526763559022,run-20260706-015427-1bf8,2026-07-06T01:54:27Z
vrf/VFR40_15_2_Gap,Small,40,15,IG,789,2856,3.929325125005562,1.2406947890818858,run-20260706-015431-696f,2026-07-06T01:54:31Z
vrf/VFR40_15_2_Gap,Small,40,15,IG,2025,2842,3.9231123329955153,0.7444168734491315,run-20260706-015435-bbde,2026-07-06T01:54:35Z
vrf/VFR40_15_3_Gap,Small,40,15,IG,42,2937,3.8694794589973753,1.0667584308327598,run-20260706-015439-573d,2026-07-06T01:54:39Z
vrf/VFR40_15_3_Gap,Small,40,15,IG,123,2960,3.6920571670052595,1.8582243633860978,run-20260706-015442-422f,2026-07-06T01:54:42Z
vrf/VFR40_15_3_Gap,Small,40,15,IG,456,2946,3.7161194590007653,1.3764624913971095,run-20260706-015446-bf01,2026-07-06T01:54:46Z
vrf/VFR40_15_3_Gap,Small,40,15,IG,789,2946,3.852804207999725,1.3764624913971095,run-20260706-015450-22fe,2026-07-06T01:54:50Z
vrf/VFR40_15_3_Gap,Small,40,15,IG,2025,2934,3.8417177079973044,0.9635237439779766,run-20260706-015454-19ec,2026-07-06T01:54:54Z
vrf/VFR40_15_4_Gap,Small,40,15,IG,42,2959,3.6845508749975124,1.3703323055841041,run-20260706-015458-5dae,2026-07-06T01:54:58Z
vrf/VFR40_15_4_Gap,Small,40,15,IG,123,2963,3.8045981250033947,1.5073655361425145,run-20260706-015501-de82,2026-07-06T01:55:01Z
vrf/VFR40_15_4_Gap,Small,40,15,IG,456,2971,3.882212167009129,1.7814319972593353,run-20260706-015505-cb17,2026-07-06T01:55:05Z
vrf/VFR40_15_4_Gap,Small,40,15,IG,789,2951,3.68766962501104,1.0962658444672833,run-20260706-015509-2b4b,2026-07-06T01:55:09Z
vrf/VFR40_15_4_Gap,Small,40,15,IG,2025,2941,3.841921708008158,0.7536827680712572,run-20260706-015513-a6a5,2026-07-06T01:55:13Z
vrf/VFR40_15_5_Gap,Small,40,15,IG,42,2960,3.631941875006305,0.5093378607809848,run-20260706-015516-fb67,2026-07-06T01:55:16Z
vrf/VFR40_15_5_Gap,Small,40,15,IG,123,2962,3.9781612919905456,0.5772495755517827,run-20260706-015520-5078,2026-07-06T01:55:20Z
vrf/VFR40_15_5_Gap,Small,40,15,IG,456,2980,3.6616487499995856,1.1884550084889642,run-20260706-015524-427c,2026-07-06T01:55:24Z
vrf/VFR40_15_5_Gap,Small,40,15,IG,789,2977,3.899547499997425,1.0865874363327674,run-20260706-015528-41b7,2026-07-06T01:55:28Z
vrf/VFR40_15_5_Gap,Small,40,15,IG,2025,2968,3.686859749999712,0.7809847198641766,run-20260706-015532-ec42,2026-07-06T01:55:32Z
vrf/VFR40_15_6_Gap,Small,40,15,IG,42,2832,3.608343790998333,0.9625668449197861,run-20260706-015535-572d,2026-07-06T01:55:35Z
vrf/VFR40_15_6_Gap,Small,40,15,IG,123,2843,3.7854056659998605,1.3547237076648841,run-20260706-015539-59aa,2026-07-06T01:55:39Z
vrf/VFR40_15_6_Gap,Small,40,15,IG,456,2837,3.8002733750035986,1.1408199643493762,run-20260706-015543-6e7d,2026-07-06T01:55:43Z
vrf/VFR40_15_6_Gap,Small,40,15,IG,789,2843,3.526728666998679,1.3547237076648841,run-20260706-015546-3739,2026-07-06T01:55:46Z
vrf/VFR40_15_6_Gap,Small,40,15,IG,2025,2832,3.8513099160045385,0.9625668449197861,run-20260706-015550-2cc5,2026-07-06T01:55:50Z
vrf/VFR40_15_7_Gap,Small,40,15,IG,42,2905,3.8576411670073867,1.290097629009763,run-20260706-015554-fb5e,2026-07-06T01:55:54Z
vrf/VFR40_15_7_Gap,Small,40,15,IG,123,2900,4.1512806250102585,1.1157601115760112,run-20260706-015558-10d5,2026-07-06T01:55:58Z
vrf/VFR40_15_7_Gap,Small,40,15,IG,456,2882,3.745732458002749,0.4881450488145049,run-20260706-015602-9649,2026-07-06T01:56:02Z
vrf/VFR40_15_7_Gap,Small,40,15,IG,789,2929,3.9429239579912974,2.126917712691771,run-20260706-015606-e18c,2026-07-06T01:56:06Z
vrf/VFR40_15_7_Gap,Small,40,15,IG,2025,2894,3.866074416990159,0.9065550906555091,run-20260706-015610-5956,2026-07-06T01:56:10Z
vrf/VFR40_15_8_Gap,Small,40,15,IG,42,2927,3.9468414170114556,0.9310344827586207,run-20260706-015614-9ed8,2026-07-06T01:56:14Z
vrf/VFR40_15_8_Gap,Small,40,15,IG,123,2943,3.9435319999902276,1.4827586206896552,run-20260706-015618-ff4f,2026-07-06T01:56:18Z
vrf/VFR40_15_8_Gap,Small,40,15,IG,456,2941,3.986515167009202,1.4137931034482758,run-20260706-015622-ecd0,2026-07-06T01:56:22Z
vrf/VFR40_15_8_Gap,Small,40,15,IG,789,2932,4.083539208993898,1.103448275862069,run-20260706-015626-5c0f,2026-07-06T01:56:26Z
vrf/VFR40_15_8_Gap,Small,40,15,IG,2025,2941,3.904769542001304,1.4137931034482758,run-20260706-015630-5b93,2026-07-06T01:56:30Z
vrf/VFR40_15_9_Gap,Small,40,15,IG,42,2730,4.181097291992046,0.8124076809453471,run-20260706-015634-10ef,2026-07-06T01:56:34Z
vrf/VFR40_15_9_Gap,Small,40,15,IG,123,2741,3.8515566249989206,1.2186115214180206,run-20260706-015638-3f26,2026-07-06T01:56:38Z
vrf/VFR40_15_9_Gap,Small,40,15,IG,456,2735,3.9886120410083095,0.9970457902511078,run-20260706-015642-e86d,2026-07-06T01:56:42Z
vrf/VFR40_15_9_Gap,Small,40,15,IG,789,2711,4.217380665999372,0.11078286558345643,run-20260706-015646-6484,2026-07-06T01:56:46Z
vrf/VFR40_15_9_Gap,Small,40,15,IG,2025,2743,3.578186208003899,1.292466765140325,run-20260706-015650-67e8,2026-07-06T01:56:50Z
vrf/VFR40_20_10_Gap,Small,40,20,IG,42,3162,4.7197300830011955,1.2812299807815504,run-20260706-015654-2676,2026-07-06T01:56:54Z
vrf/VFR40_20_10_Gap,Small,40,20,IG,123,3162,4.5512942080094945,1.2812299807815504,run-20260706-015659-ccbe,2026-07-06T01:56:59Z
vrf/VFR40_20_10_Gap,Small,40,20,IG,456,3148,5.103172417002497,0.8327994875080077,run-20260706-015704-6a22,2026-07-06T01:57:04Z
vrf/VFR40_20_10_Gap,Small,40,20,IG,789,3179,5.018059624999296,1.8257527226137091,run-20260706-015709-716d,2026-07-06T01:57:09Z
vrf/VFR40_20_10_Gap,Small,40,20,IG,2025,3165,5.1546526250022,1.3773222293401666,run-20260706-015714-38c2,2026-07-06T01:57:14Z
vrf/VFR40_20_1_Gap,Small,40,20,IG,42,3342,5.369352082998375,0.4810583283223091,run-20260706-015720-d35f,2026-07-06T01:57:20Z
vrf/VFR40_20_1_Gap,Small,40,20,IG,123,3344,4.829303124992293,0.5411906193625977,run-20260706-015724-ba59,2026-07-06T01:57:24Z
vrf/VFR40_20_1_Gap,Small,40,20,IG,456,3333,4.998549458003254,0.21046301864101022,run-20260706-015729-e922,2026-07-06T01:57:29Z
vrf/VFR40_20_1_Gap,Small,40,20,IG,789,3333,4.63551558299514,0.21046301864101022,run-20260706-015734-56bf,2026-07-06T01:57:34Z
vrf/VFR40_20_1_Gap,Small,40,20,IG,2025,3345,5.074939375001122,0.571256764882742,run-20260706-015739-bb37,2026-07-06T01:57:39Z
vrf/VFR40_20_2_Gap,Small,40,20,IG,42,3278,4.582316875006654,1.611903285802852,run-20260706-015744-ab89,2026-07-06T01:57:44Z
vrf/VFR40_20_2_Gap,Small,40,20,IG,123,3267,4.8930000419932185,1.2709237445753254,run-20260706-015749-9a4e,2026-07-06T01:57:49Z
vrf/VFR40_20_2_Gap,Small,40,20,IG,456,3280,4.939018374992884,1.6738995660260385,run-20260706-015754-0608,2026-07-06T01:57:54Z
vrf/VFR40_20_2_Gap,Small,40,20,IG,789,3277,4.992440000001807,1.5809051456912586,run-20260706-015759-6bf4,2026-07-06T01:57:59Z
vrf/VFR40_20_2_Gap,Small,40,20,IG,2025,3269,4.520329042003141,1.332920024798512,run-20260706-015803-c5be,2026-07-06T01:58:03Z
vrf/VFR40_20_3_Gap,Small,40,20,IG,42,3268,4.758925583999371,1.0825858335910918,run-20260706-015808-4583,2026-07-06T01:58:08Z
vrf/VFR40_20_3_Gap,Small,40,20,IG,123,3280,4.633329457996297,1.4537581193937519,run-20260706-015813-beb9,2026-07-06T01:58:13Z
vrf/VFR40_20_3_Gap,Small,40,20,IG,456,3278,4.503409750002902,1.3918960717599753,run-20260706-015817-9833,2026-07-06T01:58:17Z
vrf/VFR40_20_3_Gap,Small,40,20,IG,789,3250,4.630198916012887,0.5258274048871018,run-20260706-015822-12f7,2026-07-06T01:58:22Z
vrf/VFR40_20_3_Gap,Small,40,20,IG,2025,3280,4.856781416994636,1.4537581193937519,run-20260706-015827-2be0,2026-07-06T01:58:27Z
vrf/VFR40_20_4_Gap,Small,40,20,IG,42,3260,8.439290083988453,0.8351376430559851,run-20260706-015835-a247,2026-07-06T01:58:35Z
vrf/VFR40_20_4_Gap,Small,40,20,IG,123,3253,7.213422790999175,0.6186204763377667,run-20260706-015842-a123,2026-07-06T01:58:42Z
vrf/VFR40_20_4_Gap,Small,40,20,IG,456,3276,5.018228375003673,1.3300340241261985,run-20260706-015847-5636,2026-07-06T01:58:47Z
vrf/VFR40_20_4_Gap,Small,40,20,IG,789,3273,4.793727582989959,1.2372409526755335,run-20260706-015852-e0bc,2026-07-06T01:58:52Z
vrf/VFR40_20_4_Gap,Small,40,20,IG,2025,3269,4.782986958001857,1.1135168574079801,run-20260706-015857-5ee7,2026-07-06T01:58:57Z
vrf/VFR40_20_5_Gap,Small,40,20,IG,42,3083,4.5927006249985425,0.9165302782324058,run-20260706-015901-9f8d,2026-07-06T01:59:01Z
vrf/VFR40_20_5_Gap,Small,40,20,IG,123,3083,4.777471709006932,0.9165302782324058,run-20260706-015906-3b16,2026-07-06T01:59:06Z
vrf/VFR40_20_5_Gap,Small,40,20,IG,456,3083,5.015486375006731,0.9165302782324058,run-20260706-015911-3be9,2026-07-06T01:59:11Z
vrf/VFR40_20_5_Gap,Small,40,20,IG,789,3096,4.459442999999737,1.3420621931260228,run-20260706-015916-83d6,2026-07-06T01:59:16Z
vrf/VFR40_20_5_Gap,Small,40,20,IG,2025,3085,4.7422634169925,0.9819967266775778,run-20260706-015920-8946,2026-07-06T01:59:20Z
vrf/VFR40_20_6_Gap,Small,40,20,IG,42,3244,5.116874708997784,1.6290726817042607,run-20260706-015926-5308,2026-07-06T01:59:26Z
vrf/VFR40_20_6_Gap,Small,40,20,IG,123,3235,5.235817583001335,1.3471177944862156,run-20260706-015931-083b,2026-07-06T01:59:31Z
vrf/VFR40_20_6_Gap,Small,40,20,IG,456,3220,5.039122458998463,0.8771929824561403,run-20260706-015936-e7d2,2026-07-06T01:59:36Z
vrf/VFR40_20_6_Gap,Small,40,20,IG,789,3225,4.950259042001562,1.0338345864661653,run-20260706-015941-8601,2026-07-06T01:59:41Z
vrf/VFR40_20_6_Gap,Small,40,20,IG,2025,3207,4.516912499995669,0.4699248120300752,run-20260706-015945-6f3b,2026-07-06T01:59:45Z
vrf/VFR40_20_7_Gap,Small,40,20,IG,42,3288,4.319602500007022,1.3563501849568433,run-20260706-015950-d0b2,2026-07-06T01:59:50Z
vrf/VFR40_20_7_Gap,Small,40,20,IG,123,3282,4.687160666988348,1.1713933415536375,run-20260706-015954-4575,2026-07-06T01:59:54Z
vrf/VFR40_20_7_Gap,Small,40,20,IG,456,3276,4.4251301670010434,0.9864364981504316,run-20260706-015959-cefb,2026-07-06T01:59:59Z
vrf/VFR40_20_7_Gap,Small,40,20,IG,789,3268,4.424234874997637,0.7398273736128237,run-20260706-020003-ff12,2026-07-06T02:00:03Z
vrf/VFR40_20_7_Gap,Small,40,20,IG,2025,3292,4.739529124999535,1.4796547472256474,run-20260706-020008-4261,2026-07-06T02:00:08Z
vrf/VFR40_20_8_Gap,Small,40,20,IG,42,3320,4.989622792010778,1.653398652786283,run-20260706-020013-d1ec,2026-07-06T02:00:13Z
vrf/VFR40_20_8_Gap,Small,40,20,IG,123,3309,4.99367962499673,1.3165952235150031,run-20260706-020018-8242,2026-07-06T02:00:18Z
vrf/VFR40_20_8_Gap,Small,40,20,IG,456,3313,4.6416173330071615,1.4390691977954684,run-20260706-020023-5dbf,2026-07-06T02:00:23Z
vrf/VFR40_20_8_Gap,Small,40,20,IG,789,3320,4.734966666990658,1.653398652786283,run-20260706-020027-b968,2026-07-06T02:00:27Z
vrf/VFR40_20_8_Gap,Small,40,20,IG,2025,3322,4.536898417005432,1.7146356399265157,run-20260706-020032-edd4,2026-07-06T02:00:32Z
vrf/VFR40_20_9_Gap,Small,40,20,IG,42,3374,4.946964999995544,1.169415292353823,run-20260706-020037-1032,2026-07-06T02:00:37Z
vrf/VFR40_20_9_Gap,Small,40,20,IG,123,3371,4.88181320799049,1.0794602698650675,run-20260706-020042-8abc,2026-07-06T02:00:42Z
vrf/VFR40_20_9_Gap,Small,40,20,IG,456,3363,4.689227333001327,0.8395802098950524,run-20260706-020046-abea,2026-07-06T02:00:46Z
vrf/VFR40_20_9_Gap,Small,40,20,IG,789,3387,4.898235040993313,1.5592203898050974,run-20260706-020051-d863,2026-07-06T02:00:51Z
vrf/VFR40_20_9_Gap,Small,40,20,IG,2025,3372,4.757730167009868,1.1094452773613193,run-20260706-020056-9190,2026-07-06T02:00:56Z
vrf/VFR40_5_10_Gap,Small,40,5,IG,42,2348,1.029240417003166,0.0,run-20260706-020057-0aee,2026-07-06T02:00:57Z
vrf/VFR40_5_10_Gap,Small,40,5,IG,123,2348,1.0477827909926418,0.0,run-20260706-020058-ccf9,2026-07-06T02:00:58Z
vrf/VFR40_5_10_Gap,Small,40,5,IG,456,2348,1.0858740830008173,0.0,run-20260706-020059-3302,2026-07-06T02:00:59Z
vrf/VFR40_5_10_Gap,Small,40,5,IG,789,2348,1.04828158399323,0.0,run-20260706-020100-0d97,2026-07-06T02:01:00Z
vrf/VFR40_5_10_Gap,Small,40,5,IG,2025,2348,1.0135274159983965,0.0,run-20260706-020101-1908,2026-07-06T02:01:01Z
vrf/VFR40_5_1_Gap,Small,40,5,IG,42,2396,0.8613824579952052,0.0,run-20260706-020102-c53a,2026-07-06T02:01:02Z
vrf/VFR40_5_1_Gap,Small,40,5,IG,123,2396,0.8711741669976618,0.0,run-20260706-020103-5775,2026-07-06T02:01:03Z
vrf/VFR40_5_1_Gap,Small,40,5,IG,456,2396,0.9034729999984847,0.0,run-20260706-020104-8e2e,2026-07-06T02:01:04Z
vrf/VFR40_5_1_Gap,Small,40,5,IG,789,2396,0.8742221669963328,0.0,run-20260706-020105-7653,2026-07-06T02:01:05Z
vrf/VFR40_5_1_Gap,Small,40,5,IG,2025,2396,0.8749475829972653,0.0,run-20260706-020106-15d9,2026-07-06T02:01:06Z
vrf/VFR40_5_2_Gap,Small,40,5,IG,42,2442,1.240622915996937,0.0,run-20260706-020107-bdb0,2026-07-06T02:01:07Z
vrf/VFR40_5_2_Gap,Small,40,5,IG,123,2442,1.2712283750006463,0.0,run-20260706-020108-4a91,2026-07-06T02:01:08Z
vrf/VFR40_5_2_Gap,Small,40,5,IG,456,2442,1.2341803750023246,0.0,run-20260706-020109-5f9f,2026-07-06T02:01:09Z
vrf/VFR40_5_2_Gap,Small,40,5,IG,789,2442,1.2252715000067838,0.0,run-20260706-020111-3778,2026-07-06T02:01:11Z
vrf/VFR40_5_2_Gap,Small,40,5,IG,2025,2442,1.2446551250031916,0.0,run-20260706-020112-db05,2026-07-06T02:01:12Z
vrf/VFR40_5_3_Gap,Small,40,5,IG,42,2174,1.151192749995971,0.0,run-20260706-020113-fb91,2026-07-06T02:01:13Z
vrf/VFR40_5_3_Gap,Small,40,5,IG,123,2174,1.1309420409961604,0.0,run-20260706-020114-873f,2026-07-06T02:01:14Z
vrf/VFR40_5_3_Gap,Small,40,5,IG,456,2174,1.1868452500057174,0.0,run-20260706-020115-c2e5,2026-07-06T02:01:15Z
vrf/VFR40_5_3_Gap,Small,40,5,IG,789,2174,1.1308125420036959,0.0,run-20260706-020117-fdd6,2026-07-06T02:01:17Z
vrf/VFR40_5_3_Gap,Small,40,5,IG,2025,2174,1.1249745419918327,0.0,run-20260706-020118-d03d,2026-07-06T02:01:18Z
vrf/VFR40_5_4_Gap,Small,40,5,IG,42,2149,1.1526948750106385,0.0,run-20260706-020119-8642,2026-07-06T02:01:19Z
vrf/VFR40_5_4_Gap,Small,40,5,IG,123,2149,1.0899784590001218,0.0,run-20260706-020120-d8e3,2026-07-06T02:01:20Z
vrf/VFR40_5_4_Gap,Small,40,5,IG,456,2149,1.1025202919990988,0.0,run-20260706-020121-da4f,2026-07-06T02:01:21Z
vrf/VFR40_5_4_Gap,Small,40,5,IG,789,2149,1.1092587919993093,0.0,run-20260706-020122-5ddb,2026-07-06T02:01:22Z
vrf/VFR40_5_4_Gap,Small,40,5,IG,2025,2149,1.091637792007532,0.0,run-20260706-020123-958b,2026-07-06T02:01:23Z
vrf/VFR40_5_5_Gap,Small,40,5,IG,42,2251,1.2150250830018194,0.1780151312861593,run-20260706-020125-61cf,2026-07-06T02:01:25Z
vrf/VFR40_5_5_Gap,Small,40,5,IG,123,2251,1.2213239160046214,0.1780151312861593,run-20260706-020126-c13d,2026-07-06T02:01:26Z
vrf/VFR40_5_5_Gap,Small,40,5,IG,456,2251,1.2578691249946132,0.1780151312861593,run-20260706-020127-12ad,2026-07-06T02:01:27Z
vrf/VFR40_5_5_Gap,Small,40,5,IG,789,2251,1.2675128750124713,0.1780151312861593,run-20260706-020128-9b35,2026-07-06T02:01:28Z
vrf/VFR40_5_5_Gap,Small,40,5,IG,2025,2251,1.234480209008325,0.1780151312861593,run-20260706-020130-6ed3,2026-07-06T02:01:30Z
vrf/VFR40_5_6_Gap,Small,40,5,IG,42,2154,1.0930768340040231,0.0,run-20260706-020131-0759,2026-07-06T02:01:31Z
vrf/VFR40_5_6_Gap,Small,40,5,IG,123,2154,0.9789224590058438,0.0,run-20260706-020132-35a5,2026-07-06T02:01:32Z
vrf/VFR40_5_6_Gap,Small,40,5,IG,456,2154,1.0014005410048412,0.0,run-20260706-020133-f042,2026-07-06T02:01:33Z
vrf/VFR40_5_6_Gap,Small,40,5,IG,789,2154,1.0264935409941245,0.0,run-20260706-020134-85e4,2026-07-06T02:01:34Z
vrf/VFR40_5_6_Gap,Small,40,5,IG,2025,2154,1.0135200840013567,0.0,run-20260706-020135-b8e5,2026-07-06T02:01:35Z
vrf/VFR40_5_7_Gap,Small,40,5,IG,42,2211,1.241431874994305,0.18124150430448574,run-20260706-020136-f40f,2026-07-06T02:01:36Z
vrf/VFR40_5_7_Gap,Small,40,5,IG,123,2211,1.3432608750008512,0.18124150430448574,run-20260706-020137-d5ec,2026-07-06T02:01:37Z
vrf/VFR40_5_7_Gap,Small,40,5,IG,456,2211,1.305829332995927,0.18124150430448574,run-20260706-020139-d22f,2026-07-06T02:01:39Z
vrf/VFR40_5_7_Gap,Small,40,5,IG,789,2211,1.3179220000019995,0.18124150430448574,run-20260706-020140-e4b1,2026-07-06T02:01:40Z
vrf/VFR40_5_7_Gap,Small,40,5,IG,2025,2211,1.2659999589959625,0.18124150430448574,run-20260706-020141-7313,2026-07-06T02:01:41Z
vrf/VFR40_5_8_Gap,Small,40,5,IG,42,2414,0.9907317500037607,0.0,run-20260706-020142-9296,2026-07-06T02:01:42Z
vrf/VFR40_5_8_Gap,Small,40,5,IG,123,2414,1.0417626249982277,0.0,run-20260706-020143-b060,2026-07-06T02:01:43Z
vrf/VFR40_5_8_Gap,Small,40,5,IG,456,2414,1.0471424160059541,0.0,run-20260706-020144-e48c,2026-07-06T02:01:44Z
vrf/VFR40_5_8_Gap,Small,40,5,IG,789,2414,0.9928317080048146,0.0,run-20260706-020145-470f,2026-07-06T02:01:45Z
vrf/VFR40_5_8_Gap,Small,40,5,IG,2025,2414,1.046692375006387,0.0,run-20260706-020146-50af,2026-07-06T02:01:46Z
vrf/VFR40_5_9_Gap,Small,40,5,IG,42,2305,1.2876854999922216,0.0,run-20260706-020148-25fe,2026-07-06T02:01:48Z
vrf/VFR40_5_9_Gap,Small,40,5,IG,123,2305,1.2858075839903904,0.0,run-20260706-020149-3460,2026-07-06T02:01:49Z
vrf/VFR40_5_9_Gap,Small,40,5,IG,456,2305,1.4396169170067878,0.0,run-20260706-020150-56e0,2026-07-06T02:01:50Z
vrf/VFR40_5_9_Gap,Small,40,5,IG,789,2305,1.349064416004694,0.0,run-20260706-020152-25a9,2026-07-06T02:01:52Z
vrf/VFR40_5_9_Gap,Small,40,5,IG,2025,2305,1.3742547080037184,0.0,run-20260706-020153-e511,2026-07-06T02:01:53Z
vrf/VFR50_10_10_Gap,Small,50,10,IG,42,3091,3.6799189590092283,1.1452879581151831,run-20260706-020157-e370,2026-07-06T02:01:57Z
vrf/VFR50_10_10_Gap,Small,50,10,IG,123,3083,3.5586594589985907,0.8835078534031413,run-20260706-020200-0342,2026-07-06T02:02:00Z
vrf/VFR50_10_10_Gap,Small,50,10,IG,456,3091,3.341404833001434,1.1452879581151831,run-20260706-020204-027a,2026-07-06T02:02:04Z
vrf/VFR50_10_10_Gap,Small,50,10,IG,789,3091,3.40310424999916,1.1452879581151831,run-20260706-020207-2d48,2026-07-06T02:02:07Z
vrf/VFR50_10_10_Gap,Small,50,10,IG,2025,3078,3.422135333006736,0.7198952879581152,run-20260706-020211-bef1,2026-07-06T02:02:11Z
vrf/VFR50_10_1_Gap,Small,50,10,IG,42,2966,3.487308915995527,1.367053998632946,run-20260706-020214-84a0,2026-07-06T02:02:14Z
vrf/VFR50_10_1_Gap,Small,50,10,IG,123,2949,3.5537673340004403,0.7860560492139439,run-20260706-020218-31d7,2026-07-06T02:02:18Z
vrf/VFR50_10_1_Gap,Small,50,10,IG,456,2937,3.8013332080008695,0.37593984962406013,run-20260706-020221-75a7,2026-07-06T02:02:21Z
vrf/VFR50_10_1_Gap,Small,50,10,IG,789,2940,3.392099208998843,0.4784688995215311,run-20260706-020225-2299,2026-07-06T02:02:25Z
vrf/VFR50_10_1_Gap,Small,50,10,IG,2025,2946,3.5297412920044735,0.683526999316473,run-20260706-020228-ff74,2026-07-06T02:02:28Z
vrf/VFR50_10_2_Gap,Small,50,10,IG,42,3040,3.1905640000040876,0.16474464579901152,run-20260706-020232-65a0,2026-07-06T02:02:32Z
vrf/VFR50_10_2_Gap,Small,50,10,IG,123,3040,3.1238854999974137,0.16474464579901152,run-20260706-020235-0f2d,2026-07-06T02:02:35Z
vrf/VFR50_10_2_Gap,Small,50,10,IG,456,3040,3.0562957500078483,0.16474464579901152,run-20260706-020238-c7a7,2026-07-06T02:02:38Z
vrf/VFR50_10_2_Gap,Small,50,10,IG,789,3040,3.1979272500029765,0.16474464579901152,run-20260706-020241-eea6,2026-07-06T02:02:41Z
vrf/VFR50_10_2_Gap,Small,50,10,IG,2025,3040,3.233025041001383,0.16474464579901152,run-20260706-020244-b6da,2026-07-06T02:02:44Z
vrf/VFR50_10_3_Gap,Small,50,10,IG,42,3050,3.5843627909926,1.0268300761841669,run-20260706-020248-c408,2026-07-06T02:02:48Z
vrf/VFR50_10_3_Gap,Small,50,10,IG,123,3024,3.954256416996941,0.16561775422325273,run-20260706-020252-f14b,2026-07-06T02:02:52Z
vrf/VFR50_10_3_Gap,Small,50,10,IG,456,3031,3.7262012920109555,0.39748261013580655,run-20260706-020255-4f0e,2026-07-06T02:02:55Z
vrf/VFR50_10_3_Gap,Small,50,10,IG,789,3038,3.509874541006866,0.6293474660483603,run-20260706-020259-3f16,2026-07-06T02:02:59Z
vrf/VFR50_10_3_Gap,Small,50,10,IG,2025,3050,3.4567754160088953,1.0268300761841669,run-20260706-020302-1433,2026-07-06T02:03:02Z
vrf/VFR50_10_4_Gap,Small,50,10,IG,42,3035,3.4185056669957703,1.0656010656010657,run-20260706-020306-349b,2026-07-06T02:03:06Z
vrf/VFR50_10_4_Gap,Small,50,10,IG,123,3034,3.402770499989856,1.0323010323010322,run-20260706-020309-053e,2026-07-06T02:03:09Z
vrf/VFR50_10_4_Gap,Small,50,10,IG,456,3034,3.3789015420043143,1.0323010323010322,run-20260706-020313-f022,2026-07-06T02:03:13Z
vrf/VFR50_10_4_Gap,Small,50,10,IG,789,3034,3.4989439159980975,1.0323010323010322,run-20260706-020316-e8c8,2026-07-06T02:03:16Z
vrf/VFR50_10_4_Gap,Small,50,10,IG,2025,3033,3.47926500000176,0.999000999000999,run-20260706-020320-39cc,2026-07-06T02:03:20Z
vrf/VFR50_10_5_Gap,Small,50,10,IG,42,3268,2.957859250003821,0.4920049200492005,run-20260706-020323-bd3f,2026-07-06T02:03:23Z
vrf/VFR50_10_5_Gap,Small,50,10,IG,123,3263,2.9064567500026897,0.33825338253382536,run-20260706-020326-9415,2026-07-06T02:03:26Z
vrf/VFR50_10_5_Gap,Small,50,10,IG,456,3268,2.9342474579898408,0.4920049200492005,run-20260706-020328-9168,2026-07-06T02:03:28Z
vrf/VFR50_10_5_Gap,Small,50,10,IG,789,3268,2.9944453750067623,0.4920049200492005,run-20260706-020331-799a,2026-07-06T02:03:31Z
vrf/VFR50_10_5_Gap,Small,50,10,IG,2025,3268,3.0524724170099944,0.4920049200492005,run-20260706-020335-0ac2,2026-07-06T02:03:35Z
vrf/VFR50_10_6_Gap,Small,50,10,IG,42,3149,2.694268666993594,0.0,run-20260706-020337-e057,2026-07-06T02:03:37Z
vrf/VFR50_10_6_Gap,Small,50,10,IG,123,3149,2.731405334008741,0.0,run-20260706-020340-487c,2026-07-06T02:03:40Z
vrf/VFR50_10_6_Gap,Small,50,10,IG,456,3149,2.628980749999755,0.0,run-20260706-020343-5e04,2026-07-06T02:03:43Z
vrf/VFR50_10_6_Gap,Small,50,10,IG,789,3149,2.7764900420006597,0.0,run-20260706-020345-dfb6,2026-07-06T02:03:45Z
vrf/VFR50_10_6_Gap,Small,50,10,IG,2025,3149,2.719131457997719,0.0,run-20260706-020348-2799,2026-07-06T02:03:48Z
vrf/VFR50_10_7_Gap,Small,50,10,IG,42,2885,3.273194624998723,1.5130190007037299,run-20260706-020351-e6d1,2026-07-06T02:03:51Z
vrf/VFR50_10_7_Gap,Small,50,10,IG,123,2869,3.486389917001361,0.9500351864883885,run-20260706-020355-7dad,2026-07-06T02:03:55Z
vrf/VFR50_10_7_Gap,Small,50,10,IG,456,2885,3.249561625008937,1.5130190007037299,run-20260706-020358-be11,2026-07-06T02:03:58Z
vrf/VFR50_10_7_Gap,Small,50,10,IG,789,2885,3.649459542008117,1.5130190007037299,run-20260706-020402-a8b4,2026-07-06T02:04:02Z
vrf/VFR50_10_7_Gap,Small,50,10,IG,2025,2885,3.407334916992113,1.5130190007037299,run-20260706-020405-e961,2026-07-06T02:04:05Z
vrf/VFR50_10_8_Gap,Small,50,10,IG,42,3101,3.647801625003922,0.9440104166666666,run-20260706-020409-58e7,2026-07-06T02:04:09Z
vrf/VFR50_10_8_Gap,Small,50,10,IG,123,3106,3.69031991699012,1.1067708333333333,run-20260706-020413-e619,2026-07-06T02:04:13Z
vrf/VFR50_10_8_Gap,Small,50,10,IG,456,3102,3.411200625007041,0.9765625,run-20260706-020416-d647,2026-07-06T02:04:16Z
vrf/VFR50_10_8_Gap,Small,50,10,IG,789,3107,3.677309167003841,1.1393229166666667,run-20260706-020420-2122,2026-07-06T02:04:20Z
vrf/VFR50_10_8_Gap,Small,50,10,IG,2025,3108,3.6264395409962162,1.171875,run-20260706-020423-d70d,2026-07-06T02:04:23Z
vrf/VFR50_10_9_Gap,Small,50,10,IG,42,3022,3.13519112499489,0.0,run-20260706-020426-1ceb,2026-07-06T02:04:26Z
vrf/VFR50_10_9_Gap,Small,50,10,IG,123,3022,3.1422695410001324,0.0,run-20260706-020430-b19e,2026-07-06T02:04:30Z
vrf/VFR50_10_9_Gap,Small,50,10,IG,456,3022,3.414391166996211,0.0,run-20260706-020433-0048,2026-07-06T02:04:33Z
vrf/VFR50_10_9_Gap,Small,50,10,IG,789,3022,3.0553144170116866,0.0,run-20260706-020436-eafb,2026-07-06T02:04:36Z
vrf/VFR50_10_9_Gap,Small,50,10,IG,2025,3022,3.029322458009119,0.0,run-20260706-020439-6464,2026-07-06T02:04:39Z
vrf/VFR50_15_10_Gap,Small,50,15,IG,42,3441,4.75922433300002,1.235657546337158,run-20260706-020444-7292,2026-07-06T02:04:44Z
vrf/VFR50_15_10_Gap,Small,50,15,IG,123,3424,4.881477999995695,0.7355104442483084,run-20260706-020449-6d6b,2026-07-06T02:04:49Z
vrf/VFR50_15_10_Gap,Small,50,15,IG,456,3457,4.731994374989881,1.7063842306560753,run-20260706-020453-a167,2026-07-06T02:04:53Z
vrf/VFR50_15_10_Gap,Small,50,15,IG,789,3453,5.098907749998034,1.588702559576346,run-20260706-020459-d608,2026-07-06T02:04:59Z
vrf/VFR50_15_10_Gap,Small,50,15,IG,2025,3443,5.131469708998338,1.2944983818770226,run-20260706-020504-b7b7,2026-07-06T02:05:04Z
vrf/VFR50_15_1_Gap,Small,50,15,IG,42,3367,4.98338416700426,1.5379975874547647,run-20260706-020509-20eb,2026-07-06T02:05:09Z
vrf/VFR50_15_1_Gap,Small,50,15,IG,123,3352,5.203105249995133,1.0856453558504222,run-20260706-020514-d669,2026-07-06T02:05:14Z
vrf/VFR50_15_1_Gap,Small,50,15,IG,456,3371,4.851840083996649,1.6586248492159228,run-20260706-020519-36a2,2026-07-06T02:05:19Z
vrf/VFR50_15_1_Gap,Small,50,15,IG,789,3356,4.396043875007308,1.2062726176115801,run-20260706-020523-6469,2026-07-06T02:05:23Z
vrf/VFR50_15_1_Gap,Small,50,15,IG,2025,3352,5.15974758399534,1.0856453558504222,run-20260706-020528-edc5,2026-07-06T02:05:28Z
vrf/VFR50_15_2_Gap,Small,50,15,IG,42,3419,4.89551279200532,2.151180161338512,run-20260706-020533-a8ee,2026-07-06T02:05:33Z
vrf/VFR50_15_2_Gap,Small,50,15,IG,123,3391,4.83697962500446,1.3146100985957574,run-20260706-020538-aec6,2026-07-06T02:05:38Z
vrf/VFR50_15_2_Gap,Small,50,15,IG,456,3419,5.81414595800743,2.151180161338512,run-20260706-020544-f5eb,2026-07-06T02:05:44Z
vrf/VFR50_15_2_Gap,Small,50,15,IG,789,3418,5.332328790987958,2.1213026590976996,run-20260706-020549-f569,2026-07-06T02:05:49Z
vrf/VFR50_15_2_Gap,Small,50,15,IG,2025,3414,4.840005040998221,2.001792650134449,run-20260706-020554-0fbc,2026-07-06T02:05:54Z
vrf/VFR50_15_3_Gap,Small,50,15,IG,42,3349,4.707474749986432,1.4541048167222055,run-20260706-020559-dc8f,2026-07-06T02:05:59Z
vrf/VFR50_15_3_Gap,Small,50,15,IG,123,3351,4.9668544580054,1.514692517418964,run-20260706-020604-39dc,2026-07-06T02:06:04Z
vrf/VFR50_15_3_Gap,Small,50,15,IG,456,3348,5.264841416006675,1.423810966373826,run-20260706-020609-80f5,2026-07-06T02:06:09Z
vrf/VFR50_15_3_Gap,Small,50,15,IG,789,3358,4.9216188749996945,1.726749469857619,run-20260706-020614-47ec,2026-07-06T02:06:14Z
vrf/VFR50_15_3_Gap,Small,50,15,IG,2025,3354,5.0757632500026375,1.6055740684641018,run-20260706-020619-3e3c,2026-07-06T02:06:19Z
vrf/VFR50_15_4_Gap,Small,50,15,IG,42,3539,4.7246825830079615,0.511218403862539,run-20260706-020624-a169,2026-07-06T02:06:24Z
vrf/VFR50_15_4_Gap,Small,50,15,IG,123,3552,4.746758249995764,0.8804316955410395,run-20260706-020629-854e,2026-07-06T02:06:29Z
vrf/VFR50_15_4_Gap,Small,50,15,IG,456,3570,4.928473042004043,1.3916500994035785,run-20260706-020633-c3d8,2026-07-06T02:06:33Z
vrf/VFR50_15_4_Gap,Small,50,15,IG,789,3548,4.829923625002266,0.7668276057938086,run-20260706-020638-f266,2026-07-06T02:06:38Z
vrf/VFR50_15_4_Gap,Small,50,15,IG,2025,3557,5.213126375005231,1.022436807725078,run-20260706-020644-5169,2026-07-06T02:06:44Z
vrf/VFR50_15_5_Gap,Small,50,15,IG,42,3370,5.653382499993313,1.0797840431913617,run-20260706-020649-3f1a,2026-07-06T02:06:49Z
vrf/VFR50_15_5_Gap,Small,50,15,IG,123,3383,5.022605999998632,1.4697060587882425,run-20260706-020654-a4c8,2026-07-06T02:06:54Z
vrf/VFR50_15_5_Gap,Small,50,15,IG,456,3370,4.927072999998927,1.0797840431913617,run-20260706-020659-4936,2026-07-06T02:06:59Z
vrf/VFR50_15_5_Gap,Small,50,15,IG,789,3383,4.7337291660078336,1.4697060587882425,run-20260706-020704-1d14,2026-07-06T02:07:04Z
vrf/VFR50_15_5_Gap,Small,50,15,IG,2025,3386,5.09243287499703,1.5596880623875224,run-20260706-020709-8a76,2026-07-06T02:07:09Z
vrf/VFR50_15_6_Gap,Small,50,15,IG,42,3385,4.97440458300116,1.1655708308427974,run-20260706-020714-2e4a,2026-07-06T02:07:14Z
vrf/VFR50_15_6_Gap,Small,50,15,IG,123,3402,5.238377083005616,1.6736401673640167,run-20260706-020719-4ca4,2026-07-06T02:07:19Z
vrf/VFR50_15_6_Gap,Small,50,15,IG,456,3401,4.547354459005874,1.643753735803945,run-20260706-020724-e407,2026-07-06T02:07:24Z
vrf/VFR50_15_6_Gap,Small,50,15,IG,789,3387,5.018940249996376,1.2253436939629407,run-20260706-020729-412c,2026-07-06T02:07:29Z
vrf/VFR50_15_6_Gap,Small,50,15,IG,2025,3393,4.9745640409964835,1.4046622833233713,run-20260706-020734-87b2,2026-07-06T02:07:34Z
vrf/VFR50_15_7_Gap,Small,50,15,IG,42,3513,4.9150705829961225,0.6590257879656161,run-20260706-020739-64a3,2026-07-06T02:07:39Z
vrf/VFR50_15_7_Gap,Small,50,15,IG,123,3535,4.995580457994947,1.2893982808022924,run-20260706-020744-ca5c,2026-07-06T02:07:44Z
vrf/VFR50_15_7_Gap,Small,50,15,IG,456,3542,4.529566416007583,1.489971346704871,run-20260706-020748-0a0a,2026-07-06T02:07:48Z
vrf/VFR50_15_7_Gap,Small,50,15,IG,789,3542,4.773551042002509,1.489971346704871,run-20260706-020753-c5e2,2026-07-06T02:07:53Z
vrf/VFR50_15_7_Gap,Small,50,15,IG,2025,3504,4.766433874989161,0.40114613180515757,run-20260706-020758-387f,2026-07-06T02:07:58Z
vrf/VFR50_15_8_Gap,Small,50,15,IG,42,3485,5.233294958001352,1.6034985422740524,run-20260706-020803-7083,2026-07-06T02:08:03Z
vrf/VFR50_15_8_Gap,Small,50,15,IG,123,3468,4.9896099170000525,1.1078717201166182,run-20260706-020808-3818,2026-07-06T02:08:08Z
vrf/VFR50_15_8_Gap,Small,50,15,IG,456,3460,5.127872084005503,0.8746355685131195,run-20260706-020813-a7a2,2026-07-06T02:08:13Z
vrf/VFR50_15_8_Gap,Small,50,15,IG,789,3458,5.163065999993705,0.8163265306122449,run-20260706-020818-4b30,2026-07-06T02:08:18Z
vrf/VFR50_15_8_Gap,Small,50,15,IG,2025,3509,5.288109874993097,2.303206997084548,run-20260706-020824-e3b4,2026-07-06T02:08:24Z
vrf/VFR50_15_9_Gap,Small,50,15,IG,42,3236,5.220494499997585,0.9672386895475819,run-20260706-020829-6baf,2026-07-06T02:08:29Z
vrf/VFR50_15_9_Gap,Small,50,15,IG,123,3238,4.799542042004759,1.029641185647426,run-20260706-020834-66ff,2026-07-06T02:08:34Z
vrf/VFR50_15_9_Gap,Small,50,15,IG,456,3239,5.0455622089939425,1.0608424336973479,run-20260706-020839-acfe,2026-07-06T02:08:39Z
vrf/VFR50_15_9_Gap,Small,50,15,IG,789,3245,4.896167833008803,1.24804992199688,run-20260706-020844-877d,2026-07-06T02:08:44Z
vrf/VFR50_15_9_Gap,Small,50,15,IG,2025,3227,4.8053812500002095,0.6864274570982839,run-20260706-020848-5215,2026-07-06T02:08:48Z
vrf/VFR50_20_10_Gap,Small,50,20,IG,42,3817,6.278886458996567,1.2735473600424516,run-20260706-020855-6b60,2026-07-06T02:08:55Z
vrf/VFR50_20_10_Gap,Small,50,20,IG,123,3834,6.2725043749960605,1.7245953833908199,run-20260706-020901-9e40,2026-07-06T02:09:01Z
vrf/VFR50_20_10_Gap,Small,50,20,IG,456,3813,6.326604082991253,1.1674184133722474,run-20260706-020907-3fe0,2026-07-06T02:09:07Z
vrf/VFR50_20_10_Gap,Small,50,20,IG,789,3812,6.568058415999985,1.1408861767046963,run-20260706-020914-5fc3,2026-07-06T02:09:14Z
vrf/VFR50_20_10_Gap,Small,50,20,IG,2025,3803,6.773196791997179,0.9020960466967365,run-20260706-020921-9d23,2026-07-06T02:09:21Z
vrf/VFR50_20_1_Gap,Small,50,20,IG,42,3774,6.267877000005683,2.1933387489845653,run-20260706-020927-d8f1,2026-07-06T02:09:27Z
vrf/VFR50_20_1_Gap,Small,50,20,IG,123,3773,7.70316108300176,2.166260492824262,run-20260706-020935-3d14,2026-07-06T02:09:35Z
vrf/VFR50_20_1_Gap,Small,50,20,IG,456,3744,7.454170875003911,1.380991064175467,run-20260706-020942-5f20,2026-07-06T02:09:42Z
vrf/VFR50_20_1_Gap,Small,50,20,IG,789,3745,7.075112041988177,1.4080693203357704,run-20260706-020949-9ea8,2026-07-06T02:09:49Z
vrf/VFR50_20_1_Gap,Small,50,20,IG,2025,3742,6.20170775000588,1.3268345518548605,run-20260706-020955-315d,2026-07-06T02:09:55Z
vrf/VFR50_20_2_Gap,Small,50,20,IG,42,3758,6.693702833988937,1.0486689970422156,run-20260706-021002-b39d,2026-07-06T02:10:02Z
vrf/VFR50_20_2_Gap,Small,50,20,IG,123,3758,6.200295958013157,1.0486689970422156,run-20260706-021008-d91c,2026-07-06T02:10:08Z
vrf/VFR50_20_2_Gap,Small,50,20,IG,456,3781,6.573213584008045,1.6671148158107019,run-20260706-021015-ce51,2026-07-06T02:10:15Z
vrf/VFR50_20_2_Gap,Small,50,20,IG,789,3770,6.391110999989905,1.3713363807475127,run-20260706-021021-163a,2026-07-06T02:10:21Z
vrf/VFR50_20_2_Gap,Small,50,20,IG,2025,3765,6.212014958000509,1.2368916375369723,run-20260706-021027-37e8,2026-07-06T02:10:27Z
vrf/VFR50_20_3_Gap,Small,50,20,IG,42,3813,6.176662042009411,0.766384778012685,run-20260706-021034-cc8c,2026-07-06T02:10:34Z
vrf/VFR50_20_3_Gap,Small,50,20,IG,123,3826,6.544572208003956,1.109936575052854,run-20260706-021040-2eb8,2026-07-06T02:10:40Z
vrf/VFR50_20_3_Gap,Small,50,20,IG,456,3811,6.285816000003251,0.7135306553911205,run-20260706-021047-12ad,2026-07-06T02:10:47Z
vrf/VFR50_20_3_Gap,Small,50,20,IG,789,3823,6.3568358330085175,1.0306553911205074,run-20260706-021053-8009,2026-07-06T02:10:53Z
vrf/VFR50_20_3_Gap,Small,50,20,IG,2025,3835,6.425951290992089,1.3477801268498943,run-20260706-021059-59d3,2026-07-06T02:10:59Z
vrf/VFR50_20_4_Gap,Small,50,20,IG,42,3773,6.361048040998867,1.7255324885413859,run-20260706-021106-7387,2026-07-06T02:11:06Z
vrf/VFR50_20_4_Gap,Small,50,20,IG,123,3750,6.099136750010075,1.1054192504718252,run-20260706-021112-c36a,2026-07-06T02:11:12Z
vrf/VFR50_20_4_Gap,Small,50,20,IG,456,3723,6.119776292005554,0.37746023186842814,run-20260706-021118-bee7,2026-07-06T02:11:18Z
vrf/VFR50_20_4_Gap,Small,50,20,IG,789,3764,6.083228667004732,1.4828794823402534,run-20260706-021124-f930,2026-07-06T02:11:24Z
vrf/VFR50_20_4_Gap,Small,50,20,IG,2025,3759,6.490783750006813,1.3480722566729577,run-20260706-021130-51f3,2026-07-06T02:11:30Z
vrf/VFR50_20_5_Gap,Small,50,20,IG,42,3673,6.577580041994224,1.1288546255506609,run-20260706-021137-1b06,2026-07-06T02:11:37Z
vrf/VFR50_20_5_Gap,Small,50,20,IG,123,3681,6.3886430420097895,1.3491189427312775,run-20260706-021143-d5c7,2026-07-06T02:11:43Z
vrf/VFR50_20_5_Gap,Small,50,20,IG,456,3711,6.048974749995978,2.1751101321585904,run-20260706-021150-60e8,2026-07-06T02:11:50Z
vrf/VFR50_20_5_Gap,Small,50,20,IG,789,3670,6.420981333998498,1.0462555066079295,run-20260706-021156-c011,2026-07-06T02:11:56Z
vrf/VFR50_20_5_Gap,Small,50,20,IG,2025,3679,7.058507416004431,1.2940528634361232,run-20260706-021203-8655,2026-07-06T02:12:03Z
vrf/VFR50_20_6_Gap,Small,50,20,IG,42,3835,6.401842417006264,1.0540184453227932,run-20260706-021209-d16d,2026-07-06T02:12:09Z
vrf/VFR50_20_6_Gap,Small,50,20,IG,123,3842,6.52986233298725,1.238471673254282,run-20260706-021216-e3e9,2026-07-06T02:12:16Z
vrf/VFR50_20_6_Gap,Small,50,20,IG,456,3858,6.453705209001782,1.6600790513833992,run-20260706-021222-cf40,2026-07-06T02:12:22Z
vrf/VFR50_20_6_Gap,Small,50,20,IG,789,3875,6.365661416988587,2.1080368906455864,run-20260706-021229-ddc4,2026-07-06T02:12:29Z
vrf/VFR50_20_6_Gap,Small,50,20,IG,2025,3871,6.049390875006793,2.002635046113307,run-20260706-021235-ac3f,2026-07-06T02:12:35Z
vrf/VFR50_20_7_Gap,Small,50,20,IG,42,3789,6.185571333000553,2.5162337662337664,run-20260706-021241-195d,2026-07-06T02:12:41Z
vrf/VFR50_20_7_Gap,Small,50,20,IG,123,3771,6.78930804200354,2.029220779220779,run-20260706-021248-353a,2026-07-06T02:12:48Z
vrf/VFR50_20_7_Gap,Small,50,20,IG,456,3764,6.412807583008544,1.8398268398268398,run-20260706-021254-4333,2026-07-06T02:12:54Z
vrf/VFR50_20_7_Gap,Small,50,20,IG,789,3774,6.7782777920074295,2.1103896103896105,run-20260706-021301-7da3,2026-07-06T02:13:01Z
vrf/VFR50_20_7_Gap,Small,50,20,IG,2025,3786,6.4570342090009945,2.435064935064935,run-20260706-021308-6a6f,2026-07-06T02:13:08Z
vrf/VFR50_20_8_Gap,Small,50,20,IG,42,3848,6.4375402919977205,1.7182130584192439,run-20260706-021314-a2c3,2026-07-06T02:13:14Z
vrf/VFR50_20_8_Gap,Small,50,20,IG,123,3840,6.474746374995448,1.506740681998414,run-20260706-021320-f1d8,2026-07-06T02:13:20Z
vrf/VFR50_20_8_Gap,Small,50,20,IG,456,3817,6.289477958998759,0.8987575997885277,run-20260706-021327-c5b4,2026-07-06T02:13:27Z
vrf/VFR50_20_8_Gap,Small,50,20,IG,789,3832,11.466890208001132,1.295268305577584,run-20260706-021338-82d1,2026-07-06T02:13:38Z
vrf/VFR50_20_8_Gap,Small,50,20,IG,2025,3823,8.000493583997013,1.0573618821041502,run-20260706-021346-21d8,2026-07-06T02:13:46Z
vrf/VFR50_20_9_Gap,Small,50,20,IG,42,3876,6.485356709003099,1.5723270440251573,run-20260706-021353-6330,2026-07-06T02:13:53Z
vrf/VFR50_20_9_Gap,Small,50,20,IG,123,3862,6.721977332999813,1.2054507337526206,run-20260706-021359-c192,2026-07-06T02:13:59Z
vrf/VFR50_20_9_Gap,Small,50,20,IG,456,3868,6.403980208997382,1.3626834381551363,run-20260706-021406-1087,2026-07-06T02:14:06Z
vrf/VFR50_20_9_Gap,Small,50,20,IG,789,3853,7.200191333002294,0.9696016771488469,run-20260706-021413-1ae1,2026-07-06T02:14:13Z
vrf/VFR50_20_9_Gap,Small,50,20,IG,2025,3862,6.836415750003653,1.2054507337526206,run-20260706-021420-98c1,2026-07-06T02:14:20Z
vrf/VFR50_5_10_Gap,Small,50,5,IG,42,2834,1.3655490420060232,0.0,run-20260706-021421-51a9,2026-07-06T02:14:21Z
vrf/VFR50_5_10_Gap,Small,50,5,IG,123,2834,1.3563289579906268,0.0,run-20260706-021423-a7a9,2026-07-06T02:14:23Z
vrf/VFR50_5_10_Gap,Small,50,5,IG,456,2834,1.3707372089993441,0.0,run-20260706-021424-93e7,2026-07-06T02:14:24Z
vrf/VFR50_5_10_Gap,Small,50,5,IG,789,2834,1.3888314999931026,0.0,run-20260706-021425-7f0e,2026-07-06T02:14:25Z
vrf/VFR50_5_10_Gap,Small,50,5,IG,2025,2834,1.352035917007015,0.0,run-20260706-021427-30c3,2026-07-06T02:14:27Z
vrf/VFR50_5_1_Gap,Small,50,5,IG,42,3055,1.2604639580094954,0.0,run-20260706-021428-16f5,2026-07-06T02:14:28Z
vrf/VFR50_5_1_Gap,Small,50,5,IG,123,3055,1.1904980419931235,0.0,run-20260706-021429-ce0b,2026-07-06T02:14:29Z
vrf/VFR50_5_1_Gap,Small,50,5,IG,456,3055,1.129755332993227,0.0,run-20260706-021430-fd06,2026-07-06T02:14:30Z
vrf/VFR50_5_1_Gap,Small,50,5,IG,789,3055,1.1026252080046106,0.0,run-20260706-021431-bcd7,2026-07-06T02:14:31Z
vrf/VFR50_5_1_Gap,Small,50,5,IG,2025,3055,1.0887391669966746,0.0,run-20260706-021433-8f9c,2026-07-06T02:14:33Z
vrf/VFR50_5_2_Gap,Small,50,5,IG,42,2853,1.1559256249893224,0.0,run-20260706-021434-8679,2026-07-06T02:14:34Z
vrf/VFR50_5_2_Gap,Small,50,5,IG,123,2853,1.2375641249964247,0.0,run-20260706-021435-edd8,2026-07-06T02:14:35Z
vrf/VFR50_5_2_Gap,Small,50,5,IG,456,2853,1.0350110830040649,0.0,run-20260706-021436-e246,2026-07-06T02:14:36Z
vrf/VFR50_5_2_Gap,Small,50,5,IG,789,2853,1.0185848749970319,0.0,run-20260706-021437-237e,2026-07-06T02:14:37Z
vrf/VFR50_5_2_Gap,Small,50,5,IG,2025,2853,1.02056387499033,0.0,run-20260706-021438-5273,2026-07-06T02:14:38Z
vrf/VFR50_5_3_Gap,Small,50,5,IG,42,2746,1.2831753339996794,0.0,run-20260706-021439-b9ce,2026-07-06T02:14:39Z
vrf/VFR50_5_3_Gap,Small,50,5,IG,123,2746,1.2512422500003595,0.0,run-20260706-021441-86d7,2026-07-06T02:14:41Z
vrf/VFR50_5_3_Gap,Small,50,5,IG,456,2746,1.2638397919945419,0.0,run-20260706-021442-3859,2026-07-06T02:14:42Z
vrf/VFR50_5_3_Gap,Small,50,5,IG,789,2746,1.2760045000031823,0.0,run-20260706-021443-1844,2026-07-06T02:14:43Z
vrf/VFR50_5_3_Gap,Small,50,5,IG,2025,2746,1.2896482499927515,0.0,run-20260706-021444-686a,2026-07-06T02:14:44Z
vrf/VFR50_5_4_Gap,Small,50,5,IG,42,2836,1.3520355829969049,0.0,run-20260706-021446-26d3,2026-07-06T02:14:46Z
vrf/VFR50_5_4_Gap,Small,50,5,IG,123,2836,1.3360798750072718,0.0,run-20260706-021447-98e8,2026-07-06T02:14:47Z
vrf/VFR50_5_4_Gap,Small,50,5,IG,456,2837,1.3380139999935636,0.03526093088857546,run-20260706-021448-d394,2026-07-06T02:14:48Z
vrf/VFR50_5_4_Gap,Small,50,5,IG,789,2836,1.4121756249951432,0.0,run-20260706-021450-5eb1,2026-07-06T02:14:50Z
vrf/VFR50_5_4_Gap,Small,50,5,IG,2025,2836,1.309312041994417,0.0,run-20260706-021451-15c1,2026-07-06T02:14:51Z
vrf/VFR50_5_5_Gap,Small,50,5,IG,42,2866,1.256567083997652,0.0,run-20260706-021452-da59,2026-07-06T02:14:52Z
vrf/VFR50_5_5_Gap,Small,50,5,IG,123,2866,1.41454800000065,0.0,run-20260706-021454-c980,2026-07-06T02:14:54Z
vrf/VFR50_5_5_Gap,Small,50,5,IG,456,2866,1.3732321249990491,0.0,run-20260706-021455-1fa9,2026-07-06T02:14:55Z
vrf/VFR50_5_5_Gap,Small,50,5,IG,789,2866,1.3160867500118911,0.0,run-20260706-021457-bd66,2026-07-06T02:14:57Z
vrf/VFR50_5_5_Gap,Small,50,5,IG,2025,2866,1.2778678749891696,0.0,run-20260706-021458-a47c,2026-07-06T02:14:58Z
vrf/VFR50_5_6_Gap,Small,50,5,IG,42,2841,1.1680107500142185,0.0,run-20260706-021459-bda7,2026-07-06T02:14:59Z
vrf/VFR50_5_6_Gap,Small,50,5,IG,123,2841,1.1092997079977067,0.0,run-20260706-021500-a860,2026-07-06T02:15:00Z
vrf/VFR50_5_6_Gap,Small,50,5,IG,456,2841,1.1543405420088675,0.0,run-20260706-021501-2180,2026-07-06T02:15:01Z
vrf/VFR50_5_6_Gap,Small,50,5,IG,789,2841,1.219202749998658,0.0,run-20260706-021503-8a3b,2026-07-06T02:15:03Z
vrf/VFR50_5_6_Gap,Small,50,5,IG,2025,2841,1.158183374995133,0.0,run-20260706-021504-80fc,2026-07-06T02:15:04Z
vrf/VFR50_5_7_Gap,Small,50,5,IG,42,2600,1.207858124995255,0.0,run-20260706-021505-6406,2026-07-06T02:15:05Z
vrf/VFR50_5_7_Gap,Small,50,5,IG,123,2600,1.2247873750020517,0.0,run-20260706-021506-c7a8,2026-07-06T02:15:06Z
vrf/VFR50_5_7_Gap,Small,50,5,IG,456,2600,1.2468689590023132,0.0,run-20260706-021507-8790,2026-07-06T02:15:07Z
vrf/VFR50_5_7_Gap,Small,50,5,IG,789,2600,1.2293182919966057,0.0,run-20260706-021509-3115,2026-07-06T02:15:09Z
vrf/VFR50_5_7_Gap,Small,50,5,IG,2025,2600,1.2307132910063956,0.0,run-20260706-021510-c02a,2026-07-06T02:15:10Z
vrf/VFR50_5_8_Gap,Small,50,5,IG,42,2684,1.2390868329966906,0.0,run-20260706-021511-d0e1,2026-07-06T02:15:11Z
vrf/VFR50_5_8_Gap,Small,50,5,IG,123,2684,1.2963405000045896,0.0,run-20260706-021512-baac,2026-07-06T02:15:12Z
vrf/VFR50_5_8_Gap,Small,50,5,IG,456,2684,1.2478187500091735,0.0,run-20260706-021514-c31c,2026-07-06T02:15:14Z
vrf/VFR50_5_8_Gap,Small,50,5,IG,789,2684,1.3446988340001553,0.0,run-20260706-021515-abac,2026-07-06T02:15:15Z
vrf/VFR50_5_8_Gap,Small,50,5,IG,2025,2684,1.2685145830037072,0.0,run-20260706-021516-a6a8,2026-07-06T02:15:16Z
vrf/VFR50_5_9_Gap,Small,50,5,IG,42,2621,1.6779551670042565,0.0,run-20260706-021518-e0cb,2026-07-06T02:15:18Z
vrf/VFR50_5_9_Gap,Small,50,5,IG,123,2621,1.622011541010579,0.0,run-20260706-021520-d025,2026-07-06T02:15:20Z
vrf/VFR50_5_9_Gap,Small,50,5,IG,456,2621,1.5526760000066133,0.0,run-20260706-021521-669d,2026-07-06T02:15:21Z
vrf/VFR50_5_9_Gap,Small,50,5,IG,789,2621,1.5519740830059163,0.0,run-20260706-021523-9228,2026-07-06T02:15:23Z
vrf/VFR50_5_9_Gap,Small,50,5,IG,2025,2621,1.5062402079929598,0.0,run-20260706-021524-5ac6,2026-07-06T02:15:24Z
vrf/VFR60_10_10_Gap,Small,60,10,IG,42,3526,4.255443000001833,0.9736540664375716,run-20260706-021529-d865,2026-07-06T02:15:29Z
vrf/VFR60_10_10_Gap,Small,60,10,IG,123,3526,4.219622125005117,0.9736540664375716,run-20260706-021533-5c89,2026-07-06T02:15:33Z
vrf/VFR60_10_10_Gap,Small,60,10,IG,456,3506,4.338981250009965,0.4009163802978236,run-20260706-021537-43b7,2026-07-06T02:15:37Z
vrf/VFR60_10_10_Gap,Small,60,10,IG,789,3524,4.629901290987618,0.9163802978235968,run-20260706-021542-2d24,2026-07-06T02:15:42Z
vrf/VFR60_10_10_Gap,Small,60,10,IG,2025,3533,4.233796624990646,1.1741122565864834,run-20260706-021546-20df,2026-07-06T02:15:46Z
vrf/VFR60_10_1_Gap,Small,60,10,IG,42,3447,4.393028958002105,0.34934497816593885,run-20260706-021550-5163,2026-07-06T02:15:50Z
vrf/VFR60_10_1_Gap,Small,60,10,IG,123,3447,4.2771774170105346,0.34934497816593885,run-20260706-021555-91db,2026-07-06T02:15:55Z
vrf/VFR60_10_1_Gap,Small,60,10,IG,456,3447,4.400748041996849,0.34934497816593885,run-20260706-021559-dfd4,2026-07-06T02:15:59Z
vrf/VFR60_10_1_Gap,Small,60,10,IG,789,3454,4.605044208001345,0.5531295487627366,run-20260706-021604-2b3d,2026-07-06T02:16:04Z
vrf/VFR60_10_1_Gap,Small,60,10,IG,2025,3450,4.550604624993866,0.4366812227074236,run-20260706-021608-275d,2026-07-06T02:16:08Z
vrf/VFR60_10_2_Gap,Small,60,10,IG,42,3672,4.004670625014114,0.46511627906976744,run-20260706-021612-17fd,2026-07-06T02:16:12Z
vrf/VFR60_10_2_Gap,Small,60,10,IG,123,3682,3.9926422080025077,0.7387140902872777,run-20260706-021616-7a23,2026-07-06T02:16:16Z
vrf/VFR60_10_2_Gap,Small,60,10,IG,456,3676,3.8632225839974126,0.5745554035567716,run-20260706-021620-0d12,2026-07-06T02:16:20Z
vrf/VFR60_10_2_Gap,Small,60,10,IG,789,3672,3.8173447080043843,0.46511627906976744,run-20260706-021624-8d96,2026-07-06T02:16:24Z
vrf/VFR60_10_2_Gap,Small,60,10,IG,2025,3682,3.87462066700391,0.7387140902872777,run-20260706-021628-e35e,2026-07-06T02:16:28Z
vrf/VFR60_10_3_Gap,Small,60,10,IG,42,3431,4.147106291988166,0.23371311714869997,run-20260706-021632-5334,2026-07-06T02:16:32Z
vrf/VFR60_10_3_Gap,Small,60,10,IG,123,3431,4.206715209002141,0.23371311714869997,run-20260706-021636-0553,2026-07-06T02:16:36Z
vrf/VFR60_10_3_Gap,Small,60,10,IG,456,3431,4.237960250000469,0.23371311714869997,run-20260706-021640-2d3c,2026-07-06T02:16:40Z
vrf/VFR60_10_3_Gap,Small,60,10,IG,789,3431,4.229928291999386,0.23371311714869997,run-20260706-021645-9b95,2026-07-06T02:16:45Z
vrf/VFR60_10_3_Gap,Small,60,10,IG,2025,3431,4.380298874995788,0.23371311714869997,run-20260706-021649-612d,2026-07-06T02:16:49Z
vrf/VFR60_10_4_Gap,Small,60,10,IG,42,3471,4.7552479169971775,0.4630969609261939,run-20260706-021654-ca32,2026-07-06T02:16:54Z
vrf/VFR60_10_4_Gap,Small,60,10,IG,123,3487,4.344172625002102,0.9261939218523878,run-20260706-021658-2fd1,2026-07-06T02:16:58Z
vrf/VFR60_10_4_Gap,Small,60,10,IG,456,3471,4.385798749994137,0.4630969609261939,run-20260706-021703-672e,2026-07-06T02:17:03Z
vrf/VFR60_10_4_Gap,Small,60,10,IG,789,3479,4.410885542005417,0.6946454413892909,run-20260706-021707-0945,2026-07-06T02:17:07Z
vrf/VFR60_10_4_Gap,Small,60,10,IG,2025,3487,4.375593333999859,0.9261939218523878,run-20260706-021711-dc5e,2026-07-06T02:17:11Z
vrf/VFR60_10_5_Gap,Small,60,10,IG,42,3557,4.556615875000716,1.4835948644793153,run-20260706-021716-d8d1,2026-07-06T02:17:16Z
vrf/VFR60_10_5_Gap,Small,60,10,IG,123,3541,4.471054583002115,1.0271041369472182,run-20260706-021720-b868,2026-07-06T02:17:20Z
vrf/VFR60_10_5_Gap,Small,60,10,IG,456,3551,4.544470166001702,1.3124108416547788,run-20260706-021725-9ac7,2026-07-06T02:17:25Z
vrf/VFR60_10_5_Gap,Small,60,10,IG,789,3549,4.438944749999791,1.2553495007132667,run-20260706-021729-ddf6,2026-07-06T02:17:29Z
vrf/VFR60_10_5_Gap,Small,60,10,IG,2025,3557,4.375074625000707,1.4835948644793153,run-20260706-021734-93d7,2026-07-06T02:17:34Z
vrf/VFR60_10_6_Gap,Small,60,10,IG,42,3617,4.958757750006043,0.6399554813578185,run-20260706-021739-2bf7,2026-07-06T02:17:39Z
vrf/VFR60_10_6_Gap,Small,60,10,IG,123,3615,4.315559624999878,0.5843071786310517,run-20260706-021743-f48f,2026-07-06T02:17:43Z
vrf/VFR60_10_6_Gap,Small,60,10,IG,456,3618,4.743309542012867,0.667779632721202,run-20260706-021748-85bc,2026-07-06T02:17:48Z
vrf/VFR60_10_6_Gap,Small,60,10,IG,789,3630,4.6053323749947594,1.001669449081803,run-20260706-021752-2637,2026-07-06T02:17:52Z
vrf/VFR60_10_6_Gap,Small,60,10,IG,2025,3628,4.333731334001641,0.9460211463550362,run-20260706-021757-eea7,2026-07-06T02:17:57Z
vrf/VFR60_10_7_Gap,Small,60,10,IG,42,3664,4.596873582995613,0.27367268746579093,run-20260706-021801-d391,2026-07-06T02:18:01Z
vrf/VFR60_10_7_Gap,Small,60,10,IG,123,3686,4.317284666001797,0.8757525998905309,run-20260706-021806-26a2,2026-07-06T02:18:06Z
vrf/VFR60_10_7_Gap,Small,60,10,IG,456,3666,4.369455874999403,0.3284072249589491,run-20260706-021810-82a1,2026-07-06T02:18:10Z
vrf/VFR60_10_7_Gap,Small,60,10,IG,789,3690,4.4797544999892125,0.9852216748768473,run-20260706-021815-1588,2026-07-06T02:18:15Z
vrf/VFR60_10_7_Gap,Small,60,10,IG,2025,3684,4.510704540996812,0.8210180623973727,run-20260706-021819-944d,2026-07-06T02:18:19Z
vrf/VFR60_10_8_Gap,Small,60,10,IG,42,3564,3.767835083999671,0.33783783783783783,run-20260706-021823-fc23,2026-07-06T02:18:23Z
vrf/VFR60_10_8_Gap,Small,60,10,IG,123,3556,4.2927249999920605,0.11261261261261261,run-20260706-021827-9d7f,2026-07-06T02:18:27Z
vrf/VFR60_10_8_Gap,Small,60,10,IG,456,3556,3.643401332999929,0.11261261261261261,run-20260706-021831-d72e,2026-07-06T02:18:31Z
vrf/VFR60_10_8_Gap,Small,60,10,IG,789,3564,3.2464277079998283,0.33783783783783783,run-20260706-021834-892b,2026-07-06T02:18:34Z
vrf/VFR60_10_8_Gap,Small,60,10,IG,2025,3554,3.5936830839928007,0.05630630630630631,run-20260706-021838-90ee,2026-07-06T02:18:38Z
vrf/VFR60_10_9_Gap,Small,60,10,IG,42,3691,3.5342865840066224,0.1628222523744912,run-20260706-021841-e79b,2026-07-06T02:18:41Z
vrf/VFR60_10_9_Gap,Small,60,10,IG,123,3691,3.5740481250104494,0.1628222523744912,run-20260706-021845-51b9,2026-07-06T02:18:45Z
vrf/VFR60_10_9_Gap,Small,60,10,IG,456,3691,3.5463520000048447,0.1628222523744912,run-20260706-021848-9b07,2026-07-06T02:18:48Z
vrf/VFR60_10_9_Gap,Small,60,10,IG,789,3691,3.5686340420070337,0.1628222523744912,run-20260706-021852-4c53,2026-07-06T02:18:52Z
vrf/VFR60_10_9_Gap,Small,60,10,IG,2025,3691,3.7368228749983246,0.1628222523744912,run-20260706-021856-2b2d,2026-07-06T02:18:56Z
vrf/VFR60_15_10_Gap,Small,60,15,IG,42,3945,6.2023150419991,1.1019989748846746,run-20260706-021902-4e6b,2026-07-06T02:19:02Z
vrf/VFR60_15_10_Gap,Small,60,15,IG,123,3969,6.186208709012135,1.717068170169144,run-20260706-021908-3b00,2026-07-06T02:19:08Z
vrf/VFR60_15_10_Gap,Small,60,15,IG,456,3945,6.46719395800028,1.1019989748846746,run-20260706-021914-f322,2026-07-06T02:19:14Z
vrf/VFR60_15_10_Gap,Small,60,15,IG,789,3916,6.431905290999566,0.35879036391594055,run-20260706-021921-8b29,2026-07-06T02:19:21Z
vrf/VFR60_15_10_Gap,Small,60,15,IG,2025,3964,5.938701999999466,1.5889287544848796,run-20260706-021927-2116,2026-07-06T02:19:27Z
vrf/VFR60_15_1_Gap,Small,60,15,IG,42,4003,6.830140416001086,1.598984771573604,run-20260706-021934-791c,2026-07-06T02:19:34Z
vrf/VFR60_15_1_Gap,Small,60,15,IG,123,4003,6.511636333001661,1.598984771573604,run-20260706-021940-2531,2026-07-06T02:19:40Z
vrf/VFR60_15_1_Gap,Small,60,15,IG,456,3967,6.4683413750026375,0.6852791878172588,run-20260706-021947-5a87,2026-07-06T02:19:47Z
vrf/VFR60_15_1_Gap,Small,60,15,IG,789,3970,6.436460208002245,0.7614213197969543,run-20260706-021953-e103,2026-07-06T02:19:53Z
vrf/VFR60_15_1_Gap,Small,60,15,IG,2025,4003,6.589248292002594,1.598984771573604,run-20260706-022000-474e,2026-07-06T02:20:00Z
vrf/VFR60_15_2_Gap,Small,60,15,IG,42,3938,6.329346708997036,1.286008230452675,run-20260706-022006-1c32,2026-07-06T02:20:06Z
vrf/VFR60_15_2_Gap,Small,60,15,IG,123,3942,6.777387249996536,1.3888888888888888,run-20260706-022013-3d55,2026-07-06T02:20:13Z
vrf/VFR60_15_2_Gap,Small,60,15,IG,456,3936,6.224177124997368,1.2345679012345678,run-20260706-022019-6b42,2026-07-06T02:20:19Z
vrf/VFR60_15_2_Gap,Small,60,15,IG,789,3946,6.008951041003456,1.491769547325103,run-20260706-022025-1e9a,2026-07-06T02:20:25Z
vrf/VFR60_15_2_Gap,Small,60,15,IG,2025,3942,6.290097584002069,1.3888888888888888,run-20260706-022031-cb05,2026-07-06T02:20:31Z
vrf/VFR60_15_3_Gap,Small,60,15,IG,42,3950,6.686808874990675,1.8041237113402062,run-20260706-022038-5847,2026-07-06T02:20:38Z
vrf/VFR60_15_3_Gap,Small,60,15,IG,123,3919,5.8871384160011075,1.0051546391752577,run-20260706-022044-ab0d,2026-07-06T02:20:44Z
vrf/VFR60_15_3_Gap,Small,60,15,IG,456,3947,8.06379608399584,1.7268041237113403,run-20260706-022052-348f,2026-07-06T02:20:52Z
vrf/VFR60_15_3_Gap,Small,60,15,IG,789,3964,8.119152792001842,2.1649484536082473,run-20260706-022100-8d58,2026-07-06T02:21:00Z
vrf/VFR60_15_3_Gap,Small,60,15,IG,2025,3920,7.884470707998844,1.0309278350515463,run-20260706-022108-eb61,2026-07-06T02:21:08Z
vrf/VFR60_15_4_Gap,Small,60,15,IG,42,3736,6.176668750005774,0.5382131324004306,run-20260706-022114-40dc,2026-07-06T02:21:14Z
vrf/VFR60_15_4_Gap,Small,60,15,IG,123,3767,5.985616999998456,1.372443487621098,run-20260706-022120-cafc,2026-07-06T02:21:20Z
vrf/VFR60_15_4_Gap,Small,60,15,IG,456,3759,6.143211041999166,1.1571582346609257,run-20260706-022126-ad82,2026-07-06T02:21:26Z
vrf/VFR60_15_4_Gap,Small,60,15,IG,789,3745,5.769817458000034,0.7804090419806243,run-20260706-022132-1563,2026-07-06T02:21:32Z
vrf/VFR60_15_4_Gap,Small,60,15,IG,2025,3744,6.4277514169953065,0.7534983853606028,run-20260706-022139-606a,2026-07-06T02:21:39Z
vrf/VFR60_15_5_Gap,Small,60,15,IG,42,3931,7.02555074999691,1.2883277505797475,run-20260706-022146-90b2,2026-07-06T02:21:46Z
vrf/VFR60_15_5_Gap,Small,60,15,IG,123,3931,6.59532962499361,1.2883277505797475,run-20260706-022152-0bba,2026-07-06T02:21:52Z
vrf/VFR60_15_5_Gap,Small,60,15,IG,456,3931,6.245979250001255,1.2883277505797475,run-20260706-022158-ab9a,2026-07-06T02:21:58Z
vrf/VFR60_15_5_Gap,Small,60,15,IG,789,3931,6.019969166009105,1.2883277505797475,run-20260706-022204-aa0d,2026-07-06T02:22:04Z
vrf/VFR60_15_5_Gap,Small,60,15,IG,2025,3937,6.537041749994387,1.4429270806493173,run-20260706-022211-82b6,2026-07-06T02:22:11Z
vrf/VFR60_15_6_Gap,Small,60,15,IG,42,3946,6.46551958299824,1.3614179296172617,run-20260706-022218-4d73,2026-07-06T02:22:18Z
vrf/VFR60_15_6_Gap,Small,60,15,IG,123,3935,5.949412250003661,1.0788594913948113,run-20260706-022223-3f23,2026-07-06T02:22:23Z
vrf/VFR60_15_6_Gap,Small,60,15,IG,456,3931,6.290106625005137,0.9761109684048291,run-20260706-022230-5aae,2026-07-06T02:22:30Z
vrf/VFR60_15_6_Gap,Small,60,15,IG,789,3957,6.578402707993519,1.6439763678397123,run-20260706-022236-5cb2,2026-07-06T02:22:36Z
vrf/VFR60_15_6_Gap,Small,60,15,IG,2025,3922,6.122688834002474,0.7449267916773696,run-20260706-022242-cc90,2026-07-06T02:22:42Z
vrf/VFR60_15_7_Gap,Small,60,15,IG,42,3856,5.998352666996652,1.2339196639537937,run-20260706-022248-694e,2026-07-06T02:22:48Z
vrf/VFR60_15_7_Gap,Small,60,15,IG,123,3865,6.038377584001864,1.4702021527960094,run-20260706-022255-ca4e,2026-07-06T02:22:55Z
vrf/VFR60_15_7_Gap,Small,60,15,IG,456,3860,6.356345291991602,1.3389341034392228,run-20260706-022301-943e,2026-07-06T02:23:01Z
vrf/VFR60_15_7_Gap,Small,60,15,IG,789,3857,6.249453666998306,1.260173273825151,run-20260706-022307-ca25,2026-07-06T02:23:07Z
vrf/VFR60_15_7_Gap,Small,60,15,IG,2025,3854,5.754535207990557,1.181412444211079,run-20260706-022313-d40f,2026-07-06T02:23:13Z
vrf/VFR60_15_8_Gap,Small,60,15,IG,42,3788,6.37441704099183,1.0402774073086156,run-20260706-022319-c6cc,2026-07-06T02:23:19Z
vrf/VFR60_15_8_Gap,Small,60,15,IG,123,3807,6.439176041007158,1.5470792211256335,run-20260706-022326-001a,2026-07-06T02:23:26Z
vrf/VFR60_15_8_Gap,Small,60,15,IG,456,3771,5.909153332991991,0.5868231528407576,run-20260706-022332-1cb2,2026-07-06T02:23:32Z
vrf/VFR60_15_8_Gap,Small,60,15,IG,789,3807,6.9486019580072025,1.5470792211256335,run-20260706-022339-321e,2026-07-06T02:23:39Z
vrf/VFR60_15_8_Gap,Small,60,15,IG,2025,3808,6.508839000001899,1.5737530008002134,run-20260706-022345-27f9,2026-07-06T02:23:45Z
vrf/VFR60_15_9_Gap,Small,60,15,IG,42,3861,6.041000625002198,1.605263157894737,run-20260706-022351-7caa,2026-07-06T02:23:51Z
vrf/VFR60_15_9_Gap,Small,60,15,IG,123,3837,6.109455165991676,0.9736842105263158,run-20260706-022357-46ec,2026-07-06T02:23:57Z
vrf/VFR60_15_9_Gap,Small,60,15,IG,456,3851,6.237333041004604,1.3421052631578947,run-20260706-022404-515b,2026-07-06T02:24:04Z
vrf/VFR60_15_9_Gap,Small,60,15,IG,789,3850,6.398225832992466,1.3157894736842106,run-20260706-022410-d044,2026-07-06T02:24:10Z
vrf/VFR60_15_9_Gap,Small,60,15,IG,2025,3850,6.462802583002485,1.3157894736842106,run-20260706-022416-ce92,2026-07-06T02:24:16Z
vrf/VFR60_20_10_Gap,Small,60,20,IG,42,4287,8.30315054199309,2.02284626368396,run-20260706-022425-58cc,2026-07-06T02:24:25Z
vrf/VFR60_20_10_Gap,Small,60,20,IG,123,4306,7.660203999999794,2.475011899095669,run-20260706-022432-9614,2026-07-06T02:24:32Z
vrf/VFR60_20_10_Gap,Small,60,20,IG,456,4297,7.663627666988759,2.2608281770585434,run-20260706-022440-d060,2026-07-06T02:24:40Z
vrf/VFR60_20_10_Gap,Small,60,20,IG,789,4288,7.863288958003977,2.0466444550214185,run-20260706-022448-cfa0,2026-07-06T02:24:48Z
vrf/VFR60_20_10_Gap,Small,60,20,IG,2025,4287,8.100503624998964,2.02284626368396,run-20260706-022456-348b,2026-07-06T02:24:56Z
vrf/VFR60_20_1_Gap,Small,60,20,IG,42,4243,7.917384957996546,1.9216910881575786,run-20260706-022504-7582,2026-07-06T02:25:04Z
vrf/VFR60_20_1_Gap,Small,60,20,IG,123,4264,7.695800249988679,2.426134998798943,run-20260706-022512-24e6,2026-07-06T02:25:12Z
vrf/VFR60_20_1_Gap,Small,60,20,IG,456,4218,8.156973082994227,1.3211626231083353,run-20260706-022520-dcd1,2026-07-06T02:25:20Z
vrf/VFR60_20_1_Gap,Small,60,20,IG,789,4215,7.862288749995059,1.249099207302426,run-20260706-022528-d53b,2026-07-06T02:25:28Z
vrf/VFR60_20_1_Gap,Small,60,20,IG,2025,4233,8.019301624997752,1.6814797021378813,run-20260706-022536-975e,2026-07-06T02:25:36Z
vrf/VFR60_20_2_Gap,Small,60,20,IG,42,4338,7.983196582994424,1.118881118881119,run-20260706-022544-5d80,2026-07-06T02:25:44Z
vrf/VFR60_20_2_Gap,Small,60,20,IG,123,4349,8.177732332987944,1.3752913752913754,run-20260706-022552-2606,2026-07-06T02:25:52Z
vrf/VFR60_20_2_Gap,Small,60,20,IG,456,4340,8.024952291991212,1.1655011655011656,run-20260706-022600-4ec0,2026-07-06T02:26:00Z
vrf/VFR60_20_2_Gap,Small,60,20,IG,789,4347,8.175430207993486,1.3286713286713288,run-20260706-022608-4b96,2026-07-06T02:26:08Z
vrf/VFR60_20_2_Gap,Small,60,20,IG,2025,4355,7.7846936249989085,1.5151515151515151,run-20260706-022616-9d49,2026-07-06T02:26:16Z
vrf/VFR60_20_3_Gap,Small,60,20,IG,42,4427,8.291185124995536,1.420389461626575,run-20260706-022624-9a80,2026-07-06T02:26:24Z
vrf/VFR60_20_3_Gap,Small,60,20,IG,123,4431,8.287089791003382,1.5120274914089347,run-20260706-022632-b6dc,2026-07-06T02:26:32Z
vrf/VFR60_20_3_Gap,Small,60,20,IG,456,4435,7.836639166998793,1.6036655211912945,run-20260706-022640-4fe3,2026-07-06T02:26:40Z
vrf/VFR60_20_3_Gap,Small,60,20,IG,789,4442,7.802784416009672,1.7640320733104238,run-20260706-022648-03f3,2026-07-06T02:26:48Z
vrf/VFR60_20_3_Gap,Small,60,20,IG,2025,4445,8.479685458005406,1.8327605956471935,run-20260706-022657-cfd4,2026-07-06T02:26:57Z
vrf/VFR60_20_4_Gap,Small,60,20,IG,42,4240,8.215695999999298,1.1209158120677318,run-20260706-022705-0b49,2026-07-06T02:27:05Z
vrf/VFR60_20_4_Gap,Small,60,20,IG,123,4244,10.036294332996476,1.2163129024564752,run-20260706-022715-8bac,2026-07-06T02:27:15Z
vrf/VFR60_20_4_Gap,Small,60,20,IG,456,4231,8.488981709000655,0.9062723586930599,run-20260706-022723-71cc,2026-07-06T02:27:23Z
vrf/VFR60_20_4_Gap,Small,60,20,IG,789,4248,7.676625125008286,1.3117099928452183,run-20260706-022731-4ece,2026-07-06T02:27:31Z
vrf/VFR60_20_4_Gap,Small,60,20,IG,2025,4237,8.18409641701146,1.0493679942761747,run-20260706-022739-efb9,2026-07-06T02:27:39Z
vrf/VFR60_20_5_Gap,Small,60,20,IG,42,4243,8.171287375007523,1.1201143946615824,run-20260706-022747-9eb5,2026-07-06T02:27:47Z
vrf/VFR60_20_5_Gap,Small,60,20,IG,123,4259,8.08120291600062,1.5014299332697807,run-20260706-022756-0175,2026-07-06T02:27:56Z
vrf/VFR60_20_5_Gap,Small,60,20,IG,456,4262,8.103598374989815,1.572926596758818,run-20260706-022804-c9b2,2026-07-06T02:28:04Z
vrf/VFR60_20_5_Gap,Small,60,20,IG,789,4244,8.455198959010886,1.1439466158245948,run-20260706-022812-65a6,2026-07-06T02:28:12Z
vrf/VFR60_20_5_Gap,Small,60,20,IG,2025,4268,8.173631500001648,1.7159199237368923,run-20260706-022820-ccee,2026-07-06T02:28:20Z
vrf/VFR60_20_6_Gap,Small,60,20,IG,42,4251,8.35259891700116,1.1661113755354593,run-20260706-022829-0095,2026-07-06T02:28:29Z
vrf/VFR60_20_6_Gap,Small,60,20,IG,123,4267,13.593210834005731,1.5468824369347929,run-20260706-022842-4791,2026-07-06T02:28:42Z
vrf/VFR60_20_6_Gap,Small,60,20,IG,456,4262,8.019803083996521,1.4278914802475011,run-20260706-022850-0bf7,2026-07-06T02:28:50Z
vrf/VFR60_20_6_Gap,Small,60,20,IG,789,4259,8.142312459007371,1.3564969062351262,run-20260706-022858-f2ea,2026-07-06T02:28:58Z
vrf/VFR60_20_6_Gap,Small,60,20,IG,2025,4248,8.037742915999843,1.0947168015230841,run-20260706-022906-2ff6,2026-07-06T02:29:06Z
vrf/VFR60_20_7_Gap,Small,60,20,IG,42,4339,8.305837542007794,1.7827820783485808,run-20260706-022915-0918,2026-07-06T02:29:15Z
vrf/VFR60_20_7_Gap,Small,60,20,IG,123,4342,7.847836374989129,1.8531550551254985,run-20260706-022923-9484,2026-07-06T02:29:23Z
vrf/VFR60_20_7_Gap,Small,60,20,IG,456,4343,8.52436624999973,1.8766127140511377,run-20260706-022931-832c,2026-07-06T02:29:31Z
vrf/VFR60_20_7_Gap,Small,60,20,IG,789,4350,8.358288041010383,2.0408163265306123,run-20260706-022940-c59a,2026-07-06T02:29:40Z
vrf/VFR60_20_7_Gap,Small,60,20,IG,2025,4337,7.744561208004598,1.7358667604973024,run-20260706-022947-c84d,2026-07-06T02:29:47Z
vrf/VFR60_20_8_Gap,Small,60,20,IG,42,4269,7.8770440829976,2.1291866028708135,run-20260706-022955-88ac,2026-07-06T02:29:55Z
vrf/VFR60_20_8_Gap,Small,60,20,IG,123,4239,7.77022254098847,1.4114832535885167,run-20260706-023003-7028,2026-07-06T02:30:03Z
vrf/VFR60_20_8_Gap,Small,60,20,IG,456,4244,8.001441790998797,1.5311004784688995,run-20260706-023011-3ea7,2026-07-06T02:30:11Z
vrf/VFR60_20_8_Gap,Small,60,20,IG,789,4253,8.2708020840073,1.7464114832535884,run-20260706-023019-a7a5,2026-07-06T02:30:19Z
vrf/VFR60_20_8_Gap,Small,60,20,IG,2025,4272,7.93619308299094,2.200956937799043,run-20260706-023027-c721,2026-07-06T02:30:27Z
vrf/VFR60_20_9_Gap,Small,60,20,IG,42,4276,8.23957116699603,1.3030087656953329,run-20260706-023035-e0b6,2026-07-06T02:30:35Z
vrf/VFR60_20_9_Gap,Small,60,20,IG,123,4276,7.489848458004417,1.3030087656953329,run-20260706-023043-8ffe,2026-07-06T02:30:43Z
vrf/VFR60_20_9_Gap,Small,60,20,IG,456,4293,8.230849208994186,1.7057569296375266,run-20260706-023051-e482,2026-07-06T02:30:51Z
vrf/VFR60_20_9_Gap,Small,60,20,IG,789,4278,7.814723208997748,1.3503909026297085,run-20260706-023059-7866,2026-07-06T02:30:59Z
vrf/VFR60_20_9_Gap,Small,60,20,IG,2025,4276,7.844575333991088,1.3030087656953329,run-20260706-023107-d068,2026-07-06T02:31:07Z
vrf/VFR60_5_10_Gap,Small,60,5,IG,42,3663,1.1899056670081336,0.0,run-20260706-023108-73d4,2026-07-06T02:31:08Z
vrf/VFR60_5_10_Gap,Small,60,5,IG,123,3663,1.1681439999956638,0.0,run-20260706-023109-160f,2026-07-06T02:31:09Z
vrf/VFR60_5_10_Gap,Small,60,5,IG,456,3663,1.1792587079980876,0.0,run-20260706-023110-824d,2026-07-06T02:31:10Z
vrf/VFR60_5_10_Gap,Small,60,5,IG,789,3663,1.1619397909962572,0.0,run-20260706-023112-ba8d,2026-07-06T02:31:12Z
vrf/VFR60_5_10_Gap,Small,60,5,IG,2025,3663,1.2518069169891533,0.0,run-20260706-023113-1cdd,2026-07-06T02:31:13Z
vrf/VFR60_5_1_Gap,Small,60,5,IG,42,3350,1.5943161249888362,0.0,run-20260706-023114-e272,2026-07-06T02:31:14Z
vrf/VFR60_5_1_Gap,Small,60,5,IG,123,3350,1.5596477079961915,0.0,run-20260706-023116-0e46,2026-07-06T02:31:16Z
vrf/VFR60_5_1_Gap,Small,60,5,IG,456,3350,1.568918292003218,0.0,run-20260706-023118-f458,2026-07-06T02:31:18Z
vrf/VFR60_5_1_Gap,Small,60,5,IG,789,3350,1.6427435840014368,0.0,run-20260706-023119-1ddd,2026-07-06T02:31:19Z
vrf/VFR60_5_1_Gap,Small,60,5,IG,2025,3350,1.5635151250025956,0.0,run-20260706-023121-8963,2026-07-06T02:31:21Z
vrf/VFR60_5_2_Gap,Small,60,5,IG,42,3054,1.638671875,0.0,run-20260706-023122-2d74,2026-07-06T02:31:22Z
vrf/VFR60_5_2_Gap,Small,60,5,IG,123,3054,1.6817005830089329,0.0,run-20260706-023124-f001,2026-07-06T02:31:24Z
vrf/VFR60_5_2_Gap,Small,60,5,IG,456,3054,1.6005292080080835,0.0,run-20260706-023126-997f,2026-07-06T02:31:26Z
vrf/VFR60_5_2_Gap,Small,60,5,IG,789,3054,1.5740297909942456,0.0,run-20260706-023127-4a49,2026-07-06T02:31:27Z
vrf/VFR60_5_2_Gap,Small,60,5,IG,2025,3054,1.6909353329974692,0.0,run-20260706-023129-c296,2026-07-06T02:31:29Z
vrf/VFR60_5_3_Gap,Small,60,5,IG,42,3214,1.7853961250075372,0.0,run-20260706-023131-3c1a,2026-07-06T02:31:31Z
vrf/VFR60_5_3_Gap,Small,60,5,IG,123,3214,1.8520484999899054,0.0,run-20260706-023133-c6d0,2026-07-06T02:31:33Z
vrf/VFR60_5_3_Gap,Small,60,5,IG,456,3214,1.8294221659889445,0.0,run-20260706-023134-f063,2026-07-06T02:31:34Z
vrf/VFR60_5_3_Gap,Small,60,5,IG,789,3214,1.80333475000225,0.0,run-20260706-023136-d65f,2026-07-06T02:31:36Z
vrf/VFR60_5_3_Gap,Small,60,5,IG,2025,3214,1.8874183330044616,0.0,run-20260706-023138-1d87,2026-07-06T02:31:38Z
vrf/VFR60_5_4_Gap,Small,60,5,IG,42,3266,1.7612901250104187,0.0,run-20260706-023140-7ee5,2026-07-06T02:31:40Z
vrf/VFR60_5_4_Gap,Small,60,5,IG,123,3266,1.884690374994534,0.0,run-20260706-023142-409f,2026-07-06T02:31:42Z
vrf/VFR60_5_4_Gap,Small,60,5,IG,456,3266,1.903177375002997,0.0,run-20260706-023144-9ff0,2026-07-06T02:31:44Z
vrf/VFR60_5_4_Gap,Small,60,5,IG,789,3266,1.8413246249983786,0.0,run-20260706-023146-7281,2026-07-06T02:31:46Z
vrf/VFR60_5_4_Gap,Small,60,5,IG,2025,3266,1.7928657089942135,0.0,run-20260706-023147-19da,2026-07-06T02:31:47Z
vrf/VFR60_5_5_Gap,Small,60,5,IG,42,3197,1.7716675830015447,0.0,run-20260706-023149-e3f4,2026-07-06T02:31:49Z
vrf/VFR60_5_5_Gap,Small,60,5,IG,123,3197,1.848138832996483,0.0,run-20260706-023151-46ce,2026-07-06T02:31:51Z
vrf/VFR60_5_5_Gap,Small,60,5,IG,456,3197,1.9566257500118809,0.0,run-20260706-023153-e906,2026-07-06T02:31:53Z
vrf/VFR60_5_5_Gap,Small,60,5,IG,789,3197,1.7996251659933478,0.0,run-20260706-023155-8952,2026-07-06T02:31:55Z
vrf/VFR60_5_5_Gap,Small,60,5,IG,2025,3197,1.8238551250105957,0.0,run-20260706-023157-f76b,2026-07-06T02:31:57Z
vrf/VFR60_5_6_Gap,Small,60,5,IG,42,3107,1.7955634999962058,0.0,run-20260706-023158-b0a6,2026-07-06T02:31:58Z
vrf/VFR60_5_6_Gap,Small,60,5,IG,123,3107,1.8800354999984847,0.0,run-20260706-023200-8dc3,2026-07-06T02:32:00Z
vrf/VFR60_5_6_Gap,Small,60,5,IG,456,3107,1.8493050830002176,0.0,run-20260706-023202-0b13,2026-07-06T02:32:02Z
vrf/VFR60_5_6_Gap,Small,60,5,IG,789,3107,1.853369208998629,0.0,run-20260706-023204-57a4,2026-07-06T02:32:04Z
vrf/VFR60_5_6_Gap,Small,60,5,IG,2025,3107,1.8365912909939652,0.0,run-20260706-023206-dcac,2026-07-06T02:32:06Z
vrf/VFR60_5_7_Gap,Small,60,5,IG,42,3315,1.6492412079969654,0.0,run-20260706-023208-20fe,2026-07-06T02:32:08Z
vrf/VFR60_5_7_Gap,Small,60,5,IG,123,3315,1.644834709004499,0.0,run-20260706-023209-8b14,2026-07-06T02:32:09Z
vrf/VFR60_5_7_Gap,Small,60,5,IG,456,3315,1.6515421670046635,0.0,run-20260706-023211-e93e,2026-07-06T02:32:11Z
vrf/VFR60_5_7_Gap,Small,60,5,IG,789,3315,1.6856703750090674,0.0,run-20260706-023213-1c20,2026-07-06T02:32:13Z
vrf/VFR60_5_7_Gap,Small,60,5,IG,2025,3315,1.6174553339951672,0.0,run-20260706-023214-3ed2,2026-07-06T02:32:14Z
vrf/VFR60_5_8_Gap,Small,60,5,IG,42,3438,1.894877250000718,0.0,run-20260706-023216-e176,2026-07-06T02:32:16Z
vrf/VFR60_5_8_Gap,Small,60,5,IG,123,3438,1.8614831669983687,0.0,run-20260706-023218-02bf,2026-07-06T02:32:18Z
vrf/VFR60_5_8_Gap,Small,60,5,IG,456,3438,2.036651417001849,0.0,run-20260706-023220-4aa0,2026-07-06T02:32:20Z
vrf/VFR60_5_8_Gap,Small,60,5,IG,789,3438,1.926199458001065,0.0,run-20260706-023222-df35,2026-07-06T02:32:22Z
vrf/VFR60_5_8_Gap,Small,60,5,IG,2025,3438,1.9871359579992713,0.0,run-20260706-023224-416e,2026-07-06T02:32:24Z
vrf/VFR60_5_9_Gap,Small,60,5,IG,42,3121,1.8223839169950224,0.0,run-20260706-023226-beaa,2026-07-06T02:32:26Z
vrf/VFR60_5_9_Gap,Small,60,5,IG,123,3121,1.7878537920041708,0.0,run-20260706-023227-aa6a,2026-07-06T02:32:27Z
vrf/VFR60_5_9_Gap,Small,60,5,IG,456,3121,1.89663487499638,0.0,run-20260706-023229-46d6,2026-07-06T02:32:29Z
vrf/VFR60_5_9_Gap,Small,60,5,IG,789,3121,1.7150547499913955,0.0,run-20260706-023231-87eb,2026-07-06T02:32:31Z
vrf/VFR60_5_9_Gap,Small,60,5,IG,2025,3121,1.7508271250117105,0.0,run-20260706-023233-65a3,2026-07-06T02:32:33Z
vrf/VFR100_20_10_Gap,Large,100,20,IG,42,6202,16.543302834004862,0.9275834011391375,run-20260709-204734-9963,2026-07-09T20:47:34Z
vrf/VFR100_20_10_Gap,Large,100,20,IG,123,6247,17.097171167028137,1.6598860862489828,run-20260709-204751-51f6,2026-07-09T20:47:51Z
vrf/VFR100_20_10_Gap,Large,100,20,IG,456,6225,16.53495358300279,1.3018714401952807,run-20260709-204807-caae,2026-07-09T20:48:07Z
vrf/VFR100_20_10_Gap,Large,100,20,IG,789,6207,14.906311917002313,1.0089503661513426,run-20260709-204822-ecd8,2026-07-09T20:48:22Z
vrf/VFR100_20_10_Gap,Large,100,20,IG,2025,6288,15.690155082993442,2.3270951993490643,run-20260709-204838-b6bd,2026-07-09T20:48:38Z
vrf/VFR100_20_1_Gap,Large,100,20,IG,42,6303,16.75512133401935,1.6940948693126816,run-20260709-204855-79fe,2026-07-09T20:48:55Z
vrf/VFR100_20_1_Gap,Large,100,20,IG,123,6303,16.20677083398914,1.6940948693126816,run-20260709-204911-771a,2026-07-09T20:49:11Z
vrf/VFR100_20_1_Gap,Large,100,20,IG,456,6314,16.048175667005125,1.8715714746692482,run-20260709-204927-853c,2026-07-09T20:49:27Z
vrf/VFR100_20_1_Gap,Large,100,20,IG,789,6252,16.609215917007532,0.8712487899322362,run-20260709-204944-8dbe,2026-07-09T20:49:44Z
vrf/VFR100_20_1_Gap,Large,100,20,IG,2025,6293,16.320602334017167,1.5327525008067118,run-20260709-205000-d1a4,2026-07-09T20:50:00Z
vrf/VFR100_20_2_Gap,Large,100,20,IG,42,6384,15.750751999992644,1.236917221693625,run-20260709-205016-b595,2026-07-09T20:50:16Z
vrf/VFR100_20_2_Gap,Large,100,20,IG,123,6440,15.229642709018663,2.1249603552172536,run-20260709-205031-0ddc,2026-07-09T20:50:31Z
vrf/VFR100_20_2_Gap,Large,100,20,IG,456,6408,15.904946499998914,1.6175071360608944,run-20260709-205047-5f51,2026-07-09T20:50:47Z
vrf/VFR100_20_2_Gap,Large,100,20,IG,789,6348,21.045513541001128,0.6660323501427212,run-20260709-205108-5496,2026-07-09T20:51:08Z
vrf/VFR100_20_2_Gap,Large,100,20,IG,2025,6372,25.775713125010952,1.0466222645099905,run-20260709-205134-bc54,2026-07-09T20:51:34Z
vrf/VFR100_20_3_Gap,Large,100,20,IG,42,6293,22.867497875005938,0.8816928502725232,run-20260709-205157-e4c0,2026-07-09T20:51:57Z
vrf/VFR100_20_3_Gap,Large,100,20,IG,123,6298,17.413292375014862,0.9618467457518436,run-20260709-205214-d736,2026-07-09T20:52:14Z
vrf/VFR100_20_3_Gap,Large,100,20,IG,456,6304,17.817319624999072,1.0580314203270278,run-20260709-205232-dde7,2026-07-09T20:52:32Z
vrf/VFR100_20_3_Gap,Large,100,20,IG,789,6299,16.748274209006922,0.9778775248477076,run-20260709-205249-0ed1,2026-07-09T20:52:49Z
vrf/VFR100_20_3_Gap,Large,100,20,IG,2025,6293,17.802436499972828,0.8816928502725232,run-20260709-205306-bb7d,2026-07-09T20:53:06Z
vrf/VFR100_20_4_Gap,Large,100,20,IG,42,6347,17.947227041004226,1.633306645316253,run-20260709-205324-20a8,2026-07-09T20:53:24Z
vrf/VFR100_20_4_Gap,Large,100,20,IG,123,6352,18.766636833024677,1.7133706965572457,run-20260709-205343-4ff9,2026-07-09T20:53:43Z
vrf/VFR100_20_4_Gap,Large,100,20,IG,456,6322,21.383434500021394,1.232986389111289,run-20260709-205405-7913,2026-07-09T20:54:05Z
vrf/VFR100_20_4_Gap,Large,100,20,IG,789,6313,18.421071207994828,1.088871096877502,run-20260709-205423-c4da,2026-07-09T20:54:23Z
vrf/VFR100_20_4_Gap,Large,100,20,IG,2025,6317,18.253724332986167,1.1529223378702962,run-20260709-205441-b1d6,2026-07-09T20:54:41Z
vrf/VFR100_20_5_Gap,Large,100,20,IG,42,6382,19.108242583984975,1.3659466327827192,run-20260709-205500-ee14,2026-07-09T20:55:00Z
vrf/VFR100_20_5_Gap,Large,100,20,IG,123,6379,17.179958292021183,1.318297331639136,run-20260709-205518-6d14,2026-07-09T20:55:18Z
vrf/VFR100_20_5_Gap,Large,100,20,IG,456,6379,16.648425041988958,1.318297331639136,run-20260709-205534-c7d5,2026-07-09T20:55:34Z
vrf/VFR100_20_5_Gap,Large,100,20,IG,789,6369,16.23564462500508,1.159466327827192,run-20260709-205550-ebec,2026-07-09T20:55:50Z
vrf/VFR100_20_5_Gap,Large,100,20,IG,2025,6355,15.580389291979373,0.9371029224904701,run-20260709-205606-5461,2026-07-09T20:56:06Z
vrf/VFR100_20_6_Gap,Large,100,20,IG,42,6411,15.300050582998665,1.4238253440911248,run-20260709-205621-4f01,2026-07-09T20:56:21Z
vrf/VFR100_20_6_Gap,Large,100,20,IG,123,6399,15.95723270799499,1.233981964878975,run-20260709-205637-a9d9,2026-07-09T20:56:37Z
vrf/VFR100_20_6_Gap,Large,100,20,IG,456,6402,14.70035233400995,1.2814428096820123,run-20260709-205652-0540,2026-07-09T20:56:52Z
vrf/VFR100_20_6_Gap,Large,100,20,IG,789,6384,15.425594166998053,0.9966777408637874,run-20260709-205707-7472,2026-07-09T20:57:07Z
vrf/VFR100_20_6_Gap,Large,100,20,IG,2025,6384,16.13534883299144,0.9966777408637874,run-20260709-205724-23a5,2026-07-09T20:57:24Z
vrf/VFR100_20_7_Gap,Large,100,20,IG,42,6532,15.130926374986302,1.5231582219459123,run-20260709-205739-94c1,2026-07-09T20:57:39Z
vrf/VFR100_20_7_Gap,Large,100,20,IG,123,6527,16.940448832989205,1.4454460677649985,run-20260709-205756-c502,2026-07-09T20:57:56Z
vrf/VFR100_20_7_Gap,Large,100,20,IG,456,6550,15.203435000003083,1.8029219769972025,run-20260709-205811-9a5a,2026-07-09T20:58:11Z
vrf/VFR100_20_7_Gap,Large,100,20,IG,789,6521,15.39789891600958,1.3521914827479018,run-20260709-205826-04da,2026-07-09T20:58:26Z
vrf/VFR100_20_7_Gap,Large,100,20,IG,2025,6499,15.481089375010924,1.0102580043518807,run-20260709-205842-1c7c,2026-07-09T20:58:42Z
vrf/VFR100_20_8_Gap,Large,100,20,IG,42,6187,15.176740291994065,1.3597640891218872,run-20260709-205857-bc90,2026-07-09T20:58:57Z
vrf/VFR100_20_8_Gap,Large,100,20,IG,123,6177,15.331362500000978,1.1959370904325033,run-20260709-205912-3c6c,2026-07-09T20:59:12Z
vrf/VFR100_20_8_Gap,Large,100,20,IG,456,6170,15.485095875017578,1.0812581913499344,run-20260709-205928-8736,2026-07-09T20:59:28Z
vrf/VFR100_20_8_Gap,Large,100,20,IG,789,6146,15.47267295900383,0.6880733944954128,run-20260709-205943-ae1b,2026-07-09T20:59:43Z
vrf/VFR100_20_8_Gap,Large,100,20,IG,2025,6179,15.458888875000412,1.22870249017038,run-20260709-205959-df72,2026-07-09T20:59:59Z
vrf/VFR100_20_9_Gap,Large,100,20,IG,42,6431,15.54466399998637,1.2118350645262828,run-20260709-210014-4d5b,2026-07-09T21:00:14Z
vrf/VFR100_20_9_Gap,Large,100,20,IG,123,6435,15.231858499988448,1.274787535410765,run-20260709-210030-f8ff,2026-07-09T21:00:30Z
vrf/VFR100_20_9_Gap,Large,100,20,IG,456,6451,14.786978916003136,1.5265974189486937,run-20260709-210044-cf4b,2026-07-09T21:00:44Z
vrf/VFR100_20_9_Gap,Large,100,20,IG,789,6472,14.551099917007377,1.8570978910922253,run-20260709-210059-86b0,2026-07-09T21:00:59Z
vrf/VFR100_20_9_Gap,Large,100,20,IG,2025,6416,14.7441982080054,0.9757632987094743,run-20260709-210114-c385,2026-07-09T21:01:14Z
vrf/VFR100_40_10_Gap,Large,100,40,IG,42,8099,25.619186083989916,1.8485915492957747,run-20260709-210139-b007,2026-07-09T21:01:39Z
vrf/VFR100_40_10_Gap,Large,100,40,IG,123,8059,26.26125349997892,1.345573440643863,run-20260709-210206-d6ff,2026-07-09T21:02:06Z
vrf/VFR100_40_10_Gap,Large,100,40,IG,456,8108,27.200153707992285,1.9617706237424548,run-20260709-210233-0fee,2026-07-09T21:02:33Z
vrf/VFR100_40_10_Gap,Large,100,40,IG,789,8077,26.798528625018662,1.5719315895372235,run-20260709-210300-eb1d,2026-07-09T21:03:00Z
vrf/VFR100_40_10_Gap,Large,100,40,IG,2025,8017,26.647584249993088,0.8174044265593562,run-20260709-210326-e1c6,2026-07-09T21:03:26Z
vrf/VFR100_40_1_Gap,Large,100,40,IG,42,8013,25.278347375016892,1.674914350970689,run-20260709-210351-3db5,2026-07-09T21:03:51Z
vrf/VFR100_40_1_Gap,Large,100,40,IG,123,7957,26.214352000009967,0.9643446263164573,run-20260709-210418-1383,2026-07-09T21:04:18Z
vrf/VFR100_40_1_Gap,Large,100,40,IG,456,7971,25.635531375010032,1.1419870574800153,run-20260709-210443-1caf,2026-07-09T21:04:43Z
vrf/VFR100_40_1_Gap,Large,100,40,IG,789,8013,26.572040458995616,1.674914350970689,run-20260709-210510-daf2,2026-07-09T21:05:10Z
vrf/VFR100_40_1_Gap,Large,100,40,IG,2025,7939,27.031416667014128,0.7359472148204542,run-20260709-210537-324a,2026-07-09T21:05:37Z
vrf/VFR100_40_2_Gap,Large,100,40,IG,42,8120,29.299138875008794,1.411265142999875,run-20260709-210606-92e1,2026-07-09T21:06:06Z
vrf/VFR100_40_2_Gap,Large,100,40,IG,123,8121,26.94589195799199,1.423754215061821,run-20260709-210633-8ac2,2026-07-09T21:06:33Z
vrf/VFR100_40_2_Gap,Large,100,40,IG,456,8129,26.058236707991455,1.5236667915573874,run-20260709-210659-86e7,2026-07-09T21:06:59Z
vrf/VFR100_40_2_Gap,Large,100,40,IG,789,8117,28.39251800000784,1.3737979268140377,run-20260709-210728-f2be,2026-07-09T21:07:28Z
vrf/VFR100_40_2_Gap,Large,100,40,IG,2025,8112,26.643559582997113,1.3113525665043086,run-20260709-210754-b110,2026-07-09T21:07:54Z
vrf/VFR100_40_3_Gap,Large,100,40,IG,42,8025,26.979266750015086,1.1342155009451795,run-20260709-210821-f99e,2026-07-09T21:08:21Z
vrf/VFR100_40_3_Gap,Large,100,40,IG,123,8033,24.920342540979618,1.2350346565847512,run-20260709-210846-be92,2026-07-09T21:08:46Z
vrf/VFR100_40_3_Gap,Large,100,40,IG,456,8030,26.840887333004503,1.1972274732199117,run-20260709-210913-00ed,2026-07-09T21:09:13Z
vrf/VFR100_40_3_Gap,Large,100,40,IG,789,8030,26.208293207979295,1.1972274732199117,run-20260709-210939-f5cc,2026-07-09T21:09:39Z
vrf/VFR100_40_3_Gap,Large,100,40,IG,2025,8021,26.66978245798964,1.0838059231253938,run-20260709-211006-e964,2026-07-09T21:10:06Z
vrf/VFR100_40_4_Gap,Large,100,40,IG,42,8059,27.85824954099371,1.601109430156329,run-20260709-211034-1c73,2026-07-09T21:10:34Z
vrf/VFR100_40_4_Gap,Large,100,40,IG,123,8056,26.562581625010353,1.5632879475542107,run-20260709-211100-720d,2026-07-09T21:11:00Z
vrf/VFR100_40_4_Gap,Large,100,40,IG,456,8047,28.558901832991978,1.4498234997478567,run-20260709-211129-d527,2026-07-09T21:11:29Z
vrf/VFR100_40_4_Gap,Large,100,40,IG,789,8070,25.69754904101137,1.739788199697428,run-20260709-211155-b8fc,2026-07-09T21:11:55Z
vrf/VFR100_40_4_Gap,Large,100,40,IG,2025,8063,27.302944833994843,1.6515380736258194,run-20260709-211222-55af,2026-07-09T21:12:22Z
vrf/VFR100_40_5_Gap,Large,100,40,IG,42,8123,28.972034457983682,1.3980776432405442,run-20260709-211251-9cea,2026-07-09T21:12:51Z
vrf/VFR100_40_5_Gap,Large,100,40,IG,123,8128,28.70476779100136,1.4604918237423543,run-20260709-211320-9714,2026-07-09T21:13:20Z
vrf/VFR100_40_5_Gap,Large,100,40,IG,456,8100,27.231620250007836,1.1109724129322183,run-20260709-211347-60d2,2026-07-09T21:13:47Z
vrf/VFR100_40_5_Gap,Large,100,40,IG,789,8139,29.924327416025335,1.5978030208463363,run-20260709-211417-82aa,2026-07-09T21:14:17Z
vrf/VFR100_40_5_Gap,Large,100,40,IG,2025,8147,26.490090708015487,1.6976657096492322,run-20260709-211443-448a,2026-07-09T21:14:43Z
vrf/VFR100_40_6_Gap,Large,100,40,IG,42,8168,26.90284562497982,1.8073040009971333,run-20260709-211510-9945,2026-07-09T21:15:10Z
vrf/VFR100_40_6_Gap,Large,100,40,IG,123,8156,27.908330458012642,1.6577340147077153,run-20260709-211538-1d10,2026-07-09T21:15:38Z
vrf/VFR100_40_6_Gap,Large,100,40,IG,456,8126,27.173890665988438,1.2838090489841705,run-20260709-211605-d0cc,2026-07-09T21:16:05Z
vrf/VFR100_40_6_Gap,Large,100,40,IG,789,8131,26.08202804098255,1.3461298766047614,run-20260709-211631-ea3b,2026-07-09T21:16:31Z
vrf/VFR100_40_6_Gap,Large,100,40,IG,2025,8138,27.36412758397637,1.4333790352735885,run-20260709-211659-ac9a,2026-07-09T21:16:59Z
vrf/VFR100_40_7_Gap,Large,100,40,IG,42,8100,26.947879082988948,1.1741194104421684,run-20260709-211726-9b85,2026-07-09T21:17:26Z
vrf/VFR100_40_7_Gap,Large,100,40,IG,123,8104,27.103262791992165,1.2240819385460904,run-20260709-211753-bf55,2026-07-09T21:17:53Z
vrf/VFR100_40_7_Gap,Large,100,40,IG,456,8114,26.490206457994645,1.3489882588058957,run-20260709-211819-42ca,2026-07-09T21:18:19Z
vrf/VFR100_40_7_Gap,Large,100,40,IG,789,8154,26.675556292000692,1.8486135398451162,run-20260709-211846-f4cb,2026-07-09T21:18:46Z
vrf/VFR100_40_7_Gap,Large,100,40,IG,2025,8088,28.214806583011523,1.0242318261304022,run-20260709-211914-1344,2026-07-09T21:19:14Z
vrf/VFR100_40_8_Gap,Large,100,40,IG,42,8072,28.90326920800726,1.165559593934077,run-20260709-211943-36bd,2026-07-09T21:19:43Z
vrf/VFR100_40_8_Gap,Large,100,40,IG,123,8091,26.61083279098966,1.4036846722646947,run-20260709-212010-2c93,2026-07-09T21:20:10Z
vrf/VFR100_40_8_Gap,Large,100,40,IG,456,8101,28.444328542012954,1.5290136608597569,run-20260709-212038-fa12,2026-07-09T21:20:38Z
vrf/VFR100_40_8_Gap,Large,100,40,IG,789,8108,26.945118667004863,1.6167439528763003,run-20260709-212105-4461,2026-07-09T21:21:05Z
vrf/VFR100_40_8_Gap,Large,100,40,IG,2025,8105,27.619353457994293,1.5791452562977817,run-20260709-212133-eaac,2026-07-09T21:21:33Z
vrf/VFR100_40_9_Gap,Large,100,40,IG,42,8014,26.238218582991976,1.0465262892447358,run-20260709-212159-bde9,2026-07-09T21:21:59Z
vrf/VFR100_40_9_Gap,Large,100,40,IG,123,8036,24.99853658300708,1.323918799646955,run-20260709-212224-3808,2026-07-09T21:22:24Z
vrf/VFR100_40_9_Gap,Large,100,40,IG,456,8035,26.85011925001163,1.3113100491741267,run-20260709-212251-718e,2026-07-09T21:22:51Z
vrf/VFR100_40_9_Gap,Large,100,40,IG,789,8053,26.999618917005137,1.5382675576850333,run-20260709-212318-948e,2026-07-09T21:23:18Z
vrf/VFR100_40_9_Gap,Large,100,40,IG,2025,8094,26.447036708006635,2.0552263270709874,run-20260709-212344-7b73,2026-07-09T21:23:44Z
vrf/VFR100_60_10_Gap,Large,100,60,IG,42,9731,38.420292750000954,1.3857053552823504,run-20260709-212423-aacd,2026-07-09T21:24:23Z
vrf/VFR100_60_10_Gap,Large,100,60,IG,123,9740,36.628989749995526,1.4794748906022088,run-20260709-212459-056c,2026-07-09T21:24:59Z
vrf/VFR100_60_10_Gap,Large,100,60,IG,456,9727,37.6779360419896,1.3440300062513024,run-20260709-212537-77ac,2026-07-09T21:25:37Z
vrf/VFR100_60_10_Gap,Large,100,60,IG,789,9714,38.143628124991665,1.208585121900396,run-20260709-212615-ec0d,2026-07-09T21:26:15Z
vrf/VFR100_60_10_Gap,Large,100,60,IG,2025,9738,37.28930083301384,1.4586372160866847,run-20260709-212653-ead1,2026-07-09T21:26:53Z
vrf/VFR100_60_1_Gap,Large,100,60,IG,42,9506,38.3612043329922,1.1814795103778606,run-20260709-212731-6b1d,2026-07-09T21:27:31Z
vrf/VFR100_60_1_Gap,Large,100,60,IG,123,9475,38.57342037500348,0.8515167642362959,run-20260709-212810-e745,2026-07-09T21:28:10Z
vrf/VFR100_60_1_Gap,Large,100,60,IG,456,9501,36.912212458002614,1.128259712613092,run-20260709-212846-d663,2026-07-09T21:28:46Z
vrf/VFR100_60_1_Gap,Large,100,60,IG,789,9518,37.88304620800773,1.309207025013305,run-20260709-212924-06ca,2026-07-09T21:29:24Z
vrf/VFR100_60_1_Gap,Large,100,60,IG,2025,9536,36.63705129199661,1.5007982969664715,run-20260709-213001-3e54,2026-07-09T21:30:01Z
vrf/VFR100_60_2_Gap,Large,100,60,IG,42,9713,35.49008354099351,1.2192580241767403,run-20260709-213037-8d55,2026-07-09T21:30:37Z
vrf/VFR100_60_2_Gap,Large,100,60,IG,123,9684,36.76016604100005,0.9170487703209671,run-20260709-213113-328c,2026-07-09T21:31:13Z
vrf/VFR100_60_2_Gap,Large,100,60,IG,456,9718,38.8613871250127,1.271363067944977,run-20260709-213152-7695,2026-07-09T21:31:52Z
vrf/VFR100_60_2_Gap,Large,100,60,IG,789,9690,34.91289545799373,0.9795748228428511,run-20260709-213227-8c20,2026-07-09T21:32:27Z
vrf/VFR100_60_2_Gap,Large,100,60,IG,2025,9693,37.174458958004834,1.0108378491037933,run-20260709-213304-7943,2026-07-09T21:33:04Z
vrf/VFR100_60_3_Gap,Large,100,60,IG,42,9465,38.78906608300167,1.240774414375869,run-20260709-213343-f3ca,2026-07-09T21:33:43Z
vrf/VFR100_60_3_Gap,Large,100,60,IG,123,9523,36.12852054098039,1.8611616215638036,run-20260709-213419-0964,2026-07-09T21:34:19Z
vrf/VFR100_60_3_Gap,Large,100,60,IG,456,9529,37.848698416986736,1.9253396085142795,run-20260709-213457-2b33,2026-07-09T21:34:57Z
vrf/VFR100_60_3_Gap,Large,100,60,IG,789,9496,38.14939245901769,1.5723606802866616,run-20260709-213535-758d,2026-07-09T21:35:35Z
vrf/VFR100_60_3_Gap,Large,100,60,IG,2025,9443,39.42490316700423,1.0054551288907905,run-20260709-213615-fe81,2026-07-09T21:36:15Z
vrf/VFR100_60_4_Gap,Large,100,60,IG,42,9524,37.85504324999056,1.039677487799703,run-20260709-213653-33ed,2026-07-09T21:36:53Z
vrf/VFR100_60_4_Gap,Large,100,60,IG,123,9551,38.72707341701607,1.3261192446424783,run-20260709-213731-90e7,2026-07-09T21:37:31Z
vrf/VFR100_60_4_Gap,Large,100,60,IG,456,9544,37.405262708023656,1.2518565669424995,run-20260709-213809-fe37,2026-07-09T21:38:09Z
vrf/VFR100_60_4_Gap,Large,100,60,IG,789,9519,37.67371058400022,0.9866327180140039,run-20260709-213846-2d85,2026-07-09T21:38:46Z
vrf/VFR100_60_4_Gap,Large,100,60,IG,2025,9487,37.78279166598804,0.6471461913855294,run-20260709-213924-9d18,2026-07-09T21:39:24Z
vrf/VFR100_60_5_Gap,Large,100,60,IG,42,9575,38.194039041991346,1.1621764395139988,run-20260709-214002-f12e,2026-07-09T21:40:02Z
vrf/VFR100_60_5_Gap,Large,100,60,IG,123,9578,39.074487417005,1.1938721605916534,run-20260709-214041-6bde,2026-07-09T21:40:41Z
vrf/VFR100_60_5_Gap,Large,100,60,IG,456,9547,37.18303749998449,0.8663497094558901,run-20260709-214119-ca79,2026-07-09T21:41:19Z
vrf/VFR100_60_5_Gap,Large,100,60,IG,789,9558,38.13674020799226,0.9825673534072901,run-20260709-214157-d254,2026-07-09T21:41:57Z
vrf/VFR100_60_5_Gap,Large,100,60,IG,2025,9552,37.543478542007506,0.919175911251981,run-20260709-214234-7650,2026-07-09T21:42:34Z
vrf/VFR100_60_6_Gap,Large,100,60,IG,42,9777,39.46762166699045,1.1378917968345919,run-20260709-214314-edb5,2026-07-09T21:43:14Z
vrf/VFR100_60_6_Gap,Large,100,60,IG,123,9814,38.425937249994604,1.5206372194062274,run-20260709-214352-a46a,2026-07-09T21:43:52Z
vrf/VFR100_60_6_Gap,Large,100,60,IG,456,9771,38.73553429200547,1.075824971552705,run-20260709-214431-3cdf,2026-07-09T21:44:31Z
vrf/VFR100_60_6_Gap,Large,100,60,IG,789,9800,37.99832583300304,1.3758146270818248,run-20260709-214509-a35f,2026-07-09T21:45:09Z
vrf/VFR100_60_6_Gap,Large,100,60,IG,2025,9800,37.45041720898007,1.3758146270818248,run-20260709-214546-3a56,2026-07-09T21:45:46Z
vrf/VFR100_60_7_Gap,Large,100,60,IG,42,9474,36.55059754199465,0.8838249387711639,run-20260709-214623-bd44,2026-07-09T21:46:23Z
vrf/VFR100_60_7_Gap,Large,100,60,IG,123,9522,38.08075445800205,1.3949526142050899,run-20260709-214701-2f31,2026-07-09T21:47:01Z
vrf/VFR100_60_7_Gap,Large,100,60,IG,456,9504,38.13103154100827,1.2032797359173677,run-20260709-214739-dd8b,2026-07-09T21:47:39Z
vrf/VFR100_60_7_Gap,Large,100,60,IG,789,9502,37.88269450000371,1.181982749440954,run-20260709-214817-8d65,2026-07-09T21:48:17Z
vrf/VFR100_60_7_Gap,Large,100,60,IG,2025,9554,38.66559237500769,1.7357043978277074,run-20260709-214856-3e22,2026-07-09T21:48:56Z
vrf/VFR100_60_8_Gap,Large,100,60,IG,42,9668,38.43364454200491,1.4054961191525068,run-20260709-214934-d607,2026-07-09T21:49:34Z
vrf/VFR100_60_8_Gap,Large,100,60,IG,123,9690,37.91980037500616,1.6362492133417244,run-20260709-215012-5713,2026-07-09T21:50:12Z
vrf/VFR100_60_8_Gap,Large,100,60,IG,456,9661,37.996435874985764,1.3320746800923013,run-20260709-215050-cf9b,2026-07-09T21:50:50Z
vrf/VFR100_60_8_Gap,Large,100,60,IG,789,9672,39.11004645799403,1.44745122718691,run-20260709-215129-88de,2026-07-09T21:51:29Z
vrf/VFR100_60_8_Gap,Large,100,60,IG,2025,9677,37.681869833992096,1.499895112229914,run-20260709-215207-c3dc,2026-07-09T21:52:07Z
vrf/VFR100_60_9_Gap,Large,100,60,IG,42,9684,40.4010470409994,1.6479479374409574,run-20260709-215247-db5d,2026-07-09T21:52:47Z
vrf/VFR100_60_9_Gap,Large,100,60,IG,123,9627,37.26624795800308,1.049648367796788,run-20260709-215325-975a,2026-07-09T21:53:25Z
vrf/VFR100_60_9_Gap,Large,100,60,IG,456,9668,37.63911345900851,1.480004198593471,run-20260709-215402-078c,2026-07-09T21:54:02Z
vrf/VFR100_60_9_Gap,Large,100,60,IG,789,9677,38.66971637500683,1.574472551695182,run-20260709-215441-9064,2026-07-09T21:54:41Z
vrf/VFR100_60_9_Gap,Large,100,60,IG,2025,9643,38.384464875009144,1.217592106644274,run-20260709-215519-0237,2026-07-09T21:55:19Z
vrf/VFR200_20_10_Gap,Large,200,20,IG,42,11451,35.70675208300236,1.246684350132626,run-20260709-215555-b70c,2026-07-09T21:55:55Z
vrf/VFR200_20_10_Gap,Large,200,20,IG,123,11496,35.19836029200815,1.6445623342175066,run-20260709-215630-df16,2026-07-09T21:56:30Z
vrf/VFR200_20_10_Gap,Large,200,20,IG,456,11491,37.02184645901434,1.6003536693191867,run-20260709-215707-3ee6,2026-07-09T21:57:07Z
vrf/VFR200_20_10_Gap,Large,200,20,IG,789,11455,35.538010666001355,1.2820512820512822,run-20260709-215743-f14d,2026-07-09T21:57:43Z
vrf/VFR200_20_10_Gap,Large,200,20,IG,2025,11482,37.46551162502146,1.5207780725022104,run-20260709-215820-1283,2026-07-09T21:58:20Z
vrf/VFR200_20_1_Gap,Large,200,20,IG,42,11441,36.72224845801247,1.2030075187969924,run-20260709-215857-5f66,2026-07-09T21:58:57Z
vrf/VFR200_20_1_Gap,Large,200,20,IG,123,11438,36.48214912498952,1.1764705882352942,run-20260709-215934-3039,2026-07-09T21:59:34Z
vrf/VFR200_20_1_Gap,Large,200,20,IG,456,11419,36.73579141701339,1.0084033613445378,run-20260709-220010-debe,2026-07-09T22:00:10Z
vrf/VFR200_20_1_Gap,Large,200,20,IG,789,11435,36.11385091600823,1.1499336576735957,run-20260709-220046-abb8,2026-07-09T22:00:46Z
vrf/VFR200_20_1_Gap,Large,200,20,IG,2025,11418,35.65700529201422,0.9995577178239717,run-20260709-220122-fe78,2026-07-09T22:01:22Z
vrf/VFR200_20_2_Gap,Large,200,20,IG,42,11390,36.00313645898132,1.1096316023080337,run-20260709-220158-3441,2026-07-09T22:01:58Z
vrf/VFR200_20_2_Gap,Large,200,20,IG,123,11362,35.75501679198351,0.8610741233910342,run-20260709-220234-1dd7,2026-07-09T22:02:34Z
vrf/VFR200_20_2_Gap,Large,200,20,IG,456,11378,35.72917725000298,1.0031069684864624,run-20260709-220310-3e96,2026-07-09T22:03:10Z
vrf/VFR200_20_2_Gap,Large,200,20,IG,789,11372,34.631451249995735,0.9498446515756769,run-20260709-220344-d164,2026-07-09T22:03:44Z
vrf/VFR200_20_2_Gap,Large,200,20,IG,2025,11430,35.606893749994924,1.4647137150466045,run-20260709-220420-9460,2026-07-09T22:04:20Z
vrf/VFR200_20_3_Gap,Large,200,20,IG,42,11433,36.79326000000583,0.9358170742473735,run-20260709-220457-3c8f,2026-07-09T22:04:57Z
vrf/VFR200_20_3_Gap,Large,200,20,IG,123,11412,36.683816500008106,0.7504193519908184,run-20260709-220533-5c4f,2026-07-09T22:05:33Z
vrf/VFR200_20_3_Gap,Large,200,20,IG,456,11408,39.237831249978626,0.7151055001324269,run-20260709-220613-9ce5,2026-07-09T22:06:13Z
vrf/VFR200_20_3_Gap,Large,200,20,IG,789,11414,35.89989191602217,0.7680762779200141,run-20260709-220648-8e72,2026-07-09T22:06:48Z
vrf/VFR200_20_3_Gap,Large,200,20,IG,2025,11437,37.5227112499997,0.971130926105765,run-20260709-220726-22ff,2026-07-09T22:07:26Z
vrf/VFR200_20_4_Gap,Large,200,20,IG,42,11377,36.133054457983235,1.5078515346181298,run-20260709-220802-9697,2026-07-09T22:08:02Z
vrf/VFR200_20_4_Gap,Large,200,20,IG,123,11349,36.582334541977616,1.2580299785867237,run-20260709-220839-84ba,2026-07-09T22:08:39Z
vrf/VFR200_20_4_Gap,Large,200,20,IG,456,11334,37.3077857499884,1.1241970021413277,run-20260709-220916-718c,2026-07-09T22:09:16Z
vrf/VFR200_20_4_Gap,Large,200,20,IG,789,11292,35.9243268329883,0.7494646680942184,run-20260709-220952-3cda,2026-07-09T22:09:52Z
vrf/VFR200_20_4_Gap,Large,200,20,IG,2025,11321,35.95444333399064,1.0082084225553176,run-20260709-221028-85aa,2026-07-09T22:10:28Z
vrf/VFR200_20_5_Gap,Large,200,20,IG,42,11316,36.78206374999718,0.9635974304068522,run-20260709-221105-ae85,2026-07-09T22:11:05Z
vrf/VFR200_20_5_Gap,Large,200,20,IG,123,11279,36.083605541003635,0.6334760885082085,run-20260709-221141-8821,2026-07-09T22:11:41Z
vrf/VFR200_20_5_Gap,Large,200,20,IG,456,11311,35.79787724997732,0.9189864382583869,run-20260709-221217-ab13,2026-07-09T22:12:17Z
vrf/VFR200_20_5_Gap,Large,200,20,IG,789,11309,35.094237417011755,0.9011420413990007,run-20260709-221252-5290,2026-07-09T22:12:52Z
vrf/VFR200_20_5_Gap,Large,200,20,IG,2025,11307,34.41959870798746,0.8832976445396146,run-20260709-221326-7c2c,2026-07-09T22:13:26Z
vrf/VFR200_20_6_Gap,Large,200,20,IG,42,11481,36.946189625014085,1.0029031406703617,run-20260709-221403-0aa2,2026-07-09T22:14:03Z
vrf/VFR200_20_6_Gap,Large,200,20,IG,123,11441,37.21381729198038,0.6510073018386557,run-20260709-221440-00f2,2026-07-09T22:14:40Z
vrf/VFR200_20_6_Gap,Large,200,20,IG,456,11492,35.434253459010506,1.0996744963490808,run-20260709-221516-8d87,2026-07-09T22:15:16Z
vrf/VFR200_20_6_Gap,Large,200,20,IG,789,11455,35.45630720900954,0.7741708454297528,run-20260709-221551-94bb,2026-07-09T22:15:51Z
vrf/VFR200_20_6_Gap,Large,200,20,IG,2025,11470,35.66189695801586,0.9061317849916425,run-20260709-221627-600a,2026-07-09T22:16:27Z
vrf/VFR200_20_7_Gap,Large,200,20,IG,42,11482,36.91527487500571,0.8963093145869947,run-20260709-221704-683e,2026-07-09T22:17:04Z
vrf/VFR200_20_7_Gap,Large,200,20,IG,123,11499,36.52710400000797,1.0456942003514937,run-20260709-221740-925f,2026-07-09T22:17:40Z
vrf/VFR200_20_7_Gap,Large,200,20,IG,456,11507,36.111447125003906,1.115992970123023,run-20260709-221817-b67d,2026-07-09T22:18:17Z
vrf/VFR200_20_7_Gap,Large,200,20,IG,789,11495,35.95600087498315,1.0105448154657293,run-20260709-221852-cbb4,2026-07-09T22:18:52Z
vrf/VFR200_20_7_Gap,Large,200,20,IG,2025,11446,36.83978641600697,0.5799648506151143,run-20260709-221929-9be3,2026-07-09T22:19:29Z
vrf/VFR200_20_8_Gap,Large,200,20,IG,42,11218,34.66916737498832,0.6911408311641684,run-20260709-222004-93f1,2026-07-09T22:20:04Z
vrf/VFR200_20_8_Gap,Large,200,20,IG,123,11228,35.36794083297718,0.7808993806660084,run-20260709-222039-5ca4,2026-07-09T22:20:39Z
vrf/VFR200_20_8_Gap,Large,200,20,IG,456,11206,37.35195791700971,0.5834305717619603,run-20260709-222117-fa72,2026-07-09T22:21:17Z
vrf/VFR200_20_8_Gap,Large,200,20,IG,789,11223,34.77695012500044,0.7360201059150884,run-20260709-222152-fe71,2026-07-09T22:21:52Z
vrf/VFR200_20_8_Gap,Large,200,20,IG,2025,11209,35.89428737500566,0.6103581366125124,run-20260709-222227-e0df,2026-07-09T22:22:27Z
vrf/VFR200_20_9_Gap,Large,200,20,IG,42,11257,35.83664566700463,1.2047109592735772,run-20260709-222303-1fe9,2026-07-09T22:23:03Z
vrf/VFR200_20_9_Gap,Large,200,20,IG,123,11216,36.16582570801256,0.836105367257035,run-20260709-222339-ce77,2026-07-09T22:23:39Z
vrf/VFR200_20_9_Gap,Large,200,20,IG,456,11227,36.00662504200591,0.9349995504809854,run-20260709-222415-34f4,2026-07-09T22:24:15Z
vrf/VFR200_20_9_Gap,Large,200,20,IG,789,11239,35.42271445901133,1.042884113998022,run-20260709-222451-703a,2026-07-09T22:24:51Z
vrf/VFR200_20_9_Gap,Large,200,20,IG,2025,11254,35.40016612497857,1.1777398183943182,run-20260709-222526-47a1,2026-07-09T22:25:26Z
vrf/VFR200_40_10_Gap,Large,200,40,IG,42,13391,71.4119086250139,1.2322346537647415,run-20260709-222638-c215,2026-07-09T22:26:38Z
vrf/VFR200_40_10_Gap,Large,200,40,IG,123,13353,70.38581224999507,0.9449652252797097,run-20260709-222748-e1fc,2026-07-09T22:27:48Z
vrf/VFR200_40_10_Gap,Large,200,40,IG,456,13376,69.77494470900274,1.1188388267311762,run-20260709-222858-fcf0,2026-07-09T22:28:58Z
vrf/VFR200_40_10_Gap,Large,200,40,IG,789,13375,70.47532704201876,1.1112791049289386,run-20260709-223008-834f,2026-07-09T22:30:08Z
vrf/VFR200_40_10_Gap,Large,200,40,IG,2025,13363,67.41215912500047,1.0205624433020866,run-20260709-223116-cc40,2026-07-09T22:31:16Z
vrf/VFR200_40_1_Gap,Large,200,40,IG,42,13442,68.28488762502093,2.3606457508376484,run-20260709-223224-79d7,2026-07-09T22:32:24Z
vrf/VFR200_40_1_Gap,Large,200,40,IG,123,13419,70.59626687501441,2.185501066098081,run-20260709-223335-51a2,2026-07-09T22:33:35Z
vrf/VFR200_40_1_Gap,Large,200,40,IG,456,13367,73.38092774999677,1.789521778860798,run-20260709-223448-6b10,2026-07-09T22:34:48Z
vrf/VFR200_40_1_Gap,Large,200,40,IG,789,13348,72.68261083299876,1.6448370392933294,run-20260709-223601-68bb,2026-07-09T22:36:01Z
vrf/VFR200_40_1_Gap,Large,200,40,IG,2025,13392,75.40926229199977,1.9798964361864149,run-20260709-223716-f749,2026-07-09T22:37:16Z
vrf/VFR200_40_2_Gap,Large,200,40,IG,42,13260,69.33505095800501,1.2059227598839872,run-20260709-223826-ded8,2026-07-09T22:38:26Z
vrf/VFR200_40_2_Gap,Large,200,40,IG,123,13261,70.18418141599977,1.2135551824148985,run-20260709-223936-fdca,2026-07-09T22:39:36Z
vrf/VFR200_40_2_Gap,Large,200,40,IG,456,13248,67.59873420800432,1.1143336895130513,run-20260709-224043-c47b,2026-07-09T22:40:43Z
vrf/VFR200_40_2_Gap,Large,200,40,IG,789,13261,73.97003862500424,1.2135551824148985,run-20260709-224157-0c96,2026-07-09T22:41:57Z
vrf/VFR200_40_2_Gap,Large,200,40,IG,2025,13286,72.14620037499117,1.4043657456876812,run-20260709-224310-01d0,2026-07-09T22:43:10Z
vrf/VFR200_40_3_Gap,Large,200,40,IG,42,13518,69.78047037500073,1.9149577804583835,run-20260709-224419-164b,2026-07-09T22:44:19Z
vrf/VFR200_40_3_Gap,Large,200,40,IG,123,13427,69.59317354200175,1.2288902291917974,run-20260709-224529-1f9e,2026-07-09T22:45:29Z
vrf/VFR200_40_3_Gap,Large,200,40,IG,456,13438,75.60103958297987,1.3118214716525936,run-20260709-224645-ba91,2026-07-09T22:46:45Z
vrf/VFR200_40_3_Gap,Large,200,40,IG,789,13454,71.70169879202149,1.4324487334137515,run-20260709-224756-6820,2026-07-09T22:47:56Z
vrf/VFR200_40_3_Gap,Large,200,40,IG,2025,13473,73.52863933399203,1.5756936067551266,run-20260709-224910-12c8,2026-07-09T22:49:10Z
vrf/VFR200_40_4_Gap,Large,200,40,IG,42,13404,69.25856600000407,1.2998790810157195,run-20260709-225019-cb50,2026-07-09T22:50:19Z
vrf/VFR200_40_4_Gap,Large,200,40,IG,123,13449,70.42626533302246,1.6399637243047158,run-20260709-225129-6ce7,2026-07-09T22:51:29Z
vrf/VFR200_40_4_Gap,Large,200,40,IG,456,13402,74.56212104100268,1.284764207980653,run-20260709-225244-0c86,2026-07-09T22:52:44Z
vrf/VFR200_40_4_Gap,Large,200,40,IG,789,13341,78.06919099998777,0.8237605804111245,run-20260709-225402-ffaa,2026-07-09T22:54:02Z
vrf/VFR200_40_4_Gap,Large,200,40,IG,2025,13344,81.05059879200417,0.8464328899637243,run-20260709-225523-c5f6,2026-07-09T22:55:23Z
vrf/VFR200_40_5_Gap,Large,200,40,IG,42,13168,75.07395712501602,0.9583684735106954,run-20260709-225638-2beb,2026-07-09T22:56:38Z
vrf/VFR200_40_5_Gap,Large,200,40,IG,123,13162,73.81673745901207,0.912366786782182,run-20260709-225752-7ee8,2026-07-09T22:57:52Z
vrf/VFR200_40_5_Gap,Large,200,40,IG,456,13201,77.55956029199297,1.211377750517519,run-20260709-225910-a550,2026-07-09T22:59:10Z
vrf/VFR200_40_5_Gap,Large,200,40,IG,789,13176,76.87791841701255,1.0197040558153798,run-20260709-230027-8b25,2026-07-09T23:00:27Z
vrf/VFR200_40_5_Gap,Large,200,40,IG,2025,13174,75.2003174170095,1.0043701602392088,run-20260709-230142-b256,2026-07-09T23:01:42Z
vrf/VFR200_40_6_Gap,Large,200,40,IG,42,13285,75.27181175001897,1.2267601341054557,run-20260709-230257-a7f3,2026-07-09T23:02:57Z
vrf/VFR200_40_6_Gap,Large,200,40,IG,123,13258,75.27055274997838,1.021030173727522,run-20260709-230412-7c2d,2026-07-09T23:04:12Z
vrf/VFR200_40_6_Gap,Large,200,40,IG,456,13290,78.29142162500648,1.264858274916184,run-20260709-230531-6e83,2026-07-09T23:05:31Z
vrf/VFR200_40_6_Gap,Large,200,40,IG,789,13352,76.60388491599588,1.7372752209692166,run-20260709-230647-1e6b,2026-07-09T23:06:47Z
vrf/VFR200_40_6_Gap,Large,200,40,IG,2025,13274,75.68448383299983,1.142944224321853,run-20260709-230803-6f7b,2026-07-09T23:08:03Z
vrf/VFR200_40_7_Gap,Large,200,40,IG,42,13442,78.40176783400238,1.075268817204301,run-20260709-230921-1ac1,2026-07-09T23:09:21Z
vrf/VFR200_40_7_Gap,Large,200,40,IG,123,13386,75.24469062499702,0.6541845251522671,run-20260709-231037-ed0a,2026-07-09T23:10:37Z
vrf/VFR200_40_7_Gap,Large,200,40,IG,456,13443,75.58857470899238,1.082788179562373,run-20260709-231152-ee37,2026-07-09T23:11:52Z
vrf/VFR200_40_7_Gap,Large,200,40,IG,789,13482,73.91917741700308,1.3760433115271824,run-20260709-231306-1ad9,2026-07-09T23:13:06Z
vrf/VFR200_40_7_Gap,Large,200,40,IG,2025,13364,74.61883187500644,0.4887585532746823,run-20260709-231421-0f00,2026-07-09T23:14:21Z
vrf/VFR200_40_8_Gap,Large,200,40,IG,42,13430,76.25081712499377,1.450370146547817,run-20260709-231537-b6bf,2026-07-09T23:15:37Z
vrf/VFR200_40_8_Gap,Large,200,40,IG,123,13338,84.24264283300727,0.7554011179936546,run-20260709-231701-05a6,2026-07-09T23:17:01Z
vrf/VFR200_40_8_Gap,Large,200,40,IG,456,13387,72.14754341699881,1.1255476658105454,run-20260709-231813-314c,2026-07-09T23:18:13Z
vrf/VFR200_40_8_Gap,Large,200,40,IG,789,13347,72.95551358399098,0.8233872186130835,run-20260709-231926-852a,2026-07-09T23:19:26Z
vrf/VFR200_40_8_Gap,Large,200,40,IG,2025,13378,75.27166820899583,1.0575615651911165,run-20260709-232042-4301,2026-07-09T23:20:42Z
vrf/VFR200_40_9_Gap,Large,200,40,IG,42,13277,71.32228766698972,0.8430806623120158,run-20260709-232153-ca50,2026-07-09T23:21:53Z
vrf/VFR200_40_9_Gap,Large,200,40,IG,123,13264,70.7662550410023,0.7443414856448428,run-20260709-232304-7ac5,2026-07-09T23:23:04Z
vrf/VFR200_40_9_Gap,Large,200,40,IG,456,13292,72.35988191701472,0.9570104815433693,run-20260709-232416-7ef4,2026-07-09T23:24:16Z
vrf/VFR200_40_9_Gap,Large,200,40,IG,789,13307,73.43047408401617,1.0709403007747227,run-20260709-232530-609b,2026-07-09T23:25:30Z
vrf/VFR200_40_9_Gap,Large,200,40,IG,2025,13334,78.95365650000167,1.276013975391159,run-20260709-232649-b0b1,2026-07-09T23:26:49Z
vrf/VFR200_60_10_Gap,Large,200,60,IG,42,15172,103.72732245901716,1.1466666666666667,run-20260709-232832-c519,2026-07-09T23:28:32Z
vrf/VFR200_60_10_Gap,Large,200,60,IG,123,15191,99.6593810839986,1.2733333333333334,run-20260709-233012-2516,2026-07-09T23:30:12Z
vrf/VFR200_60_10_Gap,Large,200,60,IG,456,15234,107.3556044579891,1.56,run-20260709-233159-932e,2026-07-09T23:31:59Z
vrf/VFR200_60_10_Gap,Large,200,60,IG,789,15191,101.53932812501444,1.2733333333333334,run-20260709-233341-e3be,2026-07-09T23:33:41Z
vrf/VFR200_60_10_Gap,Large,200,60,IG,2025,15219,106.95069345796946,1.46,run-20260709-233528-7b24,2026-07-09T23:35:28Z
vrf/VFR200_60_1_Gap,Large,200,60,IG,42,15199,104.84866712498479,1.3942628418945964,run-20260709-233713-6e5d,2026-07-09T23:37:13Z
vrf/VFR200_60_1_Gap,Large,200,60,IG,123,15202,103.94159133301582,1.4142761841227485,run-20260709-233857-bd6c,2026-07-09T23:38:57Z
vrf/VFR200_60_1_Gap,Large,200,60,IG,456,15201,104.98663029202726,1.4076050700466978,run-20260709-234042-4236,2026-07-09T23:40:42Z
vrf/VFR200_60_1_Gap,Large,200,60,IG,789,15191,102.39971854101168,1.3408939292861908,run-20260709-234224-8454,2026-07-09T23:42:24Z
vrf/VFR200_60_1_Gap,Large,200,60,IG,2025,15194,100.86175633297535,1.3609072715143429,run-20260709-234405-7a5e,2026-07-09T23:44:05Z
vrf/VFR200_60_2_Gap,Large,200,60,IG,42,15083,101.15121554100187,0.8626454460345058,run-20260709-234546-57b9,2026-07-09T23:45:46Z
vrf/VFR200_60_2_Gap,Large,200,60,IG,123,15073,98.57768587500323,0.795773706031831,run-20260709-234725-5918,2026-07-09T23:47:25Z
vrf/VFR200_60_2_Gap,Large,200,60,IG,456,15114,105.07403966604033,1.069947840042798,run-20260709-234910-b19c,2026-07-09T23:49:10Z
vrf/VFR200_60_2_Gap,Large,200,60,IG,789,15125,104.11371587502072,1.1435067540457402,run-20260709-235054-cd3f,2026-07-09T23:50:54Z
vrf/VFR200_60_2_Gap,Large,200,60,IG,2025,15142,98.17120662500383,1.2571887120502876,run-20260709-235232-9967,2026-07-09T23:52:32Z
vrf/VFR200_60_3_Gap,Large,200,60,IG,42,15367,102.56191175000276,1.0986842105263157,run-20260709-235415-d327,2026-07-09T23:54:15Z
vrf/VFR200_60_3_Gap,Large,200,60,IG,123,15369,100.47378420800669,1.111842105263158,run-20260709-235555-5dad,2026-07-09T23:55:55Z
vrf/VFR200_60_3_Gap,Large,200,60,IG,456,15379,100.56284537503961,1.1776315789473684,run-20260709-235736-ef21,2026-07-09T23:57:36Z
vrf/VFR200_60_3_Gap,Large,200,60,IG,789,15384,106.97818270901917,1.2105263157894737,run-20260709-235923-d46e,2026-07-09T23:59:23Z
vrf/VFR200_60_3_Gap,Large,200,60,IG,2025,15355,103.02046779100783,1.019736842105263,run-20260710-000106-850b,2026-07-10T00:01:06Z
vrf/VFR200_60_4_Gap,Large,200,60,IG,42,15217,103.51496620901162,1.149960116990162,run-20260710-000249-7e6a,2026-07-10T00:02:49Z
vrf/VFR200_60_4_Gap,Large,200,60,IG,123,15244,97.01001295796596,1.329433661260303,run-20260710-000426-9027,2026-07-10T00:04:26Z
vrf/VFR200_60_4_Gap,Large,200,60,IG,456,15189,109.03812312497757,0.9638394044137197,run-20260710-000615-8515,2026-07-10T00:06:15Z
vrf/VFR200_60_4_Gap,Large,200,60,IG,789,15192,104.01945854199585,0.9837809093326243,run-20260710-000759-c5e5,2026-07-10T00:07:59Z
vrf/VFR200_60_4_Gap,Large,200,60,IG,2025,15237,101.54753070900915,1.2829034831161925,run-20260710-000941-e6e4,2026-07-10T00:09:41Z
vrf/VFR200_60_5_Gap,Large,200,60,IG,42,15312,104.57834766700398,1.2029081295439523,run-20260710-001125-a4ba,2026-07-10T00:11:25Z
vrf/VFR200_60_5_Gap,Large,200,60,IG,123,15330,102.77990087500075,1.3218770654329148,run-20260710-001308-65bd,2026-07-10T00:13:08Z
vrf/VFR200_60_5_Gap,Large,200,60,IG,456,15227,108.06897558300989,0.6411103767349636,run-20260710-001456-59a5,2026-07-10T00:14:56Z
vrf/VFR200_60_5_Gap,Large,200,60,IG,789,15372,106.18759104202036,1.5994712491738268,run-20260710-001643-9358,2026-07-10T00:16:43Z
vrf/VFR200_60_5_Gap,Large,200,60,IG,2025,15355,100.34793533396441,1.4871116986120292,run-20260710-001823-fafb,2026-07-10T00:18:23Z
vrf/VFR200_60_6_Gap,Large,200,60,IG,42,15236,100.93971037503798,1.3368806119055536,run-20260710-002004-50c1,2026-07-10T00:20:04Z
vrf/VFR200_60_6_Gap,Large,200,60,IG,123,15249,103.98814137501176,1.4233455271034254,run-20260710-002148-9aa0,2026-07-10T00:21:48Z
vrf/VFR200_60_6_Gap,Large,200,60,IG,456,15249,106.36273179197451,1.4233455271034254,run-20260710-002334-12bb,2026-07-10T00:23:34Z
vrf/VFR200_60_6_Gap,Large,200,60,IG,789,15138,107.02208625001367,0.6850681742600598,run-20260710-002521-4b2b,2026-07-10T00:25:21Z
vrf/VFR200_60_6_Gap,Large,200,60,IG,2025,15223,102.83800708397757,1.250415696707682,run-20260710-002704-ab7d,2026-07-10T00:27:04Z
vrf/VFR200_60_7_Gap,Large,200,60,IG,42,15299,99.17285187501693,1.7220744680851063,run-20260710-002843-cfca,2026-07-10T00:28:43Z
vrf/VFR200_60_7_Gap,Large,200,60,IG,123,15247,98.96276920899982,1.3763297872340425,run-20260710-003022-498c,2026-07-10T00:30:22Z
vrf/VFR200_60_7_Gap,Large,200,60,IG,456,15209,102.47099570796126,1.1236702127659575,run-20260710-003205-f993,2026-07-10T00:32:05Z
vrf/VFR200_60_7_Gap,Large,200,60,IG,789,15227,104.95130383298965,1.2433510638297873,run-20260710-003350-d072,2026-07-10T00:33:50Z
vrf/VFR200_60_7_Gap,Large,200,60,IG,2025,15228,102.95456120802555,1.25,run-20260710-003533-5ac9,2026-07-10T00:35:33Z
vrf/VFR200_60_8_Gap,Large,200,60,IG,42,15217,103.56576583295828,1.6635489043292357,run-20260710-003716-e434,2026-07-10T00:37:16Z
vrf/VFR200_60_8_Gap,Large,200,60,IG,123,15185,99.22778233402641,1.4497594869053982,run-20260710-003855-45e6,2026-07-10T00:38:55Z
vrf/VFR200_60_8_Gap,Large,200,60,IG,456,15181,97.75931333296467,1.4230358097274185,run-20260710-004033-bb6e,2026-07-10T00:40:33Z
vrf/VFR200_60_8_Gap,Large,200,60,IG,789,15168,100.22024879098171,1.3361838588989845,run-20260710-004213-ab08,2026-07-10T00:42:13Z
vrf/VFR200_60_8_Gap,Large,200,60,IG,2025,15197,98.67410970904166,1.5299305184393373,run-20260710-004352-d461,2026-07-10T00:43:52Z
vrf/VFR200_60_9_Gap,Large,200,60,IG,42,15246,100.96384387498256,1.4911463187325256,run-20260710-004533-216b,2026-07-10T00:45:33Z
vrf/VFR200_60_9_Gap,Large,200,60,IG,123,15196,102.11632837500656,1.1583011583011582,run-20260710-004715-1c31,2026-07-10T00:47:15Z
vrf/VFR200_60_9_Gap,Large,200,60,IG,456,15219,101.97220508300234,1.3114099320995873,run-20260710-004857-c5b8,2026-07-10T00:48:57Z
vrf/VFR200_60_9_Gap,Large,200,60,IG,789,15233,104.92918345797807,1.4046065770203702,run-20260710-005042-3c95,2026-07-10T00:50:42Z
vrf/VFR200_60_9_Gap,Large,200,60,IG,2025,15203,108.59768274996895,1.2048994807615496,run-20260710-005231-7d05,2026-07-10T00:52:31Z
vrf/VFR300_20_10_Gap,Large,300,20,IG,42,16905,54.625110124994535,0.03550505947097461,run-20260710-005325-b082,2026-07-10T00:53:25Z
vrf/VFR300_20_10_Gap,Large,300,20,IG,123,16905,55.16597875003936,0.03550505947097461,run-20260710-005421-f8e0,2026-07-10T00:54:21Z
vrf/VFR300_20_10_Gap,Large,300,20,IG,456,16905,55.25552387494827,0.03550505947097461,run-20260710-005516-6a4d,2026-07-10T00:55:16Z
vrf/VFR300_20_10_Gap,Large,300,20,IG,789,16905,55.91759670799365,0.03550505947097461,run-20260710-005612-9b5e,2026-07-10T00:56:12Z
vrf/VFR300_20_10_Gap,Large,300,20,IG,2025,16905,55.64585329097463,0.03550505947097461,run-20260710-005707-0eba,2026-07-10T00:57:07Z
vrf/VFR300_20_1_Gap,Large,300,20,IG,42,16227,64.26965241599828,0.48300204347018394,run-20260710-005812-cf7d,2026-07-10T00:58:12Z
vrf/VFR300_20_1_Gap,Large,300,20,IG,123,16274,60.508310958975926,0.774041736330423,run-20260710-005912-5fd6,2026-07-10T00:59:12Z
vrf/VFR300_20_1_Gap,Large,300,20,IG,456,16251,61.64095945795998,0.6316180568456251,run-20260710-010014-7adb,2026-07-10T01:00:14Z
vrf/VFR300_20_1_Gap,Large,300,20,IG,789,16256,62.91098824999062,0.662579726298842,run-20260710-010117-1975,2026-07-10T01:01:17Z
vrf/VFR300_20_1_Gap,Large,300,20,IG,2025,16253,61.31504512496758,0.6440027246269119,run-20260710-010218-2d5d,2026-07-10T01:02:18Z
vrf/VFR300_20_2_Gap,Large,300,20,IG,42,16642,62.32212891604286,0.7873062015503876,run-20260710-010320-b823,2026-07-10T01:03:20Z
vrf/VFR300_20_2_Gap,Large,300,20,IG,123,16678,59.99794208299136,1.005329457364341,run-20260710-010420-d31c,2026-07-10T01:04:20Z
vrf/VFR300_20_2_Gap,Large,300,20,IG,456,16674,61.575289666012395,0.9811046511627907,run-20260710-010522-fc0e,2026-07-10T01:05:22Z
vrf/VFR300_20_2_Gap,Large,300,20,IG,789,16621,61.77520266600186,0.6601259689922481,run-20260710-010624-fc83,2026-07-10T01:06:24Z
vrf/VFR300_20_2_Gap,Large,300,20,IG,2025,16652,58.86774512502598,0.8478682170542635,run-20260710-010723-bf5e,2026-07-10T01:07:23Z
vrf/VFR300_20_3_Gap,Large,300,20,IG,42,16346,62.505546125001274,1.069684041303407,run-20260710-010825-9645,2026-07-10T01:08:25Z
vrf/VFR300_20_3_Gap,Large,300,20,IG,123,16353,59.72273004200542,1.1129660545353366,run-20260710-010925-1076,2026-07-10T01:09:25Z
vrf/VFR300_20_3_Gap,Large,300,20,IG,456,16347,61.03386170801241,1.0758671860508255,run-20260710-011026-a3ce,2026-07-10T01:10:26Z
vrf/VFR300_20_3_Gap,Large,300,20,IG,789,16334,62.9670438329922,0.9954863043343845,run-20260710-011129-a198,2026-07-10T01:11:29Z
vrf/VFR300_20_3_Gap,Large,300,20,IG,2025,16315,61.29212891700445,0.8780065541334323,run-20260710-011230-53fb,2026-07-10T01:12:30Z
vrf/VFR300_20_4_Gap,Large,300,20,IG,42,16262,63.508731208974496,0.5005871083369384,run-20260710-011334-5230,2026-07-10T01:13:34Z
vrf/VFR300_20_4_Gap,Large,300,20,IG,123,16302,62.877718124946114,0.7477906186267845,run-20260710-011437-ff93,2026-07-10T01:14:37Z
vrf/VFR300_20_4_Gap,Large,300,20,IG,456,16318,61.43587387498701,0.8466720227427229,run-20260710-011538-c8af,2026-07-10T01:15:38Z
vrf/VFR300_20_4_Gap,Large,300,20,IG,789,16317,60.20872316596797,0.8404919349854768,run-20260710-011638-3c4a,2026-07-10T01:16:38Z
vrf/VFR300_20_4_Gap,Large,300,20,IG,2025,16276,62.128429333970416,0.5871083369383845,run-20260710-011740-e0b8,2026-07-10T01:17:40Z
vrf/VFR300_20_5_Gap,Large,300,20,IG,42,16433,58.880726957984734,0.556847387100722,run-20260710-011839-2c68,2026-07-10T01:18:39Z
vrf/VFR300_20_5_Gap,Large,300,20,IG,123,16452,60.04238320799777,0.673112226165708,run-20260710-011939-c5e5,2026-07-10T01:19:39Z
vrf/VFR300_20_5_Gap,Large,300,20,IG,456,16456,60.882912416011095,0.6975890343899156,run-20260710-012040-2da2,2026-07-10T01:20:40Z
vrf/VFR300_20_5_Gap,Large,300,20,IG,789,16499,61.84910062502604,0.9607147228001469,run-20260710-012142-065d,2026-07-10T01:21:42Z
vrf/VFR300_20_5_Gap,Large,300,20,IG,2025,16425,61.3692098329775,0.5078937706523069,run-20260710-012244-f197,2026-07-10T01:22:44Z
vrf/VFR300_20_6_Gap,Large,300,20,IG,42,16274,59.92083758395165,0.8489806035818306,run-20260710-012343-889a,2026-07-10T01:23:43Z
vrf/VFR300_20_6_Gap,Large,300,20,IG,123,16238,61.211473916016985,0.6258908099398897,run-20260710-012445-0999,2026-07-10T01:24:45Z
vrf/VFR300_20_6_Gap,Large,300,20,IG,456,16245,60.456777666986454,0.6692693809258227,run-20260710-012545-b9e1,2026-07-10T01:25:45Z
vrf/VFR300_20_6_Gap,Large,300,20,IG,789,16207,62.71047162503237,0.4337857098593295,run-20260710-012648-eab7,2026-07-10T01:26:48Z
vrf/VFR300_20_6_Gap,Large,300,20,IG,2025,16231,59.42506862501614,0.5825122389539568,run-20260710-012747-735a,2026-07-10T01:27:47Z
vrf/VFR300_20_7_Gap,Large,300,20,IG,42,16322,60.721385000040755,0.3442764047706873,run-20260710-012848-c9db,2026-07-10T01:28:48Z
vrf/VFR300_20_7_Gap,Large,300,20,IG,123,16322,59.983034208999015,0.3442764047706873,run-20260710-012948-b61e,2026-07-10T01:29:48Z
vrf/VFR300_20_7_Gap,Large,300,20,IG,456,16294,60.9052027920261,0.17213820238534366,run-20260710-013049-5f13,2026-07-10T01:30:49Z
vrf/VFR300_20_7_Gap,Large,300,20,IG,789,16340,59.61190383398207,0.454936677732694,run-20260710-013149-f67a,2026-07-10T01:31:49Z
vrf/VFR300_20_7_Gap,Large,300,20,IG,2025,16324,62.03376845800085,0.3565719906553547,run-20260710-013251-5a64,2026-07-10T01:32:51Z
vrf/VFR300_20_8_Gap,Large,300,20,IG,42,16554,61.929026249970775,0.8406432748538012,run-20260710-013353-e738,2026-07-10T01:33:53Z
vrf/VFR300_20_8_Gap,Large,300,20,IG,123,16536,62.86916850000853,0.7309941520467836,run-20260710-013455-207f,2026-07-10T01:34:55Z
vrf/VFR300_20_8_Gap,Large,300,20,IG,456,16524,61.3066614579875,0.6578947368421053,run-20260710-013557-316c,2026-07-10T01:35:57Z
vrf/VFR300_20_8_Gap,Large,300,20,IG,789,16519,63.82861295802286,0.6274366471734892,run-20260710-013701-4774,2026-07-10T01:37:01Z
vrf/VFR300_20_8_Gap,Large,300,20,IG,2025,16527,61.062190041004214,0.6761695906432749,run-20260710-013802-01b6,2026-07-10T01:38:02Z
vrf/VFR300_20_9_Gap,Large,300,20,IG,42,16451,59.08777862502029,0.45798729848558867,run-20260710-013901-e150,2026-07-10T01:39:01Z
vrf/VFR300_20_9_Gap,Large,300,20,IG,123,16479,60.47523783298675,0.6289692232535418,run-20260710-014001-f4c6,2026-07-10T01:40:01Z
vrf/VFR300_20_9_Gap,Large,300,20,IG,456,16479,60.354229791031685,0.6289692232535418,run-20260710-014102-38ce,2026-07-10T01:41:02Z
vrf/VFR300_20_9_Gap,Large,300,20,IG,789,16477,60.109990749973804,0.6167562286272594,run-20260710-014202-64a2,2026-07-10T01:42:02Z
vrf/VFR300_20_9_Gap,Large,300,20,IG,2025,16484,60.52188524999656,0.6595017098192477,run-20260710-014302-904d,2026-07-10T01:43:02Z
vrf/VFR300_40_10_Gap,Large,300,40,IG,42,18571,123.9118904999923,0.9238628335416553,run-20260710-014506-5074,2026-07-10T01:45:06Z
vrf/VFR300_40_10_Gap,Large,300,40,IG,123,18505,126.00708945799852,0.5651866746372479,run-20260710-014712-81aa,2026-07-10T01:47:12Z
vrf/VFR300_40_10_Gap,Large,300,40,IG,456,18562,123.42287220899016,0.8749524482365089,run-20260710-014916-a4c1,2026-07-10T01:49:16Z
vrf/VFR300_40_10_Gap,Large,300,40,IG,789,18573,119.37163941696053,0.9347318080539101,run-20260710-015115-b705,2026-07-10T01:51:15Z
vrf/VFR300_40_10_Gap,Large,300,40,IG,2025,18547,118.4088425830123,0.7934351393945981,run-20260710-015313-2fad,2026-07-10T01:53:13Z
vrf/VFR300_40_1_Gap,Large,300,40,IG,42,18540,126.40627529204357,1.322548912449448,run-20260710-015520-d5a9,2026-07-10T01:55:20Z
vrf/VFR300_40_1_Gap,Large,300,40,IG,123,18468,126.19424183398951,0.9290632856049842,run-20260710-015726-6f7a,2026-07-10T01:57:26Z
vrf/VFR300_40_1_Gap,Large,300,40,IG,456,18460,126.06544845795725,0.8853426604000437,run-20260710-015932-1003,2026-07-10T01:59:32Z
vrf/VFR300_40_1_Gap,Large,300,40,IG,789,18456,123.71051808301127,0.8634823477975735,run-20260710-020136-27fe,2026-07-10T02:01:36Z
vrf/VFR300_40_1_Gap,Large,300,40,IG,2025,18457,119.42832741700113,0.8689474259481911,run-20260710-020335-0967,2026-07-10T02:03:35Z
vrf/VFR300_40_2_Gap,Large,300,40,IG,42,18630,124.92584304197226,0.9537227701311369,run-20260710-020540-dc3c,2026-07-10T02:05:40Z
vrf/VFR300_40_2_Gap,Large,300,40,IG,123,18700,124.7438160419697,1.3330443264332936,run-20260710-020745-48da,2026-07-10T02:07:45Z
vrf/VFR300_40_2_Gap,Large,300,40,IG,456,18636,120.59149575000629,0.9862360463856075,run-20260710-020946-3134,2026-07-10T02:09:46Z
vrf/VFR300_40_2_Gap,Large,300,40,IG,789,18660,120.41562812501797,1.1162891514034898,run-20260710-021146-b935,2026-07-10T02:11:46Z
vrf/VFR300_40_2_Gap,Large,300,40,IG,2025,18654,126.28724683297332,1.0837758751490192,run-20260710-021352-b9ca,2026-07-10T02:13:52Z
vrf/VFR300_40_3_Gap,Large,300,40,IG,42,18654,127.06285512499744,1.0673457224901122,run-20260710-021559-a843,2026-07-10T02:15:59Z
vrf/VFR300_40_3_Gap,Large,300,40,IG,123,18655,120.24865999998292,1.0727637210814325,run-20260710-021800-23b5,2026-07-10T02:18:00Z
vrf/VFR300_40_3_Gap,Large,300,40,IG,456,18750,124.68384337500902,1.5874735872568673,run-20260710-022004-a58a,2026-07-10T02:20:04Z
vrf/VFR300_40_3_Gap,Large,300,40,IG,789,18659,121.7562301249709,1.094435715446714,run-20260710-022206-fb37,2026-07-10T02:22:06Z
vrf/VFR300_40_3_Gap,Large,300,40,IG,2025,18640,120.80761804198846,0.991493742211627,run-20260710-022407-f8a6,2026-07-10T02:24:07Z
vrf/VFR300_40_4_Gap,Large,300,40,IG,42,18510,124.4521559170098,0.8664377963053784,run-20260710-022611-668c,2026-07-10T02:26:11Z
vrf/VFR300_40_4_Gap,Large,300,40,IG,123,18524,124.57208695798181,0.9427279167347828,run-20260710-022816-8658,2026-07-10T02:28:16Z
vrf/VFR300_40_4_Gap,Large,300,40,IG,456,18552,120.82364391698502,1.0953081575935917,run-20260710-023017-5364,2026-07-10T02:30:17Z
vrf/VFR300_40_4_Gap,Large,300,40,IG,789,18512,124.75042154197581,0.8773363849381505,run-20260710-023222-c400,2026-07-10T02:32:22Z
vrf/VFR300_40_4_Gap,Large,300,40,IG,2025,18481,122.83262866700534,0.7084082611301836,run-20260710-023424-3431,2026-07-10T02:34:24Z
vrf/VFR300_40_5_Gap,Large,300,40,IG,42,18661,122.49500016699312,0.9575849383250379,run-20260710-023627-0a98,2026-07-10T02:36:27Z
vrf/VFR300_40_5_Gap,Large,300,40,IG,123,18679,123.32120104099158,1.0549664574767366,run-20260710-023830-d291,2026-07-10T02:38:30Z
vrf/VFR300_40_5_Gap,Large,300,40,IG,456,18729,119.91450458404142,1.3254706773425666,run-20260710-024030-f805,2026-07-10T02:40:30Z
vrf/VFR300_40_5_Gap,Large,300,40,IG,789,18695,125.23329337500036,1.1415278078338023,run-20260710-024235-cff3,2026-07-10T02:42:35Z
vrf/VFR300_40_5_Gap,Large,300,40,IG,2025,18718,123.19541158399079,1.265959748972084,run-20260710-024439-cfa8,2026-07-10T02:44:39Z
vrf/VFR300_40_6_Gap,Large,300,40,IG,42,18703,119.4769647080102,1.3767683885305437,run-20260710-024638-dd2d,2026-07-10T02:46:38Z
vrf/VFR300_40_6_Gap,Large,300,40,IG,123,18662,119.16069462499581,1.154534121090574,run-20260710-024837-ce68,2026-07-10T02:48:37Z
vrf/VFR300_40_6_Gap,Large,300,40,IG,456,18676,117.16705733299023,1.230418992899344,run-20260710-025035-a109,2026-07-10T02:50:35Z
vrf/VFR300_40_6_Gap,Large,300,40,IG,789,18666,127.62779629195575,1.1762155130359369,run-20260710-025242-cdce,2026-07-10T02:52:42Z
vrf/VFR300_40_6_Gap,Large,300,40,IG,2025,18687,118.31967120798072,1.2900428207490922,run-20260710-025441-2de8,2026-07-10T02:54:41Z
vrf/VFR300_40_7_Gap,Large,300,40,IG,42,18662,121.29843525000615,1.3192898637276724,run-20260710-025642-8b8b,2026-07-10T02:56:42Z
vrf/VFR300_40_7_Gap,Large,300,40,IG,123,18634,122.09984837501543,1.1672729246973235,run-20260710-025844-aa43,2026-07-10T02:58:44Z
vrf/VFR300_40_7_Gap,Large,300,40,IG,456,18604,127.94798120803898,1.0043976328790922,run-20260710-030052-c73d,2026-07-10T03:00:52Z
vrf/VFR300_40_7_Gap,Large,300,40,IG,789,18687,125.6860419579898,1.4550192735761984,run-20260710-030258-6a97,2026-07-10T03:02:58Z
vrf/VFR300_40_7_Gap,Large,300,40,IG,2025,18698,121.71898324997164,1.5147402139095498,run-20260710-030459-e948,2026-07-10T03:04:59Z
vrf/VFR300_40_8_Gap,Large,300,40,IG,42,18539,122.39565554197179,0.7992605480643759,run-20260710-030702-9176,2026-07-10T03:07:02Z
vrf/VFR300_40_8_Gap,Large,300,40,IG,123,18541,121.83585658401717,0.8101348412353198,run-20260710-030904-e9f4,2026-07-10T03:09:04Z
vrf/VFR300_40_8_Gap,Large,300,40,IG,456,18583,122.02085854200413,1.0384949978251414,run-20260710-031106-e31e,2026-07-10T03:11:06Z
vrf/VFR300_40_8_Gap,Large,300,40,IG,789,18563,126.581403707969,0.9297520661157025,run-20260710-031312-4fc8,2026-07-10T03:13:12Z
vrf/VFR300_40_8_Gap,Large,300,40,IG,2025,18514,120.88280037499499,0.6633318834275772,run-20260710-031513-b187,2026-07-10T03:15:13Z
vrf/VFR300_40_9_Gap,Large,300,40,IG,42,18582,126.30733858299209,1.0220724149179081,run-20260710-031719-a932,2026-07-10T03:17:19Z
vrf/VFR300_40_9_Gap,Large,300,40,IG,123,18625,120.74052287498489,1.255844297053387,run-20260710-031920-cc26,2026-07-10T03:19:20Z
vrf/VFR300_40_9_Gap,Large,300,40,IG,456,18585,126.77318491699407,1.0383820811134066,run-20260710-032127-45f2,2026-07-10T03:21:27Z
vrf/VFR300_40_9_Gap,Large,300,40,IG,789,18613,126.79295379196992,1.190605632271393,run-20260710-032334-7136,2026-07-10T03:23:34Z
vrf/VFR300_40_9_Gap,Large,300,40,IG,2025,18626,121.26423395803431,1.2612808524518866,run-20260710-032535-4926,2026-07-10T03:25:35Z
vrf/VFR300_60_10_Gap,Large,300,60,IG,42,20635,183.6750427079969,0.79620945681907,run-20260710-032839-16cf,2026-07-10T03:28:39Z
vrf/VFR300_60_10_Gap,Large,300,60,IG,123,20767,188.9837147090002,1.440992575224697,run-20260710-033148-88b1,2026-07-10T03:31:48Z
vrf/VFR300_60_10_Gap,Large,300,60,IG,456,20647,187.5683335000067,0.8548261039468542,run-20260710-033455-c05d,2026-07-10T03:34:55Z
vrf/VFR300_60_10_Gap,Large,300,60,IG,789,20730,173.98180941701867,1.2602579132473624,run-20260710-033749-6e2a,2026-07-10T03:37:49Z
vrf/VFR300_60_10_Gap,Large,300,60,IG,2025,20705,184.27862974995514,1.1381398983978117,run-20260710-034054-d477,2026-07-10T03:40:54Z
vrf/VFR300_60_1_Gap,Large,300,60,IG,42,20717,188.97264275001362,0.9501997855959459,run-20260710-034403-0726,2026-07-10T03:44:03Z
vrf/VFR300_60_1_Gap,Large,300,60,IG,123,20785,176.59265187499113,1.2815515057011988,run-20260710-034659-c8e6,2026-07-10T03:46:59Z
vrf/VFR300_60_1_Gap,Large,300,60,IG,456,20732,182.19423587498022,1.023292076795634,run-20260710-035001-1635,2026-07-10T03:50:01Z
vrf/VFR300_60_1_Gap,Large,300,60,IG,789,20785,178.22016687499126,1.2815515057011988,run-20260710-035300-06ea,2026-07-10T03:53:00Z
vrf/VFR300_60_1_Gap,Large,300,60,IG,2025,20785,183.8546077919891,1.2815515057011988,run-20260710-035603-0a67,2026-07-10T03:56:03Z
vrf/VFR300_60_2_Gap,Large,300,60,IG,42,20603,180.40249158302322,1.0000490220108829,run-20260710-035904-a2cb,2026-07-10T03:59:04Z
vrf/VFR300_60_2_Gap,Large,300,60,IG,123,20590,173.0412570409826,0.9363204078631305,run-20260710-040157-b875,2026-07-10T04:01:57Z
vrf/VFR300_60_2_Gap,Large,300,60,IG,456,20553,193.74005087499972,0.7549389675964508,run-20260710-040511-828d,2026-07-10T04:05:11Z
vrf/VFR300_60_2_Gap,Large,300,60,IG,789,20631,179.07669024995994,1.1373106524829648,run-20260710-040810-9e08,2026-07-10T04:08:10Z
vrf/VFR300_60_2_Gap,Large,300,60,IG,2025,20580,176.89746241696412,0.8872983969802442,run-20260710-041107-886c,2026-07-10T04:11:07Z
vrf/VFR300_60_3_Gap,Large,300,60,IG,42,20691,185.53528958401876,1.2577077419986298,run-20260710-041412-8e7e,2026-07-10T04:14:12Z
vrf/VFR300_60_3_Gap,Large,300,60,IG,123,20653,186.4453550420003,1.0717431731428013,run-20260710-041719-8dd5,2026-07-10T04:17:19Z
vrf/VFR300_60_3_Gap,Large,300,60,IG,456,20655,191.30533066700445,1.08153078202995,run-20260710-042030-cd4b,2026-07-10T04:20:30Z
vrf/VFR300_60_3_Gap,Large,300,60,IG,789,20741,181.50182750000386,1.5023979641773515,run-20260710-042331-a322,2026-07-10T04:23:31Z
vrf/VFR300_60_3_Gap,Large,300,60,IG,2025,20682,180.4536988339969,1.21366350200646,run-20260710-042632-080a,2026-07-10T04:26:32Z
vrf/VFR300_60_4_Gap,Large,300,60,IG,42,20630,183.17748925002525,1.152243196861976,run-20260710-042935-d054,2026-07-10T04:29:35Z
vrf/VFR300_60_4_Gap,Large,300,60,IG,123,20636,184.58901070803404,1.1816621721010052,run-20260710-043240-0d5f,2026-07-10T04:32:40Z
vrf/VFR300_60_4_Gap,Large,300,60,IG,456,20680,181.40948458295316,1.3974013238538858,run-20260710-043541-84a2,2026-07-10T04:35:41Z
vrf/VFR300_60_4_Gap,Large,300,60,IG,789,20626,182.07257700001355,1.1326305467026232,run-20260710-043843-bf06,2026-07-10T04:38:43Z
vrf/VFR300_60_4_Gap,Large,300,60,IG,2025,20650,179.2621068750159,1.25030644765874,run-20260710-044142-a193,2026-07-10T04:41:42Z
vrf/VFR300_60_5_Gap,Large,300,60,IG,42,20554,173.36490149999736,1.0471461580059978,run-20260710-044436-e66f,2026-07-10T04:44:36Z
vrf/VFR300_60_5_Gap,Large,300,60,IG,123,20565,187.30392700002994,1.1012241286072464,run-20260710-044743-b1c7,2026-07-10T04:47:43Z
vrf/VFR300_60_5_Gap,Large,300,60,IG,456,20597,190.01627875003032,1.2585418612654244,run-20260710-045053-3805,2026-07-10T04:50:53Z
vrf/VFR300_60_5_Gap,Large,300,60,IG,789,20509,168.6499992919853,0.8259180964554348,run-20260710-045342-be49,2026-07-10T04:53:42Z
vrf/VFR300_60_5_Gap,Large,300,60,IG,2025,20516,181.02102612500312,0.8603313504744113,run-20260710-045643-cbf0,2026-07-10T04:56:43Z
vrf/VFR300_60_6_Gap,Large,300,60,IG,42,20527,178.9553199170041,0.6817735923092015,run-20260710-045942-9959,2026-07-10T04:59:42Z
vrf/VFR300_60_6_Gap,Large,300,60,IG,123,20577,189.20752604102017,0.9270158917010006,run-20260710-050251-e667,2026-07-10T05:02:51Z
vrf/VFR300_60_6_Gap,Large,300,60,IG,456,20528,180.33900216699112,0.6866784382970375,run-20260710-050551-4a60,2026-07-10T05:05:51Z
vrf/VFR300_60_6_Gap,Large,300,60,IG,789,20514,187.41269991599256,0.6180105944673338,run-20260710-050859-5a82,2026-07-10T05:08:59Z
vrf/VFR300_60_6_Gap,Large,300,60,IG,2025,20578,174.33221754198894,0.9319207376888365,run-20260710-051153-9e79,2026-07-10T05:11:53Z
vrf/VFR300_60_7_Gap,Large,300,60,IG,42,20736,185.19460841699038,1.3638363396392432,run-20260710-051458-600a,2026-07-10T05:14:58Z
vrf/VFR300_60_7_Gap,Large,300,60,IG,123,20704,174.22393425001064,1.2074106662756026,run-20260710-051753-a778,2026-07-10T05:17:53Z
vrf/VFR300_60_7_Gap,Large,300,60,IG,456,20659,177.37059620802756,0.9874370631079826,run-20260710-052050-74a0,2026-07-10T05:20:50Z
vrf/VFR300_60_7_Gap,Large,300,60,IG,789,20744,181.12513891700655,1.4029427579801534,run-20260710-052351-617e,2026-07-10T05:23:51Z
vrf/VFR300_60_7_Gap,Large,300,60,IG,2025,20717,183.69052279100288,1.2709585960795815,run-20260710-052655-2d3e,2026-07-10T05:26:55Z
vrf/VFR300_60_8_Gap,Large,300,60,IG,42,20640,172.46181020798394,1.1268985791278785,run-20260710-052947-5372,2026-07-10T05:29:47Z
vrf/VFR300_60_8_Gap,Large,300,60,IG,123,20638,185.5744893749943,1.1170994610485057,run-20260710-053253-de16,2026-07-10T05:32:53Z
vrf/VFR300_60_8_Gap,Large,300,60,IG,456,20661,180.0337814160157,1.2297893189612934,run-20260710-053553-6281,2026-07-10T05:35:53Z
vrf/VFR300_60_8_Gap,Large,300,60,IG,789,20672,188.00205937499413,1.2836844683978441,run-20260710-053901-4480,2026-07-10T05:39:01Z
vrf/VFR300_60_8_Gap,Large,300,60,IG,2025,20648,189.07779941696208,1.1660950514453698,run-20260710-054210-ae2d,2026-07-10T05:42:10Z
vrf/VFR300_60_9_Gap,Large,300,60,IG,42,20728,180.1726707079797,0.8710886174509709,run-20260710-054510-2aba,2026-07-10T05:45:10Z
vrf/VFR300_60_9_Gap,Large,300,60,IG,123,20723,181.2028384579462,0.8467565331646308,run-20260710-054811-0bcb,2026-07-10T05:48:11Z
vrf/VFR300_60_9_Gap,Large,300,60,IG,456,20783,185.2542068749899,1.1387415446007105,run-20260710-055117-65ae,2026-07-10T05:51:17Z
vrf/VFR300_60_9_Gap,Large,300,60,IG,789,20714,182.33184129197616,0.802958781449219,run-20260710-055419-1e1c,2026-07-10T05:54:19Z
vrf/VFR300_60_9_Gap,Large,300,60,IG,2025,20753,186.32740658300463,0.9927490388826707,run-20260710-055725-0892,2026-07-10T05:57:25Z
vrf/VFR400_20_10_Gap,Large,400,20,IG,42,21577,89.41797170799691,0.1810753087566162,run-20260710-055855-f3a2,2026-07-10T05:58:55Z
vrf/VFR400_20_10_Gap,Large,400,20,IG,123,21588,89.3878977909917,0.23214783173925155,run-20260710-060024-8d7c,2026-07-10T06:00:24Z
vrf/VFR400_20_10_Gap,Large,400,20,IG,456,21598,90.3638897499768,0.27857739808710186,run-20260710-060155-6ecf,2026-07-10T06:01:55Z
vrf/VFR400_20_10_Gap,Large,400,20,IG,789,21556,92.20041112496983,0.08357321942613057,run-20260710-060327-cc15,2026-07-10T06:03:27Z
vrf/VFR400_20_10_Gap,Large,400,20,IG,2025,21587,92.50894412503112,0.22750487510446651,run-20260710-060459-f2e9,2026-07-10T06:04:59Z
vrf/VFR400_20_1_Gap,Large,400,20,IG,42,21196,100.15632650000043,0.35984848484848486,run-20260710-060640-c57d,2026-07-10T06:06:40Z
vrf/VFR400_20_1_Gap,Large,400,20,IG,123,21193,97.28844966599718,0.3456439393939394,run-20260710-060817-4eac,2026-07-10T06:08:17Z
vrf/VFR400_20_1_Gap,Large,400,20,IG,456,21171,99.32457116700243,0.24147727272727273,run-20260710-060956-5809,2026-07-10T06:09:56Z
vrf/VFR400_20_1_Gap,Large,400,20,IG,789,21194,95.6184455420007,0.3503787878787879,run-20260710-061132-1cf7,2026-07-10T06:11:32Z
vrf/VFR400_20_1_Gap,Large,400,20,IG,2025,21213,96.64884687500307,0.4403409090909091,run-20260710-061308-369a,2026-07-10T06:13:08Z
vrf/VFR400_20_2_Gap,Large,400,20,IG,42,21506,93.57806725002592,0.22836370415249102,run-20260710-061442-8a7d,2026-07-10T06:14:42Z
vrf/VFR400_20_2_Gap,Large,400,20,IG,123,21577,92.38692512502894,0.5592580509856924,run-20260710-061614-3f4d,2026-07-10T06:16:14Z
vrf/VFR400_20_2_Gap,Large,400,20,IG,456,21481,96.72849204204977,0.11185161019713846,run-20260710-061751-0365,2026-07-10T06:17:51Z
vrf/VFR400_20_2_Gap,Large,400,20,IG,789,21554,92.8425586670055,0.45206692454676795,run-20260710-061924-84d6,2026-07-10T06:19:24Z
vrf/VFR400_20_2_Gap,Large,400,20,IG,2025,21540,93.45211987500079,0.3868201519317705,run-20260710-062057-8565,2026-07-10T06:20:57Z
vrf/VFR400_20_3_Gap,Large,400,20,IG,42,21651,87.27617450000253,0.9794319294809011,run-20260710-062225-aef0,2026-07-10T06:22:25Z
vrf/VFR400_20_3_Gap,Large,400,20,IG,123,21533,88.8184191249893,0.4290844643440138,run-20260710-062354-6594,2026-07-10T06:23:54Z
vrf/VFR400_20_3_Gap,Large,400,20,IG,456,21575,87.68860104103805,0.624970850240194,run-20260710-062521-a377,2026-07-10T06:25:21Z
vrf/VFR400_20_3_Gap,Large,400,20,IG,789,21638,86.40667691698764,0.9188004290844644,run-20260710-062648-6767,2026-07-10T06:26:48Z
vrf/VFR400_20_3_Gap,Large,400,20,IG,2025,21598,89.88891279202653,0.7322419663261974,run-20260710-062818-5a45,2026-07-10T06:28:18Z
vrf/VFR400_20_4_Gap,Large,400,20,IG,42,21378,94.40370487497421,0.6165576316656469,run-20260710-062952-6c7f,2026-07-10T06:29:52Z
vrf/VFR400_20_4_Gap,Large,400,20,IG,123,21340,95.38798033399507,0.4377088530145432,run-20260710-063127-a075,2026-07-10T06:31:27Z
vrf/VFR400_20_4_Gap,Large,400,20,IG,456,21363,94.16317708295537,0.545959429566527,run-20260710-063302-4414,2026-07-10T06:33:02Z
vrf/VFR400_20_4_Gap,Large,400,20,IG,789,21422,92.7111343749566,0.8236456911563985,run-20260710-063434-59db,2026-07-10T06:34:34Z
vrf/VFR400_20_4_Gap,Large,400,20,IG,2025,21397,94.72800158400787,0.7059820209911988,run-20260710-063609-c983,2026-07-10T06:36:09Z
vrf/VFR400_20_5_Gap,Large,400,20,IG,42,21601,91.13211429200601,0.22270681575650722,run-20260710-063740-52da,2026-07-10T06:37:40Z
vrf/VFR400_20_5_Gap,Large,400,20,IG,123,21622,91.72616737504723,0.32014104764997914,run-20260710-063912-bb3b,2026-07-10T06:39:12Z
vrf/VFR400_20_5_Gap,Large,400,20,IG,456,21608,91.3466827920056,0.2551848930543312,run-20260710-064043-4673,2026-07-10T06:40:43Z
vrf/VFR400_20_5_Gap,Large,400,20,IG,789,21609,93.70208033296512,0.25982461838259174,run-20260710-064217-9e90,2026-07-10T06:42:17Z
vrf/VFR400_20_5_Gap,Large,400,20,IG,2025,21612,92.0851831670152,0.27374379436737345,run-20260710-064349-3a73,2026-07-10T06:43:49Z
vrf/VFR400_20_6_Gap,Large,400,20,IG,42,21348,96.39062833302887,0.6316583388328463,run-20260710-064526-a1bd,2026-07-10T06:45:26Z
vrf/VFR400_20_6_Gap,Large,400,20,IG,123,21374,98.7420175410225,0.7542189120392194,run-20260710-064704-90ab,2026-07-10T06:47:04Z
vrf/VFR400_20_6_Gap,Large,400,20,IG,456,21367,96.50142066698754,0.7212218346375036,run-20260710-064841-ab2c,2026-07-10T06:48:41Z
vrf/VFR400_20_6_Gap,Large,400,20,IG,789,21380,95.45429670799058,0.7825021212406901,run-20260710-065016-9710,2026-07-10T06:50:16Z
vrf/VFR400_20_6_Gap,Large,400,20,IG,2025,21366,97.6183328750194,0.7165079664372584,run-20260710-065154-d172,2026-07-10T06:51:54Z
vrf/VFR400_20_7_Gap,Large,400,20,IG,42,21717,92.75693954096641,0.4254335260115607,run-20260710-065327-b66d,2026-07-10T06:53:27Z
vrf/VFR400_20_7_Gap,Large,400,20,IG,123,21726,93.70886387501378,0.46705202312138727,run-20260710-065500-d839,2026-07-10T06:55:00Z
vrf/VFR400_20_7_Gap,Large,400,20,IG,456,21730,91.99821150000207,0.48554913294797686,run-20260710-065632-1e89,2026-07-10T06:56:32Z
vrf/VFR400_20_7_Gap,Large,400,20,IG,789,21728,95.37946695805294,0.47630057803468207,run-20260710-065808-150e,2026-07-10T06:58:08Z
vrf/VFR400_20_7_Gap,Large,400,20,IG,2025,21693,95.54997141601052,0.31445086705202313,run-20260710-065943-6ae8,2026-07-10T06:59:43Z
vrf/VFR400_20_8_Gap,Large,400,20,IG,42,21428,91.69339979195502,0.7096865159561968,run-20260710-070115-e2a3,2026-07-10T07:01:15Z
vrf/VFR400_20_8_Gap,Large,400,20,IG,123,21413,90.34475179202855,0.6391878554307469,run-20260710-070245-06ce,2026-07-10T07:02:45Z
vrf/VFR400_20_8_Gap,Large,400,20,IG,456,21407,88.75687012501294,0.6109883912205668,run-20260710-070414-c801,2026-07-10T07:04:14Z
vrf/VFR400_20_8_Gap,Large,400,20,IG,789,21378,97.67152437503682,0.47469098087136347,run-20260710-070552-39a1,2026-07-10T07:05:52Z
vrf/VFR400_20_8_Gap,Large,400,20,IG,2025,21378,95.97991033300059,0.47469098087136347,run-20260710-070728-45c1,2026-07-10T07:07:28Z
vrf/VFR400_20_9_Gap,Large,400,20,IG,42,21424,94.30209137499332,0.3654080389768575,run-20260710-070902-80ff,2026-07-10T07:09:02Z
vrf/VFR400_20_9_Gap,Large,400,20,IG,123,21415,91.64090062503237,0.32324557294106626,run-20260710-071034-d50b,2026-07-10T07:10:34Z
vrf/VFR400_20_9_Gap,Large,400,20,IG,456,21378,90.8676044170279,0.14991099034948,run-20260710-071205-5da5,2026-07-10T07:12:05Z
vrf/VFR400_20_9_Gap,Large,400,20,IG,789,21421,90.89813583396608,0.35135388363159376,run-20260710-071336-ff2c,2026-07-10T07:13:36Z
vrf/VFR400_20_9_Gap,Large,400,20,IG,2025,21403,93.74621604103595,0.2670289515600112,run-20260710-071509-6df3,2026-07-10T07:15:09Z
vrf/VFR400_40_10_Gap,Large,400,40,IG,42,24015,186.59399712498998,1.2436762225969646,run-20260710-071816-9b0f,2026-07-10T07:18:16Z
vrf/VFR400_40_10_Gap,Large,400,40,IG,123,23929,185.33769566594856,0.8811129848229342,run-20260710-072121-46a9,2026-07-10T07:21:21Z
vrf/VFR400_40_10_Gap,Large,400,40,IG,456,23935,191.92221304198029,0.9064080944350759,run-20260710-072433-c7cd,2026-07-10T07:24:33Z
vrf/VFR400_40_10_Gap,Large,400,40,IG,789,24020,185.01225170795806,1.2647554806070826,run-20260710-072738-2223,2026-07-10T07:27:38Z
vrf/VFR400_40_10_Gap,Large,400,40,IG,2025,23890,190.0773034999729,0.7166947723440135,run-20260710-073048-cf32,2026-07-10T07:30:48Z
vrf/VFR400_40_1_Gap,Large,400,40,IG,42,23754,182.61963387497235,0.7464585630672661,run-20260710-073351-b7bd,2026-07-10T07:33:51Z
vrf/VFR400_40_1_Gap,Large,400,40,IG,123,23721,184.35426654201,0.6064975824921537,run-20260710-073655-8749,2026-07-10T07:36:55Z
vrf/VFR400_40_1_Gap,Large,400,40,IG,456,23825,189.7033653749968,1.0475867333955382,run-20260710-074005-8d1e,2026-07-10T07:40:05Z
vrf/VFR400_40_1_Gap,Large,400,40,IG,789,23793,426.8925333750085,0.9118669946560353,run-20260710-082211-4202,2026-07-10T08:22:11Z
vrf/VFR400_40_1_Gap,Large,400,40,IG,2025,23759,220.43475783400936,0.7676647722453134,run-20260710-082552-bde7,2026-07-10T08:25:52Z
vrf/VFR400_40_2_Gap,Large,400,40,IG,42,23792,201.3999333329848,1.4324693042291952,run-20260710-082913-3e5f,2026-07-10T08:29:13Z
vrf/VFR400_40_2_Gap,Large,400,40,IG,123,23749,237.0521783750155,1.2491473396998636,run-20260710-083310-5821,2026-07-10T08:33:10Z
vrf/VFR400_40_2_Gap,Large,400,40,IG,456,23799,221.55892266699811,1.46231241473397,run-20260710-083652-dfeb,2026-07-10T08:36:52Z
vrf/VFR400_40_2_Gap,Large,400,40,IG,789,23709,234.57185941701755,1.0786152796725785,run-20260710-084047-d9b8,2026-07-10T08:40:47Z
vrf/VFR400_40_2_Gap,Large,400,40,IG,2025,23680,232.12949770898558,0.9549795361527967,run-20260710-084439-64b0,2026-07-10T08:44:39Z
vrf/VFR400_40_3_Gap,Large,400,40,IG,42,23862,227.01538608397823,1.2173913043478262,run-20260710-084826-5c83,2026-07-10T08:48:26Z
vrf/VFR400_40_3_Gap,Large,400,40,IG,123,23866,233.82274224999128,1.234358430540827,run-20260710-085220-4e0d,2026-07-10T08:52:20Z
vrf/VFR400_40_3_Gap,Large,400,40,IG,456,23840,226.12137991696363,1.1240721102863203,run-20260710-085606-bc68,2026-07-10T08:56:06Z
vrf/VFR400_40_3_Gap,Large,400,40,IG,789,23825,219.48288612498436,1.0604453870625663,run-20260710-085945-9212,2026-07-10T08:59:45Z
vrf/VFR400_40_3_Gap,Large,400,40,IG,2025,23924,206.12534591701115,1.4803817603393425,run-20260710-090311-e100,2026-07-10T09:03:11Z
vrf/VFR400_40_4_Gap,Large,400,40,IG,42,23696,227.82469429203775,1.2260241787346746,run-20260710-090659-1e55,2026-07-10T09:06:59Z
vrf/VFR400_40_4_Gap,Large,400,40,IG,123,23676,209.99745516700204,1.1405869537357427,run-20260710-091029-bf13,2026-07-10T09:10:29Z
vrf/VFR400_40_4_Gap,Large,400,40,IG,456,23619,228.2350562090287,0.8970908624887863,run-20260710-091417-4c9e,2026-07-10T09:14:17Z
vrf/VFR400_40_4_Gap,Large,400,40,IG,789,23679,217.72013658296783,1.1534025374855825,run-20260710-091755-4572,2026-07-10T09:17:55Z
vrf/VFR400_40_4_Gap,Large,400,40,IG,2025,23646,216.310268250003,1.0124311162373447,run-20260710-092131-0fb9,2026-07-10T09:21:31Z
vrf/VFR400_40_5_Gap,Large,400,40,IG,42,23540,197.26914879196556,0.8612194181413085,run-20260710-092449-065a,2026-07-10T09:24:49Z
vrf/VFR400_40_5_Gap,Large,400,40,IG,123,23587,204.25181012501707,1.0625990830798235,run-20260710-092813-05f1,2026-07-10T09:28:13Z
vrf/VFR400_40_5_Gap,Large,400,40,IG,456,23544,216.95894075004617,0.8783581130296928,run-20260710-093150-f7b5,2026-07-10T09:31:50Z
vrf/VFR400_40_5_Gap,Large,400,40,IG,789,23534,216.49615424999502,0.8355113758087321,run-20260710-093527-ef9d,2026-07-10T09:35:27Z
vrf/VFR400_40_5_Gap,Large,400,40,IG,2025,23542,203.34461416699924,0.8697887655855007,run-20260710-093850-8a9b,2026-07-10T09:38:50Z
vrf/VFR400_40_6_Gap,Large,400,40,IG,42,23692,199.94697012502002,1.0578399590513565,run-20260710-094210-86e6,2026-07-10T09:42:10Z
vrf/VFR400_40_6_Gap,Large,400,40,IG,123,23750,192.7801577920327,1.3052380139907866,run-20260710-094523-abc7,2026-07-10T09:45:23Z
vrf/VFR400_40_6_Gap,Large,400,40,IG,456,23620,205.3832386250142,0.7507251322299949,run-20260710-094848-4fe9,2026-07-10T09:48:48Z
vrf/VFR400_40_6_Gap,Large,400,40,IG,789,23681,217.67650904203765,1.0109196382869818,run-20260711-122643-97fc,2026-07-11T12:26:43Z
vrf/VFR400_40_6_Gap,Large,400,40,IG,2025,23618,188.78110141697107,0.7421941648182904,run-20260711-122952-f1e5,2026-07-11T12:29:52Z
vrf/VFR400_40_7_Gap,Large,400,40,IG,42,23761,210.57470979198115,0.8702665987434199,run-20260711-123323-0e3b,2026-07-11T12:33:23Z
vrf/VFR400_40_7_Gap,Large,400,40,IG,123,23831,223.497121665976,1.1674308031923926,run-20260711-123706-75a9,2026-07-11T12:37:06Z
vrf/VFR400_40_7_Gap,Large,400,40,IG,456,23860,220.6829260000377,1.2905416878926812,run-20260711-124047-205d,2026-07-11T12:40:47Z
vrf/VFR400_40_7_Gap,Large,400,40,IG,789,23874,200.1480967500247,1.3499745287824758,run-20260711-124407-f5c2,2026-07-11T12:44:07Z
vrf/VFR400_40_7_Gap,Large,400,40,IG,2025,23817,207.68420545902336,1.1079979623025982,run-20260711-124735-f651,2026-07-11T12:47:35Z
vrf/VFR400_40_8_Gap,Large,400,40,IG,42,23635,196.09957849996863,0.9568151723548759,run-20260711-125051-8a5d,2026-07-11T12:50:51Z
vrf/VFR400_40_8_Gap,Large,400,40,IG,123,23688,207.68921712500742,1.1832044765281278,run-20260711-125418-ff3b,2026-07-11T12:54:18Z
vrf/VFR400_40_8_Gap,Large,400,40,IG,456,23574,196.73441508295946,0.6962538977403785,run-20260711-125735-9ab8,2026-07-11T12:57:35Z
vrf/VFR400_40_8_Gap,Large,400,40,IG,789,23579,192.1667336660321,0.7176113792661569,run-20260711-130047-9fbd,2026-07-11T13:00:47Z
vrf/VFR400_40_8_Gap,Large,400,40,IG,2025,23633,188.30209270800697,0.9482721797445646,run-20260711-130356-079c,2026-07-11T13:03:56Z
vrf/VFR400_40_9_Gap,Large,400,40,IG,42,23817,195.2125070829643,0.7615179591318695,run-20260711-130711-8a40,2026-07-11T13:07:11Z
vrf/VFR400_40_9_Gap,Large,400,40,IG,123,23849,212.89829737500986,0.8968989296442019,run-20260711-131044-4b8f,2026-07-11T13:10:44Z
vrf/VFR400_40_9_Gap,Large,400,40,IG,456,23763,194.89232654200168,0.5330625713923086,run-20260711-131359-ea30,2026-07-11T13:13:59Z
vrf/VFR400_40_9_Gap,Large,400,40,IG,789,23804,200.15396662498824,0.7065194398612346,run-20260711-131719-8f98,2026-07-11T13:17:19Z
vrf/VFR400_40_9_Gap,Large,400,40,IG,2025,23861,203.68421050003963,0.9476667935863266,run-20260711-132043-60c3,2026-07-11T13:20:43Z
vrf/VFR400_60_10_Gap,Large,400,60,IG,42,26034,309.5218534580199,1.0362091046687623,run-20260711-132552-bf8f,2026-07-11T13:25:52Z
vrf/VFR400_60_10_Gap,Large,400,60,IG,123,26144,279.04583762498805,1.4631117320603872,run-20260711-133031-ce78,2026-07-11T13:30:31Z
vrf/VFR400_60_10_Gap,Large,400,60,IG,456,26062,290.656679333013,1.1448752280048125,run-20260711-133522-d904,2026-07-11T13:35:22Z
vrf/VFR400_60_10_Gap,Large,400,60,IG,789,26049,306.0387487919652,1.0944230993130748,run-20260711-134028-1717,2026-07-11T13:40:28Z
vrf/VFR400_60_10_Gap,Large,400,60,IG,2025,26077,293.8572192090214,1.2030892226491248,run-20260711-134522-093c,2026-07-11T13:45:22Z
vrf/VFR400_60_1_Gap,Large,400,60,IG,42,25845,283.4655569999595,0.9294333580661538,run-20260711-135005-edf9,2026-07-11T13:50:05Z
vrf/VFR400_60_1_Gap,Large,400,60,IG,123,25781,302.90308058296796,0.6795016987542469,run-20260711-135508-9905,2026-07-11T13:55:08Z
vrf/VFR400_60_1_Gap,Large,400,60,IG,456,25841,289.022548708017,0.9138126293591596,run-20260711-135957-bebe,2026-07-11T13:59:57Z
vrf/VFR400_60_1_Gap,Large,400,60,IG,789,25904,284.92954254098004,1.1598391064943179,run-20260711-140442-12ce,2026-07-11T14:04:42Z
vrf/VFR400_60_1_Gap,Large,400,60,IG,2025,25813,309.71719554200536,0.8044675284102003,run-20260711-140952-5472,2026-07-11T14:09:52Z
vrf/VFR400_60_2_Gap,Large,400,60,IG,42,26007,282.2847247089958,1.3681010289990645,run-20260711-141434-75fb,2026-07-11T14:14:34Z
vrf/VFR400_60_2_Gap,Large,400,60,IG,123,25878,293.85186200001044,0.8652946679139383,run-20260711-141928-05e5,2026-07-11T14:19:28Z
vrf/VFR400_60_2_Gap,Large,400,60,IG,456,26039,305.0026084999554,1.4928281883380106,run-20260711-142433-eba1,2026-07-11T14:24:33Z
vrf/VFR400_60_2_Gap,Large,400,60,IG,789,25924,292.6100240829983,1.0445899594636732,run-20260711-142926-c1e7,2026-07-11T14:29:26Z
vrf/VFR400_60_2_Gap,Large,400,60,IG,2025,25935,300.7579486250179,1.087464920486436,run-20260711-143427-d017,2026-07-11T14:34:27Z
vrf/VFR400_60_3_Gap,Large,400,60,IG,42,26136,298.6479468749603,1.2199372603694667,run-20260711-143925-cb0e,2026-07-11T14:39:25Z
vrf/VFR400_60_3_Gap,Large,400,60,IG,123,25995,337.7470820409944,0.6738701057278959,run-20260711-144503-2555,2026-07-11T14:45:03Z
vrf/VFR400_60_3_Gap,Large,400,60,IG,456,26086,296.81663029198535,1.0262964253901863,run-20260711-145000-a57e,2026-07-11T14:50:00Z
vrf/VFR400_60_3_Gap,Large,400,60,IG,789,26026,321.20837329200003,0.7939274234150497,run-20260711-145521-3488,2026-07-11T14:55:21Z
vrf/VFR400_60_3_Gap,Large,400,60,IG,2025,26051,368.6532124580117,0.89074784090469,run-20260711-150130-83b2,2026-07-11T15:01:30Z
vrf/VFR400_60_4_Gap,Large,400,60,IG,42,26185,526.0251582920318,1.3469056004954136,run-20260711-151016-b95d,2026-07-11T15:10:16Z
vrf/VFR400_60_4_Gap,Large,400,60,IG,123,26165,490.5724748339853,1.2694972326508496,run-20260711-151826-88be,2026-07-11T15:18:26Z
vrf/VFR400_60_4_Gap,Large,400,60,IG,456,26151,506.09824320802,1.2153113751596547,run-20260711-152652-befa,2026-07-11T15:26:52Z
vrf/VFR400_60_4_Gap,Large,400,60,IG,789,26096,474.42982541699894,1.0024383635871037,run-20260711-153447-6e78,2026-07-11T15:34:47Z
vrf/VFR400_60_4_Gap,Large,400,60,IG,2025,26100,485.3761006669956,1.0179200371560166,run-20260711-154252-c436,2026-07-11T15:42:52Z
vrf/VFR400_60_5_Gap,Large,400,60,IG,42,26095,286.31630779098487,0.8424469606214012,run-20260711-154739-adec,2026-07-11T15:47:39Z
vrf/VFR400_60_5_Gap,Large,400,60,IG,123,26143,286.5501451669843,1.0279398693820767,run-20260711-155225-9053,2026-07-11T15:52:25Z
vrf/VFR400_60_5_Gap,Large,400,60,IG,456,26038,301.99187349999556,0.6221741314680991,run-20260711-155727-09df,2026-07-11T15:57:27Z
vrf/VFR400_60_5_Gap,Large,400,60,IG,789,26047,299.0212115419563,0.6569540518607258,run-20260711-160226-c306,2026-07-11T16:02:26Z
vrf/VFR400_60_5_Gap,Large,400,60,IG,2025,26147,286.3139824169921,1.0433976117787997,run-20260711-160712-b721,2026-07-11T16:07:12Z
vrf/VFR400_60_6_Gap,Large,400,60,IG,42,25809,313.44452566700056,1.069078947368421,run-20260711-161226-f56d,2026-07-11T16:12:26Z
vrf/VFR400_60_6_Gap,Large,400,60,IG,123,25791,305.9182862499729,0.9985902255639098,run-20260711-161732-adb6,2026-07-11T16:17:32Z
vrf/VFR400_60_6_Gap,Large,400,60,IG,456,25878,288.89117874996737,1.3392857142857142,run-20260711-162221-6245,2026-07-11T16:22:21Z
vrf/VFR400_60_6_Gap,Large,400,60,IG,789,25844,302.3741980830091,1.206140350877193,run-20260711-162723-2f76,2026-07-11T16:27:23Z
vrf/VFR400_60_6_Gap,Large,400,60,IG,2025,25838,292.33608470798936,1.1826441102756893,run-20260711-163216-28b0,2026-07-11T16:32:16Z
vrf/VFR400_60_7_Gap,Large,400,60,IG,42,25727,283.260827250022,0.49609375,run-20260711-163659-5d0c,2026-07-11T16:36:59Z
vrf/VFR400_60_7_Gap,Large,400,60,IG,123,25824,309.46887541696196,0.875,run-20260711-164208-069f,2026-07-11T16:42:08Z
vrf/VFR400_60_7_Gap,Large,400,60,IG,456,25807,285.23301370901754,0.80859375,run-20260711-164654-aec8,2026-07-11T16:46:54Z
vrf/VFR400_60_7_Gap,Large,400,60,IG,789,25725,274.4500527920318,0.48828125,run-20260711-165128-90fd,2026-07-11T16:51:28Z
vrf/VFR400_60_7_Gap,Large,400,60,IG,2025,25823,298.17435229197145,0.87109375,run-20260711-165626-e8e3,2026-07-11T16:56:26Z
vrf/VFR400_60_8_Gap,Large,400,60,IG,42,26039,300.68126487499103,0.9263565891472868,run-20260711-170127-2020,2026-07-11T17:01:27Z
vrf/VFR400_60_8_Gap,Large,400,60,IG,123,26018,295.37246695900103,0.8449612403100775,run-20260711-170622-cb99,2026-07-11T17:06:22Z
vrf/VFR400_60_8_Gap,Large,400,60,IG,456,25939,305.6287130420096,0.5387596899224806,run-20260711-171128-caeb,2026-07-11T17:11:28Z
vrf/VFR400_60_8_Gap,Large,400,60,IG,789,26015,296.0989258750342,0.8333333333333334,run-20260711-171624-1518,2026-07-11T17:16:24Z
vrf/VFR400_60_8_Gap,Large,400,60,IG,2025,26092,292.9819330419996,1.1317829457364341,run-20260711-172117-418c,2026-07-11T17:21:17Z
vrf/VFR400_60_9_Gap,Large,400,60,IG,42,26075,305.2907841670094,0.7456919867089097,run-20260711-172622-c001,2026-07-11T17:26:22Z
vrf/VFR400_60_9_Gap,Large,400,60,IG,123,26009,296.69360929203685,0.4906885093887644,run-20260711-173119-4481,2026-07-11T17:31:19Z
vrf/VFR400_60_9_Gap,Large,400,60,IG,456,26188,280.5856272089877,1.1822888493934007,run-20260711-173600-a407,2026-07-11T17:36:00Z
vrf/VFR400_60_9_Gap,Large,400,60,IG,789,26041,301.8493503750069,0.6143265589985318,run-20260711-174101-90b5,2026-07-11T17:41:01Z
vrf/VFR400_60_9_Gap,Large,400,60,IG,2025,26034,286.6488916249946,0.5872807356463952,run-20260711-174548-24b8,2026-07-11T17:45:48Z
vrf/VFR500_20_10_Gap,Large,500,20,IG,42,26219,138.51980654202634,0.5638232586683032,run-20260711-174807-4d6a,2026-07-11T17:48:07Z
vrf/VFR500_20_10_Gap,Large,500,20,IG,123,26196,137.5590868750005,0.4756060141147591,run-20260711-175024-2e72,2026-07-11T17:50:24Z
vrf/VFR500_20_10_Gap,Large,500,20,IG,456,26156,139.31265283300309,0.32218471923903036,run-20260711-175244-bf40,2026-07-11T17:52:44Z
vrf/VFR500_20_10_Gap,Large,500,20,IG,789,26212,152.40904820797732,0.5369745320650506,run-20260711-175516-9bc6,2026-07-11T17:55:16Z
vrf/VFR500_20_10_Gap,Large,500,20,IG,2025,26156,142.21760445897235,0.32218471923903036,run-20260711-175738-a19f,2026-07-11T17:57:38Z
vrf/VFR500_20_1_Gap,Large,500,20,IG,42,26549,132.1921789579792,0.5225095604104351,run-20260711-175950-30a2,2026-07-11T17:59:50Z
vrf/VFR500_20_1_Gap,Large,500,20,IG,123,26608,137.53270654199878,0.745901328991708,run-20260711-180208-a9d2,2026-07-11T18:02:08Z
vrf/VFR500_20_1_Gap,Large,500,20,IG,456,26570,140.51206450001337,0.6020218848207186,run-20260711-180429-bd03,2026-07-11T18:04:29Z
vrf/VFR500_20_1_Gap,Large,500,20,IG,789,26594,132.5908252079971,0.6928931127181857,run-20260711-180641-20e2,2026-07-11T18:06:41Z
vrf/VFR500_20_1_Gap,Large,500,20,IG,2025,26578,151.18112645798828,0.6323122941198743,run-20260711-180912-18ba,2026-07-11T18:09:12Z
vrf/VFR500_20_2_Gap,Large,500,20,IG,42,26777,134.2012560000294,0.35980660395037667,run-20260711-181127-5231,2026-07-11T18:11:27Z
vrf/VFR500_20_2_Gap,Large,500,20,IG,123,26816,137.3182618750143,0.5059780368052172,run-20260711-181344-80dd,2026-07-11T18:13:44Z
vrf/VFR500_20_2_Gap,Large,500,20,IG,456,26775,134.65063504100544,0.3523106330347438,run-20260711-181559-86c3,2026-07-11T18:15:59Z
vrf/VFR500_20_2_Gap,Large,500,20,IG,789,26747,136.56138041702798,0.24736704021588396,run-20260711-181815-fab1,2026-07-11T18:18:15Z
vrf/VFR500_20_2_Gap,Large,500,20,IG,2025,26789,134.55793708300916,0.40478242944417375,run-20260711-182030-615a,2026-07-11T18:20:30Z
vrf/VFR500_20_3_Gap,Large,500,20,IG,42,26479,145.63082279101945,0.26506115339467606,run-20260711-182255-d6fb,2026-07-11T18:22:55Z
vrf/VFR500_20_3_Gap,Large,500,20,IG,123,26503,153.55119604198262,0.3559392631299936,run-20260711-182529-5b90,2026-07-11T18:25:29Z
vrf/VFR500_20_3_Gap,Large,500,20,IG,456,26503,135.7747495000367,0.3559392631299936,run-20260711-182745-2ac1,2026-07-11T18:27:45Z
vrf/VFR500_20_3_Gap,Large,500,20,IG,789,26517,137.62789275002433,0.40895149380892876,run-20260711-183002-453b,2026-07-11T18:30:02Z
vrf/VFR500_20_3_Gap,Large,500,20,IG,2025,26502,145.33971108397236,0.35215267522435534,run-20260711-183228-bbcd,2026-07-11T18:32:28Z
vrf/VFR500_20_4_Gap,Large,500,20,IG,42,26227,135.49283258296782,0.39427346501301486,run-20260711-183443-4136,2026-07-11T18:34:43Z
vrf/VFR500_20_4_Gap,Large,500,20,IG,123,26196,136.0753641250194,0.2756086357372531,run-20260711-183659-eb1a,2026-07-11T18:36:59Z
vrf/VFR500_20_4_Gap,Large,500,20,IG,456,26262,150.47438491601497,0.5282498851630685,run-20260711-183930-960d,2026-07-11T18:39:30Z
vrf/VFR500_20_4_Gap,Large,500,20,IG,789,26240,133.30784929200308,0.44403613535446335,run-20260711-184143-ae75,2026-07-11T18:41:43Z
vrf/VFR500_20_4_Gap,Large,500,20,IG,2025,26277,130.9094372909749,0.5856683509416628,run-20260711-184354-f7af,2026-07-11T18:43:54Z
vrf/VFR500_20_5_Gap,Large,500,20,IG,42,26872,128.86719795898534,0.3397931369254322,run-20260711-184603-0877,2026-07-11T18:46:03Z
vrf/VFR500_20_5_Gap,Large,500,20,IG,123,26848,132.47823537501972,0.250177364549494,run-20260711-184815-2d9d,2026-07-11T18:48:15Z
vrf/VFR500_20_5_Gap,Large,500,20,IG,456,26902,132.6335765409749,0.4518128523953549,run-20260711-185028-05dc,2026-07-11T18:50:28Z
vrf/VFR500_20_5_Gap,Large,500,20,IG,789,26872,127.70778950001113,0.3397931369254322,run-20260711-185236-6af1,2026-07-11T18:52:36Z
vrf/VFR500_20_5_Gap,Large,500,20,IG,2025,26849,139.57684620801592,0.25391135506515816,run-20260711-185455-64ad,2026-07-11T18:54:55Z
vrf/VFR500_20_6_Gap,Large,500,20,IG,42,26491,132.85269974998664,0.18152252013765457,run-20260711-185708-4680,2026-07-11T18:57:08Z
vrf/VFR500_20_6_Gap,Large,500,20,IG,123,26485,138.83173608401557,0.15883220512044777,run-20260711-185927-0fc3,2026-07-11T18:59:27Z
vrf/VFR500_20_6_Gap,Large,500,20,IG,456,26498,135.75551070802612,0.20799455432439587,run-20260711-190143-ee4e,2026-07-11T19:01:43Z
vrf/VFR500_20_6_Gap,Large,500,20,IG,789,26536,136.99531000002753,0.3516998827667057,run-20260711-190400-be07,2026-07-11T19:04:00Z
vrf/VFR500_20_6_Gap,Large,500,20,IG,2025,26496,137.149519041006,0.20043111598532692,run-20260711-190617-e824,2026-07-11T19:06:17Z
vrf/VFR500_20_7_Gap,Large,500,20,IG,42,26493,136.48611149995122,0.22698899103393486,run-20260711-190833-6883,2026-07-11T19:08:33Z
vrf/VFR500_20_7_Gap,Large,500,20,IG,123,26493,148.64916933397762,0.22698899103393486,run-20260711-191102-0a51,2026-07-11T19:11:02Z
vrf/VFR500_20_7_Gap,Large,500,20,IG,456,26507,132.98404887499055,0.279953088941853,run-20260711-191315-3576,2026-07-11T19:13:15Z
vrf/VFR500_20_7_Gap,Large,500,20,IG,789,26500,134.80826404195977,0.25347103998789394,run-20260711-191530-e709,2026-07-11T19:15:30Z
vrf/VFR500_20_7_Gap,Large,500,20,IG,2025,26530,133.32827908400213,0.36696553550486133,run-20260711-191743-1ecc,2026-07-11T19:17:43Z
vrf/VFR500_20_8_Gap,Large,500,20,IG,42,26483,141.7525882080081,0.6269473364237405,run-20260711-192005-8c9a,2026-07-11T19:20:05Z
vrf/VFR500_20_8_Gap,Large,500,20,IG,123,26447,140.59677729097893,0.4901588266585607,run-20260711-192226-aedc,2026-07-11T19:22:26Z
vrf/VFR500_20_8_Gap,Large,500,20,IG,456,26475,159.08420354197733,0.596549889809256,run-20260711-192505-7772,2026-07-11T19:25:05Z
vrf/VFR500_20_8_Gap,Large,500,20,IG,789,26432,137.41923424997367,0.4331636142564025,run-20260711-192722-7ab9,2026-07-11T19:27:22Z
vrf/VFR500_20_8_Gap,Large,500,20,IG,2025,26426,135.24505837500328,0.41036552929553916,run-20260711-192937-2ee6,2026-07-11T19:29:37Z
vrf/VFR500_20_9_Gap,Large,500,20,IG,42,26583,136.66484783298802,0.5332425686407988,run-20260711-193154-ce45,2026-07-11T19:31:54Z
vrf/VFR500_20_9_Gap,Large,500,20,IG,123,26555,137.3577242079773,0.42735042735042733,run-20260711-193411-b7fc,2026-07-11T19:34:11Z
vrf/VFR500_20_9_Gap,Large,500,20,IG,456,26537,142.16588474996388,0.3592769079494743,run-20260711-193634-1366,2026-07-11T19:36:34Z
vrf/VFR500_20_9_Gap,Large,500,20,IG,789,26560,152.8550039170077,0.44625973829513654,run-20260711-193906-2331,2026-07-11T19:39:06Z
vrf/VFR500_20_9_Gap,Large,500,20,IG,2025,26562,137.5499749170267,0.4538234626730202,run-20260711-194124-3656,2026-07-11T19:41:24Z
vrf/VFR500_40_10_Gap,Large,500,40,IG,42,28967,268.2886265410343,0.7267542944571945,run-20260711-194552-5cb9,2026-07-11T19:45:52Z
vrf/VFR500_40_10_Gap,Large,500,40,IG,123,29014,275.61252770898864,0.8901870783781904,run-20260711-195028-27b8,2026-07-11T19:50:28Z
vrf/VFR500_40_10_Gap,Large,500,40,IG,456,28999,280.0685109580518,0.8380276792544683,run-20260711-195508-ca80,2026-07-11T19:55:08Z
vrf/VFR500_40_10_Gap,Large,500,40,IG,789,29060,269.71834675001446,1.0501425690242716,run-20260711-195938-6f83,2026-07-11T19:59:38Z
vrf/VFR500_40_10_Gap,Large,500,40,IG,2025,28899,284.2863789580297,0.4902983517629877,run-20260711-200422-b179,2026-07-11T20:04:22Z
vrf/VFR500_40_1_Gap,Large,500,40,IG,42,28851,281.0491097919876,1.0613703236654057,run-20260711-200903-3693,2026-07-11T20:09:03Z
vrf/VFR500_40_1_Gap,Large,500,40,IG,123,28797,277.3251549160341,0.8722152164775115,run-20260711-201340-79fd,2026-07-11T20:13:40Z
vrf/VFR500_40_1_Gap,Large,500,40,IG,456,28740,271.32066208298784,0.6725514922236234,run-20260711-201812-e586,2026-07-11T20:18:12Z
vrf/VFR500_40_1_Gap,Large,500,40,IG,789,28868,276.8234030420426,1.120919153706039,run-20260711-202249-9af6,2026-07-11T20:22:49Z
vrf/VFR500_40_1_Gap,Large,500,40,IG,2025,28788,284.92476008302765,0.8406893652795292,run-20260711-202733-f375,2026-07-11T20:27:33Z
vrf/VFR500_40_2_Gap,Large,500,40,IG,42,28991,260.131228415994,0.6876671413190706,run-20260711-203154-52c5,2026-07-11T20:31:54Z
vrf/VFR500_40_2_Gap,Large,500,40,IG,123,28899,295.94036333303666,0.3681450352516237,run-20260711-203650-c1e6,2026-07-11T20:36:50Z
vrf/VFR500_40_2_Gap,Large,500,40,IG,456,28984,284.57339483400574,0.6633556767269823,run-20260711-204134-1cb3,2026-07-11T20:41:34Z
vrf/VFR500_40_2_Gap,Large,500,40,IG,789,28938,272.16818779101595,0.5035946236932588,run-20260711-204606-37a6,2026-07-11T20:46:06Z
vrf/VFR500_40_2_Gap,Large,500,40,IG,2025,28995,274.0182489579893,0.701559406800264,run-20260711-205040-1380,2026-07-11T20:50:40Z
vrf/VFR500_40_3_Gap,Large,500,40,IG,42,28827,289.74481954198563,0.7690425420351662,run-20260711-205530-4649,2026-07-11T20:55:30Z
vrf/VFR500_40_3_Gap,Large,500,40,IG,123,28780,280.8376611249987,0.604747089873108,run-20260711-210011-972c,2026-07-11T21:00:11Z
vrf/VFR500_40_3_Gap,Large,500,40,IG,456,28855,267.08390012499876,0.8669206837487329,run-20260711-210438-d93d,2026-07-11T21:04:38Z
vrf/VFR500_40_3_Gap,Large,500,40,IG,789,28885,289.0249963749666,0.9717901212989828,run-20260711-210927-38ab,2026-07-11T21:09:27Z
vrf/VFR500_40_3_Gap,Large,500,40,IG,2025,28867,264.06595066701993,0.9088684587688328,run-20260711-211351-6698,2026-07-11T21:13:51Z
vrf/VFR500_40_4_Gap,Large,500,40,IG,42,28951,274.78425004100427,0.4266685167198557,run-20260711-211826-83a2,2026-07-11T21:18:26Z
vrf/VFR500_40_4_Gap,Large,500,40,IG,123,28972,321.01657458400587,0.49951436103787983,run-20260711-212347-fbc2,2026-07-11T21:23:47Z
vrf/VFR500_40_4_Gap,Large,500,40,IG,456,28979,286.536769874976,0.5237963091438879,run-20260711-212834-0234,2026-07-11T21:28:34Z
vrf/VFR500_40_4_Gap,Large,500,40,IG,789,28969,279.8534307090449,0.4891078118495907,run-20260711-213313-af52,2026-07-11T21:33:13Z
vrf/VFR500_40_4_Gap,Large,500,40,IG,2025,29029,274.03047816600883,0.6972387956153739,run-20260711-213747-aa24,2026-07-11T21:37:47Z
vrf/VFR500_40_5_Gap,Large,500,40,IG,42,28903,287.4006264999625,0.7670048460760729,run-20260711-214235-76ba,2026-07-11T21:42:35Z
vrf/VFR500_40_5_Gap,Large,500,40,IG,123,28977,273.2812819160172,1.0249973852107521,run-20260711-214708-67a6,2026-07-11T21:47:08Z
vrf/VFR500_40_5_Gap,Large,500,40,IG,456,29023,304.94034641596954,1.185371125753931,run-20260711-215213-8fae,2026-07-11T21:52:13Z
vrf/VFR500_40_5_Gap,Large,500,40,IG,789,28976,354.2315408749855,1.02151099954677,run-20260711-215807-d1b4,2026-07-11T21:58:07Z
vrf/VFR500_40_5_Gap,Large,500,40,IG,2025,28882,322.2453432920156,0.6937907471324478,run-20260711-220330-21bb,2026-07-11T22:03:30Z
vrf/VFR500_40_6_Gap,Large,500,40,IG,42,28791,303.61051591596333,0.9360538493899874,run-20260711-220833-0165,2026-07-11T22:08:33Z
vrf/VFR500_40_6_Gap,Large,500,40,IG,123,28767,340.2598868330242,0.8519141775347077,run-20260711-221414-af48,2026-07-11T22:14:14Z
vrf/VFR500_40_6_Gap,Large,500,40,IG,456,28814,301.17601158301113,1.0166877015846305,run-20260711-221915-8eff,2026-07-11T22:19:15Z
vrf/VFR500_40_6_Gap,Large,500,40,IG,789,28758,341.3208049579989,0.8203618005889777,run-20260711-222456-318c,2026-07-11T22:24:56Z
vrf/VFR500_40_6_Gap,Large,500,40,IG,2025,28749,343.9128137920052,0.7888094236432478,run-20260711-223040-2f83,2026-07-11T22:30:40Z
vrf/VFR500_40_7_Gap,Large,500,40,IG,42,28876,341.3563552919659,0.40333796940194716,run-20260711-223621-c75f,2026-07-11T22:36:21Z
vrf/VFR500_40_7_Gap,Large,500,40,IG,123,28963,350.08870674995705,0.7058414464534075,run-20260711-224211-2af0,2026-07-11T22:42:11Z
vrf/VFR500_40_7_Gap,Large,500,40,IG,456,28996,279.52975624997634,0.8205841446453408,run-20260711-224651-5aa4,2026-07-11T22:46:51Z
vrf/VFR500_40_7_Gap,Large,500,40,IG,789,28952,271.4225441250019,0.6675938803894298,run-20260711-225122-f2e6,2026-07-11T22:51:22Z
vrf/VFR500_40_7_Gap,Large,500,40,IG,2025,28992,289.76853491697693,0.8066759388038943,run-20260711-225612-b83c,2026-07-11T22:56:12Z
vrf/VFR500_40_8_Gap,Large,500,40,IG,42,28920,277.3527499589836,0.7735730712941669,run-20260711-230050-8ff7,2026-07-11T23:00:50Z
vrf/VFR500_40_8_Gap,Large,500,40,IG,123,28943,276.9097729579662,0.8537180291309499,run-20260711-230527-fed7,2026-07-11T23:05:27Z
vrf/VFR500_40_8_Gap,Large,500,40,IG,456,28977,277.24374166701455,0.9721931841940205,run-20260711-231004-5fd9,2026-07-11T23:10:04Z
vrf/VFR500_40_8_Gap,Large,500,40,IG,789,28992,288.36237420799443,1.0244616349571398,run-20260711-231452-01e1,2026-07-11T23:14:52Z
vrf/VFR500_40_8_Gap,Large,500,40,IG,2025,28917,265.92820204101736,0.763119381141543,run-20260711-231918-e83f,2026-07-11T23:19:18Z
vrf/VFR500_40_9_Gap,Large,500,40,IG,42,29149,290.1178864999674,0.966401108417042,run-20260711-232408-d5b0,2026-07-11T23:24:08Z
vrf/VFR500_40_9_Gap,Large,500,40,IG,123,29077,289.18145333300345,0.7170072739868375,run-20260711-232857-d11e,2026-07-11T23:28:57Z
vrf/VFR500_40_9_Gap,Large,500,40,IG,456,29100,269.9457274589804,0.7966747488742639,run-20260711-233327-a465,2026-07-11T23:33:27Z
vrf/VFR500_40_9_Gap,Large,500,40,IG,789,29052,276.01540195796406,0.6304121925874611,run-20260711-233803-9bc6,2026-07-11T23:38:03Z
vrf/VFR500_40_9_Gap,Large,500,40,IG,2025,29092,286.6607513749623,0.7689643228264634,run-20260711-234250-fc4c,2026-07-11T23:42:50Z
vrf/VFR500_60_10_Gap,Large,500,60,IG,42,31264,398.6867560420069,0.6892109500805152,run-20260711-234929-fb7e,2026-07-11T23:49:29Z
vrf/VFR500_60_10_Gap,Large,500,60,IG,123,31290,410.05773458298063,0.7729468599033816,run-20260711-235619-8fb7,2026-07-11T23:56:19Z
vrf/VFR500_60_10_Gap,Large,500,60,IG,456,31245,407.5679564999882,0.6280193236714976,run-20260712-000306-4a66,2026-07-12T00:03:06Z
vrf/VFR500_60_10_Gap,Large,500,60,IG,789,31260,414.4621566249989,0.6763285024154589,run-20260712-001001-e9c3,2026-07-12T00:10:01Z
vrf/VFR500_60_10_Gap,Large,500,60,IG,2025,31156,411.5487168339896,0.3413848631239936,run-20260712-001653-2ef1,2026-07-12T00:16:53Z
vrf/VFR500_60_1_Gap,Large,500,60,IG,42,31152,432.04427779099206,0.9429376883445125,run-20260712-002405-0155,2026-07-12T00:24:05Z
vrf/VFR500_60_1_Gap,Large,500,60,IG,123,31115,408.4833551250049,0.823045267489712,run-20260712-003053-a851,2026-07-12T00:30:53Z
vrf/VFR500_60_1_Gap,Large,500,60,IG,456,31157,393.2966810829821,0.9591393668384045,run-20260712-003726-05a1,2026-07-12T00:37:26Z
vrf/VFR500_60_1_Gap,Large,500,60,IG,789,31119,437.05327187496005,0.8360066102848255,run-20260712-004443-cd72,2026-07-12T00:44:43Z
vrf/VFR500_60_1_Gap,Large,500,60,IG,2025,31055,414.94925683399197,0.6286251255630083,run-20260712-005138-4cd1,2026-07-12T00:51:38Z
vrf/VFR500_60_2_Gap,Large,500,60,IG,42,31005,410.62953350000316,0.5741533670688984,run-20260712-005829-0711,2026-07-12T00:58:29Z
vrf/VFR500_60_2_Gap,Large,500,60,IG,123,31009,405.7062428750214,0.5871285844037888,run-20260712-010515-bdc3,2026-07-12T01:05:15Z
vrf/VFR500_60_2_Gap,Large,500,60,IG,456,31015,435.7882231660187,0.6065914104061243,run-20260712-011231-424a,2026-07-12T01:12:31Z
vrf/VFR500_60_2_Gap,Large,500,60,IG,789,31098,386.92049300001236,0.8758271701050993,run-20260712-011858-81c9,2026-07-12T01:18:58Z
vrf/VFR500_60_2_Gap,Large,500,60,IG,2025,30923,454.60144658299396,0.308161411703646,run-20260712-012632-5922,2026-07-12T01:26:32Z
vrf/VFR500_60_3_Gap,Large,500,60,IG,42,31383,410.17252375005046,0.8289156626506025,run-20260712-013322-3d99,2026-07-12T01:33:22Z
vrf/VFR500_60_3_Gap,Large,500,60,IG,123,31342,421.0670489160111,0.6971887550200804,run-20260712-014023-ba7d,2026-07-12T01:40:23Z
vrf/VFR500_60_3_Gap,Large,500,60,IG,456,31288,402.29047495900886,0.5236947791164659,run-20260712-014706-dd25,2026-07-12T01:47:06Z
vrf/VFR500_60_3_Gap,Large,500,60,IG,789,31354,433.9166222909698,0.7357429718875502,run-20260712-015420-4dc0,2026-07-12T01:54:20Z
vrf/VFR500_60_3_Gap,Large,500,60,IG,2025,31286,415.19240300002275,0.5172690763052209,run-20260712-020115-a662,2026-07-12T02:01:15Z
vrf/VFR500_60_4_Gap,Large,500,60,IG,42,31250,396.2249792079674,1.0411277806518364,run-20260712-020751-4e82,2026-07-12T02:07:51Z
vrf/VFR500_60_4_Gap,Large,500,60,IG,123,31265,432.0414554590243,1.0896275219865494,run-20260712-021503-1531,2026-07-12T02:15:03Z
vrf/VFR500_60_4_Gap,Large,500,60,IG,456,31368,403.89388366695493,1.4226590791515779,run-20260712-022147-57f4,2026-07-12T02:21:47Z
vrf/VFR500_60_4_Gap,Large,500,60,IG,789,31416,427.51690200000303,1.5778582514226591,run-20260712-022855-ad1b,2026-07-12T02:28:55Z
vrf/VFR500_60_4_Gap,Large,500,60,IG,2025,31354,425.5563197499723,1.3773926539058459,run-20260712-023600-6c5a,2026-07-12T02:36:00Z
vrf/VFR500_60_5_Gap,Large,500,60,IG,42,31242,407.6841217080364,0.9924034265395183,run-20260712-024248-4257,2026-07-12T02:42:48Z
vrf/VFR500_60_5_Gap,Large,500,60,IG,123,31178,389.78922633395996,0.7855180216583159,run-20260712-024918-166e,2026-07-12T02:49:18Z
vrf/VFR500_60_5_Gap,Large,500,60,IG,456,31172,429.07749191700714,0.766122514950703,run-20260712-025627-c8eb,2026-07-12T02:56:27Z
vrf/VFR500_60_5_Gap,Large,500,60,IG,789,31222,393.2861088340287,0.9277517375141425,run-20260712-030300-c0bb,2026-07-12T03:03:00Z
vrf/VFR500_60_5_Gap,Large,500,60,IG,2025,31183,427.7500602909713,0.8016809439146597,run-20260712-031008-2f8f,2026-07-12T03:10:08Z
vrf/VFR500_60_6_Gap,Large,500,60,IG,42,31306,395.18702537502395,0.8992168111644696,run-20260712-031643-1ca2,2026-07-12T03:16:43Z
vrf/VFR500_60_6_Gap,Large,500,60,IG,123,31320,407.0886973750312,0.9443388016888516,run-20260712-032330-2023,2026-07-12T03:23:30Z
vrf/VFR500_60_6_Gap,Large,500,60,IG,456,31353,423.7698478329694,1.0506977793534664,run-20260712-033034-ec74,2026-07-12T03:30:34Z
vrf/VFR500_60_6_Gap,Large,500,60,IG,789,31339,388.27790620800806,1.0055757888290844,run-20260712-033702-a51b,2026-07-12T03:37:02Z
vrf/VFR500_60_6_Gap,Large,500,60,IG,2025,31341,432.4688931669807,1.0120217874754247,run-20260712-034415-8f79,2026-07-12T03:44:15Z
vrf/VFR500_60_7_Gap,Large,500,60,IG,42,31219,398.0947292089695,0.9408949818934299,run-20260712-035053-b48b,2026-07-12T03:50:53Z
vrf/VFR500_60_7_Gap,Large,500,60,IG,123,31193,409.17891816596966,0.8568287635799275,run-20260712-035742-d671,2026-07-12T03:57:42Z
vrf/VFR500_60_7_Gap,Large,500,60,IG,456,31207,393.1195897500147,0.9020951888256596,run-20260712-040415-8c12,2026-07-12T04:04:15Z
vrf/VFR500_60_7_Gap,Large,500,60,IG,789,31234,408.8551502079936,0.9893947232281428,run-20260712-041104-2bf5,2026-07-12T04:11:04Z
vrf/VFR500_60_7_Gap,Large,500,60,IG,2025,31167,398.8767794170417,0.7727625452664253,run-20260712-041743-d4a5,2026-07-12T04:17:43Z
vrf/VFR500_60_8_Gap,Large,500,60,IG,42,31218,419.3057349160081,0.7422227959210017,run-20260712-042442-5c20,2026-07-12T04:24:42Z
vrf/VFR500_60_8_Gap,Large,500,60,IG,123,31330,402.3017154170084,1.103653026978185,run-20260712-043125-5cde,2026-07-12T04:31:25Z
vrf/VFR500_60_8_Gap,Large,500,60,IG,456,31223,395.9722288749763,0.7583580740931973,run-20260712-043801-29c5,2026-07-12T04:38:01Z
vrf/VFR500_60_8_Gap,Large,500,60,IG,789,31273,413.3664663750096,0.9197108558151542,run-20260712-044454-6065,2026-07-12T04:44:54Z
vrf/VFR500_60_8_Gap,Large,500,60,IG,2025,31278,399.5406939579989,0.93584613398735,run-20260712-045134-44b5,2026-07-12T04:51:34Z
vrf/VFR500_60_9_Gap,Large,500,60,IG,42,31139,419.58646850002697,0.519723674866034,run-20260712-045833-6e8f,2026-07-12T04:58:33Z
vrf/VFR500_60_9_Gap,Large,500,60,IG,123,31194,386.0589310419746,0.6972690296339338,run-20260712-050459-b5c4,2026-07-12T05:04:59Z
vrf/VFR500_60_9_Gap,Large,500,60,IG,456,31180,415.0053585410351,0.6520756666021047,run-20260712-051154-7c84,2026-07-12T05:11:54Z
vrf/VFR500_60_9_Gap,Large,500,60,IG,789,31162,388.74438937497325,0.5939699141326102,run-20260712-051823-0c61,2026-07-12T05:18:23Z
vrf/VFR500_60_9_Gap,Large,500,60,IG,2025,31084,419.55296695802826,0.34217832009813415,run-20260712-052523-a0bc,2026-07-12T05:25:23Z
vrf/VFR600_20_10_Gap,Large,600,20,IG,42,31256,197.15838999999687,0.40475425634436235,run-20260712-052840-48fd,2026-07-12T05:28:40Z
vrf/VFR600_20_10_Gap,Large,600,20,IG,123,31290,195.84793958399678,0.5139736588499839,run-20260712-053156-a442,2026-07-12T05:31:56Z
vrf/VFR600_20_10_Gap,Large,600,20,IG,456,31297,188.25296200002776,0.5364600064246707,run-20260712-053504-9af6,2026-07-12T05:35:04Z
vrf/VFR600_20_10_Gap,Large,600,20,IG,789,31298,196.8497007500264,0.5396723417924831,run-20260712-053821-f643,2026-07-12T05:38:21Z
vrf/VFR600_20_10_Gap,Large,600,20,IG,2025,31276,208.64331675000722,0.46900096370061034,run-20260712-054149-65ea,2026-07-12T05:41:49Z
vrf/VFR600_20_1_Gap,Large,600,20,IG,42,31482,193.1062808340066,0.15588712499602328,run-20260712-054503-7ddb,2026-07-12T05:45:03Z
vrf/VFR600_20_1_Gap,Large,600,20,IG,123,31475,189.1420117499656,0.13361753571087712,run-20260712-054812-66da,2026-07-12T05:48:12Z
vrf/VFR600_20_1_Gap,Large,600,20,IG,456,31518,185.86122204200365,0.2704164413196322,run-20260712-055118-999b,2026-07-12T05:51:18Z
vrf/VFR600_20_1_Gap,Large,600,20,IG,789,31511,205.35113983304473,0.24814685203448605,run-20260712-055443-5102,2026-07-12T05:54:43Z
vrf/VFR600_20_1_Gap,Large,600,20,IG,2025,31483,192.4376368749654,0.15906849489390132,run-20260712-055755-d1a7,2026-07-12T05:57:55Z
vrf/VFR600_20_2_Gap,Large,600,20,IG,42,31502,191.18211237498326,0.2673626583487173,run-20260712-060107-74b5,2026-07-12T06:01:07Z
vrf/VFR600_20_2_Gap,Large,600,20,IG,123,31576,188.99934662500164,0.5028964287987777,run-20260712-060416-3dda,2026-07-12T06:04:16Z
vrf/VFR600_20_2_Gap,Large,600,20,IG,456,31515,189.93485108297318,0.30874021261697115,run-20260712-060726-07e4,2026-07-12T06:07:26Z
vrf/VFR600_20_2_Gap,Large,600,20,IG,789,31503,204.60548612498678,0.270545547138583,run-20260712-061050-4849,2026-07-12T06:10:50Z
vrf/VFR600_20_2_Gap,Large,600,20,IG,2025,31516,192.6506314590224,0.3119231014068368,run-20260712-061403-c43f,2026-07-12T06:14:03Z
vrf/VFR600_20_3_Gap,Large,600,20,IG,42,31553,192.61421395797515,0.3945400744535302,run-20260712-061715-35b5,2026-07-12T06:17:15Z
vrf/VFR600_20_3_Gap,Large,600,20,IG,123,31582,190.73419795901282,0.48681154347895256,run-20260712-062026-aa86,2026-07-12T06:20:26Z
vrf/VFR600_20_3_Gap,Large,600,20,IG,456,31603,190.99331295798765,0.5536288141525343,run-20260712-062337-abf9,2026-07-12T06:23:37Z
vrf/VFR600_20_3_Gap,Large,600,20,IG,789,31575,209.3325434169965,0.464539119921092,run-20260712-062706-f928,2026-07-12T06:27:06Z
vrf/VFR600_20_3_Gap,Large,600,20,IG,2025,31558,199.09797466703458,0.4104489484234306,run-20260712-063026-6034,2026-07-12T06:30:26Z
vrf/VFR600_20_4_Gap,Large,600,20,IG,42,31605,186.10028499999316,0.1838526642786953,run-20260712-063332-1e74,2026-07-12T06:33:32Z
vrf/VFR600_20_4_Gap,Large,600,20,IG,123,31647,182.26792316598585,0.316987352204647,run-20260712-063634-ea3a,2026-07-12T06:36:34Z
vrf/VFR600_20_4_Gap,Large,600,20,IG,456,31619,195.38257391698426,0.22823089358734586,run-20260712-063949-7570,2026-07-12T06:39:49Z
vrf/VFR600_20_4_Gap,Large,600,20,IG,789,31605,186.74091141700046,0.1838526642786953,run-20260712-064256-3d20,2026-07-12T06:42:56Z
vrf/VFR600_20_4_Gap,Large,600,20,IG,2025,31638,188.49922654096736,0.2884584905062288,run-20260712-064605-4da5,2026-07-12T06:46:05Z
vrf/VFR600_20_5_Gap,Large,600,20,IG,42,31578,180.10626958397916,0.41338081912999236,run-20260712-064905-499a,2026-07-12T06:49:05Z
vrf/VFR600_20_5_Gap,Large,600,20,IG,123,31547,182.29328083299333,0.3148053930297634,run-20260712-065207-93fa,2026-07-12T06:52:07Z
vrf/VFR600_20_5_Gap,Large,600,20,IG,456,31544,202.154226209037,0.30526583566522514,run-20260712-065529-0d63,2026-07-12T06:55:29Z
vrf/VFR600_20_5_Gap,Large,600,20,IG,789,31537,186.29587145795813,0.28300686848130246,run-20260712-065836-949b,2026-07-12T06:58:36Z
vrf/VFR600_20_5_Gap,Large,600,20,IG,2025,31544,184.9435142080183,0.30526583566522514,run-20260712-070140-5dc5,2026-07-12T07:01:40Z
vrf/VFR600_20_6_Gap,Large,600,20,IG,42,31770,183.66910995799117,0.16710281552479742,run-20260712-070444-b799,2026-07-12T07:04:44Z
vrf/VFR600_20_6_Gap,Large,600,20,IG,123,31802,180.84158408403164,0.2679950815020336,run-20260712-070745-6cd4,2026-07-12T07:07:45Z
vrf/VFR600_20_6_Gap,Large,600,20,IG,456,31755,203.06206458300585,0.11980956584796797,run-20260712-071108-37a2,2026-07-12T07:11:08Z
vrf/VFR600_20_6_Gap,Large,600,20,IG,789,31802,184.3231154999812,0.2679950815020336,run-20260712-071412-1941,2026-07-12T07:14:12Z
vrf/VFR600_20_6_Gap,Large,600,20,IG,2025,31784,181.2313229579595,0.21124318188983826,run-20260712-071714-e80d,2026-07-12T07:17:14Z
vrf/VFR600_20_7_Gap,Large,600,20,IG,42,31585,173.2473999580252,0.18396929615884797,run-20260712-072007-2c68,2026-07-12T07:20:07Z
vrf/VFR600_20_7_Gap,Large,600,20,IG,123,31576,173.56175116699887,0.15542233641006123,run-20260712-072300-e87f,2026-07-12T07:23:00Z
vrf/VFR600_20_7_Gap,Large,600,20,IG,456,31561,187.42570274998434,0.10784407016208329,run-20260712-072608-a415,2026-07-12T07:26:08Z
vrf/VFR600_20_7_Gap,Large,600,20,IG,789,31560,174.0501169579802,0.10467218574555143,run-20260712-072902-215b,2026-07-12T07:29:02Z
vrf/VFR600_20_7_Gap,Large,600,20,IG,2025,31583,183.23170933302026,0.17762552732578424,run-20260712-073205-43c6,2026-07-12T07:32:05Z
vrf/VFR600_20_8_Gap,Large,600,20,IG,42,31627,196.6614970000228,0.1995944747180332,run-20260712-073522-a734,2026-07-12T07:35:22Z
vrf/VFR600_20_8_Gap,Large,600,20,IG,123,31613,195.00367062498117,0.15524014700291472,run-20260712-073837-5177,2026-07-12T07:38:37Z
vrf/VFR600_20_8_Gap,Large,600,20,IG,456,31593,203.0285007500206,0.09187682169560259,run-20260712-074200-e41c,2026-07-12T07:42:00Z
vrf/VFR600_20_8_Gap,Large,600,20,IG,789,31610,191.03127970796777,0.1457356482068179,run-20260712-074511-4f21,2026-07-12T07:45:11Z
vrf/VFR600_20_8_Gap,Large,600,20,IG,2025,31594,184.58092133299215,0.09504498796096819,run-20260712-074816-c8a0,2026-07-12T07:48:16Z
vrf/VFR600_20_9_Gap,Large,600,20,IG,42,31730,178.44617800001288,0.4845298793425595,run-20260712-075114-a6c8,2026-07-12T07:51:14Z
vrf/VFR600_20_9_Gap,Large,600,20,IG,123,31712,187.77993041701848,0.42752636412578776,run-20260712-075422-12d8,2026-07-12T07:54:22Z
vrf/VFR600_20_9_Gap,Large,600,20,IG,456,31730,172.96563129202696,0.4845298793425595,run-20260712-075715-0f87,2026-07-12T07:57:15Z
vrf/VFR600_20_9_Gap,Large,600,20,IG,789,31733,173.76789812499192,0.49403046521202143,run-20260712-080009-0304,2026-07-12T08:00:09Z
vrf/VFR600_20_9_Gap,Large,600,20,IG,2025,31733,174.7797571250121,0.49403046521202143,run-20260712-080303-287e,2026-07-12T08:03:03Z
vrf/VFR600_40_10_Gap,Large,600,40,IG,42,33946,378.2502579999855,0.9036323643065216,run-20260712-080922-05c5,2026-07-12T08:09:22Z
vrf/VFR600_40_10_Gap,Large,600,40,IG,123,33909,369.1291773749981,0.7936507936507936,run-20260712-081531-ed50,2026-07-12T08:15:31Z
vrf/VFR600_40_10_Gap,Large,600,40,IG,456,33949,383.5777735840529,0.9125497889542833,run-20260712-082154-9e98,2026-07-12T08:21:54Z
vrf/VFR600_40_10_Gap,Large,600,40,IG,789,33992,390.2830878329696,1.0403662089055348,run-20260712-082825-addc,2026-07-12T08:28:25Z
vrf/VFR600_40_10_Gap,Large,600,40,IG,2025,33951,379.775778292038,0.9184947387194579,run-20260712-083444-8ff3,2026-07-12T08:34:44Z
vrf/VFR600_40_1_Gap,Large,600,40,IG,42,34136,398.0126661660033,0.8776855108011467,run-20260712-084123-1acb,2026-07-12T08:41:23Z
vrf/VFR600_40_1_Gap,Large,600,40,IG,123,34197,361.262944334012,1.057950885073436,run-20260712-084724-14ce,2026-07-12T08:47:24Z
vrf/VFR600_40_1_Gap,Large,600,40,IG,456,34213,368.11945358401863,1.1052336061940364,run-20260712-085332-eaca,2026-07-12T08:53:32Z
vrf/VFR600_40_1_Gap,Large,600,40,IG,789,34151,387.34200154204154,0.9220130618517096,run-20260712-085959-485c,2026-07-12T08:59:59Z
vrf/VFR600_40_1_Gap,Large,600,40,IG,2025,34158,364.08958625001833,0.9426992523419723,run-20260712-090603-4c68,2026-07-12T09:06:03Z
vrf/VFR600_40_2_Gap,Large,600,40,IG,42,33811,401.3400273330044,1.0278782083843787,run-20260712-091245-3639,2026-07-12T09:12:45Z
vrf/VFR600_40_2_Gap,Large,600,40,IG,123,33746,374.8448622499709,0.8336570352884931,run-20260712-091900-fe3a,2026-07-12T09:19:00Z
vrf/VFR600_40_2_Gap,Large,600,40,IG,456,33798,419.4469200419844,0.9890339737652015,run-20260712-092559-f7b3,2026-07-12T09:25:59Z
vrf/VFR600_40_2_Gap,Large,600,40,IG,789,33819,414.1683931669686,1.0517823527654107,run-20260712-093253-7eb1,2026-07-12T09:32:53Z
vrf/VFR600_40_2_Gap,Large,600,40,IG,2025,33767,388.464762958989,0.8964054142887024,run-20260712-093922-f6f3,2026-07-12T09:39:22Z
vrf/VFR600_40_3_Gap,Large,600,40,IG,42,34113,375.1327894999995,0.7293450658477529,run-20260712-094537-6456,2026-07-12T09:45:37Z
vrf/VFR600_40_3_Gap,Large,600,40,IG,123,34012,373.96342529100366,0.4311108486387527,run-20260712-095151-8a87,2026-07-12T09:51:51Z
vrf/VFR600_40_3_Gap,Large,600,40,IG,456,34111,376.74981508398196,0.7234394377842084,run-20260712-095808-bf3f,2026-07-12T09:58:08Z
vrf/VFR600_40_3_Gap,Large,600,40,IG,789,34048,388.8004668329959,0.5374121537825548,run-20260712-100436-4d61,2026-07-12T10:04:36Z
vrf/VFR600_40_3_Gap,Large,600,40,IG,2025,33997,402.46545379102463,0.38681863816216855,run-20260712-101119-2869,2026-07-12T10:11:19Z
vrf/VFR600_40_4_Gap,Large,600,40,IG,42,34014,367.99958725000033,0.9527201495859674,run-20260712-101727-8492,2026-07-12T10:17:27Z
vrf/VFR600_40_4_Gap,Large,600,40,IG,123,33959,383.59357358299894,0.7894814946724839,run-20260712-102351-f482,2026-07-12T10:23:51Z
vrf/VFR600_40_4_Gap,Large,600,40,IG,456,33962,377.18075412500184,0.7983854213041285,run-20260712-103008-378e,2026-07-12T10:30:08Z
vrf/VFR600_40_4_Gap,Large,600,40,IG,789,34005,381.11033191595925,0.9260083696910337,run-20260712-103629-669a,2026-07-12T10:36:29Z
vrf/VFR600_40_4_Gap,Large,600,40,IG,2025,33951,398.06502062495565,0.7657376903214318,run-20260712-104307-1186,2026-07-12T10:43:07Z
vrf/VFR600_40_5_Gap,Large,600,40,IG,42,33911,378.9932729160064,1.0669686764223765,run-20260712-104926-7164,2026-07-12T10:49:26Z
vrf/VFR600_40_5_Gap,Large,600,40,IG,123,33814,397.4508354589925,0.7778738115816768,run-20260712-105603-4e45,2026-07-12T10:56:03Z
vrf/VFR600_40_5_Gap,Large,600,40,IG,456,33862,378.38242712500505,0.920931064286353,run-20260712-110222-e1c1,2026-07-12T11:02:22Z
vrf/VFR600_40_5_Gap,Large,600,40,IG,789,33942,387.34278445795644,1.1593598187941465,run-20260712-110849-b085,2026-07-12T11:08:49Z
vrf/VFR600_40_5_Gap,Large,600,40,IG,2025,33836,377.96986766700866,0.84344171907132,run-20260712-111507-3a5b,2026-07-12T11:15:07Z
vrf/VFR600_40_6_Gap,Large,600,40,IG,42,34040,374.75196733302437,0.6832500221834423,run-20260712-112122-c199,2026-07-12T11:21:22Z
vrf/VFR600_40_6_Gap,Large,600,40,IG,123,34016,392.7814949580352,0.612263006891656,run-20260712-112755-0da1,2026-07-12T11:27:55Z
vrf/VFR600_40_6_Gap,Large,600,40,IG,456,34019,382.75041916698683,0.6211363838031293,run-20260712-113418-f8ee,2026-07-12T11:34:18Z
vrf/VFR600_40_6_Gap,Large,600,40,IG,789,33909,394.79950858303346,0.2957792303824425,run-20260712-114052-a77d,2026-07-12T11:40:52Z
vrf/VFR600_40_6_Gap,Large,600,40,IG,2025,34037,371.5310141670052,0.674376645271969,run-20260712-114704-4428,2026-07-12T11:47:04Z
vrf/VFR600_40_7_Gap,Large,600,40,IG,42,33920,376.96489820902934,0.694650596687051,run-20260712-115321-55e8,2026-07-12T11:53:21Z
vrf/VFR600_40_7_Gap,Large,600,40,IG,123,34118,380.9391687080497,1.2824318708068634,run-20260712-115942-8509,2026-07-12T11:59:42Z
vrf/VFR600_40_7_Gap,Large,600,40,IG,456,34005,380.2364923749701,0.9469809416374755,run-20260712-120602-0f1e,2026-07-12T12:06:02Z
vrf/VFR600_40_7_Gap,Large,600,40,IG,789,34050,380.7153709579725,1.0805675948465239,run-20260712-121223-5e86,2026-07-12T12:12:23Z
vrf/VFR600_40_7_Gap,Large,600,40,IG,2025,33963,382.7614277090179,0.8223000653090304,run-20260712-121846-6679,2026-07-12T12:18:46Z
vrf/VFR600_40_8_Gap,Large,600,40,IG,42,33819,401.86463450000156,1.0065109611134342,run-20260712-122527-cd49,2026-07-12T12:25:27Z
vrf/VFR600_40_8_Gap,Large,600,40,IG,123,33856,376.17957483400824,1.1170180992772236,run-20260712-123144-8d56,2026-07-12T12:31:44Z
vrf/VFR600_40_8_Gap,Large,600,40,IG,456,33801,380.8863383749849,0.9527507317364554,run-20260712-123805-3954,2026-07-12T12:38:05Z
vrf/VFR600_40_8_Gap,Large,600,40,IG,789,33868,397.3607453330187,1.1528582521952093,run-20260712-124442-35e1,2026-07-12T12:44:42Z
vrf/VFR600_40_8_Gap,Large,600,40,IG,2025,33838,377.87149970803875,1.0632578699002448,run-20260712-125100-1277,2026-07-12T12:51:00Z
vrf/VFR600_40_9_Gap,Large,600,40,IG,42,33936,388.4331833749893,0.709261952102561,run-20260712-125728-210a,2026-07-12T12:57:28Z
vrf/VFR600_40_9_Gap,Large,600,40,IG,123,33941,375.7183124999865,0.7241000682553344,run-20260712-130344-861c,2026-07-12T13:03:44Z
vrf/VFR600_40_9_Gap,Large,600,40,IG,456,33867,393.48967945802724,0.5044959491942903,run-20260712-131018-9895,2026-07-12T13:10:18Z
vrf/VFR600_40_9_Gap,Large,600,40,IG,789,33895,373.7250856250175,0.5875893996498205,run-20260712-131631-05ca,2026-07-12T13:16:31Z
vrf/VFR600_40_9_Gap,Large,600,40,IG,2025,33946,380.8549912919989,0.7389381844081075,run-20260712-132252-b1d8,2026-07-12T13:22:52Z
vrf/VFR600_60_10_Gap,Large,600,60,IG,42,36507,570.8227368340013,0.9512485136741974,run-20260712-133223-f596,2026-07-12T13:32:23Z
vrf/VFR600_60_10_Gap,Large,600,60,IG,123,36478,607.0917451670393,0.8710560517656168,run-20260712-134230-fb6d,2026-07-12T13:42:30Z
vrf/VFR600_60_10_Gap,Large,600,60,IG,456,36378,633.7375837499858,0.5945303210463734,run-20260712-135304-93e4,2026-07-12T13:53:04Z
vrf/VFR600_60_10_Gap,Large,600,60,IG,789,36377,561.3873678339878,0.5917650637391809,run-20260712-140225-e60c,2026-07-12T14:02:25Z
vrf/VFR600_60_10_Gap,Large,600,60,IG,2025,36348,590.7145904579666,0.5115726018306004,run-20260712-141216-9da7,2026-07-12T14:12:16Z
vrf/VFR600_60_1_Gap,Large,600,60,IG,42,36594,549.6286420000251,1.093983092988563,run-20260712-142126-79de,2026-07-12T14:21:26Z
vrf/VFR600_60_1_Gap,Large,600,60,IG,123,36464,579.8334628329612,0.7348472291286812,run-20260712-143106-a502,2026-07-12T14:31:06Z
vrf/VFR600_60_1_Gap,Large,600,60,IG,456,36502,586.5382577910204,0.8398254047184928,run-20260712-144052-637b,2026-07-12T14:40:52Z
vrf/VFR600_60_1_Gap,Large,600,60,IG,789,36427,571.890821042005,0.6326316371070225,run-20260712-145024-3451,2026-07-12T14:50:24Z
vrf/VFR600_60_1_Gap,Large,600,60,IG,2025,36412,590.5842847920139,0.5911928835847284,run-20260712-150015-d541,2026-07-12T15:00:15Z
vrf/VFR600_60_2_Gap,Large,600,60,IG,42,36431,568.0233730840264,0.6826221534379836,run-20260712-150943-79f3,2026-07-12T15:09:43Z
vrf/VFR600_60_2_Gap,Large,600,60,IG,123,36350,563.2221133750281,0.4587663055494141,run-20260712-151906-fb64,2026-07-12T15:19:06Z
vrf/VFR600_60_2_Gap,Large,600,60,IG,456,36464,576.8337267089519,0.7738226840592527,run-20260712-152843-e12b,2026-07-12T15:28:43Z
vrf/VFR600_60_2_Gap,Large,600,60,IG,789,36487,587.2309013340273,0.8373866902498341,run-20260712-153830-d055,2026-07-12T15:38:30Z
vrf/VFR600_60_2_Gap,Large,600,60,IG,2025,36431,561.5940126249916,0.6826221534379836,run-20260712-154752-b410,2026-07-12T15:47:52Z
vrf/VFR600_60_3_Gap,Large,600,60,IG,42,36436,575.0031599579961,0.6491533383055716,run-20260712-155727-d1bc,2026-07-12T15:57:27Z
vrf/VFR600_60_3_Gap,Large,600,60,IG,123,36553,543.9506479579723,0.9723488301428137,run-20260712-160631-fdcb,2026-07-12T16:06:31Z
vrf/VFR600_60_3_Gap,Large,600,60,IG,456,36494,561.4100150829763,0.809369906908649,run-20260712-161552-b7ed,2026-07-12T16:15:52Z
vrf/VFR600_60_3_Gap,Large,600,60,IG,789,36495,569.152752791997,0.8121322615397365,run-20260712-162521-0bb8,2026-07-12T16:25:21Z
vrf/VFR600_60_3_Gap,Large,600,60,IG,2025,36499,535.2723142079776,0.8231816800640867,run-20260712-163416-9ef3,2026-07-12T16:34:16Z
vrf/VFR600_60_4_Gap,Large,600,60,IG,42,36460,575.1036537089967,0.8966127961036086,run-20260712-164351-cce8,2026-07-12T16:43:51Z
vrf/VFR600_60_4_Gap,Large,600,60,IG,123,36450,556.7868615830084,0.8689395616559663,run-20260712-165308-94b9,2026-07-12T16:53:08Z
vrf/VFR600_60_4_Gap,Large,600,60,IG,456,36356,577.8940403329907,0.6088111578481293,run-20260712-170246-1224,2026-07-12T17:02:46Z
vrf/VFR600_60_4_Gap,Large,600,60,IG,789,36459,592.611960707989,0.8938454726588444,run-20260712-171239-aaee,2026-07-12T17:12:39Z
vrf/VFR600_60_4_Gap,Large,600,60,IG,2025,36519,623.4871927089989,1.0598848793446978,run-20260712-172302-9b3a,2026-07-12T17:23:02Z
vrf/VFR600_60_5_Gap,Large,600,60,IG,42,36415,643.278739625006,0.7246978120764529,run-20260712-173346-e8b1,2026-07-12T17:33:46Z
vrf/VFR600_60_5_Gap,Large,600,60,IG,123,36369,649.0789797909674,0.5974607916355489,run-20260712-174435-f5fa,2026-07-12T17:44:35Z
vrf/VFR600_60_5_Gap,Large,600,60,IG,456,36441,680.6656754579744,0.7966143888473985,run-20260712-175556-087b,2026-07-12T17:55:56Z
vrf/VFR600_60_5_Gap,Large,600,60,IG,789,36483,633.1966784999822,0.9127873205543109,run-20260712-180629-9fc6,2026-07-12T18:06:29Z
vrf/VFR600_60_5_Gap,Large,600,60,IG,2025,36524,574.3515886249952,1.0261942300777251,run-20260712-181603-96a0,2026-07-12T18:16:03Z
vrf/VFR600_60_6_Gap,Large,600,60,IG,42,36330,570.3989644160029,0.592535164470041,run-20260712-182534-4ad4,2026-07-12T18:25:34Z
vrf/VFR600_60_6_Gap,Large,600,60,IG,123,36420,543.9826424999628,0.8417321962565069,run-20260712-183438-2a52,2026-07-12T18:34:38Z
vrf/VFR600_60_6_Gap,Large,600,60,IG,456,36370,581.9059576250147,0.7032894008195814,run-20260712-184420-35a2,2026-07-12T18:44:20Z
vrf/VFR600_60_6_Gap,Large,600,60,IG,789,36271,564.3174837910337,0.42917266585446895,run-20260712-185344-ef65,2026-07-12T18:53:44Z
vrf/VFR600_60_6_Gap,Large,600,60,IG,2025,36355,548.981491249986,0.6617565621885038,run-20260712-190253-e9fe,2026-07-12T19:02:53Z
vrf/VFR600_60_7_Gap,Large,600,60,IG,42,36443,575.9343967079767,0.7297050775311645,run-20260712-191229-c679,2026-07-12T19:12:29Z
vrf/VFR600_60_7_Gap,Large,600,60,IG,123,36586,564.5447337080259,1.124961994527212,run-20260712-192153-d293,2026-07-12T19:21:53Z
vrf/VFR600_60_7_Gap,Large,600,60,IG,456,36448,568.7240795830148,0.7435252494541033,run-20260712-193122-0731,2026-07-12T19:31:22Z
vrf/VFR600_60_7_Gap,Large,600,60,IG,789,36565,618.2794260000228,1.0669172724508693,run-20260712-194140-c08e,2026-07-12T19:41:40Z
vrf/VFR600_60_7_Gap,Large,600,60,IG,2025,36524,641.6557727080071,0.9535918626827717,run-20260712-195222-0f2a,2026-07-12T19:52:22Z
vrf/VFR600_60_8_Gap,Large,600,60,IG,42,36467,607.2788092499832,0.7793284510156142,run-20260712-200229-fcbe,2026-07-12T20:02:29Z
vrf/VFR600_60_8_Gap,Large,600,60,IG,123,36392,585.9317133330042,0.57206024595827,run-20260712-201215-cf53,2026-07-12T20:12:15Z
vrf/VFR600_60_8_Gap,Large,600,60,IG,456,36369,575.7156092079822,0.5084979964073512,run-20260712-202151-fc24,2026-07-12T20:21:51Z
vrf/VFR600_60_8_Gap,Large,600,60,IG,789,36397,577.652149875008,0.5858781262954262,run-20260712-203129-9561,2026-07-12T20:31:29Z
vrf/VFR600_60_8_Gap,Large,600,60,IG,2025,36538,594.254960124963,0.9755423518032333,run-20260712-204123-97ce,2026-07-12T20:41:23Z
vrf/VFR600_60_9_Gap,Large,600,60,IG,42,36507,669.9478096669773,0.8619975134687111,run-20260712-205233-73a8,2026-07-12T20:52:33Z
vrf/VFR600_60_9_Gap,Large,600,60,IG,123,36464,758.0455944170244,0.7431965741124464,run-20260712-210511-678f,2026-07-12T21:05:11Z
vrf/VFR600_60_9_Gap,Large,600,60,IG,456,36403,670.0820525000454,0.5746650089791407,run-20260712-211621-018f,2026-07-12T21:16:21Z
vrf/VFR600_60_9_Gap,Large,600,60,IG,789,36308,646.2039702499751,0.3121978173780909,run-20260712-212707-6809,2026-07-12T21:27:07Z
vrf/VFR600_60_9_Gap,Large,600,60,IG,2025,36527,625.2993681660155,0.91725376433209,run-20260712-213733-e5c7,2026-07-12T21:37:33Z
vrf/VFR700_20_10_Gap,Large,700,20,IG,42,36591,279.18328741705045,0.47779883021665703,run-20260712-214212-6981,2026-07-12T21:42:12Z
vrf/VFR700_20_10_Gap,Large,700,20,IG,123,36591,260.29644299997017,0.47779883021665703,run-20260712-214632-db9c,2026-07-12T21:46:32Z
vrf/VFR700_20_10_Gap,Large,700,20,IG,456,36509,264.5580808329978,0.25262926655133594,run-20260712-215057-54ea,2026-07-12T21:50:57Z
vrf/VFR700_20_10_Gap,Large,700,20,IG,789,36509,289.3328126670094,0.25262926655133594,run-20260712-215546-b726,2026-07-12T21:55:46Z
vrf/VFR700_20_10_Gap,Large,700,20,IG,2025,36509,241.6529493330163,0.25262926655133594,run-20260712-215948-a1f1,2026-07-12T21:59:48Z
vrf/VFR700_20_1_Gap,Large,700,20,IG,42,36519,281.6370283750002,0.34346320822113535,run-20260712-220429-9249,2026-07-12T22:04:29Z
vrf/VFR700_20_1_Gap,Large,700,20,IG,123,36483,277.6414228329668,0.24454580425344838,run-20260712-220907-972d,2026-07-12T22:09:07Z
vrf/VFR700_20_1_Gap,Large,700,20,IG,456,36493,256.5391311250278,0.2720228609111392,run-20260712-221324-0f80,2026-07-12T22:13:24Z
vrf/VFR700_20_1_Gap,Large,700,20,IG,789,36521,265.31577233300777,0.34895861955267354,run-20260712-221749-49f4,2026-07-12T22:17:49Z
vrf/VFR700_20_1_Gap,Large,700,20,IG,2025,36508,250.49801487498917,0.31323844589767547,run-20260712-222159-bd00,2026-07-12T22:21:59Z
vrf/VFR700_20_2_Gap,Large,700,20,IG,42,36407,289.27735041698907,0.19264110961279138,run-20260712-222649-d69f,2026-07-12T22:26:49Z
vrf/VFR700_20_2_Gap,Large,700,20,IG,123,36424,310.07059029105585,0.23942537909018355,run-20260712-223159-e594,2026-07-12T22:31:59Z
vrf/VFR700_20_2_Gap,Large,700,20,IG,456,36438,243.45244799996726,0.27795360101274186,run-20260712-223602-7adc,2026-07-12T22:36:02Z
vrf/VFR700_20_2_Gap,Large,700,20,IG,789,36438,262.53096833400195,0.27795360101274186,run-20260712-224025-6713,2026-07-12T22:40:25Z
vrf/VFR700_20_2_Gap,Large,700,20,IG,2025,36461,234.76489070797106,0.34124996559980186,run-20260712-224420-4ab9,2026-07-12T22:44:20Z
vrf/VFR700_20_3_Gap,Large,700,20,IG,42,36658,238.19712333299685,0.24611682345219865,run-20260712-224818-8d4f,2026-07-12T22:48:18Z
vrf/VFR700_20_3_Gap,Large,700,20,IG,123,36678,230.5210567920003,0.30080945088602057,run-20260712-225208-844d,2026-07-12T22:52:08Z
vrf/VFR700_20_3_Gap,Large,700,20,IG,456,36689,249.2445397080155,0.3308903959746226,run-20260712-225618-957e,2026-07-12T22:56:18Z
vrf/VFR700_20_3_Gap,Large,700,20,IG,789,36682,230.88175737502752,0.31174797637278495,run-20260712-230009-da85,2026-07-12T23:00:09Z
vrf/VFR700_20_3_Gap,Large,700,20,IG,2025,36682,231.69050816696836,0.31174797637278495,run-20260712-230400-7189,2026-07-12T23:04:00Z
vrf/VFR700_20_4_Gap,Large,700,20,IG,42,36575,238.29147495899815,0.33743004499067264,run-20260712-230759-2183,2026-07-12T23:07:59Z
vrf/VFR700_20_4_Gap,Large,700,20,IG,123,36539,247.83488641603617,0.2386700318226709,run-20260712-231206-ffca,2026-07-12T23:12:06Z
vrf/VFR700_20_4_Gap,Large,700,20,IG,456,36594,230.78575116599677,0.3895533852737847,run-20260712-231557-c02b,2026-07-12T23:15:57Z
vrf/VFR700_20_4_Gap,Large,700,20,IG,789,36533,230.43500729103107,0.22221002962800396,run-20260712-231948-7b80,2026-07-12T23:19:48Z
vrf/VFR700_20_4_Gap,Large,700,20,IG,2025,36568,238.83299058303237,0.31822670909689454,run-20260712-232347-def0,2026-07-12T23:23:47Z
vrf/VFR700_20_5_Gap,Large,700,20,IG,42,36694,251.24372495803982,0.30067789197463374,run-20260712-232758-5700,2026-07-12T23:27:58Z
vrf/VFR700_20_5_Gap,Large,700,20,IG,123,36696,252.60412416700274,0.3061447627378089,run-20260712-233210-c5c0,2026-07-12T23:32:10Z
vrf/VFR700_20_5_Gap,Large,700,20,IG,456,36739,253.3676191670238,0.4236824841460748,run-20260712-233624-93db,2026-07-12T23:36:24Z
vrf/VFR700_20_5_Gap,Large,700,20,IG,789,36742,264.2370548339677,0.43188279029083754,run-20260712-234048-8848,2026-07-12T23:40:48Z
vrf/VFR700_20_5_Gap,Large,700,20,IG,2025,36701,246.62434470799053,0.3198119396457468,run-20260712-234455-1a5e,2026-07-12T23:44:55Z
vrf/VFR700_20_6_Gap,Large,700,20,IG,42,36715,242.21332875004737,0.11998581985765319,run-20260712-234857-8fe0,2026-07-12T23:48:57Z
vrf/VFR700_20_6_Gap,Large,700,20,IG,123,36685,242.0747981669847,0.03817730631834419,run-20260712-235259-2f60,2026-07-12T23:52:59Z
vrf/VFR700_20_6_Gap,Large,700,20,IG,456,36736,249.6547242499655,0.17725177933516947,run-20260712-235709-62f0,2026-07-12T23:57:09Z
vrf/VFR700_20_6_Gap,Large,700,20,IG,789,36705,247.78449491597712,0.09271631534455019,run-20260713-000116-309f,2026-07-13T00:01:16Z
vrf/VFR700_20_6_Gap,Large,700,20,IG,2025,36725,240.8890225419891,0.1472553243707562,run-20260713-000517-bc2e,2026-07-13T00:05:17Z
vrf/VFR700_20_7_Gap,Large,700,20,IG,42,36729,257.2281020830269,0.286697247706422,run-20260713-000935-0655,2026-07-13T00:09:35Z
vrf/VFR700_20_7_Gap,Large,700,20,IG,123,36735,248.0460651659523,0.30307994757536044,run-20260713-001343-de3e,2026-07-13T00:13:43Z
vrf/VFR700_20_7_Gap,Large,700,20,IG,456,36738,244.20897958398564,0.3112712975098296,run-20260713-001747-2911,2026-07-13T00:17:47Z
vrf/VFR700_20_7_Gap,Large,700,20,IG,789,36755,242.2400082499953,0.3576889471384884,run-20260713-002149-1cd3,2026-07-13T00:21:49Z
vrf/VFR700_20_7_Gap,Large,700,20,IG,2025,36743,253.56328150001355,0.32492354740061163,run-20260713-002603-f7aa,2026-07-13T00:26:03Z
vrf/VFR700_20_8_Gap,Large,700,20,IG,42,36629,240.02824979199795,0.2929740978040633,run-20260713-003003-2e0c,2026-07-13T00:30:03Z
vrf/VFR700_20_8_Gap,Large,700,20,IG,123,36610,250.6839190829778,0.24095065987623898,run-20260713-003413-f662,2026-07-13T00:34:13Z
vrf/VFR700_20_8_Gap,Large,700,20,IG,456,36633,240.067665541952,0.3039264005257105,run-20260713-003813-2743,2026-07-13T00:38:13Z
vrf/VFR700_20_8_Gap,Large,700,20,IG,789,36626,279.38754625001457,0.2847598707628279,run-20260713-004253-d200,2026-07-13T00:42:53Z
vrf/VFR700_20_8_Gap,Large,700,20,IG,2025,36606,246.79083274997538,0.22999835715459174,run-20260713-004700-be3f,2026-07-13T00:47:00Z
vrf/VFR700_20_9_Gap,Large,700,20,IG,42,36388,238.15465008298634,0.16240469046767045,run-20260713-005058-2e99,2026-07-13T00:50:58Z
vrf/VFR700_20_9_Gap,Large,700,20,IG,123,36479,253.07700687495526,0.41289328085000965,run-20260713-005511-fc24,2026-07-13T00:55:11Z
vrf/VFR700_20_9_Gap,Large,700,20,IG,456,36467,236.50673041702248,0.3798618183820089,run-20260713-005907-986d,2026-07-13T00:59:07Z
vrf/VFR700_20_9_Gap,Large,700,20,IG,789,36453,236.94971424998948,0.3413251121693413,run-20260713-010304-2fe7,2026-07-13T01:03:04Z
vrf/VFR700_20_9_Gap,Large,700,20,IG,2025,36357,245.27183024998521,0.07707341242533514,run-20260713-010710-8b11,2026-07-13T01:07:10Z
vrf/VFR700_40_10_Gap,Large,700,40,IG,42,39228,508.80862700002035,0.972972972972973,run-20260713-011538-b976,2026-07-13T01:15:38Z
vrf/VFR700_40_10_Gap,Large,700,40,IG,123,39221,502.34294887498254,0.954954954954955,run-20260713-012401-2497,2026-07-13T01:24:01Z
vrf/VFR700_40_10_Gap,Large,700,40,IG,456,39186,483.3279992090538,0.8648648648648649,run-20260713-013204-dcd7,2026-07-13T01:32:04Z
vrf/VFR700_40_10_Gap,Large,700,40,IG,789,39219,496.14523291704245,0.9498069498069498,run-20260713-014020-30e9,2026-07-13T01:40:20Z
vrf/VFR700_40_10_Gap,Large,700,40,IG,2025,39199,479.0548974580015,0.8983268983268984,run-20260713-014819-39c5,2026-07-13T01:48:19Z
vrf/VFR700_40_1_Gap,Large,700,40,IG,42,39233,498.6689551669988,0.6903808643876399,run-20260713-015638-e97e,2026-07-13T01:56:38Z
vrf/VFR700_40_1_Gap,Large,700,40,IG,123,39170,488.94295150000835,0.5286931526537316,run-20260713-020447-ca97,2026-07-13T02:04:47Z
vrf/VFR700_40_1_Gap,Large,700,40,IG,456,39199,483.53508575004525,0.6031208294836259,run-20260713-021251-c632,2026-07-13T02:12:51Z
vrf/VFR700_40_1_Gap,Large,700,40,IG,789,39175,485.883231875021,0.5415255107278514,run-20260713-022057-968f,2026-07-13T02:20:57Z
vrf/VFR700_40_1_Gap,Large,700,40,IG,2025,39224,500.47399116604356,0.6672826198542244,run-20260713-022917-c4e8,2026-07-13T02:29:17Z
vrf/VFR700_40_2_Gap,Large,700,40,IG,42,39116,468.3927357919747,0.8794326241134752,run-20260713-023705-2e15,2026-07-13T02:37:05Z
vrf/VFR700_40_2_Gap,Large,700,40,IG,123,39029,520.7260576250264,0.6550612508059317,run-20260713-024546-d5fa,2026-07-13T02:45:46Z
vrf/VFR700_40_2_Gap,Large,700,40,IG,456,39071,496.85225670802174,0.7633784655061251,run-20260713-025403-73cc,2026-07-13T02:54:03Z
vrf/VFR700_40_2_Gap,Large,700,40,IG,789,39022,518.6442490409827,0.6370083816892328,run-20260713-030242-e17c,2026-07-13T03:02:42Z
vrf/VFR700_40_2_Gap,Large,700,40,IG,2025,39048,525.6927253750036,0.7040618955512572,run-20260713-031127-18ea,2026-07-13T03:11:27Z
vrf/VFR700_40_3_Gap,Large,700,40,IG,42,38858,484.80011033295887,0.6136557831231714,run-20260713-031932-cbe7,2026-07-13T03:19:32Z
vrf/VFR700_40_3_Gap,Large,700,40,IG,123,38910,505.75442158296937,0.748297558323192,run-20260713-032758-405d,2026-07-13T03:27:58Z
vrf/VFR700_40_3_Gap,Large,700,40,IG,456,38840,493.12908941699425,0.5670490147847026,run-20260713-033611-e0a4,2026-07-13T03:36:11Z
vrf/VFR700_40_3_Gap,Large,700,40,IG,789,38885,492.2229916669894,0.6835659356308744,run-20260713-034423-ebc9,2026-07-13T03:44:23Z
vrf/VFR700_40_3_Gap,Large,700,40,IG,2025,38938,483.9428464579978,0.8207969757385878,run-20260713-035227-3f7c,2026-07-13T03:52:27Z
vrf/VFR700_40_4_Gap,Large,700,40,IG,42,39140,496.7463512500399,0.9153023075931417,run-20260713-040044-4687,2026-07-13T04:00:44Z
vrf/VFR700_40_4_Gap,Large,700,40,IG,123,39185,473.8882180000073,1.0313265437669201,run-20260713-040838-e5e9,2026-07-13T04:08:38Z
vrf/VFR700_40_4_Gap,Large,700,40,IG,456,39115,518.832515499962,0.8508443986077092,run-20260713-041717-b9a9,2026-07-13T04:17:17Z
vrf/VFR700_40_4_Gap,Large,700,40,IG,789,39006,513.6049424580415,0.5698079154312234,run-20260713-042551-869e,2026-07-13T04:25:51Z
vrf/VFR700_40_4_Gap,Large,700,40,IG,2025,39147,488.52336991700577,0.9333505221090628,run-20260713-043359-e451,2026-07-13T04:33:59Z
vrf/VFR700_40_5_Gap,Large,700,40,IG,42,38882,513.6320324160042,0.5456285071500607,run-20260713-044233-0455,2026-07-13T04:42:33Z
vrf/VFR700_40_5_Gap,Large,700,40,IG,123,39015,489.99716741702287,0.8895554808512839,run-20260713-045043-ab11,2026-07-13T04:50:43Z
vrf/VFR700_40_5_Gap,Large,700,40,IG,456,38901,488.1433477079845,0.5947609319645212,run-20260713-045851-7ecf,2026-07-13T04:58:51Z
vrf/VFR700_40_5_Gap,Large,700,40,IG,789,38885,477.01507608400425,0.5533862584365545,run-20260713-050648-d8d3,2026-07-13T05:06:48Z
vrf/VFR700_40_5_Gap,Large,700,40,IG,2025,38919,493.1183766670292,0.6413074396834837,run-20260713-051501-54a7,2026-07-13T05:15:01Z
vrf/VFR700_40_6_Gap,Large,700,40,IG,42,38941,480.9202440419467,0.596745027124774,run-20260713-052302-51b7,2026-07-13T05:23:02Z
vrf/VFR700_40_6_Gap,Large,700,40,IG,123,38977,503.7648794580018,0.6897442521312322,run-20260713-053126-ae33,2026-07-13T05:31:26Z
vrf/VFR700_40_6_Gap,Large,700,40,IG,456,38976,499.08028212498175,0.6871609403254972,run-20260713-053945-f530,2026-07-13T05:39:45Z
vrf/VFR700_40_6_Gap,Large,700,40,IG,789,38824,495.8200254169642,0.29449754585378457,run-20260713-054801-0661,2026-07-13T05:48:01Z
vrf/VFR700_40_6_Gap,Large,700,40,IG,2025,38978,498.85119454097,0.6923275639369671,run-20260713-055620-70e7,2026-07-13T05:56:20Z
vrf/VFR700_40_7_Gap,Large,700,40,IG,42,38749,477.7985991250025,0.4250356356096929,run-20260713-060417-1311,2026-07-13T06:04:17Z
vrf/VFR700_40_7_Gap,Large,700,40,IG,123,38793,503.1982601250056,0.5390695866269276,run-20260713-061241-c870,2026-07-13T06:12:41Z
vrf/VFR700_40_7_Gap,Large,700,40,IG,456,38775,508.7151027499931,0.4924193339380588,run-20260713-062109-f3ad,2026-07-13T06:21:09Z
vrf/VFR700_40_7_Gap,Large,700,40,IG,789,38862,507.65431541600265,0.7178955552675911,run-20260713-062937-58fb,2026-07-13T06:29:37Z
vrf/VFR700_40_7_Gap,Large,700,40,IG,2025,38759,493.5998016670346,0.4509524426590644,run-20260713-063751-affa,2026-07-13T06:37:51Z
vrf/VFR700_40_8_Gap,Large,700,40,IG,42,39252,519.0573685420095,0.49412427353490873,run-20260713-064630-ac4b,2026-07-13T06:46:30Z
vrf/VFR700_40_8_Gap,Large,700,40,IG,123,39220,508.0062084160163,0.41219693284518294,run-20260713-065458-683b,2026-07-13T06:54:58Z
vrf/VFR700_40_8_Gap,Large,700,40,IG,456,39278,518.5561369999778,0.5606902378453109,run-20260713-070336-301a,2026-07-13T07:03:36Z
vrf/VFR700_40_8_Gap,Large,700,40,IG,789,39243,741.4933462909539,0.47108220896592334,run-20260713-075313-4cce,2026-07-13T07:53:13Z
vrf/VFR700_40_8_Gap,Large,700,40,IG,2025,39350,553.1199897080078,0.745026754397194,run-20260713-080226-f3db,2026-07-13T08:02:26Z
vrf/VFR700_40_9_Gap,Large,700,40,IG,42,39081,508.73725279199425,0.6878961199567166,run-20260713-081055-b68e,2026-07-13T08:10:55Z
vrf/VFR700_40_9_Gap,Large,700,40,IG,123,39148,556.1320597910089,0.860514247436492,run-20260713-082011-d09a,2026-07-13T08:20:11Z
vrf/VFR700_40_9_Gap,Large,700,40,IG,456,39185,497.807646790985,0.9558406760447261,run-20260713-082829-ce19,2026-07-13T08:28:29Z
vrf/VFR700_40_9_Gap,Large,700,40,IG,789,39131,522.7299542920082,0.8167156180759519,run-20260713-083712-ac5b,2026-07-13T08:37:12Z
vrf/VFR700_40_9_Gap,Large,700,40,IG,2025,39198,577.90430104197,0.9893337455557273,run-20260713-084650-22ac,2026-07-13T08:46:50Z
vrf/VFR700_60_10_Gap,Large,700,60,IG,42,41729,722.1146442500176,0.8507141648742055,run-20260713-085852-0808,2026-07-13T08:58:52Z
vrf/VFR700_60_10_Gap,Large,700,60,IG,123,41698,746.0645734580467,0.7757933151267612,run-20260713-091118-b8e9,2026-07-13T09:11:18Z
vrf/VFR700_60_10_Gap,Large,700,60,IG,456,41607,736.4787989159813,0.5558643690939411,run-20260713-092335-b139,2026-07-13T09:23:35Z
vrf/VFR700_60_10_Gap,Large,700,60,IG,789,41561,801.5820180000155,0.44469149527515284,run-20260713-093656-8f46,2026-07-13T09:36:56Z
vrf/VFR700_60_10_Gap,Large,700,60,IG,2025,41662,755.9973655000213,0.6887884573555357,run-20260713-094932-4ee8,2026-07-13T09:49:32Z
vrf/VFR700_60_1_Gap,Large,700,60,IG,42,41739,756.7371132090339,0.7312481899797277,run-20260713-100209-a12a,2026-07-13T10:02:09Z
vrf/VFR700_60_1_Gap,Large,700,60,IG,123,41705,831.8646597500192,0.6491939376387682,run-20260713-101601-1968,2026-07-13T10:16:01Z
vrf/VFR700_60_1_Gap,Large,700,60,IG,456,41786,748.482552292,0.8446761270392895,run-20260713-102829-4f92,2026-07-13T10:28:29Z
vrf/VFR700_60_1_Gap,Large,700,60,IG,789,41732,772.8305096660042,0.7143546674389419,run-20260713-104122-743b,2026-07-13T10:41:22Z
vrf/VFR700_60_1_Gap,Large,700,60,IG,2025,41676,765.3155656249728,0.5792064871126557,run-20260713-105408-6507,2026-07-13T10:54:08Z
vrf/VFR700_60_2_Gap,Large,700,60,IG,42,41453,793.7687574169831,0.18851963746223566,run-20260713-110721-6286,2026-07-13T11:07:21Z
vrf/VFR700_60_2_Gap,Large,700,60,IG,123,41540,737.5924497920205,0.3987915407854985,run-20260713-111939-8c80,2026-07-13T11:19:39Z
vrf/VFR700_60_2_Gap,Large,700,60,IG,456,41505,775.1249549170025,0.31419939577039274,run-20260713-113234-df51,2026-07-13T11:32:34Z
vrf/VFR700_60_2_Gap,Large,700,60,IG,789,41558,748.2940966659808,0.4422960725075529,run-20260713-114502-06d7,2026-07-13T11:45:02Z
vrf/VFR700_60_2_Gap,Large,700,60,IG,2025,41532,737.4723007080029,0.3794561933534743,run-20260713-115720-ab4d,2026-07-13T11:57:20Z
vrf/VFR700_60_3_Gap,Large,700,60,IG,42,41700,740.5726777919917,0.926979209526345,run-20260713-120940-2ec8,2026-07-13T12:09:40Z
vrf/VFR700_60_3_Gap,Large,700,60,IG,123,41726,1213.8506670420174,0.9899073020790473,run-20260713-122954-ccb3,2026-07-13T12:29:54Z
vrf/VFR700_60_3_Gap,Large,700,60,IG,456,41688,1625.5400768750114,0.8979354745020209,run-20260713-125700-4634,2026-07-13T12:57:00Z
vrf/VFR700_60_3_Gap,Large,700,60,IG,789,41727,1641.5596134579973,0.9923276133310743,run-20260713-132422-c735,2026-07-13T13:24:22Z
vrf/VFR700_60_3_Gap,Large,700,60,IG,2025,41692,1660.1207126660156,0.907616719510129,run-20260713-135202-4114,2026-07-13T13:52:02Z
vrf/VFR700_60_4_Gap,Large,700,60,IG,42,41613,1543.9400252499618,0.5120649259679718,run-20260713-141746-c881,2026-07-13T14:17:46Z
vrf/VFR700_60_4_Gap,Large,700,60,IG,123,41600,1796.4594890000299,0.4806647182435207,run-20260713-144742-6272,2026-07-13T14:47:42Z
vrf/VFR700_60_4_Gap,Large,700,60,IG,456,41640,1667.518659125024,0.5772807420110625,run-20260713-151530-1c5c,2026-07-13T15:15:30Z
vrf/VFR700_60_4_Gap,Large,700,60,IG,789,41650,1844.1243546659825,0.601434747952948,run-20260713-154614-71ee,2026-07-13T15:46:14Z
vrf/VFR700_60_4_Gap,Large,700,60,IG,2025,41635,1822.764760082995,0.5652037390401198,run-20260713-161637-1ba1,2026-07-13T16:16:37Z
vrf/VFR700_60_5_Gap,Large,700,60,IG,42,41629,2133.5757047090447,0.8894382240317968,run-20260713-184533-dd0f,2026-07-13T18:45:33Z
vrf/VFR700_60_5_Gap,Large,700,60,IG,123,41650,1631.1068880420062,0.940332509330619,run-20260713-191244-6150,2026-07-13T19:12:44Z
vrf/VFR700_60_5_Gap,Large,700,60,IG,456,41577,1630.269792957988,0.7634142794823324,run-20260713-193954-737e,2026-07-13T19:39:54Z
vrf/VFR700_60_5_Gap,Large,700,60,IG,789,41581,1609.2444007500308,0.7731084290630604,run-20260713-200644-a3d3,2026-07-13T20:06:44Z
vrf/VFR700_60_5_Gap,Large,700,60,IG,2025,41556,1538.7057765419595,0.7125199941835102,run-20260713-203222-eaa7,2026-07-13T20:32:22Z
vrf/VFR700_60_6_Gap,Large,700,60,IG,42,41679,1591.4602065419895,0.8200290275761973,run-20260713-205854-7133,2026-07-13T20:58:54Z
vrf/VFR700_60_6_Gap,Large,700,60,IG,123,41633,1593.3724819580093,0.7087566521528785,run-20260713-212527-cdd1,2026-07-13T21:25:27Z
vrf/VFR700_60_6_Gap,Large,700,60,IG,456,41687,1565.8005470829667,0.8393807450411224,run-20260713-215133-0766,2026-07-13T21:51:33Z
vrf/VFR700_60_6_Gap,Large,700,60,IG,789,41685,1560.3538083329913,0.8345428156748912,run-20260713-221733-1e28,2026-07-13T22:17:33Z
vrf/VFR700_60_6_Gap,Large,700,60,IG,2025,41684,1570.0995412080083,0.8321238509917755,run-20260713-224344-0e59,2026-07-13T22:43:44Z
vrf/VFR700_60_7_Gap,Large,700,60,IG,42,41078,1582.8045336250216,0.49417751247675895,run-20260713-231006-5015,2026-07-13T23:10:06Z
vrf/VFR700_60_7_Gap,Large,700,60,IG,123,41189,1619.1616692500538,0.7657305020060672,run-20260713-233706-9d6b,2026-07-13T23:37:06Z
vrf/VFR700_60_7_Gap,Large,700,60,IG,456,41185,1577.9517224589363,0.7559448086896957,run-20260714-000324-6c6a,2026-07-14T00:03:24Z
vrf/VFR700_60_7_Gap,Large,700,60,IG,789,41160,1531.9235499160131,0.6947842254623741,run-20260714-002856-2ab5,2026-07-14T00:28:56Z
vrf/VFR700_60_7_Gap,Large,700,60,IG,2025,41048,1580.7979372919071,0.420784812603973,run-20260714-005516-b9d1,2026-07-14T00:55:16Z
vrf/VFR700_60_8_Gap,Large,700,60,IG,42,41673,1551.330534416018,0.47981868158364277,run-20260714-012108-f5ee,2026-07-14T01:21:08Z
vrf/VFR700_60_8_Gap,Large,700,60,IG,123,41750,1563.5442640830297,0.6654771664175146,run-20260714-014711-94fa,2026-07-14T01:47:11Z
vrf/VFR700_60_8_Gap,Large,700,60,IG,456,41743,1574.6368814590387,0.648599122341708,run-20260714-021326-53c8,2026-07-14T02:13:26Z
vrf/VFR700_60_8_Gap,Large,700,60,IG,789,41830,1548.1556462909793,0.8583690987124464,run-20260714-023914-c42a,2026-07-14T02:39:14Z
vrf/VFR700_60_8_Gap,Large,700,60,IG,2025,41728,1644.6716092500137,0.6124318850364083,run-20260714-030639-b122,2026-07-14T03:06:39Z
vrf/VFR700_60_9_Gap,Large,700,60,IG,42,41445,1609.1929731250275,0.3729626310818338,run-20260714-033328-dc76,2026-07-14T03:33:28Z
vrf/VFR700_60_9_Gap,Large,700,60,IG,123,41476,1616.6451496670488,0.4480395243515536,run-20260714-040025-e424,2026-07-14T04:00:25Z
vrf/VFR700_60_9_Gap,Large,700,60,IG,456,41548,1622.0100867500296,0.6224116635586447,run-20260714-042727-6e62,2026-07-14T04:27:27Z
vrf/VFR700_60_9_Gap,Large,700,60,IG,789,41456,1640.9319203749765,0.3996028190162505,run-20260714-045448-72df,2026-07-14T04:54:48Z
vrf/VFR700_60_9_Gap,Large,700,60,IG,2025,41456,1586.2846533330157,0.3996028190162505,run-20260714-052114-7b6e,2026-07-14T05:21:14Z
vrf/VFR800_20_10_Gap,Large,800,20,IG,42,41601,667.848220457905,0.06494443642661278,run-20260714-053222-556b,2026-07-14T05:32:22Z
vrf/VFR800_20_10_Gap,Large,800,20,IG,123,41628,650.3429162090179,0.12988887285322556,run-20260714-054312-aeca,2026-07-14T05:43:12Z
vrf/VFR800_20_10_Gap,Large,800,20,IG,456,41637,657.5450939580332,0.15153701832876318,run-20260714-055410-64ee,2026-07-14T05:54:10Z
vrf/VFR800_20_10_Gap,Large,800,20,IG,789,41646,648.3387738330057,0.17318516380430077,run-20260714-060458-a3f7,2026-07-14T06:04:58Z
vrf/VFR800_20_10_Gap,Large,800,20,IG,2025,41642,648.9287741670851,0.16356376581517296,run-20260714-061547-5ac6,2026-07-14T06:15:47Z
vrf/VFR800_20_1_Gap,Large,800,20,IG,42,41602,637.540339707979,0.10587612493382742,run-20260714-062625-d096,2026-07-14T06:26:25Z
vrf/VFR800_20_1_Gap,Large,800,20,IG,123,41616,633.0287066249875,0.13956398286731797,run-20260714-063658-d45c,2026-07-14T06:36:58Z
vrf/VFR800_20_1_Gap,Large,800,20,IG,456,41619,633.3173727500252,0.14678280956735165,run-20260714-064731-edc2,2026-07-14T06:47:31Z
vrf/VFR800_20_1_Gap,Large,800,20,IG,789,41608,662.9689099169336,0.1203137783338948,run-20260714-065834-094e,2026-07-14T06:58:34Z
vrf/VFR800_20_1_Gap,Large,800,20,IG,2025,41607,638.0235626660287,0.1179075027672169,run-20260714-070912-a432,2026-07-14T07:09:12Z
vrf/VFR800_20_2_Gap,Large,800,20,IG,42,41507,654.5336585830664,0.24150505953099718,run-20260714-072007-a2f7,2026-07-14T07:20:07Z
vrf/VFR800_20_2_Gap,Large,800,20,IG,123,41505,733.7420145829674,0.23667495834037722,run-20260714-073221-10a8,2026-07-14T07:32:21Z
vrf/VFR800_20_2_Gap,Large,800,20,IG,456,41503,693.2423127080547,0.23184485714975728,run-20260714-074354-56ec,2026-07-14T07:43:54Z
vrf/VFR800_20_2_Gap,Large,800,20,IG,789,41495,718.3934083750937,0.21252445238727752,run-20260714-075552-da7d,2026-07-14T07:55:52Z
vrf/VFR800_20_2_Gap,Large,800,20,IG,2025,41536,701.8872486249311,0.31154152679498637,run-20260714-080734-dcb3,2026-07-14T08:07:34Z
vrf/VFR800_20_3_Gap,Large,800,20,IG,42,41531,742.6041707920376,0.25588412794206394,run-20260714-081957-e3bc,2026-07-14T08:19:57Z
vrf/VFR800_20_3_Gap,Large,800,20,IG,123,41539,731.001184083987,0.2751961375980688,run-20260714-083208-d600,2026-07-14T08:32:08Z
vrf/VFR800_20_3_Gap,Large,800,20,IG,456,41528,707.5619104579091,0.24864212432106217,run-20260714-084355-af18,2026-07-14T08:43:55Z
vrf/VFR800_20_3_Gap,Large,800,20,IG,789,41538,713.9502133328933,0.2727821363910682,run-20260714-085549-4145,2026-07-14T08:55:49Z
vrf/VFR800_20_3_Gap,Large,800,20,IG,2025,41522,704.617296542041,0.23415811707905854,run-20260714-090734-817f,2026-07-14T09:07:34Z
vrf/VFR800_20_4_Gap,Large,800,20,IG,42,41557,695.8905171250226,0.31622652440496307,run-20260714-091910-508f,2026-07-14T09:19:10Z
vrf/VFR800_20_4_Gap,Large,800,20,IG,123,41532,718.1657769579906,0.2558779510452373,run-20260714-093108-d084,2026-07-14T09:31:08Z
vrf/VFR800_20_4_Gap,Large,800,20,IG,456,41505,673.6089734579436,0.19070149181673346,run-20260714-094222-c711,2026-07-14T09:42:22Z
vrf/VFR800_20_4_Gap,Large,800,20,IG,789,41563,659.3097070410149,0.33071018201129726,run-20260714-095321-6997,2026-07-14T09:53:21Z
vrf/VFR800_20_4_Gap,Large,800,20,IG,2025,41537,683.826658459031,0.2679476657171824,run-20260714-101340-0024,2026-07-14T10:13:40Z
vrf/VFR800_20_5_Gap,Large,800,20,IG,42,41815,885.917062374996,0.25173819228002875,run-20260714-122653-2654,2026-07-14T12:26:53Z
vrf/VFR800_20_5_Gap,Large,800,20,IG,123,41830,691.2534408750944,0.28770079117717573,run-20260714-123825-84ff,2026-07-14T12:38:25Z
vrf/VFR800_20_5_Gap,Large,800,20,IG,456,41831,685.0148580829846,0.29009829777031887,run-20260714-124950-e6ae,2026-07-14T12:49:50Z
vrf/VFR800_20_5_Gap,Large,800,20,IG,789,41860,679.2113609999651,0.3596259889714697,run-20260714-130109-4fd1,2026-07-14T13:01:09Z
vrf/VFR800_20_5_Gap,Large,800,20,IG,2025,41863,688.09831445897,0.36681850875089905,run-20260714-131237-74a4,2026-07-14T13:12:37Z
vrf/VFR800_20_6_Gap,Large,800,20,IG,42,42212,733.5631468339125,0.48083789573910973,run-20260714-132451-b402,2026-07-14T13:24:51Z
vrf/VFR800_20_6_Gap,Large,800,20,IG,123,42227,689.9118085420923,0.5165436800761724,run-20260714-133621-a7c7,2026-07-14T13:36:21Z
vrf/VFR800_20_6_Gap,Large,800,20,IG,456,42218,714.9124479159946,0.49512020947393476,run-20260714-134815-6a89,2026-07-14T13:48:15Z
vrf/VFR800_20_6_Gap,Large,800,20,IG,789,42222,714.3316436670721,0.5046417519638181,run-20260714-140010-16ae,2026-07-14T14:00:10Z
vrf/VFR800_20_6_Gap,Large,800,20,IG,2025,42212,797.3307238339912,0.48083789573910973,run-20260714-141327-f97b,2026-07-14T14:13:27Z
vrf/VFR800_20_7_Gap,Large,800,20,IG,42,41459,777.0824400410056,0.08207604103802052,run-20260714-142624-4d3c,2026-07-14T14:26:24Z
vrf/VFR800_20_7_Gap,Large,800,20,IG,123,41459,733.9065534579568,0.08207604103802052,run-20260714-143838-e953,2026-07-14T14:38:38Z
vrf/VFR800_20_7_Gap,Large,800,20,IG,456,41583,644.005791042,0.38141219070609533,run-20260714-144922-3669,2026-07-14T14:49:22Z
vrf/VFR800_20_7_Gap,Large,800,20,IG,789,41560,660.5893969159806,0.3258901629450815,run-20260714-150023-dafa,2026-07-14T15:00:23Z
vrf/VFR800_20_7_Gap,Large,800,20,IG,2025,41560,687.8545080419863,0.3258901629450815,run-20260714-151151-a802,2026-07-14T15:11:51Z
vrf/VFR800_20_8_Gap,Large,800,20,IG,42,41537,734.307144624996,0.10845464185867155,run-20260714-152405-eb32,2026-07-14T15:24:05Z
vrf/VFR800_20_8_Gap,Large,800,20,IG,123,41581,945.0595880420879,0.21449918056492817,run-20260714-153950-4a23,2026-07-14T15:39:50Z
vrf/VFR800_20_8_Gap,Large,800,20,IG,456,41564,794.2888557909755,0.1735274269738745,run-20260714-155305-cbab,2026-07-14T15:53:05Z
vrf/VFR800_20_8_Gap,Large,800,20,IG,789,41584,663.0569468329195,0.22172949002217296,run-20260714-160408-854a,2026-07-14T16:04:08Z
vrf/VFR800_20_8_Gap,Large,800,20,IG,2025,41530,698.2865644579288,0.09158391979176708,run-20260714-161546-b95d,2026-07-14T16:15:46Z
vrf/VFR800_20_9_Gap,Large,800,20,IG,42,41874,768.7587644589366,0.18662072925638817,run-20260714-162835-3ce1,2026-07-14T16:28:35Z
vrf/VFR800_20_9_Gap,Large,800,20,IG,123,41867,796.4586205419619,0.16987271509235333,run-20260714-164151-e381,2026-07-14T16:41:51Z
vrf/VFR800_20_9_Gap,Large,800,20,IG,456,41871,1370.0158472500043,0.17944300890037324,run-20260714-221423-526b,2026-07-14T22:14:23Z
vrf/VFR800_20_9_Gap,Large,800,20,IG,789,41874,903.8433906250866,0.18662072925638817,run-20260714-222927-df6e,2026-07-14T22:29:27Z
vrf/VFR800_20_9_Gap,Large,800,20,IG,2025,41894,668.5370437500533,0.2344721982964877,run-20260714-224035-2c20,2026-07-14T22:40:35Z
vrf/VFR800_40_10_Gap,Large,800,40,IG,42,44033,1462.2882541250437,0.3921479218440072,run-20260714-230457-0cd7,2026-07-14T23:04:57Z
vrf/VFR800_40_10_Gap,Large,800,40,IG,123,44162,1445.7907702910015,0.6862588632270126,run-20260714-232903-235c,2026-07-14T23:29:03Z
vrf/VFR800_40_10_Gap,Large,800,40,IG,456,44142,1381.3722597910091,0.640660267663756,run-20260714-235205-f7e2,2026-07-14T23:52:05Z
vrf/VFR800_40_10_Gap,Large,800,40,IG,789,44039,1411.1488458750537,0.4058275005129842,run-20260715-001536-85e9,2026-07-15T00:15:36Z
vrf/VFR800_40_10_Gap,Large,800,40,IG,2025,44083,1365.4638402919518,0.5061444107521489,run-20260715-003821-a60d,2026-07-15T00:38:21Z
vrf/VFR800_40_1_Gap,Large,800,40,IG,42,43931,1352.1487045409158,0.5953607657255386,run-20260715-010053-5117,2026-07-15T01:00:53Z
vrf/VFR800_40_1_Gap,Large,800,40,IG,123,43880,1359.6835720839445,0.47857846167937534,run-20260715-012333-00ca,2026-07-15T01:23:33Z
vrf/VFR800_40_1_Gap,Large,800,40,IG,456,43822,1441.12640483398,0.34576721394060134,run-20260715-014734-fc5e,2026-07-15T01:47:34Z
vrf/VFR800_40_1_Gap,Large,800,40,IG,789,43821,1374.0763774580555,0.3434773648416569,run-20260715-021028-2c76,2026-07-15T02:10:28Z
vrf/VFR800_40_1_Gap,Large,800,40,IG,2025,43948,1432.1695783340838,0.6342882004075932,run-20260715-023421-7dcb,2026-07-15T02:34:21Z
vrf/VFR800_40_2_Gap,Large,800,40,IG,42,44016,1425.1634309169604,0.6171992867919353,run-20260715-025806-07b9,2026-07-15T02:58:06Z
vrf/VFR800_40_2_Gap,Large,800,40,IG,123,44021,1398.1905670829583,0.6286289032140081,run-20260715-032124-2aab,2026-07-15T03:21:24Z
vrf/VFR800_40_2_Gap,Large,800,40,IG,456,44033,1374.5384894580347,0.6560599826269831,run-20260715-034419-a44c,2026-07-15T03:44:19Z
vrf/VFR800_40_2_Gap,Large,800,40,IG,789,44055,1394.9638905409956,0.7063502948841037,run-20260715-040734-d804,2026-07-15T04:07:34Z
vrf/VFR800_40_2_Gap,Large,800,40,IG,2025,43948,1407.7155981250107,0.4617565034517442,run-20260715-043101-9f7c,2026-07-15T04:31:01Z
vrf/VFR800_40_3_Gap,Large,800,40,IG,42,44000,1407.7658969579497,0.5737273994834168,run-20260715-045429-3230,2026-07-15T04:54:29Z
vrf/VFR800_40_3_Gap,Large,800,40,IG,123,44079,1373.9419497079216,0.7543029554961256,run-20260715-051723-a0c6,2026-07-15T05:17:23Z
vrf/VFR800_40_3_Gap,Large,800,40,IG,456,44079,1429.539792124997,0.7543029554961256,run-20260715-054113-1ce6,2026-07-15T05:41:13Z
vrf/VFR800_40_3_Gap,Large,800,40,IG,789,44021,1417.5109416670166,0.621728496651352,run-20260715-060450-1b20,2026-07-15T06:04:50Z
vrf/VFR800_40_3_Gap,Large,800,40,IG,2025,43993,1386.69887583307,0.5577270337607717,run-20260715-062757-b487,2026-07-15T06:27:57Z
vrf/VFR800_40_4_Gap,Large,800,40,IG,42,44023,1413.306778457947,0.29845985601020686,run-20260715-065130-21d3,2026-07-15T06:51:30Z
vrf/VFR800_40_4_Gap,Large,800,40,IG,123,44055,1401.3767043330008,0.37136608037911234,run-20260715-071452-046c,2026-07-15T07:14:52Z
vrf/VFR800_40_4_Gap,Large,800,40,IG,456,44108,2314.3015720829135,0.4921170144901121,run-20260715-083838-deac,2026-07-15T08:38:38Z
vrf/VFR800_40_4_Gap,Large,800,40,IG,789,44048,2363.239050375065,0.3554178437984143,run-20260715-091801-7e12,2026-07-15T09:18:01Z
vrf/VFR800_40_4_Gap,Large,800,40,IG,2025,44015,2302.492400416988,0.2802332999179805,run-20260715-095624-f03a,2026-07-15T09:56:24Z
vrf/VFR800_40_5_Gap,Large,800,40,IG,42,44163,1722.8717814590782,0.5876323881106935,run-20260715-102507-e791,2026-07-15T10:25:07Z
vrf/VFR800_40_5_Gap,Large,800,40,IG,123,44133,5288.857848375104,0.5193030406559618,run-20260715-115316-d4b5,2026-07-15T11:53:16Z
vrf/VFR800_40_5_Gap,Large,800,40,IG,456,44133,2132.008578374982,0.5193030406559618,run-20260715-122848-1f11,2026-07-15T12:28:48Z
vrf/VFR800_40_5_Gap,Large,800,40,IG,789,44080,5044.252490458079,0.3985878601526022,run-20260715-135252-411e,2026-07-15T13:52:52Z
vrf/VFR800_40_5_Gap,Large,800,40,IG,2025,44112,4190.873302625027,0.47147249743764946,run-20260715-150244-356a,2026-07-15T15:02:44Z
vrf/VFR800_40_6_Gap,Large,800,40,IG,42,44077,3178.5332943750545,0.6071534546118554,run-20260715-155543-cda8,2026-07-15T15:55:43Z
vrf/VFR800_40_6_Gap,Large,800,40,IG,123,44158,717.0535212079994,0.7920385291365182,run-20260715-160740-2e1e,2026-07-15T16:07:40Z
vrf/VFR800_40_6_Gap,Large,800,40,IG,456,44035,676.0093063750537,0.5112871196731414,run-20260715-161856-f553,2026-07-15T16:18:56Z
vrf/VFR800_40_6_Gap,Large,800,40,IG,789,44035,713.2740567500005,0.5112871196731414,run-20260715-163049-bc96,2026-07-15T16:30:49Z
vrf/VFR800_40_6_Gap,Large,800,40,IG,2025,44084,689.2267633749871,0.6231311771016411,run-20260715-164218-8455,2026-07-15T16:42:18Z
vrf/VFR800_40_7_Gap,Large,800,40,IG,42,43914,695.706352790934,0.3381620435954851,run-20260715-165354-8af0,2026-07-15T16:53:54Z
vrf/VFR800_40_7_Gap,Large,800,40,IG,123,43945,984.50945529202,0.4089932824567015,run-20260715-182218-a827,2026-07-15T18:22:18Z
vrf/VFR800_40_7_Gap,Large,800,40,IG,456,43998,655.5996237500804,0.5300918521226523,run-20260715-183313-7c93,2026-07-15T18:33:13Z
vrf/VFR800_40_7_Gap,Large,800,40,IG,789,43949,661.5650382919703,0.4181327971484714,run-20260715-184415-3979,2026-07-15T18:44:15Z
vrf/VFR800_40_7_Gap,Large,800,40,IG,2025,44009,703.8561560830567,0.5552255175250195,run-20260715-185559-54e1,2026-07-15T18:55:59Z
vrf/VFR800_40_8_Gap,Large,800,40,IG,42,44049,673.4880624159705,0.4790255252172723,run-20260715-190712-2341,2026-07-15T19:07:12Z
vrf/VFR800_40_8_Gap,Large,800,40,IG,123,44040,632.5021082919557,0.45849585985081776,run-20260715-191745-98c2,2026-07-15T19:17:45Z
vrf/VFR800_40_8_Gap,Large,800,40,IG,456,44005,640.8619572919561,0.3786582723146057,run-20260715-192826-6368,2026-07-15T19:28:26Z
vrf/VFR800_40_8_Gap,Large,800,40,IG,789,43998,646.0444629170233,0.3626907548073633,run-20260715-193912-236d,2026-07-15T19:39:12Z
vrf/VFR800_40_8_Gap,Large,800,40,IG,2025,44012,641.0761431250721,0.39462578982184815,run-20260715-194953-b760,2026-07-15T19:49:53Z
vrf/VFR800_40_9_Gap,Large,800,40,IG,42,44038,642.306905916892,0.3623601267120946,run-20260715-200035-efe8,2026-07-15T20:00:35Z
vrf/VFR800_40_9_Gap,Large,800,40,IG,123,44018,638.1321132499725,0.3167802365596299,run-20260715-201113-6821,2026-07-15T20:11:13Z
vrf/VFR800_40_9_Gap,Large,800,40,IG,456,44062,654.7986117909895,0.4170559948950523,run-20260715-202208-e0bc,2026-07-15T20:22:08Z
vrf/VFR800_40_9_Gap,Large,800,40,IG,789,44073,639.2011587079614,0.4421249344789079,run-20260715-203247-a5ee,2026-07-15T20:32:47Z
vrf/VFR800_40_9_Gap,Large,800,40,IG,2025,44105,663.9746541669592,0.5150527587228515,run-20260715-204351-0df0,2026-07-15T20:43:51Z
vrf/VFR800_60_10_Gap,Large,800,60,IG,42,46624,944.25472145807,0.8217282242020586,run-20260715-205936-927a,2026-07-15T20:59:36Z
vrf/VFR800_60_10_Gap,Large,800,60,IG,123,46700,961.6929910000181,0.9860738690424704,run-20260715-211537-565d,2026-07-15T21:15:37Z
vrf/VFR800_60_10_Gap,Large,800,60,IG,456,46770,979.7800137910526,1.1374448577112706,run-20260715-213157-9e79,2026-07-15T21:31:57Z
vrf/VFR800_60_10_Gap,Large,800,60,IG,789,46754,949.0524239169899,1.1028457745869735,run-20260715-214746-af2c,2026-07-15T21:47:46Z
vrf/VFR800_60_10_Gap,Large,800,60,IG,2025,46748,969.4407854999881,1.089871118415362,run-20260715-220356-d3e7,2026-07-15T22:03:56Z
vrf/VFR800_60_1_Gap,Large,800,60,IG,42,46734,952.5517847079318,0.5681084570690769,run-20260715-221948-51ba,2026-07-15T22:19:48Z
vrf/VFR800_60_1_Gap,Large,800,60,IG,123,46704,994.5186771670124,0.5035506778566817,run-20260715-223623-da9f,2026-07-15T22:36:23Z
vrf/VFR800_60_1_Gap,Large,800,60,IG,456,46846,958.5876066250494,0.8091241661286852,run-20260715-225221-3e78,2026-07-15T22:52:21Z
vrf/VFR800_60_1_Gap,Large,800,60,IG,789,46668,972.3677249170141,0.4260813428018076,run-20260715-230834-6377,2026-07-15T23:08:34Z
vrf/VFR800_60_1_Gap,Large,800,60,IG,2025,46746,972.0388750409475,0.5939315687540349,run-20260715-232446-7286,2026-07-15T23:24:46Z
vrf/VFR800_60_2_Gap,Large,800,60,IG,42,46819,943.469512916985,0.7011808229195793,run-20260715-234029-527b,2026-07-15T23:40:29Z
vrf/VFR800_60_2_Gap,Large,800,60,IG,123,46839,963.104933916009,0.7441980513195535,run-20260715-235633-c172,2026-07-15T23:56:33Z
vrf/VFR800_60_2_Gap,Large,800,60,IG,456,46687,939.8264570840402,0.41726711547974965,run-20260716-001212-1000,2026-07-16T00:12:12Z
vrf/VFR800_60_2_Gap,Large,800,60,IG,789,46696,990.9935108330101,0.436624868259738,run-20260716-002843-88c7,2026-07-16T00:28:43Z
vrf/VFR800_60_2_Gap,Large,800,60,IG,2025,46710,930.3556481670821,0.46673692813971995,run-20260716-004414-b2fa,2026-07-16T00:44:14Z
vrf/VFR800_60_3_Gap,Large,800,60,IG,42,46720,941.2929170419229,0.71353122507491,run-20260716-005955-d542,2026-07-16T00:59:55Z
vrf/VFR800_60_3_Gap,Large,800,60,IG,123,46759,918.3014389160089,0.7976028799931019,run-20260716-011513-5d27,2026-07-16T01:15:13Z
vrf/VFR800_60_3_Gap,Large,800,60,IG,456,46766,960.5831992500462,0.8126926642091875,run-20260716-013114-ac11,2026-07-16T01:31:14Z
vrf/VFR800_60_3_Gap,Large,800,60,IG,789,46812,924.3251144170063,0.9118541033434651,run-20260716-014638-db7c,2026-07-16T01:46:38Z
vrf/VFR800_60_3_Gap,Large,800,60,IG,2025,46697,967.7900362079963,0.6639505055077712,run-20260716-020246-fb89,2026-07-16T02:02:46Z
vrf/VFR800_60_4_Gap,Large,800,60,IG,42,46657,959.4199230829254,0.43050562886109733,run-20260716-021846-c57b,2026-07-16T02:18:46Z
vrf/VFR800_60_4_Gap,Large,800,60,IG,123,46620,964.4796990000177,0.3508620875217944,run-20260716-023450-9e59,2026-07-16T02:34:50Z
vrf/VFR800_60_4_Gap,Large,800,60,IG,456,46659,949.5856643330771,0.43481068514970833,run-20260716-025040-dfb1,2026-07-16T02:50:40Z
vrf/VFR800_60_4_Gap,Large,800,60,IG,789,46777,938.6836344999028,0.6888090061777558,run-20260716-030618-3c31,2026-07-16T03:06:18Z
vrf/VFR800_60_4_Gap,Large,800,60,IG,2025,46675,943.1152979170438,0.46925113545859615,run-20260716-032202-878b,2026-07-16T03:22:02Z
vrf/VFR800_60_5_Gap,Large,800,60,IG,42,46659,967.5716355419718,0.5560224995150966,run-20260716-033809-5075,2026-07-16T03:38:09Z
vrf/VFR800_60_5_Gap,Large,800,60,IG,123,46693,995.5604067910463,0.6292967823969311,run-20260716-035445-fbfe,2026-07-16T03:54:45Z
vrf/VFR800_60_5_Gap,Large,800,60,IG,456,46686,956.1966309170239,0.6142109006271417,run-20260716-041041-0e37,2026-07-16T04:10:41Z
vrf/VFR800_60_5_Gap,Large,800,60,IG,789,46746,944.8781655420316,0.7435184586539083,run-20260716-042626-3b62,2026-07-16T04:26:26Z
vrf/VFR800_60_5_Gap,Large,800,60,IG,2025,46664,946.6581246249843,0.5667981293506605,run-20260716-044213-ecd9,2026-07-16T04:42:13Z
vrf/VFR800_60_6_Gap,Large,800,60,IG,42,46954,945.2249179999344,1.148187242842679,run-20260716-045758-59b3,2026-07-16T04:57:58Z
vrf/VFR800_60_6_Gap,Large,800,60,IG,123,46939,954.1433614999987,1.1158742810365998,run-20260716-051352-b89c,2026-07-16T05:13:52Z
vrf/VFR800_60_6_Gap,Large,800,60,IG,456,46918,948.8703737499891,1.070636134508089,run-20260716-052941-dbcf,2026-07-16T05:29:41Z
vrf/VFR800_60_6_Gap,Large,800,60,IG,789,46895,970.1768176250625,1.021089593072101,run-20260716-054551-5864,2026-07-16T05:45:51Z
vrf/VFR800_60_6_Gap,Large,800,60,IG,2025,46833,970.9361178750405,0.8875293509403072,run-20260716-060202-7cbe,2026-07-16T06:02:02Z
vrf/VFR800_60_7_Gap,Large,800,60,IG,42,46642,944.8946545419749,0.697338025432328,run-20260716-061747-b190,2026-07-16T06:17:47Z
vrf/VFR800_60_7_Gap,Large,800,60,IG,123,46713,1033.8287577920128,0.8506228545521276,run-20260716-063501-19a9,2026-07-16T06:35:01Z
vrf/VFR800_60_7_Gap,Large,800,60,IG,456,46729,1013.8534846660914,0.8851659146354628,run-20260716-065155-fea2,2026-07-16T06:51:55Z
vrf/VFR800_60_7_Gap,Large,800,60,IG,789,46762,1032.4945076250006,0.9564109760573415,run-20260716-070907-77c0,2026-07-16T07:09:07Z
vrf/VFR800_60_7_Gap,Large,800,60,IG,2025,46754,1292.4550124589587,0.9391394460156739,run-20260716-081301-c822,2026-07-16T08:13:01Z
vrf/VFR800_60_8_Gap,Large,800,60,IG,42,46787,1115.313515500049,0.6734948573395877,run-20260716-083137-52e3,2026-07-16T08:31:37Z
vrf/VFR800_60_8_Gap,Large,800,60,IG,123,46713,1076.7774306669598,0.514266041227353,run-20260716-084933-8548,2026-07-16T08:49:33Z
vrf/VFR800_60_8_Gap,Large,800,60,IG,456,46706,1021.018586665974,0.49920385591943883,run-20260716-090635-8f26,2026-07-16T09:06:35Z
vrf/VFR800_60_8_Gap,Large,800,60,IG,789,46747,1025.877147207968,0.58742522700865,run-20260716-092340-3929,2026-07-16T09:23:40Z
vrf/VFR800_60_8_Gap,Large,800,60,IG,2025,46778,1047.392217000015,0.6541291905151267,run-20260716-094108-f200,2026-07-16T09:41:08Z
vrf/VFR800_60_9_Gap,Large,800,60,IG,42,46893,1050.5654123330023,0.7628174824874296,run-20260716-095838-1d31,2026-07-16T09:58:38Z
vrf/VFR800_60_9_Gap,Large,800,60,IG,123,46804,1111.4804835839896,0.5715759164553698,run-20260716-101710-4887,2026-07-16T10:17:10Z
vrf/VFR800_60_9_Gap,Large,800,60,IG,456,46915,1084.4898736670148,0.8100906785852422,run-20260716-103514-c119,2026-07-16T10:35:14Z
vrf/VFR800_60_9_Gap,Large,800,60,IG,789,46908,1056.02908733394,0.7950492070995745,run-20260716-105250-24a0,2026-07-16T10:52:50Z
vrf/VFR800_60_9_Gap,Large,800,60,IG,2025,46881,945.7988267090404,0.7370321027977137,run-20260716-110836-3aef,2026-07-16T11:08:36Z
